time_s,arm_angle_rad,pendulum_angle_rad,arm_speed_rad_s,pendulum_speed_rad_s,preceding_interval_torque_nm,decision_index,arm_kinetic_energy_j,pendulum_kinetic_energy_j,potential_energy_j,total_energy_j,origin_x_m,origin_y_m,origin_z_m,pivot_x_m,pivot_y_m,pivot_z_m,center_x_m,center_y_m,center_z_m,tip_x_m,tip_y_m,tip_z_m
0,0.18744836482844057,0.084471044899895098,-0.37443564568257726,-0.43201159316190929,0,-1,1.6038530660264325e-05,4.5853617389777285e-05,5.4146133326853091e-05,0.0001160382813768947,0,0,0,0.083511049624406863,0.015839968138536584,0,0.082496936597054843,0.0211865472863767,-0.064270021520018469,0.081482823569702836,0.026533126434216812,-0.12854004304003694
0.02,0.18502912846433686,0.069004458178042682,0.13011196608140152,-1.1065546621403473,0.0057374999999999995,0,1.9366212152742648e-06,6.4079004591318381e-05,3.6140314946787132e-05,0.00010215594075337978,0,0,0,0.083549125831321638,0.015637889014249434,0,0.082730941131882188,0.020009234554842496,-0.064346498832200186,0.081912756432442738,0.024380580095435561,-0.12869299766440037
0.040000000000000001,0.1925106994121436,0.040680345928266526,0.61327923998763212,-1.7105079473067741,0.0057374999999999995,0,4.3025580026315513e-05,8.9489986597649697e-05,1.2563751834011819e-05,0.00014507931845797703,0,0,0,0.08342979267217715,0.016262524240644144,0,0.08292791994992417,0.018837225224685786,-0.064446637139678853,0.08242604722767119,0.021411926208727429,-0.12889327427935771
0.059999999999999998,0.20931694858368349,0.0013407071030919759,1.0599896060588225,-2.2014009965582293,0.0057374999999999995,0,0.00012853263761573926,0.00011295788370708763,1.3648273713185799e-08,0.00024150416959654007,0,0,0,0.083144711408000518,0.017662303498703413,0,0.083126742490602867,0.017746891584931888,-0.064499942030777635,0.083108773573205216,0.017831479671160364,-0.12899988406155527
0.080000000000000002,0.23456331291478541,-0.046370519910476915,1.4549089137328763,-2.5423148082688138,0.0057374999999999995,0,0.00024214851813335932,0.00012788348965149651,1.6323605031491131e-05,0.00038635561281634694,0,0,0,0.082672353890791694,0.019755553704103097,0,0.083367244289446529,0.016847600537446269,-0.064430667664664071,0.084062134688101364,0.013939647370789444,-0.12886133532932814
0.10000000000000001,0.26708460051104033,-0.099171968429455859,1.7860034880102924,-2.7073719234515905,0.0057374999999999995,0,0.00036490079686217621,0.00013343021768113812,7.4615982594825942e-05,0.00057294699713814025,0,0,0,0.081986276392745402,0.022433245045074511,0,0.083671702443840909,0.016273556342570519,-0.064183078565261523,0.085357128494936402,0.010113867640066528,-0.12836615713052305
0.12,0.30388859315518557,-0.15179645024234389,1.8842317178594499,-2.5259906364010933,0.0034425000000000011,1,0.00040614286361942442,0.00011887698898528176,0.00017462206337177553,0.00069964191597648171,0,0,0,0.081105309458933725,0.025434794624108883,0,0.084023821635643259,0.016128376516556124,-0.063758316074703641,0.086942333812352779,0.0068219584090033689,-0.12751663214940728
0.14000000000000001,0.34208340062196008,-0.19911437017110245,1.9272507077204784,-2.1809816847113543,0.0034425000000000011,1,0.0004248999049924227,0.00010618387225271438,0.00030004047657653643,0.00083112425382167346,0,0,0,0.080074915785943654,0.028513292722413416,0,0.084354654468948922,0.016494347104178783,-0.063225618091333091,0.088634393151954191,0.0044754014859441499,-0.12645123618266618
0.16,0.38070756647999193,-0.23814307772449084,1.9297567368270405,-1.7027137728455997,0.0034425000000000011,1,0.0004260056291404469,0.000109499435304169,0.00042858053346552319,0.00096408559791013909,0,0,0,0.078914165940348543,0.031584084820351119,0,0.084567885984612415,0.01745802720965748,-0.062679661342739029,0.0902216060288763,0.0033319695989638409,-0.12535932268547806
0.17999999999999999,0.41910593017424191,-0.26657210819554678,1.9070955187119563,-1.1271965707596301,0.0034425000000000011,1,0.00041605916929884007,0.00014383988120677708,0.00053637198283254647,0.0010962710333381636,0,0,0,0.077643517039162294,0.034590233618599864,0,0.084557896467030561,0.019069762064622159,-0.062221831537408484,0.091472275894898813,0.0035492905106444539,-0.12444366307481697
0.20000000000000001,0.45691310391431328,-0.28283161436257309,1.8726282385605257,-0.49198344463942711,0.0034425000000000011,1,0.00040115604646916565,0.00022191688986796079,0.00060334938059632603,0.0012264223169334526,0,0,0,0.076280585064402287,0.037500297895249952,0,0.08422199842727468,0.021346408684815171,-0.061937353973002353,0.09216341179014706,0.0051925194743803887,-0.12387470794600471
0.22,0.49400408008784136,-0.28610026221813634,1.8370637826912015,0.16580121023636751,0.0034425000000000011,2,0.00038606344060711055,0.00035076514197236741,0.00061727982746968401,0.0013541084100491619,0,0,0,0.074837516181154362,0.040303178185292783,0,0.083468441241027147,0.024276725113602664,-0.061878186257774026,0.092099366300899918,0.0082502720419125458,-0.12375637251554805
0.23999999999999999,0.53044737813790455,-0.27629075852775387,1.8092504375387237,0.80986902593256216,0.0034425000000000011,2,0.00037446185035886967,0.00052916147066167055,0.00057594128739705999,0.0014795646084176002,0,0,0,0.073319369667127196,0.043003139787870723,0,0.082220963191378199,0.0278261264476692,-0.062053766193522514,0.091122556715629202,0.012649113107467677,-0.12410753238704503
0.26000000000000001,0.56648144444215798,-0.25403497297556754,1.797564668318641,1.4045617971239297,0.0034425000000000011,2,0.00036964024799375413,0.00074659965084532829,0.00048737155218919471,0.001603611451028277,0,0,0,0.071722531235958689,0.045616647324271127,0,0.080421674084621059,0.031939084827097355,-0.062429954331510384,0.089120816933283414,0.018261522329923584,-0.12485990866302077
0.28000000000000003,0.60251782501149231,-0.22067146102697777,1.8110727693618784,1.9149624786661423,0.0034425000000000011,2,0.00037521656888331789,0.00098420204920626449,0.00036824701063102865,0.0017276656287206109,0,0,0,0.07003246299790683,0.048171092228086451,0,0.078033439363266427,0.036539052028518995,-0.062935919934458767,0.086034415728626024,0.024907011828951546,-0.12587183986891753
0.29999999999999999,0.63915938914523718,-0.17822071890496005,1.8597753058999997,2.3081268802787283,0.0034425000000000011,2,0.00039566821163956233,0.0012176004014901208,0.00024053402480680679,0.0018538026379364898,0,0,0,0.068220786089383215,0.050704283303746808,0,0.075041693181654587,0.041526998598038004,-0.06347836380900948,0.081862600273925959,0.032349713892329192,-0.12695672761801896
0.32000000000000001,0.66564895867761842,-0.11804448231298181,0.79342561366516784,3.6860752632796832,-0.012622500000000002,3,7.2014945968123677e-05,0.001341720373668713,0.0001056810177213775,0.0015194163373582143,0,0,0,0.066853874753772094,0.052493422734728915,0,0.071545056840162186,0.046518889482524486,-0.064051133971621738,0.076236238926552263,0.040544356230320051,-0.12810226794324348
0.34000000000000002,0.67121934975297048,-0.032115034429526901,-0.22301936003898959,4.8625537101159537,-0.012622500000000002,3,5.6897781983861005e-06,0.0014355658972865731,7.830498756085707e-06,0.001449086174241045,0,0,0,0.066560430162118989,0.052865008622279462,0,0.067848510147978727,0.05124323345991038,-0.064466741000866107,0.069136590133838452,0.049621458297541304,-0.12893348200173221
0.35999999999999999,0.65752706503516134,0.074212810633634163,-1.1196964701963619,5.7038554014994567,-0.012622500000000002,3,0.00014342036537224432,0.0014367132333012293,4.1799240813296656e-05,0.0016219328394867704,0,0,0,0.06727801106180864,0.051948717285099102,0,0.064355233431374392,0.055733963120379162,-0.06432246329929793,0.061432455800940131,0.059519208955659215,-0.12864492659859586
0.38,0.62773115476210961,0.19302489523548783,-1.8242428187879627,6.0979714723545486,-0.012622500000000002,3,0.00038069353091020613,0.0013353402138452379,0.00028202510260533036,0.0019980588473607745,0,0,0,0.068795778986184178,0.049921346072437797,0,0.061529029711346481,0.059935532715849664,-0.063302135989613789,0.05426228043650879,0.069949719359261531,-0.12660427197922758
0.40000000000000002,0.58601593395667351,0.31491217883903699,-2.3137584214160127,6.0148855395103054,-0.012622500000000002,3,0.00061241558077938124,0.0011653954759529744,0.0007467871569186886,0.0025245982136510442,0,0,0,0.070817805898890251,0.047008917958905466,0,0.059769174610436689,0.06365341564162405,-0.061328121147983826,0.048720543321983126,0.080297913324342649,-0.12265624229596765
0.41999999999999998,0.54075674893941228,0.42670702608294508,-2.200334897874523,5.1158619016793043,-0.0057374999999999995,4,0.00055384441421790515,0.00086873809048725807,0.0013616637430159293,0.0027842462477210925,0,0,0,0.072872145935155466,0.043756717733456713,0,0.059129983290379121,0.066642823766704495,-0.05871651485297346,0.045387820645602768,0.089528929799952292,-0.11743302970594692
0.44,0.49822772373590107,0.51797576376747578,-2.0517027391965788,3.9804415398196658,-0.0057374999999999995,4,0.00048154744495785125,0.00055467342811094653,0.0019920350857099037,0.0030282559587787015,0,0,0,0.074666622906298483,0.040618904758358818,0,0.059405671249060397,0.068671943838585534,-0.056039096645812511,0.044144719591822312,0.096724982918812263,-0.11207819329162502
0.46000000000000002,0.45859522571024713,0.58497663290341295,-1.9157305453445361,2.7019363898143975,-0.0057374999999999995,4,0.00041983539919400242,0.0003107888692212553,0.0025250323647170148,0.0032556566331322723,0,0,0,0.076217397106487547,0.037628558015315776,0,0.06045076409179774,0.069564188634585078,-0.05377526178764435,0.044684131077107933,0.10149981925385437,-0.1075505235752887
0.47999999999999998,0.42139827032694716,0.6255368299333437,-1.8089610249940136,1.3454741236212449,-0.0057374999999999995,4,0.00037434206010002365,0.00021927848707555258,0.0028754630075102966,0.0034690835546858727,0,0,0,0.07756402052579682,0.034768127931681471,0,0.062115989620354688,0.069231052958513908,-0.052286854368372847,0.046667958714912555,0.10369397798534635,-0.10457370873674569
0.5,0.38605741591164527,0.6385986522243865,-1.7287411003456719,-0.040685104652025128,-0.0057374999999999995,4,0.00034187718633345391,0.00033732763676813155,0.0029926532998046994,0.003671858122906285,0,0,0,0.078744067354038161,0.03200580973108947,0,0.064267437018806647,0.067622741899178648,-0.051789104231206681,0.049790806683575141,0.10323967406726783,-0.10357820846241336
0.52000000000000002,0.35277468487561847,0.62347931361893094,-1.6008701038786521,-1.4664308451346424,-0.0045900000000000003,5,0.00029317193596672974,0.00067426233416884322,0.0028571939988831217,0.0038246282690186945,0,0,0,0.079765501495522459,0.029367750529582716,0,0.066754141122913779,0.064707797572499559,-0.052364449546028195,0.0537427807503051,0.10004784461541641,-0.10472889909205639
0.54000000000000004,0.32201354287018263,0.58026833752146167,-1.474727189186928,-2.8427859235813004,-0.0045900000000000003,5,0.00024879037856993195,0.0012313366606405262,0.0024856921966266996,0.0039658192358371577,0,0,0,0.080631008583906483,0.026900566067315373,0,0.069439733830555919,0.060444981766383202,-0.053942353904915481,0.058248459077205356,0.093989397465451027,-0.10788470780983096
0.56000000000000005,0.29381733591505654,0.51040976077636868,-1.3445710345404582,-4.122196959462296,-0.0045900000000000003,5,0.00020681294013929721,0.0019528936218191609,0.0019355254697818191,0.0040952320317402769,0,0,0,0.0813573522580439,0.02461668607998569,0,0.07223165826639219,0.054776809918976231,-0.056279113702931455,0.063105964274740481,0.084936933757966765,-0.11255822740586291
0.57999999999999996,0.26819038908927212,0.41644640524246279,-1.2215778269572164,-5.2407699427670567,-0.0045900000000000003,5,0.00017070745539038567,0.0027442368184951893,0.0012979039457459616,0.0042128482196315369,0,0,0,0.081961419846549227,0.022523890799275487,0,0.075047619522428236,0.047682283554345853,-0.058987326088404853,0.068133819198307244,0.072840676309416222,-0.11797465217680971
0.59999999999999998,0.24466992087023803,0.30243822260062281,-1.1423144503698264,-6.1097737931155711,-0.0045900000000000003,5,0.00014927309851351541,0.0034822824385503477,0.00068923992448837661,0.0043207954615522397,0,0,0,0.082468473466710213,0.020590067607235137,0,0.07781481833377836,0.039229143601262173,-0.061572545342811855,0.073161163200846507,0.057868219595289219,-0.12314509068562371
0.62,0.23308253416306887,0.16368946389549954,-0.022970612011766089,-7.7146956944556173,0.011474999999999999,6,6.0360848915151123e-08,0.0039847107305319299,0.00020299319922077448,0.0041877642906016201,0,0,0,0.082701516846199641,0.019633112624791765,0,0.080273735857714482,0.029859772765504826,-0.063637813458967157,0.077845954869229322,0.040086432906217884,-0.12727562691793431
0.64000000000000001,0.24284647034614396,-0.0031354815129382985,0.95810874606059082,-8.8665484076139656,0.011474999999999999,6,0.00010501221416050808,0.0041947808967718672,7.4647987074765309e-08,0.0042998677589194496,0,0,0,0.082505881312836857,0.020439656278716592,0,0.082554512840250033,0.020243352242381496,-0.064499682942630504,0.082603144367663223,0.020047048206046404,-0.12899936588526101
0.66000000000000003,0.26905206838454349,-0.18598239627381297,1.5945286758003339,-9.2826863714874719,0.011474999999999999,6,0.00029085388840502233,0.004047931152164023,0.00026187946867189943,0.0046006645092409445,0,0,0,0.081941981050785373,0.022594506887133704,0,0.085112343638806348,0.011096765758750569,-0.063387701882976988,0.088282706226827309,-0.00040097536963256547,-0.12677540376595398
0.68000000000000005,0.30392289994539157,-0.36904587996395577,1.8364474725467674,-8.9042899590060252,0.011474999999999999,6,0.00038580444589487393,0.0035924636378086147,0.0010224357530372375,0.0050007038367407258,0,0,0,0.081104436825042106,0.025437577071976723,0,0.088067392565300759,0.003237089881178077,-0.060157340498482682,0.095030348305559426,-0.018963397309620569,-0.12031468099696536
0.70000000000000007,0.34089246236104753,-0.53816758325405978,1.8372168495629746,-7.9307982954455341,0.011474999999999999,6,0.00038612777804122292,0.0028921834274111507,0.0021465339746287696,0.0054248451800811438,0,0,0,0.080108816562685425,0.028417908243324616,0,0.091161825735115609,-0.0027400319075969355,-0.055382883220231188,0.10221483490754578,-0.033897972058518487,-0.11076576644046238
0.71999999999999997,0.37453139498726429,-0.68184731115653285,1.5359547878438313,-6.4029519983176435,0.0068850000000000014,7,0.00026987774359707163,0.001991181114030295,0.0033954136990383375,0.005656472556665704,0,0,0,0.079107728335123098,0.031096098109833045,0,0.093978881113267243,-0.0067357581522725606,-0.050078433150533737,0.10885003389141137,-0.044567614414378162,-0.10015686630106747
0.73999999999999999,0.40289866166732458,-0.79329950122147608,1.3167551476883572,-4.7244059429881151,0.0068850000000000014,7,0.00019834454285896165,0.0011204443730620239,0.0045330204546869361,0.0058518093706079214,0,0,0,0.078193908396579484,0.033327356475834354,0,0.096217078994180194,-0.0089592902837608429,-0.045246600175471732,0.11424024959178092,-0.051245937043356039,-0.090493200350943465
0.76000000000000001,0.42783580329186188,-0.87029760973590164,1.1912509738522268,-2.9658802594563722,0.0068850000000000014,7,0.00016233671135264583,0.0004641063420331989,0.005397076224847897,0.0060235192782337414,0,0,0,0.077338593910078079,0.035266724996971803,0,0.097798104056966567,-0.0096002068484206185,-0.041576638528508764,0.11825761420385505,-0.05446713869381304,-0.083153277057017527
0.78000000000000003,0.45102912343060941,-0.91166826190258021,1.1372394454188552,-1.167073663564411,0.0068850000000000014,7,0.00014794968202469318,0.00014964025949116267,0.0058856249656098029,0.0061832149071256587,0,0,0,0.07649991435226125,0.037050817860024281,0,0.098725593315868693,-0.0088391957844872193,-0.039501592908555039,0.12095127227947615,-0.054729209428998719,-0.079003185817110078
0.80000000000000004,0.47356921468943913,-0.91690850371796984,1.1196769969039067,0.64254933783377122,0.0068850000000000014,7,0.00014341537680166814,0.00024633176800979353,0.0059486606403789302,0.0063384077851903918,0,0,0,0.075645423963456138,0.038765575365122297,0,0.098993819641144218,-0.0067954481272390413,-0.03923385728687169,0.1223422153188323,-0.05235647161960038,-0.07846771457374338
0.82000000000000006,0.4958066899700701,-0.88607720773526033,1.1008727810133903,2.435385466034691,0.0068850000000000014,8,0.00013863869899893904,0.00077138652367344639,0.0055814871726121255,0.0064915123952845113,0,0,0,0.074764743724648711,0.040438015477859482,0,0.098533490182468514,-0.0035073714699254202,-0.040793377622272656,0.12230223664028833,-0.047452758417710322,-0.081586755244545311
0.83999999999999997,0.51736790602944116,-0.81980345197249882,1.0471482295837662,4.1812997509073115,0.0068850000000000014,8,0.00012543725221312094,0.0016909488370443796,0.004823568521805527,0.0066399546110630274,0,0,0,0.073875540619977295,0.042040510202732875,0,0.097195785716297362,0.0010610904579880023,-0.044012536010000311,0.12051603081261744,-0.039918329286756871,-0.088025072020000622
0.85999999999999999,0.5373034915366397,-0.71938976426974577,0.93608307742118013,5.8416582262098951,0.0068850000000000014,8,0.00010023952373621211,0.0029140157090260924,0.0037629400443637447,0.0067771952771260493,0,0,0,0.07302281434501906,0.043504811057317322,0,0.094775584391684237,0.0069927920414261519,-0.048517414014764934,0.11652835443834941,-0.029519226974465018,-0.097034828029529868
0.88,0.55442401493923799,-0.58709902014361504,0.76893685309302762,7.3557658749721284,0.0068850000000000014,8,6.7638124735186364e-05,0.0042845487250014148,0.0025428578006769687,0.0068950446504135697,0,0,0,0.072267323912973802,0.044748563043491431,0,0.091077332494370486,0.014371074013587819,-0.053699550625734928,0.10988734107576717,-0.016006415016315792,-0.10739910125146986
0.90000000000000002,0.5679889461490214,-0.42685023736725647,0.59428487093521076,8.612804011636122,0.0068850000000000014,8,4.0401692134442473e-05,0.0055854510756213225,0.0013625639764853752,0.00698841674424114,0,0,0,0.071653682591389795,0.045724717288271599,0,0.086018435233223042,0.023214191530121969,-0.058712691231373702,0.10038318787505629,0.00070366577197233937,-0.1174253824627474
0.92000000000000004,0.56811843771500181,-0.23560199941579185,-0.57834225560388253,10.452588423729978,-0.0091800000000000007,9,3.8263091406497371e-05,0.0065293196393727149,0.00041952521535647101,0.006987107946135683,0,0,0,0.071647761025413842,0.045733995452455163,0,0.079748667525512212,0.033042958789986795,-0.062718122598723794,0.087849574025610597,0.020351922127518431,-0.12543624519744759
0.94000000000000006,0.54622446152553206,-0.012822925526005946,-1.5402024680277231,11.677117690622193,-0.0091800000000000007,9,0.00027137250043896097,0.0069157488781360866,1.2484704201287853e-06,0.0071883698489951763,0,0,0,0.072631808685184207,0.044154505626479414,0,0.073061435157758425,0.043447792974636516,-0.064494697288395644,0.073491061630332644,0.042741080322793626,-0.12898939457679129
0.95999999999999996,0.51059036808509317,0.22401512461818918,-1.913447511513354,11.812106283727619,-0.0091800000000000007,9,0.00041883533445474406,0.0067172171099502912,0.0003794440220064823,0.0075154964664115179,0,0,0,0.074158772860950004,0.041538854194091902,0,0.067156577926125144,0.05403978118821269,-0.062888362121956837,0.060154382991300291,0.066540708182333486,-0.12577672424391367
0.97999999999999998,0.47349622353240661,0.45259207641507393,-1.733022325052697,10.909088852171049,-0.0091800000000000007,9,0.00034357259974601321,0.005983134710407228,0.0015289658067722776,0.0078556731169255184,0,0,0,0.07564825330614415,0.038760053814842044,0,0.062786423791479321,0.063862571519119171,-0.058005921649794949,0.049924594276814477,0.088965089223396299,-0.1160118432995899
1,0.4425011096249894,0.65648288188594872,-1.3617081628018624,9.415664767358388,-0.0091800000000000007,9,0.00021211837336335333,0.0047715782694440602,0.0031564801412239094,0.0081401767840313232,0,0,0,0.076813098620049397,0.036397086152418393,0,0.059956289276690625,0.071972015230216402,-0.051093271571424105,0.043099479933331845,0.1075469443080144,-0.10218654314284821
1.02,0.41856078844567512,0.82752140763081572,-1.0528983969790984,7.6599554771734653,-0.0091800000000000007,10,0.00012681865278493966,0.003323627620189726,0.004909553755469971,0.0083600000284446366,0,0,0,0.077662362080944028,0.034547901759851458,0,0.058360841388393647,0.077936982206979796,-0.043647325197630094,0.03905932069584326,0.12132606265410814,-0.087294650395260187
1.04,0.39941164892052539,0.96209079086735994,-0.88671372168027207,5.7825552501984081,-0.0091800000000000007,10,8.9945007961885227e-05,0.0019433749623388704,0.0065025030723690827,0.0085358230426698378,0,0,0,0.078309645688450155,0.033054491255340816,0,0.057732220325385948,0.081804625599088132,-0.036881485421470087,0.037154794962321741,0.13055475994283547,-0.073762970842940173
1.0600000000000001,0.3821619952790698,1.0583845547366959,-0.85876774661297228,3.8384002573406661,-0.0091800000000000007,10,8.4364872834195173e-05,0.00086929029107007873,0.0077405363378508108,0.0086941915017550841,0,0,0,0.078868145687944938,0.031698826409586427,0,0.057903691787949851,0.083859356994812895,-0.03162310423950556,0.036939237887954772,0.13601988758003938,-0.063246208479011121
1.0800000000000001,0.36437351533035317,1.1153728248169781,-0.93341468973696728,1.8560065969301414,-0.0091800000000000007,10,9.9668854994688e-05,0.00025134736605014925,0.0085064816952329075,0.0088574979162777453,0,0,0,0.079419512093246256,0.030290940871335,0,0.058776832149345995,0.084413775035031446,-0.028369853486098766,0.038134152205445727,0.1385366091987279,-0.056739706972197532
1.1000000000000001,0.34445353174983878,1.1325222893730196,-1.0636913953283813,-0.14170224829177136,-0.0091800000000000007,10,0.00012943195125553238,0.00016959845634642419,0.0087413377956446353,0.0090403682032465914,0,0,0,0.080007110695398398,0.028703000508209391,0,0.060285173396044493,0.083676180757633778,-0.027372333521726831,0.040563236096690589,0.13864936100705816,-0.054744667043453661
1.1200000000000001,0.32273364279118227,1.1093518943792962,-1.1047527351021782,-2.1727250938642166,-0.0068850000000000014,11,0.00013961766716635726,0.00062580417800297574,0.0084244894699422677,0.0091899113151116003,0,0,0,0.080611616584722934,0.026958621470646919,0,0.062294354459379198,0.081730862437708635,-0.028718104527938042,0.043977092334035454,0.13650310340477034,-0.057436209055876083
1.1400000000000001,0.30057620446837929,1.0457833453043284,-1.0992379485819301,-4.1781451360693254,-0.0068850000000000014,11,0.00013822723865012363,0.0016298856899274992,0.0075743488712805918,0.0093424617998582142,0,0,0,0.081189114290805553,0.025166003271765575,0,0.064664531932977526,0.078476661748978924,-0.032328963339786819,0.048139949575149513,0.13178732022619227,-0.064657926679573638
1.1599999999999999,0.27937878594259835,0.94253832560260165,-1.002139486298558,-6.13642983675211,-0.0068850000000000014,11,0.00011488585360506396,0.0031129193648269742,0.0062605873529267319,0.0094883925713587711,0,0,0,0.081704288954332557,0.023439478801093955,0,0.067314133622064565,0.073600039935690503,-0.03790899017615218,0.052923978289796586,0.12376060107028704,-0.075817980352304359
1.1799999999999999,0.26131891177973943,0.80082868902992832,-0.78209462394767304,-8.0182148901180863,-0.0068850000000000014,11,6.9972728259081593e-05,0.0049279240148536185,0.0046148066244627297,0.0096127033675754286,0,0,0,0.082114256046335238,0.021960167439181739,0,0.070150694946579217,0.06669474981848382,-0.04489922432695069,0.058187133846823183,0.11142933219778589,-0.08979844865390138
1.2,0.24893272890082957,0.62269453917149065,-0.43972113359697751,-9.7637047032698483,-0.0068850000000000014,11,2.2118969213478626e-05,0.0068255679177281455,0.0028502396097459712,0.0096979264966875946,0,0,0,0.082379952938856971,0.020941426737252463,0,0.073111996396713813,0.05739996575469937,-0.052393987386400054,0.063844039854570656,0.093858504772146273,-0.10478797477280011
1.22,0.25238850490683734,0.40514371440701114,0.81413060723448538,-11.965355598894421,0.0068850000000000014,12,7.5822547358067352e-05,0.0084162660038010779,0.0012293613513223267,0.0097214499024814716,0,0,0,0.082307092296666509,0.021225987790160009,0,0.075958591762471911,0.045843292981281689,-0.059278451616877649,0.069610091228277313,0.070460598172403383,-0.1185569032337553
1.24,0.28139199997395031,0.14682414523152243,2.0309987559508222,-13.73265295109835,0.0068850000000000014,12,0.00047187777298303689,0.0092861203463386124,0.00016338967332034496,0.0099213877926419957,0,0,0,0.081656934723657537,0.023603919410477871,0,0.079036575099670964,0.032668962001387462,-0.063806024153413424,0.07641621547568439,0.04173400459229705,-0.12761204830682685
1.26,0.32882472406969027,-0.13569063786756175,2.5503514095164741,-14.259160150512569,0.0068850000000000014,12,0.00074406393927742634,0.0093648423111639921,0.00013958645672337874,0.010248492707164797,0,0,0,0.080445915053470554,0.027449130245051495,0,0.083263556588829252,0.019191391308297411,-0.063907125141338006,0.086081198124187949,0.010933652371543329,-0.12781425028267601
1.28,0.37699044703288909,-0.41324484383060422,2.1545491968372343,-13.297351827718774,0.0068850000000000014,12,0.00053103486642878169,0.008769704055532717,0.0012783083220779263,0.010579047244039423,0,0,0,0.079031022308917509,0.031290533916943364,0,0.088566209683738878,0.0072073524621466996,-0.059070555886519174,0.098101397058560247,-0.016875828992649965,-0.11814111177303835
1.3,0.41285366507032922,-0.66234044450079566,1.4258494472375709,-11.53838848656004,0.0068850000000000014,12,0.00023257206529617895,0.0073823738441897435,0.0032109768297004307,0.010825922739186353,0,0,0,0.07785826537135454,0.034104112851146506,0,0.093772923437371009,-0.0022283868800881679,-0.050861804155196949,0.10968758150338746,-0.038560886611322842,-0.1017236083103939
1.3200000000000001,0.43658430174085078,-0.87445577865087287,0.97498582428491254,-9.6439368654581212,0.0103275,13,0.00010874437688214394,0.0055169165143293727,0.0054454367253745873,0.011071097616586104,0,0,0,0.077027107373617357,0.035941963352788937,0,0.097951270242867816,-0.0089005435579457906,-0.041371233752231625,0.11887543311211828,-0.053743050468680519,-0.082742467504463249
1.3400000000000001,0.45321816377609214,-1.0473662238586172,0.72360004344007889,-7.6344593476462315,0.0103275,13,5.9897317761663844e-05,0.0035878840078734956,0.0075951583825400433,0.011242939708175203,0,0,0,0.076418625392101466,0.03721819035339663,0,0.1008793297236745,-0.013005997963992655,-0.032240577716020881,0.12534003405524755,-0.063230186281381939,-0.064481155432041762
1.3600000000000001,0.46687512070835613,-1.1794451941079984,0.67263329393703475,-5.5654382553571224,0.0103275,13,5.1756741555962649e-05,0.001938835924958615,0.0093934122137414831,0.01138400488025606,0,0,0,0.075903227566894202,0.038258333012930322,0,0.10273962403405727,-0.014984162090921474,-0.024602734396273009,0.12957602050122036,-0.068226657194773277,-0.049205468792546017
1.3800000000000001,0.48119217301785,-1.2697137283362672,0.78134389483991007,-3.4558390780182293,0.0103275,13,6.9838459718370228e-05,0.00077959230272524435,0.01068244230421905,0.011531873066662665,0,0,0,0.075347720611836491,0.039341085376494535,0,0.10385775714764335,-0.015262549652261176,-0.019127751001448146,0.1323677936834502,-0.06986618468101688,-0.038255502002896291
1.4000000000000001,0.49883107610793315,-1.3175051904697916,0.99507219045656892,-1.3203776382535581,0.0103275,13,0.00011327116948400435,0.00022034379647149199,0.01138042851661247,0.011714043482567965,0,0,0,0.074642101804652652,0.040663947646334964,0,0.10451431344034126,-0.014169013517044936,-0.016163147652852233,0.13438652507602988,-0.069001974680424835,-0.032326295305704467
1.4199999999999999,0.51952406332191281,-1.3220393250044662,1.0763385635612865,0.86680391298457593,0.0057374999999999995,14,0.00013252811096707863,0.00025311925113133654,0.011447125272778193,0.011832772634876608,0,0,0,0.073784723013405398,0.042199699641526409,0,0.10482118127524433,-0.01206647987206956,-0.015879862076205439,0.13585763953708327,-0.066332659385665529,-0.031759724152410879
1.4399999999999999,0.54174650593904117,-1.2828809279158726,1.1370806264010767,3.0468018891225981,0.0057374999999999995,14,0.00014790836164569227,0.00093857890570879488,0.010873787886626837,0.011960275153981324,0,0,0,0.072828801731105494,0.043828822005745567,0,0.10471815960676696,-0.0091605949070421439,-0.018315036159417108,0.13660751748242844,-0.062150011819829855,-0.036630072318834216
1.46,0.56444722857497975,-1.2002941202034947,1.1141212695916982,5.2078877760733207,0.0057374999999999995,14,0.0001419956817214831,0.0022611990980975268,0.0096873217898512977,0.012090516569670307,0,0,0,0.071815176884663462,0.045470653932228641,0,0.10397811782759378,-0.0053266646282241759,-0.023354392669676788,0.13614105877052407,-0.056123983188676993,-0.046708785339353576
1.48,0.58537016380769114,-1.0747510083529086,0.95036621366506513,7.3411976984540486,0.0057374999999999995,14,0.0001033218522282857,0.0041490826420860572,0.0079581415972839169,0.012210546091598259,0,0,0,0.070848148086546367,0.046963176135210415,0,0.10218967160812678,-0.00031831294725615661,-0.030698854921492037,0.13353119512970721,-0.047599802029722728,-0.061397709842984073
1.5,0.60119085362169489,-0.90688154840659863,0.59680070553625397,9.4385661455262113,0.0057374999999999995,14,4.0744487749332942e-05,0.0064322621438104776,0.0058282679970014933,0.012301274628561305,0,0,0,0.070096322981919701,0.048078118769502597,0,0.098829670439188791,0.0061858389701927169,-0.039745208983174088,0.12756301789645788,-0.035706440829117163,-0.079490417966348176
1.52,0.60261409031204483,-0.69419671977963127,-0.51414445920852103,11.842628876658232,-0.0045900000000000003,15,3.0239912217023141e-05,0.0087498278070901308,0.0035145006621908714,0.012294568381498026,0,0,0,0.070027825468747029,0.048177833700974011,0,0.093416777034500548,0.014181340037323631,-0.049572627156851554,0.11680572860025407,-0.019815153626326749,-0.099145254313703107
1.54,0.57833304712843647,-0.43303473920959235,-1.951779714333878,14.248941845120363,-0.0045900000000000003,15,0.00043578452701227555,0.010568000375005361,0.0014017103024289541,0.012405495204446591,0,0,0,0.07117687648025689,0.046463450738341155,0,0.085971912906398704,0.023799088460241577,-0.058546422432768627,0.10076694933254052,0.0011347261821419985,-0.11709284486553725
1.5600000000000001,0.52513665378164187,-0.12777437658999879,-3.2657116662069186,16.087476366145236,-0.0045900000000000003,15,0.0012200169984003884,0.011306921136374534,0.00012379598533961006,0.012650734120114533,0,0,0,0.073546712475736478,0.042613156231513169,0,0.077667174176673195,0.035501586970141046,-0.063974193062607848,0.081787635877609927,0.028390017708768919,-0.1279483861252157
1.5800000000000001,0.45570783755892558,0.19840890029142599,-3.4394386781744624,16.188521821694202,-0.0045900000000000003,15,0.0013532727847767796,0.011317974454572922,0.0002979251001343407,0.012969172339484043,0,0,0,0.0763257274956924,0.037408332257042765,0,0.070730508045832793,0.048824483933469907,-0.063234602870649248,0.065135288595973187,0.06024063560989705,-0.1264692057412985
1.6000000000000001,0.39539650781348801,0.50798433392317621,-2.4922947016736892,14.584439213933008,-0.0045900000000000003,15,0.00071057348008394128,0.010616090244376073,0.0019175706289217174,0.013244234353381731,0,0,0,0.078441732550388943,0.032739801381395921,0,0.066357316782130707,0.061693016420142702,-0.056355374494895867,0.054272901013872478,0.090646231458889476,-0.11271074898979173
1.6200000000000001,0.35492440910689144,0.77959831814689329,-1.5755720366769075,12.529825769812472,-0.0080325000000000014,16,0.00028397933312469543,0.0088997990103876889,0.0043857432636334234,0.013569521607145807,0,0,0,0.079702184668562728,0.029539156370118721,0,0.063944573764617249,0.072056146309346716,-0.045872140402508393,0.048186962860671763,0.11457313624857472,-0.091744280805016787
1.6400000000000001,0.33060820057335266,1.0084521375916564,-0.90768943743066333,10.349571863181509,-0.0080325000000000014,16,9.4250740218628323e-05,0.006581550041015476,0.0070892112566129702,0.013765012037847075,0,0,0,0.080396832259900672,0.027592559913378736,0,0.062683223872796387,0.079204951322016548,-0.034389520656587791,0.044969615485692102,0.13081734273065437,-0.068779041313175582
1.6600000000000001,0.31656620129246205,1.1934978442619011,-0.5439917029886987,8.1534477487350348,-0.0080325000000000014,16,3.3852812673056474e-05,0.0042527619683546524,0.0095912451625169218,0.013877859943544631,0,0,0,0.080776348130822184,0.026460944477630068,0,0.062109464749237328,0.08344465009792941,-0.02376246533079799,0.043442581367652479,0.14042835571822876,-0.047524930661595979
1.6799999999999999,0.30714447464460992,1.3345067748167985,-0.43539581473678057,5.9446824080374547,-0.0080325000000000014,16,2.1685962699109683e-05,0.0023009587167297329,0.011630912578022977,0.013953557257451819,0,0,0,0.081022067039488957,0.025698728619302502,0,0.06206313055678922,0.085471810994472652,-0.015099250008397144,0.043104194074089483,0.1452448933696428,-0.030198500016794288
1.7,0.29787983925282896,1.4311574363954573,-0.51716576211769649,3.7171289936637724,-0.0080325000000000014,16,3.0596358259535783e-05,0.00092515876020887332,0.013072225258096129,0.014027980376564539,0,0,0,0.0812566758065221,0.02494699655016144,0,0.062510569942203775,0.086006300574549097,-0.0089774666237847044,0.043764464077885444,0.14706560459893675,-0.017954933247569409
1.72,0.2869376007939759,1.4829220920440767,-0.59158204842092288,1.4581350658985581,-0.0045900000000000003,17,4.0035032004089556e-05,0.00018502279920662321,0.013853149160626924,0.014078206991837636,0,0,0,0.081524781857002807,0.024056390900717185,0,0.063340660821114003,0.085680618193597347,-0.0056605964975071209,0.045156539785225214,0.14730484548647751,-0.011321192995014242
1.74,0.27388606136911192,1.4894525490858364,-0.71557838906787818,-0.80522051611663548,-0.0045900000000000003,17,5.8576664543276666e-05,0.00012757331932443128,0.01395196496774307,0.014138114951610778,0,0,0,0.081831802401103132,0.022990348318083661,0,0.064443870498540307,0.084880920306292712,-0.0052408895355798993,0.047055938595977495,0.14677149229450176,-0.010481779071159799
1.76,0.25848162473874475,1.4507353509366263,-0.81463914909142587,-3.0653193817035365,-0.0045900000000000003,17,7.5917301151856719e-05,0.00076587946942260063,0.013367025475891237,0.014208822246465694,0,0,0,0.082176232743452829,0.021727097645425918,0,0.065807884460113875,0.08363546755790395,-0.0077253420154126881,0.049439536176774934,0.14554383747038196,-0.015450684030825376
1.78,0.24194509518127197,1.3669049984696926,-0.81722525603425911,-5.3159092008655646,-0.0045900000000000003,17,7.6400071687073555e-05,0.002097303637854563,0.012111019056739333,0.014284722766280969,0,0,0,0.082524271591819243,0.020365279233039144,0,0.06739072438507189,0.081689503936579463,-0.013060061770560089,0.052257177178324551,0.1430137286401198,-0.026120123541120178
1.8,0.22688691699348765,1.2381631324995048,-0.65578055247660405,-7.5572981933656527,-0.0045900000000000003,17,4.9195714548725045e-05,0.0040774447613956821,0.010227188811970342,0.01435382928791475,0,0,0,0.082821568046093863,0.019120352151209063,0,0.0691078927477978,0.078522400967974346,-0.021061379493839877,0.055394217449501744,0.13792444978473961,-0.042122758987679754
1.8200000000000001,0.21960724372128843,1.0637232186479846,-0.022008995988005098,-9.8970948058668391,0.0011474999999999992,18,5.5412873147094481e-08,0.0065340944720504368,0.0078113018579362911,0.014345451742859875,0,0,0,0.082958562234632285,0.018516936894709166,0,0.070675528643988961,0.073546708414350542,-0.031322537130749707,0.058392495053345636,0.12857647993399191,-0.062645074261499414
1.8400000000000001,0.22836420941482405,0.84170580728269373,0.96498394379882757,-12.322145018512128,0.0011474999999999992,18,0.00010652471497367414,0.0091796648863091482,0.0050691737326411567,0.014355363333923978,0,0,0,0.082793231330457184,0.019242682917446942,0,0.071903491757367821,0.066096686149281242,-0.042969360632682821,0.061013752184278458,0.11295068938111555,-0.085938721265365642
1.8600000000000001,0.2610742018430694,0.57018029098429102,2.3703855348740377,-14.833157329288372,0.0011474999999999992,18,0.00064275902423781197,0.01134718350337266,0.0024023504733930649,0.014392293001003538,0,0,0,0.082119627458842853,0.021940072607465645,0,0.073132959045012463,0.055576326937307068,-0.054296336759288716,0.064146290631182074,0.089212581267148483,-0.10859267351857743
1.8800000000000001,0.32428470619287203,0.25002686675025698,3.8964150842459722,-17.048451194184405,0.0011474999999999992,18,0.0017367633196560181,0.012256164746053866,0.00047219317834217776,0.014465121244052061,0,0,0,0.080569705102765538,0.027083622720260287,0,0.075484600592340481,0.042211044005567286,-0.062494422450126666,0.070399496081915425,0.057338465290874288,-0.12498884490025333
1.9000000000000001,0.40964063467105094,-0.10074025471861248,4.3579317306909253,-17.64414677533874,0.0011474999999999992,18,0.002172556358557733,0.012315635576813746,7.6992555754748168e-05,0.014565184491126227,0,0,0,0.077967440847086802,0.033853776270248229,0,0.080550986406844716,0.027903703403984147,-0.06417298438772194,0.083134531966602629,0.021953630537720068,-0.12834596877544388
1.9199999999999999,0.48960037551283303,-0.44254546352803104,3.4531003239357969,-16.259402795434177,0.0045900000000000003,19,0.0013640446883913708,0.012100846688575292,0.0014629390405117386,0.014927830417478402,0,0,0,0.075014273251313976,0.039973226146724758,0,0.088003949602224268,0.015596631481669048,-0.058286361533674232,0.10099362595313457,-0.0087799631833866618,-0.11657272306734846
1.9399999999999999,0.54512286051234471,-0.74528731886153743,2.1184182238693561,-13.962921033996142,0.0045900000000000003,19,0.0005133736974953936,0.010643764698777218,0.0040258819053636827,0.015183020301636294,0,0,0,0.072680405253235533,0.044074467577333874,0,0.095362060993191833,0.0066715896389472062,-0.047400603528016977,0.11804371673314813,-0.030731288299439462,-0.094801207056033954
1.96,0.57662976123812781,-1.0007465719629707,1.1004984731090597,-11.590766421964954,0.0045900000000000003,19,0.00013854443790063973,0.0081989562958076755,0.0069904563580318827,0.015327957091740198,0,0,0,0.071255913733506898,0.046342148828070369,0,0.10086084915880861,0.00082145593621296698,-0.034808968917635567,0.13046578458411032,-0.044699236955644435,-0.069617937835271135
1.98,0.5917950071395377,-1.209338299604898,0.47596758298471065,-9.2770854634099784,0.0045900000000000003,19,2.5915820083900424e-05,0.0055561551903805882,0.0098155693697202073,0.015397640380184697,0,0,0,0.07054495686177506,0.047417391971409567,0,0.10420134870093944,-0.0026547147325701112,-0.022809678178218627,0.1378577405401038,-0.052726821436549789,-0.045619356356437255
2,0.59777456859877975,-1.3720634231158577,0.16749673381025248,-6.9986172257373571,0.0045900000000000003,19,3.2093929312818807e-06,0.0032341225870851018,0.012187772214054727,0.01542510419407111,0,0,0,0.070260162172698551,0.047838369657275122,0,0.10584655147483046,-0.0044273221173678351,-0.012734062971225254,0.14143294077696239,-0.056693013892010792,-0.025468125942450508
2.02,0.60048090311948477,-1.4893959873879385,0.13543289527434876,-4.7335807304783302,0.0057374999999999995,20,2.0982562823137176e-06,0.0014874296109073958,0.013951108870712535,0.015440636737902245,0,0,0,0.070130438398303949,0.048028341737579243,0,0.10645479816135801,-0.0050120752861772741,-0.0052445256935417361,0.14277915792441209,-0.058052492309933791,-0.010489051387083472
2.04,0.60424136795294636,-1.5613406003942867,0.2606855637444121,-2.459128280562406,0.0057374999999999995,20,7.7739934297453757e-06,0.00041215063681791374,0.015042288613359038,0.015462213243606696,0,0,0,0.069949334073819605,0.048291724577086498,0,0.10659259274691883,-0.0047851030766142694,-0.00060988526436019108,0.14323585142001805,-0.057861930730315037,-0.0012197705287203822
2.0600000000000001,0.61146043256126448,-1.587702696414361,0.46862732317173694,-0.17620262126623309,0.0057374999999999995,20,2.5122648333643415e-05,3.5904685228248763e-05,0.015442605870076086,0.015503633203637977,0,0,0,0.06959889332895787,0.048795430599435682,0,0.10662072267703877,-0.0040102997729849627,0.0010904088943088986,0.14364255202511966,-0.056816030145405608,0.0021808177886177972
2.0800000000000001,0.62302528946179847,-1.5683834743559553,0.68243964605708651,2.1074625968758811,0.0057374999999999995,20,5.3276870270276547e-05,0.00036747238791080339,0.015149238747957908,0.015569988006138989,0,0,0,0.069029939503699886,0.049597050840907202,0,0.10666523911728185,-0.0027843390095233095,-0.00015562883130348411,0.14430053873086379,-0.055165728859953821,-0.00031125766260696821
2.1000000000000001,0.63829132483211348,-1.5034590461267259,0.82648809367580667,4.3831029155666066,0.0057374999999999995,20,7.814179971484145e-05,0.0014153591599113749,0.014164076740284465,0.01565757769991068,0,0,0,0.06826477495931832,0.050645044177625387,0,0.106608330815814,-0.0010384769681638234,-0.0043399730704873248,0.14495188667230968,-0.052721998113953034,-0.0086799461409746495
2.1200000000000001,0.65644479386282872,-1.3932723419173811,0.96064039596410167,6.6311455017592307,0.0091800000000000007,21,0.00010556790348408628,0.0032144966530662064,0.012504159661275421,0.015824224217825714,0,0,0,0.067334194248260593,0.051875873823363311,0,0.10608017161786176,0.0015841105380487303,-0.011390249484898824,0.14482614898746293,-0.04870765274726585,-0.022780498969797648
2.1400000000000001,0.67540026489552563,-1.2383925875139212,0.89772007242190521,8.8525952764654239,0.0091800000000000007,21,9.2191754050097657e-05,0.0056755448889847298,0.010230482419998438,0.015998219063033267,0,0,0,0.066338824951953257,0.053142829281043233,0,0.10445743546323943,0.0055589150572302251,-0.021047390333000179,0.14257604597452561,-0.042024999166582783,-0.042094780666000357
2.1600000000000001,0.69070372037111782,-1.039319813022118,0.58786770886117667,11.05110890278889,0.0091800000000000007,21,3.9533877941274912e-05,0.008609549046895322,0.0074895737207218158,0.016138656645558414,0,0,0,0.065517819790041995,0.054151780118104925,0,0.10094127101384941,0.011293220555317715,-0.032689034485551244,0.13636472223765683,-0.031565339007469495,-0.065378068971102488
2.1800000000000002,0.69702711948823737,-0.79653056668197308,-0.0020185850650802362,13.218689765462758,0.0091800000000000007,21,4.6612706221505656e-10,0.011628523603899422,0.004568044360066627,0.016196568430093112,0,0,0,0.06517408888045792,0.054564990044919569,0,0.09477609782187113,0.019207447411822232,-0.045097840808415619,0.12437810676328434,-0.016150095221275106,-0.090195681616831239
2.2000000000000002,0.68910628476486402,-0.51147769094434459,-0.80408270437680751,15.232730469964928,0.0091800000000000007,21,7.3962511128526298e-05,0.014106229057290741,0.0019434558177600706,0.01612364738617934,0,0,0,0.065604240140769127,0.054047050572184764,0,0.085678319505928302,0.029680416142839519,-0.056245430607543022,0.10575239887108748,0.0053137817134942741,-0.11249086121508604
2.2200000000000002,0.65554362030015589,-0.18216252591893856,-2.4824653147203763,17.543515681846689,-0.0068850000000000014,22,0.00070497965639571784,0.015398845845867683,0.00025126197876966961,0.016355087481033068,0,0,0,0.067380916066451163,0.05181517297130122,0,0.074503740494541296,0.042552588144825126,-0.063432798255310618,0.081626564922631428,0.033290003318349026,-0.12686559651062124
2.2400000000000002,0.59796088357867405,0.17781461077714145,-2.9888594496807683,18.049114482135273,-0.0068850000000000014,22,0.0010219301026544508,0.015491380379716646,0.00023944195979148711,0.016752752442162584,0,0,0,0.070251247948389203,0.047851459347588804,0,0.063828625203630474,0.057280581658019337,-0.063483002209516276,0.057406002458871751,0.066709703968449871,-0.12696600441903255
2.2600000000000002,0.5463816076319068,0.52489409887147698,-2.0304181899275067,16.426237438023225,-0.0068850000000000014,22,0.00047160803668130869,0.014589040863885926,0.0020443684834041999,0.017105017383971435,0,0,0,0.072624869079757085,0.044165918887170745,0,0.055830218337354735,0.071782446339552483,-0.055816817518670576,0.039035567594952386,0.099398973791934214,-0.11163363503734115
2.2800000000000002,0.51792579050433607,0.83056984505843223,-0.85082688285102104,14.109393044940362,-0.0068850000000000014,22,8.2811874119576693e-05,0.012274905428466255,0.0049436851182164737,0.017301402420802307,0,0,0,0.07385207537690526,0.042081717675540586,0,0.050275733258398854,0.083457447836376375,-0.043502356786372438,0.026699391139892448,0.12483317799721218,-0.087004713572744877
2.3000000000000003,0.50993813994425663,1.089231453663885,-0.012894302523711154,11.765031277760976,-0.0068850000000000014,22,1.9019798735692802e-08,0.0092042978957021741,0.0081522869228735553,0.017356603838374465,0,0,0,0.0741858498950448,0.0414904769236253,0,0.046282531274469449,0.091382200524924864,-0.029874248543690304,0.018379212653894104,0.14127392412622441,-0.059748497087380607
2.3199999999999998,0.5122347481954943,1.3025780665081346,0.1930549778714814,9.5646415385611689,-0.013770000000000003,23,4.2635583880196117e-06,0.0061593587465951947,0.011161411850126918,0.017325034155110133,0,0,0,0.074090366963970047,0.041660743190013498,0,0.043607555290890471,0.095872034924565086,-0.017093391734085469,0.013124743617810901,0.15008332665911669,-0.034186783468170938
2.3399999999999999,0.5157955776686507,1.4716063367544336,0.12008594901649682,7.3322766737748779,-0.013770000000000003,23,1.6496605753166456e-06,0.00359230622226801,0.013682061472537999,0.017276017355381326,0,0,0,0.073941550761089492,0.041924301676297814,0,0.042284775198013172,0.097757099925457058,-0.006387268635159705,0.010627999634936852,0.15358989817461632,-0.01277453727031941
2.3599999999999999,0.5154839833584467,1.59561158199452,-0.18535142941408594,5.0616171572561584,-0.013770000000000003,23,3.9300862864723813e-06,0.0017136945826730827,0.015562682812518954,0.017280307481478508,0,0,0,0.073954610545209659,0.041901259874929354,0,0.042168737972615583,0.09800248055331641,0.0016004196929958949,0.010382865400021507,0.15410370123170347,0.0032008393859917898
2.3799999999999999,0.5072298671130262,1.6738142811067309,-0.6628164242254263,2.7529186039968829,-0.013770000000000003,23,5.0257019514924694e-05,0.00059617286509588312,0.016747532643265613,0.017393962527876422,0,0,0,0.074297945222229267,0.04128940948663009,0,0.043132678032507282,0.097369536165309994,0.0066329113288549572,0.011967410842785291,0.15344966284398989,0.013265822657709914
2.3999999999999999,0.48832401659882391,1.7055433419598041,-1.2369129053761603,0.41687865195956553,-0.013770000000000003,23,0.00017502030965321134,0.00025333160196614905,0.017225945404649719,0.01765429731626908,0,0,0,0.075065232318404479,0.039877448476350212,0,0.045079581979178801,0.096322379005627429,0.0086649057282098072,0.015093931639953116,0.15276730953490467,0.017329811456419614
2.4199999999999999,0.46761646237708121,1.691770266539387,-0.82977478229692847,-1.7948620311144459,0.012622500000000002,24,7.8764527200906459e-05,0.0002956477009524325,0.017018498120755711,0.017392910348909048,0,0,0,0.075874844215323256,0.038314592720012412,0,0.047013315065689662,0.095469422579410976,0.0077838010565567019,0.018151785916056068,0.15262425243880953,0.015567602113113404
2.4399999999999999,0.45551992377289052,1.6336421818584457,-0.36438836726354612,-4.0228170779650014,0.012622500000000002,24,1.5189350877993511e-05,0.0010854107227822433,0.016139621507601058,0.017240221581261296,0,0,0,0.076332755689403273,0.037393988940227718,0,0.048013334419695242,0.095202731102003335,0.0040508898555940203,0.019693913149987217,0.15301147326377895,0.0081017797111880407
2.46,0.45390892457095139,1.5305621706692119,0.23200973483373716,-6.2955261388380617,0.012622500000000002,24,6.1577580659041073e-06,0.0026386879441557573,0.014575053763930739,0.017219899466152402,0,0,0,0.07639289829580323,0.037270968460278379,0,0.048133698718899331,0.095192783974677314,-0.0025944029734508221,0.019874499141995433,0.15311459948907624,-0.0051888059469016442
2.48,0.46627395402200617,1.3812651109808405,1.0512447837082148,-8.6525611113841858,0.012622500000000002,24,0.00012642061945100126,0.0049247139636157842,0.012324882589166728,0.017376017172233513,0,0,0,0.075926213485026137,0.038212695610572091,0,0.047448774528887364,0.094795568792970464,-0.012151704938979236,0.018971335572748597,0.15137844197536884,-0.024303409877958471
2.5,0.49831770473939718,1.1834964423850156,2.2275722146824819,-11.155909859738928,0.012622500000000002,24,0.00056764104462906609,0.0077625838011298682,0.0094503299807591618,0.017780554826518094,0,0,0,0.074662967674220149,0.040625623171569404,0,0.046118626035692008,0.09308525555773256,-0.024360983771835029,0.017574284397163867,0.14554488794389572,-0.048721967543670058
2.52,0.55371942282904962,0.93569859094497687,3.4049330021790229,-13.651751033090534,9.0208740234374937e-05,25,0.0013262559583866512,0.01028230624808202,0.006176762599971861,0.017785324806440531,0,0,0,0.072298835456270458,0.044697632953738513,0,0.04499468962371922,0.088862341829144958,-0.03826502463484599,0.017690543791167981,0.1330270507045514,-0.07653004926969198
2.54,0.63859861760779202,0.63614615614946102,5.1813939624833516,-16.327933842852609,9.0208740234374937e-05,25,0.0030711670224786254,0.011750049058222231,0.0029704903398288774,0.017791706420529733,0,0,0,0.068249208880281478,0.050666019058296943,0,0.045408108476040918,0.081433919547001632,-0.051883238447889585,0.022567008071800357,0.11220182003570631,-0.10376647689577917
2.5600000000000001,0.76321464408943529,0.28323926587855253,7.225654083886405,-18.839451276534326,9.0208740234374937e-05,25,0.0059726152599469534,0.011225312740477063,0.00060507822453333951,0.017803006224957355,0,0,0,0.061422498728681961,0.058756077557347755,0,0.048962310733523001,0.071781723807215231,-0.06193001093895116,0.036502122738364048,0.084807370057082707,-0.12386002187790232
2.5800000000000001,0.91776498838133991,-0.10504981431574834,7.8246250640688828,-19.523750884526741,9.0208740234374937e-05,25,0.0070038571426325651,0.010735505982841401,8.3714583868088187e-05,0.017823077709342054,0,0,0,0.051645729777227208,0.067510877610779341,0,0.057017417582365379,0.063401543727857085,-0.064144433469809345,0.062389105387503557,0.059292209844934836,-0.12828886693961869
2.6000000000000001,1.0600173025113226,-0.47907235780937718,6.1740298025194802,-17.587749285273606,9.0208740234374937e-05,25,0.0043606140461910723,0.011754766823932299,0.0017095822261795829,0.017824963096302954,0,0,0,0.041552843966972827,0.074150934978976568,0,0.067489682974704965,0.059616399108453101,-0.057238777496688827,0.093426521982437116,0.045081863237929634,-0.11447755499337765
2.6200000000000001,1.1633986667024077,-0.80443883775715186,4.2219824320035686,-14.933060149488306,0.0011474999999999992,26,0.0020391212476646233,0.011251581545800023,0.004654234882773921,0.017944937676238566,0,0,0,0.03367881227106919,0.078043177818500453,0,0.076344082918792244,0.059631374496232389,-0.044731758058214742,0.11900935356651532,0.041219571173964326,-0.089463516116429484
2.6400000000000001,1.2327464044385337,-1.0772890139094624,2.813078302328015,-12.381346746757115,0.0011474999999999992,26,0.00090526107826755051,0.0091277488915917256,0.0079920613027799261,0.018025071272639203,0,0,0,0.028190081225420723,0.08018927185418373,0,0.08177882988007415,0.061350452864901206,-0.03055478549617768,0.13536757853472756,0.042511633875618682,-0.06110957099235536
2.6600000000000001,1.2795563449380447,-1.3007162260732859,1.9462948854253246,-9.9806774605223865,0.0011474999999999992,26,0.00043333871295106219,0.0065113660294881769,0.011134156092344912,0.01807886083478415,0,0,0,0.024406917848879106,0.08142052788528252,0,0.083951037819622709,0.063571362788277103,-0.01720915693023738,0.14349515779036631,0.045722197691271685,-0.03441831386047476
2.6800000000000002,1.3132564629639678,-1.4770567839984583,1.4796659411595545,-7.6622547310151532,0.0011474999999999992,26,0.00025045952987864375,0.0041026275513152844,0.013764446401552733,0.01811753348274666,0,0,0,0.021649697658287746,0.082196658030024128,0,0.083748618527962781,0.065840483777254391,-0.0060373496366261728,0.14584753939763784,0.049484309524484647,-0.012074699273252346
2.7000000000000002,1.3406164114578591,-1.6074223296179664,1.295049741753453,-5.3772175924922534,0.0011474999999999992,26,0.00019185941042466103,0.0022151129449146552,0.015741953738799261,0.018148926094138578,0,0,0,0.019392979275778526,0.082758155820494367,0,0.082149698680164307,0.068052176128717431,0.0023618490434898945,0.14490641808455007,0.053346196436940489,0.004723698086979789
2.7200000000000002,1.3598479824339662,-1.6926423540568409,0.65093659770109624,-3.1547303573689014,-0.016065000000000003,27,4.8471625669972792e-05,0.00075983239434737474,0.017031644050044106,0.017839948070061454,0,0,0,0.01779792186594455,0.08311578657062528,0,0.080400530804120504,0.069710434970671628,0.0078396366379718998,0.14300313974229648,0.056305083370717983,0.0156792732759438
2.7400000000000002,1.367298218094898,-1.7339009841522168,0.10431322721677438,-0.97581943364724744,-0.016065000000000003,27,1.2447695896610377e-06,6.720730737469229e-05,0.017651800191968315,0.017720252268932667,0,0,0,0.01717820145380973,0.083246077353904976,0,0.079508897168543577,0.070383858715159883,0.010473667142237146,0.14183959288327741,0.057521640076414776,0.020947334284474293
2.7600000000000002,1.3642117804970164,-1.7317612725302869,-0.41339501155041014,1.1901104396315465,-0.016065000000000003,27,1.9549725765438079e-05,0.00013055390082354976,0.017619732423344643,0.017769836049933631,0,0,0,0.017435053048359652,0.08319266148646097,0,0.079747545010027704,0.070133557672310554,0.010337463571800203,0.14206003697169575,0.057074453858160137,0.020674927143600405
2.7800000000000002,1.3505346530085141,-1.6861844912541377,-0.96558810414881646,3.3728343686596851,-0.016065000000000003,27,0.00010665814342340664,0.00094864460236330714,0.016934264992590726,0.01798956773837744,0,0,0,0.018571223502912459,0.082946426430587555,0,0.081094371883969313,0.06894785635762557,0.0074260320786218408,0.14361752026502617,0.054949286284663577,0.014852064157243682
2.8000000000000003,1.3248937587414011,-1.5965371225418634,-1.6228993547791672,5.6022741365277255,-0.016065000000000003,27,0.00030129601074464221,0.0025234844515955265,0.015576733469474547,0.018401513931814717,0,0,0,0.020691706470549989,0.082443030532220254,0,0.083230693344044454,0.066746878280197056,0.0016600979845164154,0.14576968021753892,0.051050726028173864,0.0033201959690328307
2.8199999999999998,1.2903250567560955,-1.4616527664212411,-1.8748616279947388,7.8899836126696226,0,28,0.00040211349432462112,0.0044676775834252679,0.013531727690370548,0.018401518768120437,0,0,0,0.023528725431852804,0.081678632943704962,0,0.08513959955509455,0.063930719093808389,-0.0070257913253034829,0.1467504736783363,0.046182805243911808,-0.014051582650606966
2.8399999999999999,1.2479131499603568,-1.2806764515874125,-2.425932818923755,10.217935850938801,0,28,0.00067323664333843929,0.0068865802253526738,0.010841699457801992,0.018401516326493107,0,0,0,0.026970675350168307,0.08060758445181089,0,0.085581415928544569,0.0609968832141706,-0.018451327481303129,0.14419215650692083,0.041386181976530309,-0.036902654962606259
2.8599999999999999,1.1904403998345991,-1.0523235579507073,-3.4055297122477257,12.638782785058003,0,28,0.0013267208483733837,0.0094142374432258473,0.0076604534096022881,0.01840141170120152,0,0,0,0.031556333528823054,0.078925267273653746,0,0.083575715036568327,0.0581265926599858,-0.031963245796796262,0.13559509654431359,0.037327918046317854,-0.063926491593592524
2.8799999999999999,1.1077936249979485,-0.77400663169877504,-4.9653635409457451,15.223957766111754,0,28,0.0028204104062458171,0.011254037848070667,0.004326217924712248,0.018400666179028732,0,0,0,0.037964117800160659,0.076050810381320236,0,0.078303158667960698,0.055913798142107979,-0.046124966340841629,0.11864219953576075,0.035776785902895722,-0.092249932681683258
2.8999999999999999,0.98792888317790606,-0.44253373545966568,-7.0684095402208342,17.89697548227949,0,28,0.0057154919194731769,0.011220339855966158,0.001462862771271627,0.018398694546710961,0,0,0,0.046785716150229306,0.070965461770569588,0,0.069846040668632536,0.055762378885852559,-0.058286685477099788,0.092906365187035767,0.040559296001135531,-0.11657337095419958
2.9199999999999999,0.82760254164418334,-0.063243362653764734,-8.6873377671728012,19.703416660843232,-0.0011474999999999992,29,0.008633434950164158,0.0099275326004352113,3.0359534978329365e-05,0.018591327085577699,0,0,0,0.057514653179420901,0.062586457557932851,0,0.060516209970790082,0.059828137234496481,-0.064371051924149131,0.063517766762159256,0.057069816911060119,-0.12874210384829826
2.9399999999999999,0.65797126574662812,0.32623705097380729,-7.8785118944290931,18.800483431856577,-0.0011474999999999992,29,0.0071006580133666239,0.010871870797045081,0.00080097923788892335,0.018773508048300629,0,0,0,0.067254928767933889,0.051978597099384467,0,0.054614337051645118,0.068334215428945036,-0.061097947511514941,0.041973745335356354,0.084689833758505612,-0.12219589502302988
2.96,0.52118259440055459,0.67793084850357399,-5.7711383213621588,16.272485236860231,-0.0011474999999999992,29,0.0038100719176229788,0.011761084801055657,0.0033580214305244903,0.018929178149203127,0,0,0,0.073714632051397222,0.042322015801791887,0,0.053572694357442108,0.077404360009252965,-0.050237251824139954,0.033430756663486987,0.11248670421671404,-0.10047450364827991
2.98,0.42432542245246219,0.97692044625248275,-4.0190053297609145,13.652318549713254,-0.0011474999999999992,29,0.0018477676976873065,0.010505560633478257,0.0066882038005570193,0.019041532131722581,0,0,0,0.077461916779013054,0.034995020344632692,0,0.055453678377613669,0.083710532286415271,-0.036092746344898834,0.03344543997621429,0.13242604422819784,-0.072185492689797667
3,0.35621610315509122,1.2252180423155226,-2.8862521382404402,11.20223189369645,-0.0011474999999999992,29,0.00095296893057472611,0.008125140297866703,0.010041802404565902,0.01911991163300733,0,0,0,0.079663962636218028,0.029642082536408581,0,0.058500651858825775,0.086519098412672857,-0.021848783534803337,0.037337341081433516,0.14339611428893714,-0.043697567069606674
3.02,0.30598547303839319,1.4256429264969031,-2.2058162694930594,8.853874147024424,-0.00022468139648437486,30,0.00055660727400934774,0.005585272524514481,0.012989330255002951,0.019131210053526779,0,0,0,0.081051797482721843,0.025604806674135346,0,0.061826593911876906,0.086462024860526732,-0.0093295520939392189,0.042601390341031962,0.1473192430469181,-0.018659104187878438
3.04,0.2656723222027243,1.5797299697446379,-1.8735672198844902,6.5602803562430445,-0.00022468139648437486,30,0.00040155844611863557,0.0034171582255068146,0.015321543425231688,0.01914026009685714,0,0,0,0.082017876605544743,0.022317435271949057,0,0.065083557391346455,0.084552046318620705,0.00057621230560519598,0.048149238177148175,0.14678665736529234,0.001152424611210392
3.0600000000000001,0.22946302927882661,1.6881732434537149,-1.7790352213370169,4.2853723318761237,-0.00022468139648437486,30,0.00036205895950621359,0.0018220708663904699,0.016964261636287205,0.019148391462183889,0,0,0,0.08277203711000615,0.019333646129475045,0,0.068202158020168865,0.08171083895880607,0.0075534388221508804,0.053632278930331581,0.14408803178813712,0.015106877644301761
3.0800000000000001,0.19353885819023731,1.7511577322537217,-1.8306075381275291,2.0129023258376453,-0.00022468139648437486,30,0.0003833546178529894,0.00086310604175336366,0.017910001030742379,0.019156461690348733,0,0,0,0.083413028120821145,0.016348294703579999,0,0.071208787488621528,0.078617337775333029,0.011570340769378098,0.059004546856421897,0.14088638084708607,0.023140681538756196
3.1000000000000001,0.15582509329415004,1.7686773645636933,-1.9444114622027517,-0.261125152876863,-0.00022468139648437486,30,0.00043250043782272572,0.00056112927955698439,0.018171304985234386,0.019164934702614097,0,0,0,0.083970124402101609,0.013191596108719401,0,0.074155374354919146,0.075666657931806797,0.012680194466676798,0.064340624307736696,0.1381417197548942,0.025360388933353597
3.1200000000000001,0.12293358209591422,1.7420814497571104,-1.3373659340796595,-2.4001846577068848,0.018360000000000001,31,0.00020460239792140526,0.00058213769673390043,0.017774295123592125,0.018561035218247431,0,0,0,0.084358520195009182,0.010423054758957601,0,0.07656500087920394,0.073499549298865499,0.010993948027489481,0.068771481563398712,0.13657604383877339,0.021987896054978962
3.1400000000000001,0.10281736487121351,1.6724765930421688,-0.65684961961275701,-4.5685000961182292,0.018360000000000001,31,4.9356245052390861e-05,0.0014150211076531403,0.016727324979376613,0.018191702332082144,0,0,0,0.08455111071146279,0.0087240860528746775,0,0.077965261364709673,0.07255207604190661,0.006547081971528256,0.071379412017956542,0.13638006603093852,0.013094163943056512
3.1600000000000001,0.09759173221586212,1.5588668347717309,0.1647533762143113,-6.8084310397259813,0.018360000000000001,31,3.1051233183815225e-06,0.0030879556633170943,0.015004724462537946,0.018095785249173421,0,0,0,0.0845955449469772,0.0082821359034949988,0,0.078311312539428024,0.072470658198297955,-0.00076943398514294045,0.072027080131878848,0.13665918049310091,-0.0015388679702858809
3.1800000000000002,0.11097712319692146,1.3993152154423187,1.2243720936467857,-9.1729695825348703,0.018360000000000001,31,0.00017148930931546385,0.0055755965667214843,0.01259453222290819,0.018341618098945141,0,0,0,0.08447711030674436,0.0094137045960740982,0,0.077438540364129824,0.072576728608103894,-0.011006404082109286,0.070399970421515287,0.13573975262013369,-0.022012808164218571
3.2000000000000002,0.14917114178041596,1.1906208279023138,2.6791939437527184,-11.738812489200003,0.018360000000000001,31,0.0008211424648673476,0.0086712057799052233,0.0095506513598297687,0.019042999604602338,0,0,0,0.084056041110541935,0.012632575066979972,0,0.075154583381707343,0.071862090255409905,-0.02393488209382531,0.066253125652872752,0.13109160544383985,-0.047869764187650619
3.2200000000000002,0.21459108385529563,0.930940749443538,3.9637067302578983,-14.260846118125674,7.2279052734374949e-05,32,0.00179726962499611,0.011131456846073518,0.0061187009298910933,0.019047427400960722,0,0,0,0.083050402067135445,0.018100572269603661,0,0.072032319910727005,0.068654562467753796,-0.038511633834985161,0.061014237754318565,0.11920855266590394,-0.077023267669970322
3.2400000000000002,0.3121480857773673,0.61874589385672341,5.8955081229164517,-16.98479072118382,7.2279052734374949e-05,32,0.0039760578126314568,0.012261392476584223,0.002815363501347912,0.019052813790563592,0,0,0,0.080892466894264645,0.026103808146711052,0,0.069403442683321034,0.061706870558440347,-0.052542119005487976,0.057914418472377424,0.097309932970169641,-0.10508423801097595
3.2600000000000002,0.45234447591787963,0.25250873371391824,8.0369714816556925,-19.487978354603115,7.2279052734374949e-05,32,0.0073891598351632391,0.011193231073876365,0.0004815639559587275,0.019063954864998331,0,0,0,0.076451113302650087,0.037151410131855821,0,0.069407954244808445,0.051645001336834931,-0.062454621321955797,0.062364795186966818,0.066138592541814034,-0.12490924264391159
3.2800000000000002,0.62143228511368398,-0.14646379950387001,8.418745503848541,-19.908182126532541,7.2279052734374949e-05,32,0.0081078362445710008,0.010810112913558755,0.00016259008600915282,0.019080539244138908,0,0,0,0.069108860200588942,0.049487022963353271,0,0.074589213790790337,0.041833683412184595,-0.063809420293878899,0.080069567380991746,0.034180343861015913,-0.1276188405877578
3.3000000000000003,0.77271291760471894,-0.52546798110040527,6.5124232139971205,-17.73709077289751,7.2279052734374949e-05,32,0.0048517167446892372,0.012180276186143525,0.0020487378730883726,0.019080730803921135,0,0,0,0.06086165516265224,0.059336826093602336,0,0.083447593145428531,0.036170477983503632,-0.055798259118720814,0.10603353112820482,0.013004129873404928,-0.11159651823744163
3.3200000000000003,0.88188745462634544,-0.85312038816149993,4.4837110690898712,-15.030590701228965,0.0011474999999999992,33,0.0022997755051328127,0.011708859403125329,0.0051991039332453188,0.019207738841503459,0,0,0,0.054034098415739959,0.065614908430920868,0,0.091542807970647344,0.034726359593410472,-0.04241749943405828,0.12905151752555472,0.0038378107559000757,-0.08483499886811656
3.3399999999999999,0.95636119040194201,-1.1279123270817202,3.069721698339166,-12.481044610597802,0.0011474999999999992,33,0.0010779738220239863,0.0095377256369374806,0.0086780167805062241,0.019293716239467691,0,0,0,0.049002250496885641,0.069453433653351312,0,0.096620347673233853,0.03585691000749891,-0.027641281088573635,0.14423844484958209,0.0022603863616465075,-0.055282562177147269
3.3599999999999999,1.0084371900913511,-1.3534231216675217,2.2181908200359537,-10.089483904195641,0.0011474999999999992,33,0.00056286988526829066,0.0068798490863971979,0.011910811256442505,0.019353530228107992,0,0,0,0.045320598225209827,0.071909967156918581,0,0.098603466481458263,0.038328927420678227,-0.013910417701144649,0.15188633473770671,0.0047478876844378737,-0.027820835402289298
3.3799999999999999,1.0478019179432534,-1.5320270303160477,1.7753234902294368,-7.779567254354637,0.0011474999999999992,33,0.00036054975543391084,0.0044408652803264934,0.014597281591473575,0.01939869662723398,0,0,0,0.042455503499707774,0.073637831463089012,0,0.09829163389166673,0.041445804862547515,-0.0024999932404282423,0.15412776428362568,0.0092537782620060183,-0.0049999864808564845
3.3999999999999999,1.0813601817058027,-1.6648117977266264,1.6200073438928708,-5.5015684290284543,0.0011474999999999992,33,0.00030022314696498311,0.0025254909523252786,0.016611485359403072,0.019437199458693336,0,0,0,0.039960905981826021,0.075020837059524087,0,0.096637078771306131,0.044831474996646185,0.0060550686349094092,0.15331325156078623,0.014642112933768284,0.012110137269818818
3.4199999999999999,1.1065024694636949,-1.7530736337673236,0.9162496194201627,-3.3368194881516215,-0.018360000000000001,34,9.6036830993666131e-05,0.00094090129370939194,0.017938618717553634,0.018975556842256693,0,0,0,0.038062279552930255,0.076001729422655831,0,0.094778754922188416,0.04759766076315939,0.011691890577444915,0.15149523029144657,0.019193592103662949,0.023383781154889829
3.4399999999999999,1.1186348864888018,-1.798656797009528,0.30719278066586686,-1.2279403769513246,-0.018360000000000001,34,1.0795237876506493e-05,0.0001257222797836244,0.018616276368517242,0.018752793886177371,0,0,0,0.037137416233315047,0.076457912053060337,0,0.093655824010822286,0.049005584646828172,0.01457015107253332,0.15017423178832953,0.021553257240596008,0.029140302145066639
3.46,1.1190036940492554,-1.8023300053648574,-0.26950053154669285,0.86011358156064999,-0.018360000000000001,34,8.3086307488164471e-06,6.7119752513971958e-05,0.018670592176809501,0.018746020560072289,0,0,0,0.03710921545223525,0.076471603412767444,0,0.093589213364851515,0.049063672654888958,0.014800850224301306,0.15006921127746781,0.021655741897010472,0.029601700448602612
3.48,1.1077080307959468,-1.7641522990875771,-0.86846978968856692,2.9630965991250493,-0.018360000000000001,34,8.6281887663103242e-05,0.00076323576446444457,0.018103898538978005,0.018953416191105552,0,0,0,0.037970627169509344,0.076047560594368305,0,0.094601935848267565,0.047771488473762128,0.012393894576019377,0.1512332445270258,0.019495416353155944,0.024787789152038754
3.5,1.0837211285502935,-1.6834726836161344,-1.5498894050153422,5.1160409750331404,-0.018360000000000001,34,0.00027479677100569706,0.0022256913909833578,0.016893351276561757,0.019393839438550813,0,0,0,0.039783674565454057,0.075114973461155171,0,0.096421237880052385,0.045117620293567071,0.0072522565263411411,0.15305880119465071,0.015120267125978963,0.014504513052682282
3.52,1.051500371172521,-1.5584510760954657,-1.7089038001050194,7.3890987741449372,0,35,0.00033407612331857192,0.0040613574247600898,0.01499841126626197,0.01939384481434063,0,0,0,0.042182867680353724,0.073794347170103552,0,0.098175487596008332,0.041787433801334171,-0.0007962484443511294,0.15416810751166293,0.0097805204325647904,-0.0015924968887022588
3.54,1.0135715583640916,-1.3876979014118209,-2.1379366646726075,9.6947371305794903,0,35,0.00052287740714986519,0.0064500960354448803,0.012420879381369732,0.019393852823964476,0,0,0,0.044950790229976868,0.072141710942426482,0,0.098778551143358886,0.038602162770388082,-0.011743971366931144,0.15260631205674091,0.0050626145983496823,-0.023487942733862288
3.5600000000000001,0.96339955378665343,-1.1701434416209811,-2.9562737906364851,12.079475466781394,0,35,0.00099976864575200726,0.0091309631926882288,0.0092630890605245163,0.019393820898964752,0,0,0,0.048512202283135214,0.069796606147005252,0,0.097281162413802608,0.035899690672145788,-0.0251562646087134,0.14605012254447003,0.0020027751972863245,-0.0503125292174268
3.5800000000000001,0.89167044748036273,-0.90348020931865847,-4.3220014423692774,14.620031682234469,0,35,0.0021368794438525224,0.011468909019434814,0.0057876415568836881,0.019393430020171024,0,0,0,0.053389612775872057,0.066140375321300071,0,0.092812244522313514,0.034317770243483307,-0.039917764369335342,0.13223487626875496,0.0024951651656665436,-0.079835528738670683
3.6000000000000001,0.7859987898642955,-0.58390009376391028,-6.3440169524172694,17.358628911458396,0,35,0.0046040377510257156,0.012271428328045952,0.0025160125587752624,0.019391478637846932,0,0,0,0.060067965462638172,0.060140165656400624,0,0.085226147522042078,0.03501218679979097,-0.053813572210434667,0.11038432958144598,0.0098842079431813237,-0.10762714442086933
3.6200000000000001,0.63606863163727545,-0.21022368690516835,-8.5215150850720338,19.822641098993017,-0.0011474999999999992,36,0.0083069929255000091,0.010924756351066385,0.00033432837806116354,0.019566077654627558,0,0,0,0.068377174635291707,0.050493187549359782,0,0.076372785166336735,0.039665642604557114,-0.0630799848026624,0.084368395697381762,0.028838097659754449,-0.1261599696053248
3.6400000000000001,0.45942578572792392,0.19288570347844836,-8.6673258080171003,19.972385506434541,-0.0011474999999999992,36,0.008593705183599901,0.010893957454535348,0.00028161976965038974,0.019769282407785638,0,0,0,0.076186118045750539,0.037691848152073486,0,0.070703450233615101,0.048773904289403237,-0.063303857587281728,0.065220782421479676,0.059855960426732982,-0.12660771517456346
3.6600000000000001,0.30483095347003997,0.57149368821739088,-6.6347350827903089,17.674164215438832,-0.0011474999999999992,36,0.0050356713649349514,0.012489076331623949,0.0024131275346788855,0.019937875231237787,0,0,0,0.081081304708914032,0.02551121374416036,0,0.070610500310336916,0.058790166698047389,-0.054250562628784894,0.060139695911759786,0.092069119651934428,-0.10850112525756979
3.6800000000000002,0.19351029441733936,0.89761176880640292,-4.5922007724043024,14.953582686940083,-0.0011474999999999992,36,0.00241241455970796,0.011937273242787243,0.0057178033380343406,0.020067491140529546,0,0,0,0.083413495055770379,0.016345912106119152,0,0.073715813800284261,0.065833360845924088,-0.040214392889762404,0.064018132544798143,0.11532080958572902,-0.080428785779524808
3.7000000000000002,0.11658189655721855,1.1710293391794089,-3.208739912802324,12.42114603967884,-0.0011474999999999992,36,0.0011778208530751372,0.0097029162605103206,0.0092754791169990455,0.020156216230584504,0,0,0,0.08442302204551938,0.0098870293163189505,0,0.077512071699260804,0.068898011763258812,-0.025103639496266372,0.070601121353002227,0.12790899421019869,-0.050207278992532745
3.7200000000000002,0.061749952546053859,1.3953739068902991,-2.3552536340425791,10.033229578985724,-0.00019890747070312487,37,0.00063457881805340064,0.0069969988800531041,0.012535578110054537,0.020167155808161041,0,0,0,0.084837996579990957,0.0052454109746943676,0,0.080918741989302226,0.068634477944864006,-0.011256803813903597,0.076999487398613509,0.13202354491503362,-0.022513607627807193
3.7400000000000002,0.019660609619511736,1.572908051953255,-1.9104139377332823,7.7292227642585392,-0.00019890747070312487,37,0.00041750834669686157,0.0045400588209050996,0.015217948381013599,0.020175515548615561,0,0,0,0.08498357259741271,0.0016710441586882372,0,0.083715547798423454,0.066158434871819119,0.00013620617148147896,0.082447522999434183,0.13064582558495,0.00027241234296295793
3.7600000000000002,-0.016557746380102982,1.7047654839370816,-1.7503637807812904,5.4596285340883597,-0.00019890747070312487,37,0.00035048290724176495,0.0026179895502286775,0.017214239405872817,0.02018271186334326,0,0,0,0.084988348510179876,-0.0014073441342499348,0,0.086046705253003591,0.062505944391402932,0.0086151860596025212,0.087105061995827321,0.12641923291705581,0.017230372119205042
3.7800000000000002,-0.0516049301471296,1.791351032212197,-1.7783943805098503,3.1993523266939992,-0.00019890747070312487,37,0.00036179816604804004,0.001319773083775971,0.018508109015762407,0.020189680265586419,0,0,0,0.084886844690383767,-0.0043844724324217507,0,0.088133292117305542,0.058469310496346363,0.014110724667696252,0.091379739544227317,0.12132309342511448,0.028221449335392505
3.8000000000000003,-0.088374574361329505,1.8327357620100759,-1.9087676218960516,0.93886732820404539,-0.00019890747070312487,37,0.00041678907384756899,0.00066187463726738081,0.019118329198325845,0.020196992909440794,0,0,0,0.084668288196013283,-0.0075020646462716657,0,0.090166849450576708,0.054554687850012953,0.016702553509708829,0.095665410705140119,0.11661144034629757,0.033405107019417658
3.8200000000000003,-0.12092482201462831,1.8307984225150076,-1.3442935614092781,-1.1309101031828308,0.018360000000000001,38,0.00020672759081754601,0.00030272342996027991,0.019089905167062736,0.019599356187840561,0,0,0,0.08437928739905827,-0.010253577815919991,0,0.091898431292544241,0.051623360651182393,0.016581826227755427,0.099417575186030227,0.11350029911828477,0.033163652455510853
3.8399999999999999,-0.1419006112606932,1.787445025815094,-0.74286258922970361,-3.2089791730950976,0.018360000000000001,38,6.312874879553195e-05,0.00070090192897328575,0.018450204534798832,0.019214235212567651,0,0,0,0.084145664206755788,-0.012021114557473353,0,0.093054328946282447,0.050337954405624108,0.01386478310736846,0.10196299368580911,0.11269702336872156,0.02772956621473692
3.8599999999999999,-0.15003960604480196,1.702122701473642,-0.050736656196482488,-5.3346780098328779,0.018360000000000001,38,2.9447870159296581e-07,0.0018900588409991889,0.017174459001175965,0.019064812320876746,0,0,0,0.084045038473108749,-0.012705569961779437,0,0.093603303558824319,0.050520618181033317,0.0084462240960583006,0.10316156864453987,0.11374680632384607,0.016892448192116601
3.8799999999999999,-0.14286858970910851,1.5734522789843757,0.80222931498065453,-7.5516017666187336,0.018360000000000001,38,7.3621940814885164e-05,0.0038966777687230755,0.015226212923816502,0.019196512633354462,0,0,0,0.084133988607260457,-0.012102560102448161,0,0.093317663587824631,0.051740064899783597,0.00017130871481694539,0.10250133856838882,0.11558268990201535,0.00034261742963389078
3.8999999999999999,-0.11618277381858719,1.3991038783734249,1.9233834180063658,-9.9128001138654156,0.018360000000000001,38,0.00042319637741012971,0.0066720010835094982,0.012591370012466777,0.019686567473386405,0,0,0,0.084426961459382527,-0.0098533333819544704,0,0.091793969378816481,0.053269882851052316,-0.011019835149223681,0.099160977298250436,0.11639309908405911,-0.022039670298447361
3.9199999999999999,-0.070155494806372037,1.1771141724414944,2.7573954559057818,-12.306862424313293,8.0123291015624947e-05,39,0.00086977779758483245,0.009459745707241219,0.0093607056941389811,0.019690229198965032,0,0,0,0.084790909557749261,-0.0059583266417330477,0,0.088966360171616798,0.053461083647648885,-0.024741650976304021,0.093141810785484336,0.11288049393703083,-0.049483301952608041
3.9399999999999999,-0.0021784307010495746,0.90569292748654107,4.1477806763441718,-14.871538773311283,8.0123291015624947e-05,39,0.0019680755875822117,0.011913147697903701,0.0058140584833789458,0.019695281768864859,0,0,0,0.084999798313766195,-0.00018516646313602945,0,0.085110357978391518,0.050566730158049744,-0.039805561997201221,0.085220917643016841,0.10131862677923552,-0.079611123994402441
3.96,0.10038211138797352,0.58066860033978962,6.2093133008945571,-17.654420527150211,8.0123291015624947e-05,39,0.0044105967506801128,0.01280180199834966,0.0024890256556086517,0.019701424404638426,0,0,0,0.084572105338065875,0.0085181570006128259,0,0.081026186158921515,0.043723642214995466,-0.053928195482464102,0.077480266979777154,0.078929127429378104,-0.1078563909649282
3.98,0.24719772726123923,0.20131574138647457,8.3295159916868329,-20.078113839871854,8.0123291015624947e-05,39,0.0079368786266003112,0.011472812032254327,0.00030668898890815377,0.01971637964776279,0,0,0,0.082416162339052648,0.02079846593628773,0,0.079260341517311816,0.033303745986955652,-0.063197379421898778,0.076104520695570971,0.045809026037623581,-0.12639475884379756
4,0.41851150470779797,-0.20541151063251206,8.320327703833815,-20.066408399062283,8.0123291015624947e-05,39,0.0079193779451587933,0.011489841269005385,0.00031925075717976689,0.019728469971343945,0,0,0,0.07766406463636133,0.034544074226400823,0,0.083010701901941542,0.022523442859651216,-0.063144024986494365,0.088357339167521767,0.010502811492901613,-0.12628804997298873
4.0200000000000005,0.56571430906942344,-0.58505996526939619,6.2567209484189741,-17.694714115299831,0.0011474999999999992,40,0.0044782030131641486,0.012885604918445497,0.0025257311787075017,0.019889539110317149,0,0,0,0.071757504272039641,0.045561613016312473,0,0.090850545618571837,0.015490926197136719,-0.053772293668418701,0.10994358696510403,-0.014579760622039036,-0.1075445873368374
4.04,0.66969305889441744,-0.9113007825023729,4.2398699718994521,-14.95010893683545,0.0011474999999999992,40,0.0020564363980411066,0.012073045675371335,0.0058812140618936136,0.020010696135306056,0,0,0,0.066641039981820013,0.052763356509432445,0,0.0982831886733464,0.012798770562635453,-0.039520327633819179,0.12992533736487277,-0.027165815384161539,-0.079040655267638357
4.0600000000000005,0.7398853704565278,-1.1845542448881297,2.8863316453549102,-12.409574690964316,0.0011474999999999992,40,0.00095302143385566078,0.0096734101867985232,0.0094652070492893502,0.020091638669943533,0,0,0,0.06277639701142064,0.05730727683518471,0,0.10305893939045302,0.013180369875562419,-0.024297795407367696,0.14334148176948541,-0.030946537084059873,-0.048595590814735391
4.0800000000000001,0.78885809726702694,-1.4087531934037294,2.0895273388021538,-10.029559372995404,0.0011474999999999992,40,0.00049946645056900935,0.0069125295690894125,0.012735867421334732,0.020147863440993154,0,0,0,0.059895760929260029,0.060311672358714513,0,0.10506213045629734,0.015456771716199774,-0.010406101676288092,0.15022849998333465,-0.029398128926314965,-0.020812203352576185
4.0999999999999996,0.82611465951971719,-1.5862619055541698,1.6918423455030887,-7.7297937577627724,0.0011474999999999992,40,0.00032743868534390261,0.0044424377839605662,0.01542072906087971,0.020190605530184178,0,0,0,0.057607710753733693,0.062500813288421747,0,0.10502912669413883,0.018791954646522634,0.00099749006489853161,0.15245054263454397,-0.02491690399537648,0.0019949801297970632
4.1200000000000001,0.85107044492205375,-1.7186170321093011,0.83964387587607092,-5.5254880805278237,-0.018360000000000001,41,8.0649272793424683e-05,0.002229210180214632,0.017422501292198883,0.019732360745206939,0,0,0,0.056030177907892741,0.063918848265671124,0,0.10400434822482807,0.021865504521599362,0.0094997506464444496,0.15197851854176339,-0.020187839222472401,0.018999501292888899
4.1399999999999997,0.86079827688290778,-1.8079288857753957,0.15389489585193539,-3.418618171962621,-0.018360000000000001,41,2.7093096162563695e-06,0.00079773515618053502,0.018753292240239857,0.019553736706036648,0,0,0,0.055405744832571054,0.064460867505394509,0,0.10295132601144842,0.023594238794685383,0.015152107714236552,0.1504969071903258,-0.017272389916023742,0.030304215428473103
4.1600000000000001,0.85783213880434106,-1.8557474388755431,-0.4400695447520282,-1.3696906040213026,-0.018360000000000001,41,2.2154034840884404e-05,0.00013124499266457183,0.019454790852731645,0.0196081898802371,0,0,0,0.055596700656891429,0.064296243094507544,0,0.10241878545252894,0.023809376253962421,0.018131629513810921,0.14924087024816646,-0.016677490586582702,0.036263259027621841
4.1799999999999997,0.84344337307492512,-1.8628446979337525,-0.9965826975947657,0.65991869516021362,-0.018360000000000001,41,0.00011361531893001303,0.00020064105289658031,0.019558114484294512,0.019872370856121105,0,0,0,0.056516057137232192,0.06348964707463027,0,0.10265347600431418,0.022419880254358419,0.018570482858879172,0.14879089487139618,-0.018649886565913432,0.037140965717758344
4.2000000000000002,0.81789801317607969,-1.829228142764685,-1.5640112620998927,2.7077307500881393,-0.018360000000000001,41,0.0002798272202669244,0.00099471217537882737,0.019066855763561631,0.020341395159207382,0,0,0,0.058119307422462928,0.062025366623126438,0,0.10362263423686656,0.019387620425830018,0.016483926960421471,0.14912596105127018,-0.023250125771466401,0.032967853920842942
4.2199999999999998,0.78738537775410167,-1.7526091485588875,-1.5079371162594997,4.9547936677321296,-0.0001921838378906249,42,0.00026012175077379696,0.0021554570524452647,0.017931681658405776,0.020347260461624838,0,0,0,0.05998451811986312,0.06022339732967423,0,0.10493021766928839,0.015455977214303473,0.011662426343891327,0.14987591721871366,-0.029311442901067283,0.023324852687782654
4.2400000000000002,0.7564757191160385,-1.6309762393222949,-1.6179220403933026,7.2114320383520853,-0.0001921838378906249,42,0.00029945073880808832,0.0039545421771700418,0.016099213405656516,0.020353206321634648,0,0,0,0.061817053842109546,0.058340824936589049,0,0.10600730341280834,0.011517506274618533,0.0038792618317045348,0.15019755298350712,-0.035305812387351983,0.0077585236634090697
4.2599999999999998,0.72096137542242333,-1.4639487378930678,-1.984891963813439,9.4994409700233735,-0.0001921838378906249,42,0.00045069625893936132,0.0063429567888527525,0.013566390903675783,0.020360043951467899,0,0,0,0.06384957457562046,0.056109106449062987,0,0.10618367822039194,0.0079348495623892401,-0.0068785639497290947,0.14851778186516343,-0.040239407324284507,-0.013757127899458189
4.2800000000000002,0.67462115375557885,-1.2505066798081863,-2.7225934238278615,11.862655556295795,-0.0001921838378906249,42,0.00084796082496928573,0.0091162510657052317,0.010404734904796221,0.020368946795470737,0,0,0,0.066380208983763275,0.053091127839516791,0,0.10461819131914346,0.0052819107098193013,-0.020307276143407146,0.14285617365452363,-0.042527306419878189,-0.040614552286814293
4.2999999999999998,0.60854741053356254,-0.98843733176350312,-3.9883162674670594,14.377834391832824,-0.0001921838378906249,42,0.0018196563869070628,0.011728037420602478,0.0068337124935016419,0.020381406301011182,0,0,0,0.069740739994753123,0.048592480745319473,0,0.10053597095677926,0.0043946509029337416,-0.03547471757771984,0.13133120191880537,-0.03980317893945199,-0.07094943515543968
4.3200000000000003,0.51046757302875656,-0.67379736689953518,-5.9372232202696704,17.123815548166075,-5.6590576171874966e-05,43,0.004032524000918661,0.013034053676092162,0.0033187539754001702,0.020385331652410993,0,0,0,0.074163873067771904,0.041529747550249047,0,0.09382712801987772,0.0064150832339602212,-0.050404035102785551,0.11349038297198355,-0.028699581082328604,-0.1008080702055711
4.3399999999999999,0.36799024392292462,-0.30342176731319626,-8.2664886115675884,19.805031444908561,-5.6590576171874966e-05,43,0.0078172202771413547,0.011881742712505552,0.00069369560053879711,0.020392658590185703,0,0,0,0.079309438788281325,0.030577980951787157,0,0.086242290123820203,0.012596396441968853,-0.061553620453029236,0.093175141459359082,-0.0053851880678494508,-0.12310724090605847
4.3600000000000003,0.19063532587705592,0.1056518451260704,-8.9996923665769302,20.594284330392224,-5.6590576171874966e-05,43,0.009265429055153953,0.011062255402428538,8.4675959213127206e-05,0.02041236041679562,0,0,0,0.083460144249546869,0.016106033709291308,0,0.08217130657464565,0.022784684716922861,-0.064140350156247333,0.080882468899744431,0.029463335724554417,-0.12828070031249467
4.3799999999999999,0.026990545340717015,0.49980921966851266,-7.1066733865474037,18.513046407168165,-5.6590576171874966e-05,43,0.0057775394409839333,0.012770771689885845,0.0018576277916234432,0.020405938922493223,0,0,0,0.084969041074150223,0.0022939178144332139,0,0.084134806646300533,0.03319480664289564,-0.056609973701905188,0.083300572218450844,0.064095695471358072,-0.11321994740381038
4.4000000000000004,-0.091879967821498584,0.84190027309128546,-4.8600313582257701,15.699101743038824,-5.6590576171874966e-05,43,0.0027020186931860754,0.012641445438959776,0.0050713763142854014,0.020414840446431253,0,0,0,0.084641470369264518,-0.0077988136103460748,0,0.089055709321998744,0.040109457338076769,-0.042960005460901285,0.093469948274732984,0.088017728286499605,-0.08592001092180257
4.4199999999999999,-0.17256517917853581,1.1295711052645352,-3.323084271791005,13.10558337364566,-0.0011474999999999992,44,0.0012632604984195695,0.010544043353041314,0.0087007853852456903,0.020508089236706575,0,0,0,0.08373754104476594,-0.01459534925159859,0,0.093752144717001787,0.042861191979099524,-0.027544574476530373,0.10376674838923763,0.10031773320979764,-0.055089148953060746
4.4400000000000004,-0.22887789119498358,1.3673640609945803,-2.3950805148192416,10.696659574099805,-0.0011474999999999992,44,0.00065622147921906722,0.0077987055650581439,0.012117846246557974,0.020572773290835185,0,0,0,0.082783335791993665,-0.019285209751258151,0,0.09711563637974592,0.042237359488637126,-0.013031064192329375,0.11144793696749818,0.1037599287285324,-0.02606212838465875
4.46,-0.27129927521723302,1.5580779561274767,-1.9087245078716051,8.3853374340124205,-0.0011474999999999992,44,0.00041677024572918359,0.00521192615161178,0.014992745556153812,0.020621441953494777,0,0,0,0.081890999662364683,-0.02277859026144043,0,0.099174531959598938,0.039357201342538201,-0.00082031279241500451,0.11645806425683319,0.10149299294651683,-0.001640625584830009
4.4800000000000004,-0.30730011627327802,1.7030395268267329,-1.7346205120969587,6.1144376264778257,-0.0011474999999999992,44,0.00034420657480296771,0.0031302767667002714,0.017188261075125118,0.020662744416628357,0,0,0,0.081018066266175998,-0.025711338714456605,0,0.10035808229749822,0.035230283883108129,0.0085048465644118124,0.11969809832882045,0.096171906480672864,0.017009693128823625
4.5,-0.34210242767453336,1.8027187359954233,-1.7737361949271722,3.8537663635487651,-0.0011474999999999992,44,0.00035990531728683812,0.0016664340425465818,0.018676337606321078,0.020702676966154496,0,0,0,0.080074373247529307,-0.028514816306884468,0,0.10113276579629255,0.030620671952794137,0.014825253169899239,0.1221911583450558,0.089756160212472735,0.029650506339798478
4.5200000000000005,-0.37153324182067965,1.8590946965298505,-1.1806262983450495,1.792952172507059,0.018360000000000001,45,0.00015945388757884464,0.00049930462881945918,0.019503548157955582,0.020162306674353887,0,0,0,0.079200603514115717,-0.03085878161884946,0,0.10165055781399333,0.02676014680729874,0.018338719665118845,0.12410051211387096,0.08437907523344694,0.036677439330237691
4.54,-0.38958771975046441,1.8746886607207101,-0.62713019746430787,-0.23020913960412326,0.018360000000000001,45,4.4990998637141162e-05,5.5776649266511149e-05,0.019730048780286662,0.019830816428190314,0,0,0,0.078630586660854762,-0.032283600192199925,0,0.10200563941490018,0.024649148954008972,0.019300750850690884,0.1253806921689456,0.081581898100217876,0.038601501701381769
4.5600000000000005,-0.39655403563712988,1.8498942243022976,-0.063988955346431342,-2.2522177387802107,0.018360000000000001,45,4.684036241071827e-07,0.00033302767366098968,0.019369416300513011,0.019702912377798108,0,0,0,0.07840378277693015,-0.032830577915534072,0,0.10235238791139872,0.024361873572958208,0.017769012489436856,0.12630099304586731,0.081554325061450494,0.035538024978873713
4.5800000000000001,-0.39176324040307176,1.7843511775129119,0.55731323357458706,-4.3115031951763481,0.018360000000000001,45,3.5531121653804925e-05,0.0013510442152010625,0.01840430447811927,0.019790879814974138,0,0,0,0.078560167002407866,-0.032454586125134736,0,0.10262802919755054,0.025804522961978833,0.013669828738189218,0.12669589139269322,0.084063632049092396,0.027339657476378437
4.6000000000000005,-0.37347779378048873,1.6769300872458484,1.2974206607617169,-6.4464319678042408,0.018360000000000001,45,0.00019256254868757906,0.0031394788731319363,0.01679459039016535,0.020126631811984864,0,0,0,0.079140447307784481,-0.031012732867707535,0,0.10254121974285441,0.028702984729933632,0.0068327828328463656,0.12594199217792434,0.088418702327574802,0.013665565665692731
4.6200000000000001,-0.34535379993089732,1.5253279124285637,1.5598912726912628,-8.7199824346244323,0,46,0.00027835489494494706,0.0053526458763228897,0.014495640004033254,0.020126640775301088,0,0,0,0.079981237878639214,-0.028775016722854034,0,0.10179383076510329,0.031853903051728805,-0.0029317023274156766,0.12360642365156738,0.09248282282631165,-0.0058634046548313532
4.6399999999999997,-0.30893202446249957,1.3277457573021367,2.1464097901743653,-11.052523280358223,0,46,0.00052703018240778739,0.0080684442077566254,0.01153117550792295,0.020126649898087365,0,0,0,0.080975999860027389,-0.025843518465349189,0,0.10001027937662943,0.033796960347111285,-0.01552286991198204,0.11904455889323148,0.093437439159571756,-0.03104573982396408
4.6600000000000001,-0.2564338717969632,1.0824081059583897,3.1945997953873198,-13.509483521040153,0,46,0.0011674629995648688,0.010898476802284058,0.0080606172416484261,0.020126557043497355,0,0,0,0.082220552146064149,-0.021558775586668813,0,0.096667296048689011,0.033538011130713551,-0.03026360328895504,0.11111403995131386,0.088634797848095914,-0.060527206577910081
4.6799999999999997,-0.17687726410537208,0.78589079736543566,4.8791309761240349,-16.18451390223839,0,46,0.0027232979516710917,0.012949238317904385,0.0044531324991247574,0.020125668768700235,0,0,0,0.083673826344384458,-0.014956295827837683,0,0.091702867436786212,0.029962619778733386,-0.04558591361228017,0.099731908529187979,0.074881535385304454,-0.091171827224560339
4.7000000000000002,-0.05690371390831489,0.43374307914585364,7.1681069590290756,-19.006816620502025,0,46,0.005877858953167941,0.012838946256404412,0.0014062275930567911,0.020123032802629143,0,0,0,0.084862420741951619,-0.0048342058102630071,0,0.086404101765343605,0.022229346879036955,-0.058527235843285799,0.087945782788735577,0.04929289956833692,-0.1170544716865716
4.7199999999999998,0.10623557505778286,0.031722246841641599,8.8046758613087963,-20.804291853125271,0.0011474999999999992,47,0.0088682300577441978,0.011446463860791794,7.6401419725033893e-06,0.020322334060508495,0,0,0,0.084520796055810976,0.0090130479912185115,0,0.084303874069906193,0.01104725650187359,-0.064467549515916989,0.084086952084001423,0.01308146501252867,-0.12893509903183398
4.7400000000000002,0.27503417481119186,-0.37637827861583872,7.6614822737244417,-19.544150368899039,0.0011474999999999992,47,0.0067148421598456423,0.012719412212002373,0.0010629825546116317,0.020497236926459647,0,0,0,0.081805352945078458,0.023084285337240704,0,0.088243771097117785,0.00026802476685676771,-0.059985123366413394,0.094682189249157112,-0.022548235803527168,-0.11997024673282679
4.7599999999999998,0.4051689145578099,-0.74032466183482093,5.361812185643771,-16.790195852167944,0.0011474999999999992,47,0.0032887692345504615,0.013383317147255039,0.0039749100996055615,0.020646996481411061,0,0,0,0.078118045426702476,0.033504790384535299,0,0.095267386473842447,-0.0064797308610249418,-0.04761709947500186,0.11241672752098242,-0.046464252106585183,-0.095234198950003721
4.7800000000000002,0.4933991292088501,-1.0487892946177517,3.5805108748877394,-14.096925134961682,0.0011474999999999992,47,0.0014665612326128089,0.011668969777817435,0.0076138831974245482,0.020749414207854793,0,0,0,0.074861883928760004,0.040257897792071382,0,0.10134206157037093,-0.0089835205069645693,-0.032161046562077182,0.12782223921198185,-0.05822493880600052,-0.064322093124154364
4.7999999999999998,0.55288005139750973,-1.3057338654788495,2.4650897142348924,-11.627561071887984,0.0011474999999999992,47,0.00069514541958445039,0.0089150280924252881,0.011207641871514447,0.020817815383524185,0,0,0,0.07233632789915545,0.04463693163811628,0,0.10502495649001828,-0.0083365875879052448,-0.01689703588381564,0.13771358508088111,-0.061310106813926769,-0.03379407176763128
4.8200000000000003,0.58825629650148281,-1.5134039565636099,1.1480650015798108,-9.1789516013283379,-0.017572774658203123,48,0.00015077979966578772,0.0057304120264063943,0.014314804740083344,0.020195996566155526,0,0,0,0.070712311242771803,0.047167457411920882,0,0.10644515694520551,-0.0064023605418837143,-0.0036997759935298055,0.14217800264763922,-0.059972178495688311,-0.007399551987059611
4.8399999999999999,0.60114095281796032,-1.6741615161866816,0.18605717704755964,-6.9227013755028644,-0.017572774658203123,48,3.9600718075377112e-06,0.0032127673857169606,0.016752777663253893,0.019969505120778393,0,0,0,0.070098722031414262,0.048074620846788978,0,0.10638416536334419,-0.0048340274401684688,0.0066551888517409688,0.14266960869527412,-0.057742675727125915,0.013310377703481938
4.8600000000000003,0.59712539226339967,-1.7911510094102061,-0.55958187913335855,-4.7930907431236651,-0.017572774658203123,48,3.5820982293421346e-05,0.0014990801797050784,0.018505145007246211,0.020040046169244711,0,0,0,0.070291202903155381,0.047792748345616635,0,0.10568054614959942,-0.0042561417654154096,0.01409813543682556,0.14106988939604345,-0.056305031876447455,0.028196270873651119
4.8799999999999999,0.57963076360706345,-1.8664045260007365,-1.1730542428583772,-2.7417022033171823,-0.017572774658203123,48,0.00015741510219737569,0.0005802008812823802,0.019609856721064557,0.020347472704544314,0,0,0,0.071116520178160045,0.046555778994120132,0,0.10491181003033986,-0.0050683902202508166,0.018790251108836892,0.1387070998825197,-0.056692559434621766,0.037580502217673784
4.9000000000000004,0.55070233774285182,-1.9010577993758977,-1.711166359705615,-0.72630467600683302,-0.017572774658203123,48,0.0003349613311549922,0.00041035585694820283,0.020110514817827746,0.020855832005930941,0,0,0,0.072433362752690703,0.044479298109762463,0,0.10436126441738777,-0.0075144468792946867,0.020916729603413807,0.13628916608208486,-0.059508191868351837,0.041833459206827614
4.9199999999999999,0.51739617979393238,-1.8935428264747305,-1.6195424117127191,1.4782215773486573,-0.0022949999999999984,49,0.00030005084728623656,0.00062979867835280935,0.020002422699438232,0.020932272225077278,0,0,0,0.073874351946964623,0.042042598925566034,0,0.10413005026666171,-0.011120625118400389,0.020457622746509654,0.13438574858635879,-0.064283849162366818,0.040915245493019309
4.9400000000000004,0.48567345011029578,-1.8418978408372046,-1.5652087806547093,3.6874998512440245,-0.0022949999999999984,49,0.00028025589566602012,0.0014722709449610724,0.019252550568370573,0.021005077408997666,0,0,0,0.075170666337878375,0.039678343240606206,0,0.10417984593175303,-0.01527958044999559,0.017272640878230428,0.13318902552562767,-0.070237504140597387,0.034545281756460856
4.96,0.45402947030415391,-1.7459672398505468,-1.6249434662586679,5.9084329195783631,-0.0022949999999999984,49,0.00030205547928198359,0.0029432280212994284,0.017832421069307797,0.021077704569889208,0,0,0,0.076388404884550842,0.037280177027395278,0,0.10424456608447782,-0.019798085200427896,0.011240830229815653,0.13210072728440481,-0.076876347428251071,0.022481660459631306
4.9800000000000004,0.41935972339294358,-1.605387280100893,-1.8827539660696977,8.1559727571880423,-0.0022949999999999984,49,0.0004055060597845982,0.0050407094737988153,0.015711069316884697,0.021157284850468111,0,0,0,0.077634735771982627,0.034609937902493282,0,0.10388186038218243,-0.024265885267948484,0.002230671580380129,0.13012898499238224,-0.083141708438390249,0.004461343160760258
5,0.37674004302595032,-1.4193561929263474,-2.4389802310824811,10.460418466046136,-0.0022949999999999984,49,0.00068049786459901767,0.0076797158658353983,0.012894908686651588,0.021255122417086006,0,0,0,0.07903885510619954,0.031270743251499422,0,0.10249624898484398,-0.028019358714795502,-0.0097305951127608439,0.12595364286348842,-0.087309460681090426,-0.019461190225521688
5.0200000000000005,0.31978699391531223,-1.1864094427978706,-3.3414182291092565,12.856866910171874,-5.9952392578124954e-05,50,0.0012772381482915336,0.010489951978308798,0.0094913142356275737,0.021258504362227905,0,0,0,0.080690704096834015,0.026720970647736104,0,0.099487599042679523,-0.030040990136162217,-0.024186908615241365,0.11828449398852503,-0.086802950920060545,-0.04837381723048273
5.04,0.239035209245195,-0.90383881256644116,-4.850918556698085,15.439877494848799,-5.9952392578124954e-05,50,0.0026918953529761385,0.012779012284043084,0.0057919196840628788,0.0212628273210821,0,0,0,0.082583182763558652,0.02012505713384859,0,0.094582008368758144,-0.029112130185021078,-0.039899593594704054,0.10658083397395765,-0.07834931750389075,-0.079799187189408108
5.0600000000000005,0.1207543285266605,-0.56708824337892949,-7.0820343388757401,18.259234012971838,-5.9952392578124954e-05,50,0.0057375470870872957,0.013152667650192244,0.0023770658238481952,0.021267280561127734,0,0,0,0.084381034340925989,0.010239191547943132,0,0.08855477019875807,-0.024156507282442584,-0.054403729936084798,0.092728506056590151,-0.058552206112828298,-0.1088074598721696
5.0800000000000001,-0.044722467726294998,-0.17568513082222559,-9.2814571928605041,20.647665933217741,-5.9952392578124954e-05,50,0.0098546802686948938,0.011194057752470815,0.00023375593276565249,0.021282493953931361,0,0,0,0.084915009954546344,-0.0038001426840706897,0,0.08441099979216117,-0.015062358741254212,-0.063507152850978368,0.083906989629775997,-0.026324574798437732,-0.12701430570195674
5.1000000000000005,-0.23306450687588237,0.24011436280428988,-9.0363887681995561,20.3885455330404,-5.9952392578124954e-05,50,0.0093411429986980567,0.011510520980430905,0.00043567098902285659,0.021287334968151817,0,0,0,0.082701870764520985,-0.019631621737606686,0,0.086244566497160544,-0.0047073547282477941,-0.06264954557839425,0.089787262229800088,0.010216912281111098,-0.1252990911567885
5.1200000000000001,-0.39218402362361426,0.62445380004446394,-6.7602496313810043,17.87401608203966,-0.0011474999999999992,51,0.0052280011282608606,0.01336927430187974,0.0028658401149147311,0.021463115545055332,0,0,0,0.078546503702666456,-0.032487640051056442,0,0.092959625462431111,0.0023594685690577766,-0.052327726321293191,0.10737274722219577,0.037206577189171995,-0.10465545264258638
5.1399999999999997,-0.50535337730632868,0.95406220819149823,-4.6703040378036533,15.117762400652506,-0.0011474999999999992,51,0.0024951721515028831,0.012697083567410294,0.0064027612926795385,0.021595017011592714,0,0,0,0.074375293523341532,-0.041149917537180954,0,0.099848193825003165,0.0048903797517522857,-0.037305125328408351,0.12532109412666478,0.050930677040685525,-0.074610250656816701
5.1600000000000001,-0.583922132997165,1.2308061118909501,-3.2989037291450884,12.591966225191296,-0.0011474999999999992,51,0.0012449430642831885,0.010318885900902672,0.01012172512635022,0.02168555409153608,0,0,0,0.070916077911839639,-0.046860536633737897,0,0.10443949189160767,0.0038718964205707099,-0.02150932243310304,0.13796290587137572,0.054604329474879316,-0.043018644866206081
5.1799999999999997,-0.64116859533918069,1.4588091248626398,-2.5070999378178698,10.22721335510899,-0.0011474999999999992,51,0.00071904074144273262,0.0075434115974144546,0.0134888081874806,0.021751260526337787,0,0,0,0.068118773097329027,-0.050841250493222558,0,0.10645664739442734,0.00052508953466669922,-0.0072080861897697961,0.14479452169152565,0.051891429562555956,-0.014416172379539592
5.2000000000000002,-0.68694411501367092,1.6404013180244732,-2.12806140809501,7.9399936270893763,-0.0011474999999999992,51,0.000518058159442055,0.0050436741250256822,0.016242039738492545,0.021803772022960282,0,0,0,0.065720945598474384,-0.05390507684478682,0,0.10652633822425338,-0.0041552360903614055,0.0044858976320614422,0.14733173085003237,0.045594604664064009,0.0089717952641228844
5.2199999999999998,-0.72083848929271643,1.7774831671767313,-1.2968129434661391,5.7893076551409486,0.018360000000000001,52,0.00019238219672050301,0.0026867241862053269,0.018302301830794971,0.0211814082137208,0,0,0,0.063856469124439708,-0.05610125979832787,0,0.10552135365115961,-0.0086767915792891406,0.01323658609749818,0.14718623817787951,0.038747676639749588,0.026473172194996359
5.2400000000000002,-0.73989586398369644,1.8726934332924401,-0.62929655651524874,3.7467771328539596,0.018360000000000001,52,4.5302369392215547e-05,0.001085057708387517,0.019701128813909615,0.020831488891689346,0,0,0,0.06277579565249794,-0.057307935577857121,0,0.10429568612861814,-0.011826552698483157,0.01917791715048256,0.14581557660473835,0.033654830180890806,0.038355834300965119
5.2599999999999998,-0.74660732776026828,1.9278324665401758,-0.052352685562899293,1.7759506807078476,0.018360000000000001,52,3.1353652162275198e-07,0.00021461637500153158,0.020493327181183067,0.020708257092706222,0,0,0,0.062389764583014887,-0.057727959216275625,0,0.10343259395201726,-0.013370727522712386,0.022542674062109511,0.14447542332101962,0.030986504170850852,0.045085348124219021
5.2800000000000002,-0.74225693988568042,1.9439507825169287,0.48411711795708379,-0.16198816895132562,0.018360000000000001,52,2.6810880978954375e-05,3.9355441613361824e-05,0.020721962610649257,0.020788128933241574,0,0,0,0.062640312415142785,-0.057455994121878268,0,0.10323887980805838,-0.013194172810338391,0.023513772556274449,0.14383744720097397,0.031067648501201486,0.047027545112548898
5.2999999999999998,-0.72724301215117726,1.9213011158812421,1.0206375681093953,-2.1075826406957603,0.018360000000000001,52,0.00011916625917688558,0.00054433834724759462,0.020400285210473594,0.021063789816898073,0,0,0,0.063495860154897082,-0.056509076644285693,0,0.10376912643527547,-0.011256422812816198,0.022147490700278591,0.14404239271565383,0.033996231018653296,0.044294981400557182
5.3200000000000003,-0.70744165337936316,1.8573281857697852,0.9755795673322355,-4.2917011837020116,0.0022949999999999984,53,0.00010887686265935564,0.0015225342910419367,0.019477822548873307,0.021109233702574601,0,0,0,0.064602295774068799,-0.055240776431181096,0,0.10481129282675211,-0.0082176589409302739,0.018229453571497221,0.14502028987943541,0.038805458549320548,0.036458907142994441
5.3399999999999999,-0.68732738028397922,1.749513867168706,1.0647033260646412,-6.4940683781140471,0.0022949999999999984,53,0.00012967833563290224,0.0031402821170551523,0.017885438758589972,0.021155399211278028,0,0,0,0.065700280828182966,-0.053930261441030442,0,0.10597202155081933,-0.0048694075860926528,0.011466015794214971,0.1462437622734557,0.044191446268845136,0.022932031588429942
5.3600000000000003,-0.66342309166405999,1.5973160661512029,1.3691630536483195,-8.7345457258658321,0.0022949999999999984,53,0.00021444728341475986,0.0054072677371605603,0.015588558375235949,0.021210273395811267,0,0,0,0.06697055242222627,-0.052344484984206727,0,0.10667681253201658,-0.0015435233360870174,0.0017103226946820801,0.14638307264180689,0.049257438312032692,0.0034206453893641602
5.3799999999999999,-0.63047297278092118,1.399637881586159,1.9885915386468844,-11.050400013980305,0.0022949999999999984,53,0.00045237790051897315,0.0082341841428075647,0.012599360459741119,0.021285922503067656,0,0,0,0.068658645323249973,-0.050109783699155655,0,0.10612751895785208,0.0012287357601324239,-0.010985896790090393,0.14359639259245421,0.052567255219420503,-0.021971793580180785
5.4000000000000004,-0.58085106278101728,1.1543597225102626,3.065270024359557,-13.509356883857391,0.0022949999999999984,53,0.0010748495593625978,0.011281802873379029,0.0090431281556199502,0.021399780588361575,0,0,0,0.07105965526274291,-0.046642527739608371,0,0.10342824256337363,0.0026708514101154088,-0.026090519216700862,0.13579682986400432,0.051984230559839188,-0.052181038433401723
5.4199999999999999,-0.5044467068445927,0.85803141622706303,4.6979038684863621,-16.170312377346328,5.3228759765624965e-05,54,0.002524750447075987,0.013622999924929116,0.0052554066550199383,0.021403157027025041,0,0,0,0.074412572362811416,-0.041082466751028432,0,0.097997730531089566,0.0016372730231519125,-0.04217836113226326,0.12158288869936773,0.044357012797332257,-0.084356722264526521
5.4400000000000004,-0.38792110799060725,0.5056920159914684,7.0430691729667521,-19.075324583374545,5.3228759765624965e-05,54,0.0056745851073581972,0.013830978760166441,0.0019006729045320284,0.021406236772056667,0,0,0,0.078684281661750496,-0.032152508757083267,0,0.090503027876970565,-0.003229429593555995,-0.056427145325636988,0.10232177409219062,0.025693649569971277,-0.11285429065127398
5.46,-0.2244825206109845,0.099288186558287084,9.0192747638059938,-21.234917684123257,5.3228759765624965e-05,54,0.0093057941479638973,0.012044615356842595,7.4790823971523384e-05,0.021425200328778017,0,0,0,0.082867301506664867,-0.018921161195959942,0,0.084290522569096665,-0.01268800839578433,-0.064182335949832137,0.085713743631528463,-0.0064548555956087175,-0.12836467189966427
5.4800000000000004,-0.047644137942949638,-0.3216319646871284,8.1731092302836785,-20.324841346934374,5.3228759765624965e-05,54,0.0076416090055292539,0.012996548922128249,0.00077871988796940459,0.021416877815626907,0,0,0,0.084903544782978735,-0.0040482197673454368,0,0.083932475244357096,-0.024414516756654469,-0.061192491131628425,0.082961405705735458,-0.044780813745963502,-0.12238498226325685
5.5,0.091640404000532721,-0.70099395229573602,5.7273098416248773,-17.517434208584206,5.3228759765624965e-05,54,0.0037524210503886413,0.014089782054234614,0.0035808079084549234,0.02142301101307818,0,0,0,0.084643336254012269,0.0077785363526960277,0,0.08845033993550451,-0.033647958057286889,-0.049290995971564208,0.092257343616996765,-0.075074452467269806,-0.098581991943128416
5.5200000000000005,0.18559776797467933,-1.0233008729509585,3.7918257950857632,-14.756722181729451,0.0011474999999999992,55,0.0016447767551205272,0.012606741336324064,0.0072808640186713984,0.021532382110115988,0,0,0,0.08354022000240717,0.015685395817428716,0,0.093702897880176217,-0.03844089819544351,-0.033575501109958383,0.10386557575794528,-0.092567192208315732,-0.067151002219916767
5.54,0.24811262057550798,-1.2930154821314375,2.5647279487185091,-12.249945489221094,0.0011474999999999992,55,0.00075247628156457805,0.0098302693417395472,0.011021573992310015,0.02160431961561414,0,0,0,0.082397099471886476,0.020873859217213426,0,0.097629486211501554,-0.039254192443846883,-0.017687334385363511,0.11286187295111665,-0.099382244104907189,-0.035374668770727022
5.5600000000000005,0.29174069800492608,-1.5143395422523414,1.8727316235519806,-9.9008644960855428,0.0011474999999999992,55,0.0004012003421370697,0.0069241844541871435,0.014328989418424202,0.021654374214748414,0,0,0,0.081408296741160305,0.024447683360662022,0,0.099930216769438113,-0.03722842474470936,-0.0036395284640494334,0.11845213679771591,-0.098904532850080731,-0.0072790569280988668
5.5800000000000001,0.32553752725371837,-1.6895501740698995,1.5600811127051855,-7.6283006488806304,0.0011474999999999992,55,0.0002784226510938125,0.0044296920985579663,0.01698502597085233,0.021693140720504107,0,0,0,0.080535710949184186,0.027184540862583196,0,0.10101869621262149,-0.033497439712012869,0.0076416325639327588,0.1215016814760588,-0.094179420286608931,0.015283265127865518
5.6000000000000005,0.35593163677115291,-1.8196655747955148,1.5164504260141647,-5.3857839165419428,0.0011474999999999992,55,0.00026306716297960325,0.0025386576900791311,0.018926286793494042,0.021728011646552775,0,0,0,0.079672391588887184,0.029619419617997592,0,0.10145585620173812,-0.028975270797312339,0.015886879007365112,0.12323932081458905,-0.087569961212622269,0.031773758014730223
5.6200000000000001,0.3797565117495772,-1.9071591776598797,0.88355656777124869,-3.3780500382606724,-0.018360000000000001,56,8.9305647846006997e-05,0.0010031864129025245,0.02019807011925092,0.021290562179999452,0,0,0,0.078944168439964379,0.031509018856869096,0,0.10151408173288214,-0.025038696727840662,0.021288609069193505,0.12408399502579989,-0.081586412312550427,0.04257721813838701
5.6399999999999997,0.39177291351219623,-1.9552473295317352,0.32645712074109656,-1.4391744369530457,-0.018360000000000001,56,1.2191650333103645e-05,0.0001763906579147232,0.0208813483998616,0.021069930708109426,0,0,0,0.078559853061979296,0.032455346044684606,0,0.10139000822230934,-0.022806231887911602,0.02419074243909955,0.12422016338263939,-0.078067809820507816,0.048381484878199099
5.6600000000000001,0.39300772546960822,-1.9649284000730187,-0.20132569400478195,0.46940896739730675,-0.018360000000000001,56,4.6366959281289689e-06,2.525635268589778e-05,0.021017363470810957,0.021047256519424982,0,0,0,0.078519716930310249,0.032552327922653258,0,0.10132733239828409,-0.022462094230375478,0.024768448312992512,0.12413494786625792,-0.07747651638340422,0.049536896625985025
5.6799999999999997,0.38366339216885048,-1.9363973417566083,-0.737729556029597,2.3889331138029597,-0.018360000000000001,56,6.2259348625778922e-05,0.0005415685346462063,0.020614993865023832,0.021218821748295816,0,0,0,0.078820464294465029,0.03181720302611412,0,0.10136843059083853,-0.024040666407519916,0.02305943707536456,0.12391639688721204,-0.079898535841153945,0.046118874150729121
5.7000000000000002,0.36317237699711785,-1.8690299563396584,-1.3237415572012368,4.3594068765650471,-0.018360000000000001,56,0.00020045487043846255,0.0017466141316095974,0.019647981567574843,0.021595050569622902,0,0,0,0.079455838404147619,0.030195525223019076,0,0.1013574614791046,-0.027435922184483187,0.018952181309781029,0.12325908455406157,-0.085067369591985451,0.037904362619562058
5.7199999999999998,0.3369929290830444,-1.7596615358162246,-1.3241502288470042,6.5798955672085349,-0.00016080688476562491,57,0.00020057866026247201,0.0033617404539918634,0.018036943990834223,0.02159926310508856,0,0,0,0.08021902377974742,0.028105305972793124,0,0.10116675337206567,-0.031684344420075242,0.012109514062326798,0.12211448296438392,-0.091473994812943618,0.024219028124653597
5.7400000000000002,0.3087271853600867,-1.6056669238756713,-1.5470419338417469,8.8262045127993005,-0.00016080688476562491,57,0.00027378798019064344,0.0056147180987268898,0.015715313392731394,0.021603819471648928,0,0,0,0.080981291924277679,0.025826930872152033,0,0.10056746074177247,-0.035586222031662867,0.0022486977265179691,0.12015362955926726,-0.096999374935477764,0.0044973954530359381
5.7599999999999998,0.27298399835759646,-1.4062119162155113,-2.0905805331335547,11.133949394657527,-0.00016080688476562491,57,0.00049997007432611945,0.0084118279421878852,0.012697789403155866,0.021609587419669868,0,0,0,0.081852507847140349,0.022916521532157303,0,0.099007109846927718,-0.038355744105182721,-0.01056783298013989,0.11616171184671509,-0.099628009742522755,-0.021135665960279781
5.7800000000000002,0.2220789206620144,-1.1594764494440728,-3.0905373125702145,13.568454243341233,-0.00016080688476562491,57,0.0010926427511294687,0.011410820259699844,0.0091142695459273792,0.02161773255675669,0,0,0,0.082912540990745728,0.018721926889556831,0,0.095934259430995497,-0.038946483542565913,-0.02578835564930607,0.10895597787124527,-0.096614893974688656,-0.051576711298612139
5.7999999999999998,0.14504569324604913,-0.8619270649623143,-4.7369304551431028,16.234353869762398,-0.00016080688476562491,57,0.0025668720658648045,0.013762313189306648,0.0053002389230977654,0.02162942417826922,0,0,0,0.084107440713458201,0.01228569968020198,0,0.091184271074818968,-0.036162016408489345,-0.041987942052761788,0.098261101436179735,-0.084609732497180679,-0.083975884105523577
5.8200000000000003,0.027568711686147426,-0.50822650821056925,-7.1011621430772376,19.149097780098483,-4.9866943359374964e-05,58,0.005768581922259642,0.013944134649844231,0.0019193598799255203,0.021632076452029393,0,0,0,0.0849677006065757,0.0023430436682476299,0,0.085832905302669169,-0.029032578808330028,-0.056347774889884815,0.086698109998762637,-0.060408201284907689,-0.11269554977976963
5.8399999999999999,-0.13729130119613581,-0.10017086191422742,-9.101534813895622,21.325690734990005,-4.9866943359374964e-05,58,0.0094763147167360468,0.012098313558146006,7.6125403766474201e-05,0.021650753678648528,0,0,0,0.084200179188033256,-0.011633134775420334,0,0.083317399328213748,-0.018022661228551586,-0.064176667500142393,0.082434619468394241,-0.024412187681682837,-0.12835333500028479
5.8600000000000003,-0.31576145891797402,0.32256624989306637,-8.2478694722788433,20.411393317765139,-4.9866943359374964e-05,58,0.0077820454878569879,0.013076138190621905,0.00078321120053475083,0.021641394879013644,0,0,0,0.080797616216018234,-0.026395931766259532,0,0.087147109960448041,-0.0069602110168894039,-0.061173414880501396,0.093496603704877862,0.012475509732480725,-0.12234682976100279
5.8799999999999999,-0.45629515954937644,0.70351298557980835,-5.7781097941343864,17.590275554505421,-4.9866943359374964e-05,58,0.0038192825288907682,0.014222342964070156,0.0036055175055370241,0.021647142998497949,0,0,0,0.076303743596625298,-0.037453153580712883,0,0.094688874440471443,3.0864359266483121e-06,-0.049186045253410533,0.1130740052843176,0.03745932645256618,-0.098372090506821067
5.9000000000000004,-0.55060468841659049,1.0268506677234548,-3.7808856645020041,14.791443200319625,-4.9866943359374964e-05,58,0.0016352994661777056,0.012691219611237337,0.0073269409851156458,0.021653460062530688,0,0,0,0.072437705780836595,-0.044472224828638315,0,0.10131374875081545,0.0025619479125271738,-0.033379795340147615,0.13018979172079431,0.049596120653692663,-0.06675959068029523
5.9199999999999999,-0.61249993085735555,1.297076462216558,-2.5152179422175571,12.268549690662102,-0.00018209838867187485,59,0.00072370479668792714,0.0098603012274127242,0.011080913704120879,0.021664919728221529,0,0,0,0.069548132968355408,-0.048867752154319079,0,0.10524964538713749,0.0019423101753720112,-0.017435296873424738,0.1409511578059196,0.052752372505063101,-0.034870593746849476
5.9400000000000004,-0.65479572236285022,1.5187045359708806,-1.7892247655299998,9.9142024016729575,-0.00018209838867187485,59,0.00036621827107016845,0.0069112090262856331,0.014395178030974252,0.021672605328330055,0,0,0,0.067419649679023377,-0.051764764436417213,0,0.106646688328633,-0.00067454442873902953,-0.0033584011596404571,0.14587372697824261,0.050415675578939154,-0.0067168023192809142
5.96,-0.68658001371692157,1.6942004434233029,-1.4420510647859186,7.6447944748772443,-0.00018209838867187485,59,0.00023788742505239708,0.0043853603325853963,0.017055127334791205,0.021678375092428998,0,0,0,0.065740568150116516,-0.053881144190708184,0,0.1063159231218563,-0.0043750149352936377,0.0079393787580326301,0.14689127809359609,0.045131114320120909,0.01587875751606526
5.9800000000000004,-0.7142510936921278,1.8247393808068795,-1.361839963528036,5.4127916631935831,-0.00018209838867187485,59,0.00021215943753468498,0.0024703328094353373,0.019000914739676224,0.021683406986646246,0,0,0,0.064224642161850504,-0.055679397798308258,0,0.10512046813395914,-0.0085071959996064692,0.016203851255845322,0.14601629410606778,0.03866500579909532,0.032407702511690645
6,-0.74224131883173028,1.91079387654786,-1.4601012011702554,3.1936381686084605,-0.00018209838867187485,59,0.00024387996432217912,0.0011944824922137582,0.020250139883677343,0.02168850234021328,0,0,0,0.062641209930684033,-0.05745501560716848,0,0.10374366872516624,-0.01264243096501564,0.021509768449190218,0.14484612751964845,0.0321701536771372,0.043019536898380437
6.0200000000000005,-0.76589715651508361,1.955113088556276,-0.91253494580637873,1.2468521700742312,0.018360000000000001,60,9.5259701458381632e-05,0.00027944803994607234,0.0208794585875006,0.021254166328905054,0,0,0,0.061264664015465306,-0.058920632575288533,0,0.10271362062415385,-0.015822717813797724,0.024182715713135416,0.1441625772328424,0.027275196947693085,0.048365431426270832
6.04,-0.77887950266619033,1.9608822219899071,-0.38588521642659357,-0.66790175144679953,0.018360000000000001,60,1.7034386141853857e-05,3.8186711260511835e-05,0.02096058207409357,0.021015803171495935,0,0,0,0.060494594713844038,-0.059711004098137163,0,0.10240085064648535,-0.017254810186990939,0.024527276903217671,0.14430710657912665,0.025201383724155285,0.049054553806435343
6.0600000000000005,-0.78121657612632511,1.9283390424827767,0.15828915020835821,-2.5913079142827016,0.018360000000000001,60,2.866239662699998e-06,0.00046949327574708285,0.020500534168699295,0.020972893684109078,0,0,0,0.06035488062991029,-0.05985222121316202,0,0.10289994941273979,-0.01694984439687245,0.022573284780408147,0.14544501819556929,0.025952532419417119,0.045146569560816294
6.0800000000000001,-0.77216353786249847,1.8568978692604645,0.76078935553156934,-4.5643747842932072,0.018360000000000001,60,6.6212359066757551e-05,0.0016013510492313863,0.019471553839049908,0.021139117247348051,0,0,0,0.060894244426661553,-0.059303380980396045,0,0.10406582409737156,-0.014973687103037765,0.018202828062563306,0.14723740376808159,0.029356006774320514,0.036405656125126612
6.1000000000000005,-0.75003691068659772,1.7451759701035847,1.4768141010976046,-6.6255744575416653,0.018360000000000001,60,0.00024949501190835806,0.0034753115619036456,0.017820588000203252,0.021545394574015254,0,0,0,0.062191415232764308,-0.057941590169289389,0,0.1054920627252483,-0.011464982603210681,0.011190570846938707,0.14879271021773233,0.035011624962868027,0.022381141693877414
6.1200000000000001,-0.71866152771526126,1.5901978940335271,1.7061446022164319,-8.8785752305064296,0,61,0.00033299819490759206,0.0057319164545973434,0.015480491388109759,0.021545406037614692,0,0,0,0.063978448001994731,-0.055962113891954247,0,0.10643582460525314,-0.0074228991911455613,0.0012513225794672021,0.14889320120851154,0.041116315509663125,0.0025026451589344042
6.1400000000000006,-0.67962346031035914,1.3896423696614555,2.2622034748515762,-11.191398265264596,0,61,0.00058542806266486118,0.0085100768468562068,0.012449919461702562,0.021545424371223629,0,0,0,0.066113801477961212,-0.053422516359047843,0,0.10598871381832561,-0.0040747465777865588,-0.011620627498714909,0.14586362615869003,0.045273023203474726,-0.023241254997429819
6.1600000000000001,-0.62508921096565651,1.1417168574255347,3.2834529167983684,-13.629822243185309,0,61,0.001233308692605478,0.011444018846770692,0.0088680391929371709,0.021545366732313342,0,0,0,0.06892742813076759,-0.04973941748028287,0,0.10324939187800139,-0.0021770452343259847,-0.02683418623455161,0.1375713556252352,0.045385327011630901,-0.05366837246910322
6.1799999999999997,-0.54391046448178293,0.84291722325678986,4.9589614045815829,-16.296848063775283,0,61,0.0028131420517250932,0.013648541528391026,0.0050829008439093474,0.021544584424025466,0,0,0,0.072733787533076952,-0.043986317771475492,0,0.097653261489957177,-0.0027806016296450381,-0.042911056558319116,0.12257273544683742,0.038425114512185415,-0.085822113116638232
6.2000000000000002,-0.4217504892956716,0.48806749088833934,7.3380096860430948,-19.192644684338532,0,61,0.0061598022158993841,0.013608470293866779,0.00177309272953839,0.021541365239304552,0,0,0,0.077551769720659039,-0.034795445293800624,0,0.08993294425941413,-0.0072003969018809635,-0.056969025103897425,0.10231411879816921,0.020394651490038697,-0.11393805020779485
6.2199999999999998,-0.25211570736278444,0.079435564730552688,9.3200355758496656,-21.321470244760228,0.0011474999999999992,62,0.0099367724932261023,0.01176305496543998,4.7886331100554528e-05,0.021747713789766636,0,0,0,0.082312879631348784,-0.021203533827998746,0,0.083589633533883476,-0.016247129336620085,-0.064296609195121673,0.084866387436418153,-0.011290724845241427,-0.12859321839024335
6.2400000000000002,-0.070129569479250781,-0.34230087156768363,8.3916214244936267,-20.330325239757908,0.0011474999999999992,62,0.0080556756653109244,0.013000035912705684,0.00088101095784235621,0.021936722535858964,0,0,0,0.084791064000821592,-0.0059561284076637376,0,0.083274019103367666,-0.027552682777886053,-0.060758023454628121,0.081756974205913741,-0.049149237148108371,-0.12151604690925624
6.2599999999999998,0.073384008919246652,-0.72183102152225231,5.9434605479336184,-17.540229279534241,0.0011474999999999992,62,0.0040410011574390642,0.014272252257471297,0.0037874021766111294,0.022100655591521492,0,0,0,0.084771231149212214,0.0062320437616269651,0,0.08789598001183753,-0.036272280381259847,-0.048413514370492995,0.091020728874462831,-0.078776604524146657,-0.09682702874098599
6.2800000000000002,0.17147274626122619,-1.044654371638515,3.9936795382149919,-14.787993994607895,0.0011474999999999992,62,0.0018245536273016358,0.012830694548888905,0.0075595183262383197,0.022214766502428859,0,0,0,0.083753435514965641,0.014503862914427106,0,0.093270774881619542,-0.040454590128189527,-0.03239195410194394,0.10278811424827343,-0.095413043170806164,-0.06478390820388788
6.2999999999999998,0.23803260988373104,-1.315117124237382,2.7688814699742776,-12.293155058290502,0.0011474999999999992,62,0.00087703906103885727,0.010068962211004479,0.011345331619810608,0.022291332891853942,0,0,0,0.082603318623079638,0.020042249186505649,0,0.097317446135108954,-0.040601431661207103,-0.016312217041239349,0.11203157364713826,-0.10124511250891985,-0.032624434082478698
6.3200000000000003,0.2784979028888761,-1.5360842382538733,1.3590679774082515,-9.8484859710583681,-0.018360000000000001,63,0.00021129662766221059,0.0066780395759651091,0.014658852242259624,0.021548188445886945,0,0,0,0.08172490469190441,0.023367497792856223,0,0.099446030128090987,-0.038609924871045087,-0.0022384801127267057,0.11716715556427756,-0.10058734753494639,-0.0044769602254534115
6.3399999999999999,0.29489554688429026,-1.7105246374789509,0.32917576548217542,-7.6261977067524613,-0.018360000000000001,63,1.239555322985504e-05,0.0039337597768305463,0.017300879441551814,0.021247034771612217,0,0,0,0.08133076299169037,0.02470439214369561,0,0.099894333444572797,-0.03640981540292542,0.0089831780562003669,0.11845790389745524,-0.097524022949546457,0.017966356112400734
6.3600000000000003,0.2931719126341582,-1.8421542833298741,-0.47193429955658295,-5.5580761464859627,-0.018360000000000001,63,2.5478466858144014e-05,0.0019968677903996297,0.019256302505899447,0.021278648763157222,0,0,0,0.081373223493670585,0.024564171027110594,0,0.099331020529265096,-0.034924253394728863,0.017288576732498492,0.11728881756485959,-0.094412677816568313,0.034577153464996985
6.3799999999999999,0.27694736168714118,-1.9335384149854749,-1.1321815751616082,-3.5938456027468417,-0.018360000000000001,63,0.00014663659664942904,0.00085546311322255209,0.020574425773277318,0.021576525483149298,0,0,0,0.081761038704905531,0.023240751921892289,0,0.098249070777181341,-0.03476419701262156,0.022887129516128601,0.11473710284945716,-0.092769145947135409,0.045774259032257202
6.4000000000000004,0.24845707584151686,-1.9862957467307218,-1.7058195480686948,-1.6878681104407736,-0.018360000000000001,63,0.00033287132156620665,0.00045112726217777223,0.021315613498433191,0.022099612082177169,0,0,0,0.082389904473114964,0.020902240093133382,0,0.096901470938825951,-0.036297685347296146,0.026035225528513374,0.11141303740453692,-0.093497610787725685,0.052070451057026748
6.4199999999999999,0.21559341965090556,-1.9985353149629921,-1.5750803942548215,0.46398165921231338,-0.0022949999999999984,64,0.00028380213462036026,0.00040603228788771976,0.021485204074343258,0.022175038496851339,0,0,0,0.083032217499253685,0.018183807553882405,0,0.095587374051877269,-0.039146456557499584,0.026755538881852111,0.10814253060450084,-0.096476720668881563,0.053511077763704222
6.4400000000000004,0.18544686723058246,-1.9677126035984669,-1.4455658907795073,2.6193963145429304,-0.0022949999999999984,64,0.00023904848226077215,0.00094879791921621099,0.021056379755229119,0.022244226156706102,0,0,0,0.083542585989149876,0.015672789357529832,0,0.094510884654585112,-0.042792874507949497,0.024934164777561663,0.10547918332002035,-0.10125853837342882,0.049868329555123325
6.46,0.15729253957260822,-1.8936909747724719,-1.3880200105731353,4.7852244053691795,-0.0022949999999999984,64,0.00022039496099344157,0.0020838897390429243,0.020004556248854617,0.022308840948890983,0,0,0,0.08395067603987541,0.013314803507671105,0,0.093532117818936264,-0.047096791325511519,0.020466684713109983,0.10311355959799713,-0.10750838615869415,0.040933369426219966
6.4800000000000004,0.12894497971607055,-1.776163521396164,-1.47803490075973,6.9724521794410066,-0.0022949999999999984,64,0.00024990766955708881,0.003841310955708254,0.01828268566730162,0.022373904292566964,0,0,0,0.084294339222637155,0.010929975984373281,0,0.092413975086486855,-0.051690412280906407,0.013153269059215175,0.10053361095033655,-0.11431080054618609,0.02630653811843035
6.5,0.096630828905986038,-1.6145156049669156,-1.8000036269929678,9.2020087862759752,-0.0022949999999999984,64,0.00037064399368788397,0.0062278563554331104,0.015849584233538227,0.02244808458265922,0,0,0,0.084603464222537048,0.0082008439532706527,0,0.090820511284693151,-0.055936910854657435,0.0028189952155038595,0.097037558346849254,-0.12007466566258553,0.0056379904310077189
6.5200000000000005,0.055565831969569143,-1.4075651090900951,-2.3733116152274167,11.508667213120415,0,65,0.00064434688862805792,0.0090856979345403828,0.012718063405590721,0.022448108228759159,0,0,0,0.08486881238786026,0.0047206656177045661,0,0.088403348198085346,-0.058823732746615162,-0.01048172185868705,0.091937884008310433,-0.12236813111093489,-0.020963443717374099
6.54,-0.0014960887667954254,-1.1532824530707799,-3.4286097721242452,13.950278307879776,0,65,0.0013447647718240988,0.01207511721946458,0.0090281705658370511,0.022448052557125731,0,0,0,0.084999904873049828,-0.00012716749773815375,0,0.084911696348486485,-0.059086542575755359,-0.026154049584450174,0.084823487823923127,-0.11804591765377256,-0.052308099168900349
6.5600000000000005,-0.086133620123918106,-0.84791418107604244,-5.1652683327290561,16.636804291378763,0,65,0.0030520804843223543,0.01425543228808512,0.0051396801600613858,0.02244719293246886,0,0,0,0.084684887368771791,-0.0073123082086600623,0,0.080523866580114914,-0.055501685183936236,-0.042669893985468117,0.076362845791458023,-0.10369106215921241,-0.085339787970936234
6.5800000000000001,-0.21331853300617037,-0.48587080882123246,-7.6368757995229153,19.57434555461052,0,65,0.0066717791464076508,0.01401430614466073,0.0017574826153575146,0.022443567906425897,0,0,0,0.083073368714223841,-0.017994871782555651,0,0.076696808104300573,-0.047432279121588095,-0.05703532698200172,0.070320247494377305,-0.076869686460620534,-0.11407065396400344
6.6000000000000005,-0.38873706885894405,-0.070118322255318333,-9.5715505705969406,21.629055736591962,0,65,0.010480326261818563,0.011939396535287113,3.7315997551906846e-05,0.022457038794657581,0,0,0,0.078658020282010424,-0.032216701341304915,0,0.076945256606461718,-0.036398464039550917,-0.064341505277132574,0.075232492930913011,-0.040580226737796918,-0.12868301055426515
6.6200000000000001,-0.57471625719874941,0.35675233024743136,-8.5309729112787291,20.532361832642589,-0.0011474999999999992,66,0.0083254426246255515,0.013366043389366176,0.00095616441007011623,0.022647650424061843,0,0,0,0.071344459116725836,-0.046205715591708309,0,0.083589257429120684,-0.027298995905540805,-0.060438819189304639,0.095834055741515545,-0.0083922762193733014,-0.12087763837860928
6.6400000000000006,-0.72014726517558481,0.73965884753793443,-6.0081549677213086,17.687660233083189,-0.0011474999999999992,66,0.0041294523396625624,0.014716873325645025,0.0039680924523949517,0.022814418117702538,0,0,0,0.063895232410110289,-0.056057107268017256,0,0.092567003930764558,-0.023376335922418293,-0.047646056522277644,0.12123877545141884,0.0093044354231806708,-0.095292113044555288
6.6600000000000001,-0.81925886304210893,1.0653000356748334,-4.0363746563423728,14.926117527794785,-0.0011474999999999992,66,0.0018637735652437353,0.013233696738000022,0.00783224331804298,0.022929713621286735,0,0,0,0.058034846420732367,-0.062104400817671594,0,0.099267243755643442,-0.023573864891314467,-0.031233591071852786,0.14049964109055452,0.014956671035042661,-0.062467182143705571
6.6799999999999997,-0.88661774185844267,1.3385454170701747,-2.8077584022713293,12.434349481210122,-0.0011474999999999992,66,0.00090184038094123222,0.010414770432492908,0.011690567574872598,0.023007178388306737,0,0,0,0.053723117687607118,-0.065869770197895153,0,0.10236462995857093,-0.026197949871434117,-0.014845873365304975,0.15100614222953473,0.013473870455026918,-0.029691746730609949
6.7000000000000002,-0.93520930393253687,1.5637230517169805,-2.1277267968892972,10.101873905373502,-0.0011474999999999992,66,0.00051789525583759448,0.0074665541276247921,0.015078466989132339,0.023062916372594725,0,0,0,0.050460250647452652,-0.068401484666608336,0,0.1023636082379461,-0.03011201702966957,-0.00045622243827583299,0.15426696582843955,0.008177450607269196,-0.00091244487655166599
6.7199999999999998,-0.96696360320711783,1.7435455234158148,-1.0979262288759404,7.9119588554432578,0.018360000000000001,67,0.00013789754258873146,0.0045456981945063077,0.017796200239024083,0.022479795976119123,0,0,0,0.048263136144542834,-0.069969062373975863,0,0.10056704951055168,-0.033890961481559741,0.011086987083860359,0.15287096287656049,0.0021871394108563813,0.022173974167720718
6.7400000000000002,-0.98067379561859358,1.8812939569385128,-0.30312153683750198,5.8866458865206965,0.018360000000000001,67,1.0510994156794947e-05,0.0023918621714671216,0.019825660010837892,0.022228033176461808,0,0,0,0.047299340964358498,-0.070624162609813357,0,0.098327970653392396,-0.036448599099907407,0.019706846801044391,0.14935660034242629,-0.0022730355900014571,0.039413693602088781
6.7599999999999998,-0.98001542391841634,1.9798221288105395,0.35098421530901613,3.9831090474269253,0.018360000000000001,67,1.4092413487581402e-05,0.0010004720979524026,0.021225542616662482,0.022240107128102465,0,0,0,0.047345827659983235,-0.070593006758397595,0,0.096494599029539163,-0.037629553778884155,0.025652661470703712,0.14564337039909508,-0.0046661007993707149,0.051305322941407425
6.7800000000000002,-0.9671859814351832,2.0411532667912686,0.92141674797923923,2.1597887891601752,0.018360000000000001,67,9.7123071866674882e-05,0.00031034234137559101,0.022068189044695125,0.022475654457937391,0,0,0,0.048247575355204818,-0.069979793314526403,0,0.095583327148604944,-0.037344154604040732,0.029231689792283064,0.14291907894200506,-0.0047085158935550597,0.058463379584566127
6.7999999999999998,-0.94347172314438266,2.0664518244821668,1.4444860509468085,0.37219943992182491,0.018360000000000001,67,0.00023869147652139718,0.00026395009185074423,0.022408411582619071,0.022911053150991213,0,0,0,0.04989337294719335,-0.068816068878949171,0,0.09582841097923854,-0.0355120161887581,0.030676739647549568,0.14176344901128374,-0.0022079634985670282,0.061353479295099135
6.8200000000000003,-0.91579582326360687,2.0530824851778515,1.3242039229334142,-1.7102720976517749,0.0034425000000000011,68,0.00020059492745941107,0.00057655619714064483,0.022229178886570111,0.023006330011170167,0,0,0,0.051778569625571612,-0.067409047816519657,0,0.097095634657034857,-0.032599880754184435,0.029915472674864555,0.1424126996884981,0.0022092863081507874,0.05983094534972911
6.8399999999999999,-0.89024771303918082,1.9979591889232964,1.2425274637546011,-3.8050043651077265,0.0034425000000000011,68,0.00017661280978189105,0.0014404239174489037,0.021477242279342033,0.023094279006572828,0,0,0,0.053483658899143569,-0.066064349166248981,0,0.099110294551023492,-0.029126432593730295,0.026721722219427594,0.1447369302029034,0.0078114839787883916,0.053443444438855188
6.8600000000000003,-0.86538990073020572,1.9007231102751687,1.2669331079405046,-5.9237779075818429,0.0034425000000000011,68,0.00018361898280160133,0.0028905277811658468,0.020105706666783126,0.023179853430750574,0,0,0,0.055109181757242026,-0.064714589437369255,0,0.10156760376230559,-0.02515186262891838,0.020896307623101948,0.14802602576736915,0.014410864179532495,0.041792615246203896
6.8799999999999999,-0.83836938575479081,1.7607392006044806,1.4721405112500265,-8.0833368473229665,0.0034425000000000011,68,0.00024791838515802968,0.0049719481661300918,0.018053016611426484,0.023272883162714607,0,0,0,0.056837473907959069,-0.06320206926803959,0,0.10393414572318121,-0.020848141834162857,0.01217778037473022,0.15103081753840336,0.021505785599713875,0.02435556074946044
6.9000000000000004,-0.80471396854168764,1.5769336872246624,1.9473165772695518,-10.312198077253477,0.0034425000000000011,68,0.00043379378770686325,0.0076759013671123099,0.015279080633899558,0.02338877578871873,0,0,0,0.058931977887005473,-0.061253750761283983,0,0.10541188983174453,-0.016535621522272045,0.00039585726257031911,0.15189180177648359,0.028182507716739892,0.00079171452514063823
6.9199999999999999,-0.75915683528955102,1.3475404121612655,2.6858893138601037,-12.64888874605815,5.098754882812496e-05,69,0.00082525170254243074,0.010742237302211702,0.011823636578443044,0.023391125583197177,0,0,0,0.06166041331797003,-0.058506353752879742,0,0.10495457978516082,-0.012878212065916633,-0.014280680519694855,0.14824874625235163,0.032749929621046475,-0.028561361039389711
6.9400000000000004,-0.69355378917301769,1.0697745087807915,3.9861500188527792,-15.168322530708082,5.098754882812496e-05,69,0.0018176802358884352,0.013684850602074732,0.0078917674758485871,0.023394298313811755,0,0,0,0.065363217602990048,-0.05433829022507216,0,0.10152851292181933,-0.010835263946370417,-0.030980770150150407,0.13769380824064861,0.032667762332331325,-0.061961540300300814
6.96,-0.59447851699376031,0.7387265438158197,6.0621105615531876,-17.993435805046996,5.098754882812496e-05,69,0.004203953580678676,0.015235056248980673,0.0039585544275611041,0.023397564257220452,0,0,0,0.070417457970972305,-0.047606529099550515,0,0.094742086139518927,-0.011626622264999671,-0.047686568010698677,0.11906671430806556,0.024353284569551173,-0.095373136021397353
6.9800000000000004,-0.44658807056746275,0.34871630395225139,8.7224806997176731,-20.937837103899124,5.098754882812496e-05,69,0.0087034259903582857,0.013784648819415934,0.00091400599447546006,0.023402080804249679,0,0,0,0.076663704051343304,-0.036710713438014922,0,0.086182192506436092,-0.016833067007376121,-0.060617881436988361,0.095700680961528867,0.0030445794232626805,-0.12123576287397672
7,-0.25614857260551022,-0.086636555578802898,9.7882484902568017,-22.041667402449452,5.098754882812496e-05,69,0.010960242885667021,0.012411765091981108,5.6956154452853944e-05,0.023428964132100983,0,0,0,0.082226699501027553,-0.021535317252543904,0,0.080812698196918276,-0.026934293221347921,-0.064258086330050743,0.079398696892808984,-0.032333269190151934,-0.12851617266010149
7.0200000000000005,-0.077484008369096358,-0.50970122415446184,7.7514111812767261,-19.90057368862314,0.0011474999999999992,70,0.0068734021828960263,0.014805730868304251,0.0019302722826319125,0.023609405333832188,0,0,0,0.084744967343795968,-0.0065795524087096406,0,0.082308937424837789,-0.037955740803735732,-0.056301425914747232,0.079872907505879595,-0.069331929198761827,-0.11260285182949446
7.04,0.051574798002400501,-0.87804136251766884,5.2492241320935804,-16.949594246055437,0.0011474999999999992,70,0.0031521032865280056,0.015121299052889794,0.005487273181298576,0.023760675520716375,0,0,0,0.084886976765405298,0.0043819146077418982,0,0.087445606075645207,-0.04518416009984931,-0.041193538985310162,0.090004235385885117,-0.09475023480744052,-0.082387077970620323
7.0600000000000005,0.13797834617104726,-1.1898090690698133,3.5253050301384334,-14.279295768433757,0.0011474999999999992,70,0.0014216857411532651,0.012899743084752622,0.0095392061186314204,0.023860634944537308,0,0,0,0.084192166829334017,0.01169098133526817,0,0.092427461921489998,-0.047615189669895579,-0.023983494229394241,0.10066275701364596,-0.10692136067505933,-0.047966988458788481
7.0800000000000001,0.19724728026665861,-1.4508754775808317,2.4994559918370651,-11.858123103410708,0.0011474999999999992,70,0.00071466283085249945,0.0098448770612606078,0.013369138121770605,0.023928678013883712,0,0,0,0.083351828319021312,0.016657512295549969,0,0.095901160669898802,-0.046137566409456918,-0.0077163688337979729,0.10845049302077629,-0.10893264511446381,-0.015432737667595946
7.1000000000000005,0.24123015376760112,-1.6650127779185047,1.9677175523617887,-9.5708907473456097,0.0011474999999999992,70,0.00044293064168764227,0.0069216610141134031,0.016614523913154211,0.023979115568955257,0,0,0,0.082538810481325817,0.020306274013904693,0,0.097879349271494984,-0.042048337325239951,0.0060679744867236287,0.11321988806166415,-0.1044029486643846,0.012135948973447257
7.1200000000000001,0.27084123522280146,-1.8352842501808144,1.0352400800925121,-7.4868314408451599,-0.018360000000000001,71,0.00012260053397195546,0.0041570692259099117,0.019155697314223254,0.023435367074105123,0,0,0,0.081901424576964588,0.022741078520241341,0,0.098557822201588582,-0.037246520245703074,0.016861269598297882,0.11521421982621258,-0.097234119011647496,0.033722539196595763
7.1400000000000006,0.28392176302119265,-1.9655714304728136,0.2975098493547258,-5.5659996497666562,-0.018360000000000001,71,1.0125416636515136e-05,0.0021586704545473456,0.021026378567817843,0.023195174439001702,0,0,0,0.081596961174405847,0.023810416357185078,0,0.09827513786479089,-0.033344759572973073,0.024806738735210009,0.11495331455517592,-0.090499935503131221,0.049613477470420018
7.1600000000000001,0.28349638127060506,-2.0587610718167184,-0.32554129449862501,-3.7707006521864268,-0.018360000000000001,71,1.2123342606693924e-05,0.00088538726869608411,0.022305463096082674,0.023202973707385451,0,0,0,0.081607082308222612,0.02377570434580184,0,0.09754299496190591,-0.030922289735513787,0.030239479680949168,0.11347890761558921,-0.085620283816829415,0.060478959361898336
7.1799999999999997,0.27134249758244927,-2.1169662351342753,-0.88135910168967679,-2.0603093818108125,-0.018360000000000001,71,8.8861981644304311e-05,0.00026355433407371557,0.023073701787587376,0.023426118103305395,0,0,0,0.081890015041324316,0.022782129762857487,0,0.096662632291111661,-0.030317815737280891,0.033502471065185925,0.11143524954089901,-0.083417761237419272,0.06700494213037185
7.2000000000000002,0.24849905084426402,-2.141432477329662,-1.3982087923493194,-0.38873406934395294,-0.018360000000000001,71,0.00022364246162652411,0.00023308641086718348,0.023388799066670626,0.023845527939164335,0,0,0,0.082389027028948458,0.020905698391185126,0,0.095739273180900392,-0.031707410746563705,0.034840804734414824,0.10908951933285232,-0.084320519884312536,0.069681609468829647
7.2199999999999998,0.22203661345731251,-2.1290325388107583,-1.2486616571234672,1.63003284874582,-0.0034425000000000011,72,0.00017836094236314679,0.00052856257522755266,0.023229703872956059,0.023936627390546757,0,0,0,0.082913332988936259,0.018718419074958647,0,0.094961013930166871,-0.034646845247018915,0.034165069117210588,0.10700869487139748,-0.08801210956899648,0.068330138234421176
7.2400000000000002,0.19833169700686712,-2.076133894750706,-1.1324827092216938,3.6633309559674085,-0.0034425000000000011,72,0.00014671461089569622,0.0013341076742876786,0.02253740769073868,0.024018229975922054,0,0,0,0.083333715628188837,0.016747890601510298,0,0.094453963553923131,-0.038583947921159004,0.031224633412923385,0.10557421147965744,-0.093915786443828309,0.062449266825846769
7.2599999999999998,0.17609880060410918,-1.982313930031137,-1.1124455670266848,5.7244971071454982,-0.0034425000000000011,72,0.00014156886357351872,0.0026929541621249051,0.021260242538340281,0.024094765564038705,0,0,0,0.083685443920229599,0.014891154282798509,0,0.094041840000860036,-0.04330981435684738,0.02580004476019487,0.10439823608149049,-0.10151078299649327,0.05160008952038974
7.2800000000000002,0.15273172458834358,-1.8468620268427118,-1.2583087718791366,7.8298040165372829,-0.0034425000000000011,72,0.00018112760918636263,0.0046689541522601909,0.019325132352101544,0.024175214113548098,0,0,0,0.084010529055806152,0.012931782853247659,0,0.093451905733582197,-0.048403537938650612,0.017580922324590312,0.10289328241135823,-0.10973885873054889,0.035161844649180624
7.2999999999999998,0.12412279821450936,-1.6686617167513971,-1.65191391478799,10.004883817700771,-0.0034425000000000011,72,0.00031216559008435789,0.0072918823721013475,0.01666968086835037,0.024273728830536075,0,0,0,0.084346065281828572,0.010523367876944779,0,0.092293234425269044,-0.053174153222448166,0.0063022462977844421,0.10024040356870953,-0.11687167432184112,0.012604492595568884
7.3200000000000003,0.085559228247317043,-1.4458777265874057,-2.2754405233465862,12.293595423391643,-4.9866943359374964e-05,73,0.00059229924995635912,0.010389579947224413,0.013293810948854115,0.024275690146034888,0,0,0,0.084689073529101211,0.0072636646936989234,0,0.090157963919853382,-0.056499639362280377,-0.0080363109545781714,0.095626854310605566,-0.12026294341825967,-0.016072621909156343
7.3399999999999999,0.029703749836405939,-1.1758155921355851,-3.4127568637867176,14.750079793101049,-4.9866943359374964e-05,73,0.001332357907866178,0.013603578957338202,0.0093424990557631048,0.024278435920967484,0,0,0,0.084962504464961092,0.0025244474725112029,0,0.086730620244648754,-0.056983047320733698,-0.024818981244635135,0.088498736024336402,-0.11649054211397861,-0.049637962489270271
7.3600000000000003,-0.05588381846033897,-0.85388644688263504,-5.2884356150483525,17.50414940616951,-4.9866943359374964e-05,73,0.0031993713320525954,0.015874427267440254,0.0052078706299248535,0.024281669229417706,0,0,0,0.084867306989219404,-0.0047476525144107681,0,0.082151501089613527,-0.053294409528617095,-0.04238026405910273,0.079435695190007649,-0.10184116654282342,-0.084760528118205461
7.3799999999999999,-0.18755007398677873,-0.4732370153488219,-7.9650354628874238,20.571920094922088,-4.9866943359374964e-05,73,0.0072574764266348573,0.015357095825998219,0.0016689643565711892,0.024283536609204265,0,0,0,0.083509438122631591,-0.015848461895160895,0,0.078028264292432162,-0.044730112987888551,-0.057411296480754381,0.072547090462232747,-0.073611764080616218,-0.11482259296150876
7.4000000000000004,-0.37039599420614627,-0.03718241831152902,-9.911236276139535,22.595461652349996,-4.9866943359374964e-05,73,0.011237400654736678,0.0130635414842899,1.0496274911666325e-05,0.024311438413938243,0,0,0,0.079235646365997087,-0.030768690985523817,0,0.078367711038235741,-0.033003801238716261,-0.064455418472172676,0.077499775710474381,-0.035238911491908706,-0.12891083694434535
7.4199999999999999,-0.55949374279081043,0.40534692745889522,-8.4934339837338726,21.126359813652623,-0.0011474999999999992,74,0.0082523347668901174,0.015013271137288956,0.0012305779767806191,0.024496183880959692,0,0,0,0.07203953313793722,-0.045114362073158547,0,0.085539223176660281,-0.023557781791264661,-0.059273284162501619,0.099038913215383342,-0.0020012015093707758,-0.11854656832500324
7.4400000000000004,-0.70193200884469942,0.79799313667193461,-5.7891522862782541,18.107094864522903,-0.0011474999999999992,74,0.0038338944689108455,0.01624393658124584,0.0045839347030633519,0.024661765753220037,0,0,0,0.064905670739100127,-0.054884004098712781,0,0.094723305056584051,-0.01962175261012479,-0.045030348695789368,0.12454093937406799,0.015640498878463201,-0.090060697391578737
7.46,-0.79631203829940123,1.1316037679985795,-3.794653589777476,15.315490461410098,-0.0011474999999999992,74,0.0016472308896346519,0.014395562381159974,0.0087287103017646885,0.024771503572559313,0,0,0,0.059444541509360391,-0.060756452206674562,0,0.10117253474937216,-0.019929489206591953,-0.02742596711788698,0.14290052798938394,0.020897473793490655,-0.054851934235773961
7.4800000000000004,-0.85894357654893849,1.4127061386535607,-2.5787471026547726,12.83466317416408,-0.0011474999999999992,74,0.00076072504119587643,0.011287607455538836,0.012795128964510155,0.024843461461244866,0,0,0,0.055525205061065043,-0.064357995640997701,0,0.10375256485253279,-0.022749582959649968,-0.01015439617520322,0.15197992464400054,0.018858829721697765,-0.020308792350406439
7.5,-0.90313141096262062,1.6461582659079248,-1.9168321145226357,10.531542498052598,-0.0011474999999999992,74,0.00042031835928670562,0.0081445711924086513,0.016329234381087659,0.024894123932783015,0,0,0,0.052628090521782328,-0.066747914484507204,0,0.1031342155911284,-0.026925832512628367,0.0048562452475690463,0.15364034066047444,0.01289624945925047,0.0097124904951380927
7.5200000000000005,-0.93121208952044343,1.8355642013616915,-0.93876211317092528,8.4439837957896025,0.017212499999999999,75,0.00010081410853004482,0.0051500642177150719,0.019159800630855758,0.024410678957100876,0,0,0,0.05073326220026024,-0.068199238313339294,0,0.10068108932488445,-0.031043160437449077,0.016878697888446134,0.15062891644950865,0.00611291743844114,0.033757395776892268
7.54,-0.94214219643746577,1.9851651419653447,-0.18253181858213829,6.5442655020883871,0.017212499999999999,75,3.8114249081002182e-06,0.0029187921589470976,0.021299901202212996,0.024222504786068196,0,0,0,0.049984821624892616,-0.068749673505607775,0,0.097738672695658516,-0.034029978037101727,0.025968489645824818,0.14549252376642441,0.0006897174314043214,0.051936979291649636
7.5600000000000005,-0.93938376148211056,2.0983394614496342,0.44148515695653245,4.7953910281177681,0.017212499999999999,75,2.2296793930767111e-05,0.0014170413405100591,0.02283063447768326,0.024269972612124085,0,0,0,0.05017427272074531,-0.068611532244545262,0,0.095160028241089017,-0.035714328346202875,0.032470075083602022,0.14014578376143272,-0.002817124447860489,0.064940150167204044
7.5800000000000001,-0.92500437084939702,2.1777400555265309,0.98622082987997206,3.1603232011640903,0.017212499999999999,75,0.00011126499386172236,0.00055891789904553087,0.02384729429204031,0.024517477184947564,0,0,0,0.051155643646649013,-0.067882988466161823,0,0.093466694385267793,-0.035997989251977287,0.036788202055896661,0.13577774512388657,-0.004112990037792752,0.073576404111793323
7.6000000000000005,-0.90025789462896,2.2252279451222003,1.4818746775712675,1.5964698196784899,0.017212499999999999,75,0.00025120782306474948,0.00026256942861954208,0.024429652581462957,0.024943429833147249,0,0,0,0.052819674202886413,-0.066596411443117093,0,0.092913781442344745,-0.034796534603617292,0.03926169122265951,0.13300788868180308,-0.0029966577641174913,0.07852338244531902
7.6200000000000001,-0.87228095551105755,2.2379542625233224,1.3106812694977374,-0.32349381136672228,0.0034425000000000011,76,0.00019651893078448325,0.00026099626869580795,0.02458223148802861,0.025039746687508902,0,0,0,0.05466192503610965,-0.065092810289207284,0,0.093464995975984927,-0.032507789832071053,0.039909749779258465,0.13226806691586021,7.7230625065177749e-05,0.079819499558516929
7.6400000000000006,-0.84787041238026684,2.21224004940178,1.1336456245431998,-2.2505900259478713,0.0034425000000000011,76,0.00014701607999238059,0.00070437001160380153,0.024272394158036909,0.02512378024963309,0,0,0,0.056234433073183085,-0.063739222908172438,0,0.094987514349825775,-0.029549010727980163,0.038593757042290643,0.13374059562646845,0.0046412014522121126,0.077187514084581285
7.6600000000000001,-0.82662699266795625,2.1477672503704399,1.0031593122541176,-4.2020535644102956,0.0034425000000000011,76,0.00011511979946333312,0.0016121958961035046,0.023469591015366435,0.025196906710933272,0,0,0,0.057575681956107835,-0.0625303194241731,0,0.097343982027087245,-0.025913090887569476,0.035183957761495223,0.13711228209806667,0.010704137649034148,0.070367915522990446
7.6799999999999997,-0.80704617719411309,2.0438917609244376,0.97780524887661047,-6.1934324470601183,0.0034425000000000011,76,0.00010937421141825003,0.0030497029864067545,0.022105233621063577,0.02526431081888858,0,0,0,0.058788961217738731,-0.061391025719881996,0,0.10025712425600355,-0.021680494741770438,0.029389031689872488,0.14172528729426839,0.01803003623634112,0.058778063379744977
7.7000000000000002,-0.78637205925460008,1.8996511906400402,1.1244917889103851,-8.2419445230119628,0.0034425000000000011,76,0.00014465144733849771,0.0051005333454621606,0.020090303739203862,0.02533548853200452,0,0,0,0.060045512795556179,-0.060162582999059307,0,0.10325189136397656,-0.017040279602938586,0.02083088574245609,0.14645826993239691,0.026082023793182134,0.04166177148491218
7.7199999999999998,-0.76170969304930125,1.7133207280844314,1.3933755093214448,-10.40364165785903,0,77,0.00022209897389755391,0.0077704916782993317,0.017342918384231271,0.025335509036428158,0,0,0,0.061510854158128805,-0.058663573201241416,0,0.10557479444250209,-0.012460956201306862,0.0091617328586105669,0.14963873472687536,0.033741660798627691,0.018323465717221134
7.7400000000000002,-0.72821974711365556,1.4828275420717709,2.0271073496472072,-12.668524067540963,0,77,0.00047007126376255311,0.011013765738604311,0.013851718882119555,0.025335555884486417,0,0,0,0.063440635484939209,-0.056571068305867035,0,0.10620210306596052,-0.0086169681120888408,-0.0056666714147147719,0.14896357064698185,0.039337132081689354,-0.011333342829429544
7.7599999999999998,-0.67719969646511102,1.2053522955666462,3.1787487622067467,-15.120219220749318,0,77,0.0011559062566568962,0.01442064727873579,0.0097589925814237175,0.025335546116816404,0,0,0,0.06624309071785181,-0.053262115355536307,0,0.10399073740689987,-0.0063146599772340162,-0.023049980541013773,0.14173838409594797,0.040632795401068275,-0.046099961082027546
7.7800000000000002,-0.59603488033060725,0.87583713074620473,5.0853351800512367,-17.899497651602275,0,77,0.0029583487647713734,0.016914656788885468,0.0054615394894257426,0.025334545043082586,0,0,0,0.070343279659480062,-0.047716066547319039,0,0.098153971053845462,-0.0067173970459819266,-0.0413028394095067,0.12596466244821086,0.034281272455355186,-0.082605678819013401
7.7999999999999998,-0.46770176838762251,0.48655788071207917,7.8477458465028533,-21.052532773202458,0,77,0.0070453093282984098,0.016521554739969083,0.0017623581414165817,0.025329222209684074,0,0,0,0.075871575474201758,-0.038321065160855157,0,0.089468474453005792,-0.011400671827445908,-0.057014618835301643,0.10306537343180981,0.015519721505963341,-0.11402923767060329
7.8200000000000003,-0.28589272678981881,0.039584229931508563,9.9096472808994989,-23.191698322213927,3.0816650390624981e-05,78,0.011233797724833898,0.014109813787845128,1.1895909735687317e-05,0.025355507422414714,0,0,0,0.081549873247102528,-0.023971194659038436,0,0.082269718666478628,-0.021522284475686587,-0.064449473709923183,0.082989564085854742,-0.019073374292334737,-0.12889894741984637
7.8399999999999999,-0.098085839014845494,-0.41361699169146249,8.3441343210500882,-21.574625980862077,3.0816650390624981e-05,78,0.0079647615713413257,0.016078530977158011,0.0012805787891215989,0.025323871337620936,0,0,0,0.084591442360841068,-0.0083239341247095429,0,0.08205273121570901,-0.034123421997489509,-0.059060912380557259,0.079514020070576952,-0.059922909870269478,-0.11812182476111452
7.8600000000000003,0.039857885916739277,-0.81369575037272845,5.5043316638660489,-18.417421106075832,3.0816650390624981e-05,78,0.0034659268720524713,0.017109363230344135,0.0047559602810223062,0.025331250383418914,0,0,0,0.084932491267563845,0.0033870233369718535,0,0.086800556695922723,-0.043456306305739538,-0.044299692995997682,0.088668622124281615,-0.090299635948450932,-0.088599385991995364
7.8799999999999999,0.12782519428920552,-1.1528296291162707,3.4451234633233243,-15.567308515401061,3.0816650390624981e-05,78,0.0013577499238620226,0.014955720084772018,0.0090218853620353222,0.025335355370669364,0,0,0,0.0843065255987544,0.010835577578817365,0,0.091821010356851029,-0.047631089012025146,-0.026180745149357285,0.099335495114947658,-0.10609775560286765,-0.052361490298714571
7.9000000000000004,0.18300913785461659,-1.4387632849826968,2.1843472697826449,-13.071519632966812,3.0816650390624981e-05,78,0.00054582518990797639,0.011604603973023582,0.0131866625408701,0.025337091703801658,0,0,0,0.083580543743520502,0.015469088775278838,0,0.095216685487408623,-0.047401780230598663,-0.008491409527395093,0.10685282723129674,-0.11027264923647617,-0.016982819054790186
7.9199999999999999,0.21369723056208578,-1.6767934454605165,0.95981702359010757,-10.777636807759809,-0.013770000000000003,79,0.00010538701489134568,0.0080164193050390777,0.016792527025366485,0.024914333345296906,0,0,0,0.083066548143571436,0.018026330173158626,0,0.096668580207807234,-0.044652753171083977,0.0068240189660486068,0.11027061227204302,-0.10733183651532657,0.013648037932097214
7.9400000000000004,0.22373805426199486,-1.8714238810426922,0.090252583181707036,-8.7191944282354328,-0.013770000000000003,79,9.3181455169586422e-07,0.0050923472867042572,0.019682717833519322,0.024775996934775276,0,0,0,0.082881364709380706,0.018859464040916523,0,0.096550533306458242,-0.041212197874314654,0.019099718966697758,0.11021970190353578,-0.10128385978954582,0.038199437933395516
7.96,0.21876158629410042,-2.0267478593806354,-0.55875510267259343,-6.8396324861895339,-0.013770000000000003,79,3.5715210225245184e-05,0.0029363067924073382,0.021872478684621364,0.024844500687253947,0,0,0,0.082974191554634202,0.018446775757700106,0,0.095542053361153165,-0.038083871476464026,0.028400436139234462,0.10810991516767213,-0.094614518710628148,0.056800872278468924
7.9800000000000004,0.20232044763855658,-2.1459449358768969,-1.0665112745188401,-5.1007318788836304,-0.013770000000000003,79,0.00013011911720893382,0.0014943905560690046,0.023446383635302697,0.025070893308580637,0,0,0,0.0832662497218013,0.017080153900554423,0,0.094141824737816598,-0.0359385923252813,0.035085387509780394,0.1050173997538319,-0.088957338551117024,0.070170775019560788
8,0.17670711234533534,-2.2314870216300404,-1.4825036074247682,-3.4683192892520815,-0.013770000000000003,79,0.00025142110105493199,0.00066729042557376553,0.024504882796040125,0.025423594322668823,0,0,0,0.08367636997318445,0.01494205836258037,0,0.092628802729371351,-0.035192070235307495,0.039581221525824523,0.10158123548555824,-0.085326198833195366,0.079162443051649045
8.0199999999999996,0.14826163223085717,-2.2821701225079778,-1.349630856096091,-1.604167519362363,-0.0034425000000000011,80,0.00020837240482223196,0.00021279489821022791,0.025100361251325053,0.025521528554357513,0,0,0,0.08406749579072037,0.012556120080550978,0,0.091284537350218381,-0.035764428546913959,0.042110436847286152,0.098501578909716378,-0.084084977174378905,0.084220873694572304
8.0400000000000009,0.12306463961776347,-2.2957523105469431,-1.1652044908719581,0.24524260750501958,-0.0034425000000000011,80,0.00015531539514510528,0.0001972849334532865,0.025255674930207382,0.025608275258805775,0,0,0,0.084357153450812197,0.010434110488016001,0,0.0902837399118116,-0.037480847294369492,0.042770110984570932,0.096210326372810989,-0.085395805076754983,0.085540221969141864
8.0600000000000005,0.10169979315840265,-2.2723151510711981,-0.97392550906794606,2.1013477992248459,-0.0034425000000000011,80,0.00010850798242912501,0.00058679330422765463,0.02498652204437779,0.025681823331034571,0,0,0,0.084560807700477775,0.0086295886948811584,0,0.089562837511987209,-0.040384993107146584,0.04162691999820671,0.094564867323496643,-0.089399574909174329,0.08325383999641342
8.0800000000000001,0.083843214077257741,-2.2115160721664839,-0.82265520422913796,3.9845922480727038,-0.0034425000000000011,80,7.7418705489242908e-05,0.0014022876338118985,0.024263582839352,0.02574328917865314,0,0,0,0.084701413382401822,0.0071183264201273716,0,0.089031653728486301,-0.044407475566386939,0.038556332141318379,0.093361894074570781,-0.09593327755290125,0.077112664282636759
8.0999999999999996,0.068174248649271504,-2.1126339412994897,-0.76476493261270684,5.9123496654673513,-0.0034425000000000011,80,6.6906165067255477e-05,0.002712908543231975,0.023017409318207237,0.025797224026506468,0,0,0,0.084802548045423254,0.0057903233937044336,0,0.088567019714504383,-0.04934248489295863,0.033263376309069136,0.092331491383585512,-0.1044752931796217,0.066526752618138271
8.120000000000001,0.052693707078541763,-1.9743929234994937,-0.81595392298345626,7.9221096500869557,-0.0022949999999999984,81,7.6162549940346226e-05,0.004606782255223975,0.021149807895496926,0.025832752700661248,0,0,0,0.084882020664963934,0.004476892653687059,0,0.088006244568820224,-0.054758487437613537,0.025330988343089226,0.091130468472676529,-0.11399386752891413,0.050661976686178452
8.1400000000000006,0.033981548677131712,-1.7952491370098418,-1.1012280463902919,10.007602448911719,-0.0022949999999999984,81,0.00013872819431187035,0.0071711421391991333,0.018565845827178285,0.025875716160689288,0,0,0,0.084950928032263354,0.0028878757690064686,0,0.087087347430579609,-0.059957906068601546,0.014355954073981849,0.089223766828895851,-0.12280368790620956,0.028711908147963698
8.1600000000000001,0.0064797676437383898,-1.5733251622254212,-1.7133460697932539,12.208942894556365,-0.0022949999999999984,81,0.00033581523247966795,0.010378789786834056,0.015224282550456891,0.025938887569770613,0,0,0,0.084998215542223282,0.00055077639542178104,0,0.085416156294143009,-0.063947663281441136,0.00016310971142070236,0.085834097046062735,-0.12844610295830405,0.00032621942284140473
8.1799999999999997,-0.037652496079402575,-1.3056547091222512,-2.7947097766020454,14.598389931746246,-0.0022949999999999984,81,0.00089347752958903956,0.013940282275603469,0.011206481805584511,0.026040241610777018,0,0,0,0.08493975442347701,-0.003199705998903585,0,0.082596588138863281,-0.065401661071232159,-0.016901963109138166,0.080253421854249551,-0.12760361614356072,-0.033803926218276333
8.1999999999999993,-0.10999023254260333,-0.98727549987040319,-4.5822161202897762,17.308165660452257,-0.0022949999999999984,81,0.0024019355168871212,0.016984878124122176,0.006818982905813736,0.026205796546823035,0,0,0,0.084486359463953609,-0.0093303303546882817,0,0.078577839491698859,-0.062832116818769101,-0.035537279536978696,0.072669319519444109,-0.11633390328284993,-0.071074559073957391
8.2200000000000006,-0.22638482241809318,-0.61071879911362359,-7.2056145059329477,20.413085470752819,-2.1851806640624987e-05,82,0.0059395323816862355,0.017519446343421927,0.0027450599641278056,0.026204038689235969,0,0,0,0.082831157831169774,-0.019078765482804259,0,0.074528989802428294,-0.055122931492884081,-0.052840723903636574,0.0662268217736868,-0.091167097502963895,-0.10568144780727315
8.2400000000000002,-0.39982451961025534,-0.17173491913443151,-9.909923943764003,23.217326659747737,-2.1851806640624987e-05,82,0.011234424996008092,0.014757519704606054,0.00022338784700668031,0.026215332547620825,0,0,0,0.078295991783817201,-0.033086820194579439,0,0.074005396396266174,-0.043239999594587644,-0.063551189912475881,0.069714801008715147,-0.05339317899459585,-0.12710237982495176
8.2599999999999998,-0.59916429802124549,0.29376770667852004,-9.3533510207286792,22.650173606629252,-2.1851806640624987e-05,82,0.010007939534697117,0.015540906978597703,0.00065056776837830977,0.02619941428167313,0,0,0,0.070193611955866875,-0.04793596604418425,0,0.080726359964539668,-0.032512648490340863,-0.061736800168287843,0.091259107973212461,-0.017089330936497477,-0.12347360033657569
8.2799999999999994,-0.75751469864017662,0.71690307537494879,-6.4219082730589827,19.547376739480143,-2.1851806640624987e-05,82,0.0047177877941437614,0.017743255972692541,0.0037380926641724897,0.026199136431008792,0,0,0,0.061756405565398742,-0.058405020089389477,0,0.090876415566951113,-0.027614051351223697,-0.048622949948298973,0.11999642556850348,0.0031769173869420839,-0.097245899896597945
8.3000000000000007,-0.86060728495281513,1.0772010991999306,-4.0479015192809253,16.558502457406501,-2.1851806640624987e-05,82,0.0018744336946561332,0.016338647959334006,0.0079908855722463177,0.026203967226236455,0,0,0,0.055418055327453419,-0.064450284279615952,0,0.098486743481163624,-0.02741735308837169,-0.030559779254815161,0.14155543163487383,0.0096155781028725712,-0.061119558509630321
8.3200000000000003,-0.92546081755710674,1.3820590436711138,-2.5642047673377482,13.982467212508134,-9.0208740234374937e-05,83,0.00075216931612098878,0.013121092936943688,0.012336724155149024,0.026209986408213704,0,0,0,0.051124653352154742,-0.067906331218981444,0,0.10173852094512013,-0.029800658462817077,-0.012101409466747268,0.15235238853808553,0.0083050142933472904,-0.024202818933494536
8.3399999999999999,-0.96733784286712943,1.6381608654384827,-1.7092859560100866,11.658847707744144,-9.0208740234374937e-05,83,0.00033422555646788583,0.009671371296549245,0.01620809625757642,0.026213693110593551,0,0,0,0.048236947567285374,-0.069987119453446309,0,0.10122436486571421,-0.033466809860617064,0.0043417272238210044,0.15421178216414305,0.003053499732212181,0.0086834544476420087
8.3599999999999994,-0.99669627231417701,1.8493441427399269,-1.2873029221713552,9.4769822885881805,-9.0208740234374937e-05,83,0.00018957091946977356,0.0066653442711318896,0.019361385438439755,0.026216300629041418,0,0,0,0.046161744172577783,-0.071372917657508458,0,0.09823365778032675,-0.037694452023357569,0.017734902473835183,0.15030557138807574,-0.0040159863892066799,0.035469804947670366
8.3800000000000008,-1.0209058931653388,2.0177642585324769,-1.1781666088093281,7.3748565142044793,-9.0208740234374937e-05,83,0.00015879017459583292,0.0043099578603657037,0.021749723356867603,0.026218471391829139,0,0,0,0.044420474510949465,-0.072469451800204004,0,0.094009731603904273,-0.042073494938442313,0.027879049256148498,0.14359898869685905,-0.011677538076680628,0.055758098512296995
8.4000000000000004,-1.0453305134081559,2.1446348584784864,-1.2956794032184831,5.317869603823369,-9.0208740234374937e-05,83,0.00019204602232379177,0.0025989456657806633,0.023429682698590922,0.026220674386695376,0,0,0,0.042637362529427389,-0.073532681962064889,0,0.089498104175523729,-0.046360839773672891,0.035014452508456168,0.13635884582162008,-0.019188997585280892,0.070028905016912335
8.4199999999999999,-1.0654016666269888,2.2354282099539118,-0.71826014307029784,3.7864669707715235,0.018360000000000001,84,5.9016539655841585e-05,0.0012410689139559787,0.024552066302671732,0.025852151756283553,0,0,0,0.041152987927062137,-0.07437359467361436,0,0.085576581342410599,-0.049792779244141341,0.039781627177504816,0.13000017475775905,-0.025211963814668323,0.079563254355009633
8.4399999999999995,-1.0742309697798,2.296969235373119,-0.16727409418129591,2.3861501795721636,0.018360000000000001,84,3.2008666377019639e-06,0.00041733679668178183,0.025269500334971474,0.025690037998290959,0,0,0,0.040494725382043288,-0.074734043221499125,0,0.082897952478447307,-0.051757806923242361,0.04282883254744934,0.12530117957485135,-0.028781570624985604,0.08565766509489868
8.4600000000000009,-1.0721575953747,2.3314519016753668,0.37341664624031623,1.0723309635587521,0.018360000000000001,84,1.5951354049298041e-05,5.7178392733157614e-05,0.025654972237684509,0.025728101984466966,0,0,0,0.040649589882448441,-0.074649921918169118,0,0.081683143061622346,-0.052305664010150035,0.044466073044871345,0.12271669624079626,-0.029961406102130946,0.088932146089742689
8.4800000000000004,-1.0593398633166429,2.3400834674031126,0.90705628868832056,-0.20834690102876552,0.018360000000000001,84,9.4119298951500516e-05,0.00011978451718449853,0.025749531844053115,0.025963435660189115,0,0,0,0.041603067178012113,-0.07412276844115992,0,0.082010644707246297,-0.051443108765686044,0.044867702361761443,0.12241822223648048,-0.028763449090212161,0.089735404723522885
8.5,-1.0359368533572684,2.3229569067334053,1.4315742200188504,-1.5130405253305419,0.018360000000000001,84,0.00023444336391869558,0.00059752828631713022,0.025561147170861293,0.026393118821097118,0,0,0,0.043326212223153658,-0.073128922694063056,0,0.083847232676617825,-0.049121700011319117,0.044067563586736719,0.12436825313008198,-0.025114477328575177,0.088135127173473438
8.5199999999999996,-1.0086998416072079,2.2747159547032982,1.2984503188133651,-3.3176943068309512,0.0045900000000000003,85,0.00019286831267233492,0.001310923620669281,0.025014342926016463,0.02651813485935808,0,0,0,0.045301709400308726,-0.071921868200221131,0,0.086905611280082812,-0.045716655237320242,0.041745085482570769,0.12850951315985693,-0.019511442274419352,0.083490170965141539
8.5400000000000009,-0.98358777678782239,2.1899165682836337,1.2275517970805427,-5.1719466641792042,0.0045900000000000003,85,0.00017238118393969888,0.0024624805726227851,0.023998533469869372,0.026633395226431857,0,0,0,0.047093342959688589,-0.070761691958863948,0,0.090822495716863724,-0.041659052788966366,0.037430570293362955,0.13455164847403886,-0.012556413619068785,0.074861140586725911
8.5600000000000005,-0.95881054794451348,2.0673971466474335,1.2754107093150866,-7.0922860498812481,0.0045900000000000003,85,0.00018608455361664479,0.0041400024273736437,0.022421036314713368,0.026747123295703657,0,0,0,0.048831987384596813,-0.069573249227491002,0,0.095248689719868773,-0.036994350756626444,0.030730361513393513,0.14166539205514073,-0.0044154522857618866,0.061460723026787026
8.5800000000000001,-0.93132390237888796,1.9056724388371151,1.5112917842971361,-9.0958850123415864,0.0045900000000000003,85,0.00026128041019472006,0.0064352707916530884,0.020176752358968694,0.026873303560816502,0,0,0,0.050725636331360034,-0.068204910518074924,0,0.099606163192747746,-0.031851284211374627,0.021198064725487149,0.14848669005413545,0.0045023420953256704,0.042396129450974297
8.5999999999999996,-0.89653169071378547,1.7028321218074653,2.0229679170494705,-11.209816784072222,0.0045900000000000003,85,0.00046815341606296686,0.0093797593942051387,0.017185138904992753,0.02703305171526086,0,0,0,0.053067458748210609,-0.066399132690171239,0,0.10301412647831552,-0.026480799091662163,0.0084915855631700361,0.15296079420842043,0.013437534506846913,0.016983171126340072
8.620000000000001,-0.84945133864717426,1.4561368507560024,2.7661326951776015,-13.485890342355141,2.2972412109374983e-05,86,0.0008752985847819124,0.012710409857770765,0.013448487659995699,0.027034196102548376,0,0,0,0.056133595829302205,-0.063828045710898479,0,0.10424978999118259,-0.021512242902822748,-0.0073793422528215281,0.15236598415306299,0.020803559905252983,-0.014758684505643056
8.6400000000000006,-0.78197280370849576,1.161991574291056,4.1008279363378612,-15.975741749140424,2.2972412109374983e-05,86,0.001923770678981223,0.015962597178923992,0.0091492974528877453,0.027035665310792961,0,0,0,0.060309601475810326,-0.059897846120114694,0,0.10201610598851313,-0.01790463886745005,-0.025639579286069719,0.14372261050121593,0.024088568385214594,-0.051279158572139438
8.6600000000000001,-0.67967592460341519,0.81463456901480269,6.2923466926004359,-18.834367309646158,2.2972412109374983e-05,86,0.0045293459439008166,0.017740524787616292,0.0047663271427535441,0.027036197874270654,0,0,0,0.066110998612419258,-0.053425984899379254,0,0.095603482233996492,-0.016931055560125384,-0.044255661133394734,0.12509596585557373,0.019563873779128486,-0.088511322266789469
8.6799999999999997,-0.52422827609417288,0.40599015445891595,9.3026082921897881,-22.011647237802922,2.2972412109374983e-05,86,0.0098996462295668532,0.015899500095133148,0.0012344327405123207,0.027033579065212324,0,0,0,0.073585390967192715,-0.042546330466979095,0,0.086335723342084877,-0.020494177379504805,-0.059256911567650693,0.09908605571697704,0.0015579757079694848,-0.11851382313530139
8.7000000000000011,-0.31680270817045508,-0.055421716682499067,10.854249846317648,-23.545966242174423,2.2972412109374983e-05,86,0.013477515329938341,0.013565748637754413,2.3316252472138361e-05,0.027066580220164893,0,0,0,0.080770087676380539,-0.026480047899310948,0,0.079657031256305702,-0.02987511972773246,-0.064400967327250522,0.078543974836230865,-0.033270191556153975,-0.12880193465450104
8.7200000000000006,-0.11831539433345833,-0.50802014788466465,8.5770461128601081,-21.280922787158069,2.4093017578124985e-05,87,0.0084156118466980987,0.0166983999548765,0.0019178351834042693,0.027031846984978868,0,0,0,0.084405756064597187,-0.010033361508672733,0,0.080702156568863481,-0.041189930055281147,-0.05635425083501415,0.076998557073129775,-0.072346498601889561,-0.1127085016700283
8.7400000000000002,0.023168623462602511,-0.90167987432521279,5.6868082646070111,-18.12065622007858,2.4093017578124985e-05,87,0.0036995370253555988,0.017574444728389014,0.0057661818841710623,0.027040163637915674,0,0,0,0.084977187653162464,0.0019691568142774563,0,0.08614922670710605,-0.048609132279648172,-0.040008911467163344,0.087321265761049635,-0.099187421373573809,-0.080017822934326688
8.7599999999999998,0.11570386348806778,-1.2358406853941162,3.722439656918433,-15.364798204131827,2.4093017578124985e-05,87,0.0015851323850770843,0.015264383293834068,0.010193867021301923,0.027043382700213073,0,0,0,0.084431670640471718,0.0098128993095266594,0,0.091464102889703747,-0.050695211977435192,-0.021202909355666315,0.098496535138935776,-0.11120332326439705,-0.04240581871133263
8.7799999999999994,0.17734136519448301,-1.5184534537100625,2.5498971850483252,-12.937518049814319,2.4093017578124985e-05,87,0.00074379892328868124,0.011909671778997015,0.01439137032294866,0.027044841025234356,0,0,0,0.083666876100205789,0.014995127329663238,0,0.095029947617393515,-0.048406314741830964,-0.0033745738916553733,0.10639301913458125,-0.11180775681332517,-0.0067491477833107466
8.8000000000000007,0.2212758390023295,-1.754560400375369,1.9181629758756356,-10.69590591190464,2.4093017578124985e-05,87,0.00042090221808942148,0.0086641103009815479,0.017960819488706061,0.027045832007777031,0,0,0,0.082927549488436586,0.018655335318425711,0,0.096845308291903159,-0.043212522441420591,0.011786185392057688,0.11076306709536975,-0.10508038020126689,0.023572370784115376
8.8200000000000003,0.24982806856396456,-1.948673097636318,0.97870461327921066,-8.7548290582174406,-0.017212499999999999,88,0.00010957550407951179,0.0056560223510950958,0.020788678034340619,0.026554275889515228,0,0,0,0.08236117023215471,0.021015176373041348,0,0.097182934520940026,-0.037073217940674905,0.023797137420746767,0.11200469880972534,-0.095161612254391154,0.047594274841493533
8.8399999999999999,0.2616706585951929,-2.1062309719247976,0.22885132431541344,-7.0359739284353591,-0.017212499999999999,88,5.9912448159850789e-06,0.0034104642245313668,0.022933942288563446,0.026350397757910798,0,0,0,0.08210652654770409,0.021989049508133893,0,0.096457104928960383,-0.031595628829130112,0.032908861232430531,0.11080768331021668,-0.085180307166394117,0.065817722464861061
8.8599999999999994,0.25966108608720051,-2.2314289978046267,-0.41754939228380294,-5.514799809117469,-0.017212499999999999,88,1.9944626979712154e-05,0.0018608442487207844,0.024504187057656258,0.026384975933356754,0,0,0,0.082150549318640909,0.021824006200639449,0,0.095226844018958243,-0.027398156898453999,0.039578266469827802,0.10830313871927558,-0.076620319997547454,0.079156532939655605
8.8800000000000008,0.24531080454749132,-2.327962652838254,-1.0115428364331447,-4.1645224904877249,-0.017212499999999999,88,0.0001170519798849211,0.00089840132398187752,0.025616525411807617,0.026631978715674416,0,0,0,0.082455260693155216,0.020642916073651374,0,0.093839865421958518,-0.024831306049461724,0.044302775279509078,0.10522447015076183,-0.070305528172574822,0.088605550559018156
8.9000000000000004,0.21936167516247371,-2.3989204846566334,-1.5804296304401744,-2.9507311929491742,-0.017212499999999999,88,0.00028573308691462511,0.00042012454628796177,0.026372772822655457,0.027078630455858045,0,0,0,0.082963106910730375,0.018496564322022707,0,0.09245482421421572,-0.024076874923551213,0.047514835298400684,0.10194654151770106,-0.066650314169125133,0.095029670596801369
8.9199999999999999,0.18936010924567498,-2.4413730213696265,-1.4111086638587738,-1.3003957649430795,-0.0034425000000000011,89,0.0002277881476613367,0.00015560134437359892,0.026798532730164235,0.02718192222219917,0,0,0,0.083480615065538596,0.01599959087849975,0,0.091304014976153744,-0.024820342668643056,0.049323193723089673,0.099127414886768891,-0.065640276215785859,0.098646387446179346
8.9399999999999995,0.1631548491266627,-2.451073918047717,-1.2059063579198834,0.32942738169660934,-0.0034425000000000011,89,0.00016635558127285722,0.00021287035582964782,0.026892913565221267,0.02727213950232377,0,0,0,0.083871178438548508,0.013806716746901046,0,0.090544280965362586,-0.02673014534891726,0.04972406373267612,0.097217383492176679,-0.067267007444735558,0.09944812746535224
8.9600000000000009,0.14116998936640568,-2.4281225204951111,-0.99388543845118638,1.9701150365386224,-0.0034425000000000011,89,0.0001130011496213813,0.00056696688969654909,0.026667853474820563,0.027347821514138494,0,0,0,0.084154424636635639,0.011959632689878633,0,0.090093826431517934,-0.029833201061372015,0.048768151014358482,0.096033228226400216,-0.071626034812622655,0.097536302028716965
8.9800000000000004,0.12324034551379379,-2.3719963272213231,-0.80618601429150316,3.6513649700100856,-0.0034425000000000011,89,7.4349957708519927e-05,0.0012429360550337174,0.026092251797057053,0.027409537809799291,0,0,0,0.08435531881392834,0.010448932376109516,0,0.089872604288503716,-0.034092687613640094,0.046323359654506686,0.095389889763079092,-0.0786343076033897,0.092646719309013373
9,0.10849741487394381,-2.2816438336316089,-0.68290755165152772,5.3958297968500144,-0.0034425000000000011,89,5.3349952459329966e-05,0.0023126253501916266,0.025094306091896102,0.027460281394547058,0,0,0,0.084500193801685719,0.0092041972750238569,0,0.089793006964786828,-0.039387083927931228,0.042084718365172025,0.095085820127887938,-0.087978365130886305,0.084169436730344049
9.0199999999999996,0.095150896869528281,-2.1556373275085399,-0.67625430189728963,7.2190539946831578,-0.0034425000000000011,90,5.2315488867973694e-05,0.0038844055607811399,0.023569500415568139,0.027506221465217251,0,0,0,0.084615508260611802,0.0080756276411394629,0,0.089725014105485737,-0.045461193673169087,0.035608309614203769,0.094834519950359672,-0.098998014987477637,0.071216619228407538
9.0400000000000009,0.080249866205255843,-1.9922590720120068,-0.849935965530208,9.1360125122055997,-0.0034425000000000011,90,8.2638537082295905e-05,0.0060765301415866193,0.021398357188781605,0.027557525867450521,0,0,0,0.084726445112406346,0.0068139194751915717,0,0.08944453944829682,-0.051852368296537749,0.026386668317964684,0.094162633784187294,-0.11051865606826708,0.052773336635929369
9.0600000000000005,0.059444471877726703,-1.789413860918339,-1.2813369156043697,11.171261679026692,-0.0034425000000000011,90,0.00018781785798908845,0.0089619697953653189,0.018479397755292337,0.027629185408646742,0,0,0,0.084849864295773736,0.0050498048466037834,0,0.088590568704057557,-0.057803764955593508,0.013988777417993273,0.092331273112341392,-0.12065733475779081,0.027977554835986546
9.0800000000000001,0.02658243870264624,-1.5443261916386986,-2.0778730112311061,13.370558401073897,-0.0034425000000000011,90,0.00049391044527410867,0.012464539969663478,0.01478395464381419,0.027742405058751779,0,0,0,0.08496997016137102,0.0022592411946757282,0,0.086683734973047613,-0.062195384214484631,-0.001707124346694749,0.088397499784724207,-0.126650009623645,-0.0034142486933894981
9.0999999999999996,-0.027254247555660652,-1.2529404870466117,-3.4175278491518366,15.821005683705664,-0.0034425000000000011,90,0.0013360857464397614,0.016151904735008635,0.010439828932407946,0.027927819413856345,0,0,0,0.084968433208623642,-0.0023163242587482045,0,0.0832987981315014,-0.063562618251241237,-0.02015821894152249,0.081629163054379172,-0.12480891224373426,-0.040316437883044981
9.120000000000001,-0.11423195486854394,-0.9093101523858067,-5.4415287451987755,18.620190683910469,-1.2886962890624991e-05,91,0.0033872875177244103,0.018683224335475285,0.0058573421198746803,0.027927853973074377,0,0,0,0.08444602286510923,-0.0096886130207295643,0,0.078644746927742773,-0.060252577068574911,-0.03962172052380785,0.072843470990376316,-0.11081654111642027,-0.079243441047615701
9.1400000000000006,-0.25177182761722827,-0.50471929950749406,-8.4339064444362393,21.882509197944422,-1.2886962890624991e-05,91,0.0081370646150634527,0.017892143575797492,0.0018935236576846581,0.027922731848545605,0,0,0,0.082320166230138811,-0.021175226842759305,0,0.07455016997627574,-0.051381627368016436,-0.056457510798145358,0.06678017372241267,-0.081588027893273574,-0.11291502159629072
9.1600000000000001,-0.44798766713485294,-0.039427737269029706,-10.721242525054047,24.1682878137565,-1.2886962890624991e-05,91,0.013149233784877519,0.014790330994508256,1.1802049023085911e-05,0.027951366828408861,0,0,0,0.076612248792479673,-0.03681797570425617,0,0.075510988394526496,-0.039109520363609644,-0.064449872370782008,0.074409727996573319,-0.041401065022963118,-0.12889974474156402
9.1799999999999997,-0.65054427188849751,0.43221192288398314,-8.9535044993951463,22.407386849569811,-1.2886962890624991e-05,91,0.0091705697568417524,0.017337139866169696,0.0013964716456533704,0.02790418126866482,0,0,0,0.06763911504989735,-0.051477666179293238,0,0.08400161351491478,-0.029978150013887355,-0.058568672928757351,0.10036411197993221,-0.0084786338484814719,-0.1171373458575147
9.2000000000000011,-0.79798916302309686,0.84744462323025127,-5.8669844528340853,19.121358733052727,-1.2886962890624991e-05,91,0.0039376769286407218,0.018838819708246187,0.0051343339785656188,0.027910830615452527,0,0,0,0.059342561807790191,-0.060856062623937494,0,0.093957954471295541,-0.027101560770460789,-0.042692601178365534,0.12857334713480087,0.0066529410830159161,-0.085385202356731069
9.2200000000000006,-0.89182478639738672,1.2002794824117728,-3.6845189262408491,16.244651329179433,-3.9781494140624974e-05,92,0.0015530011943872539,0.016675952282828952,0.0096871145858886554,0.027916068063104864,0,0,0,0.05337940410613027,-0.06614861462853508,0,0.10016830429902193,-0.028391760231763395,-0.023355272740873876,0.14695720449191357,0.0093650941650082892,-0.046710545481747752
9.2400000000000002,-0.95111892365751705,1.4999031289818721,-2.3626863678307708,13.768757705204868,-3.9781494140624974e-05,92,0.00063859035871206013,0.013169613514381484,0.01411020596237837,0.027918409835471912,0,0,0,0.049365668932068008,-0.069195597626506969,0,0.10174102513851263,-0.031829860738991078,-0.0045687820150425969,0.15411638134495725,0.0055358761485248126,-0.0091375640300851938
9.2599999999999998,-0.99017471033844628,1.7525703907681631,-1.6224238940261428,11.527402111083097,-3.9781494140624974e-05,92,0.00030111949524710583,0.0096876554705781475,0.017931102786292445,0.027919877752117697,0,0,0,0.0466262221352641,-0.071070355348717709,0,0.099667560521375681,-0.03627220056522442,0.011659967661792579,0.15270889890748726,-0.0014740457817311314,0.023319935323585159
9.2799999999999994,-1.0186908694501442,1.9619037539838358,-1.2863950106785307,9.4235248428331531,-3.9781494140624974e-05,92,0.00018930361187772726,0.0067567441637523314,0.020974926538784799,0.027920974314414856,0,0,0,0.044580886963342031,-0.072370881696727452,0,0.095350713327759892,-0.041096371324098373,0.024588203103910973,0.14612053969217775,-0.0098218609514692939,0.049176406207821946
9.3000000000000007,-1.0435942575111852,2.1300630287335931,-1.2461105424292902,7.4034171578205932,-3.9781494140624974e-05,92,0.00017763287579975479,0.0045013494007413724,0.023242972847898027,0.027921955124439152,0,0,0,0.042764969751007187,-0.073458541791921253,0,0.090014423242127134,-0.045951577999705229,0.034221427318629052,0.13726387673324708,-0.018444614207489204,0.068442854637258105
9.3200000000000003,-1.0629834803742666,2.2623896050031416,-0.70608449490808722,5.862267046854388,0.015275533447265625,93,5.7032650602027119e-05,0.0026978170214085368,0.024870905540785221,0.027625755212795783,0,0,0,0.041332716632428879,-0.074273861726608367,0,0.084743508334809578,-0.050116157919198837,0.041135854318659612,0.12815430003719028,-0.025958454111789299,0.082271708637319224
9.3399999999999999,-1.0721840720382738,2.3658181665602402,-0.2192060465547902,4.5106949461299646,0.015275533447265625,93,5.4968674590912319e-06,0.0014529476878981909,0.026026759292008896,0.027485203847366177,0,0,0,0.04064761338733227,-0.07465099815751941,0,0.080315715067715315,-0.053051639800498152,0.046045188973874003,0.11998381674809835,-0.031452281443476893,0.092090377947748006
9.3599999999999994,-1.071857088669238,2.4439322394695466,0.25101278698607549,3.3262204463687106,0.015275533447265625,93,7.2077862290576751e-06,0.00065945025658893099,0.026823538064312463,0.027490196107130452,0,0,0,0.040672020848793476,-0.074637703073415315,0,0.077057031795659925,-0.054810566614527836,0.049429400544990072,0.11344204274252637,-0.034983430155640358,0.098858801089980144
9.3800000000000008,-1.0621357394275188,2.4997632173306226,0.72182629885206984,2.2761211594347759,0.015275533447265625,93,5.9604027762045782e-05,0.00022929187215101209,0.027349798509301106,0.027638694409214164,0,0,0,0.041395666766564247,-0.074238795605475513,0,0.075120768720282963,-0.055433626815242915,0.051664621599138226,0.10884587067400167,-0.036628458025010323,0.10332924319827645
9.4000000000000004,-1.0429543351042536,2.5355958435831205,1.1967413952563344,1.3188498599564733,0.015275533447265625,93,0.00016383656478034063,0.00010018215241935352,0.027667682350212303,0.027931701067411996,0,0,0,0.042811968758530126,-0.073431160490752434,0,0.074549795627033816,-0.054927314939664712,0.053014790818095063,0.1062876224955375,-0.036423469388576983,0.10602958163619013
9.4199999999999999,-1.0203028639013614,2.5479280331231422,1.0658302711418082,-0.08349444179491905,0.0045900000000000003,94,0.00012995299938229737,0.00013232331978223661,0.02777339901749518,0.028035675336659713,0,0,0,0.044464167631854991,-0.072442651779226722,0,0.075215180462394685,-0.053568160636723761,0.053463808263231313,0.10596619329293439,-0.034693669494220807,0.10692761652646263
9.4399999999999995,-1.0003802692187207,2.5322049480425211,0.92607974766428114,-1.4933948072450425,0.0045900000000000003,94,9.8108577737403291e-05,0.00039073031465371432,0.027638280761125619,0.028127119653516736,0,0,0,0.045898493910224811,-0.07154249266535978,0,0.076971144026918903,-0.051607656891232825,0.052889911489660289,0.10804379414361298,-0.031672821117105864,0.10577982297932058
9.4600000000000009,-0.98322215635525301,2.4878809745448605,0.79235883665054363,-2.9496129564213041,0.0045900000000000003,94,7.1821425007624013e-05,0.00089313108398507467,0.027240918439210379,0.028205870948203079,0,0,0,0.047119211731856514,-0.070744468941172187,0,0.079765569379503576,-0.049000427869176175,0.051202168022470171,0.11241192702715062,-0.027256386797180156,0.10240433604494034
9.4800000000000004,-0.96849639145756372,2.4136979027253735,0.68776040671677419,-4.4836885775599793,0.0045900000000000003,94,5.411087384096459e-05,0.0016960398429423211,0.02652330382312016,0.028273454539903445,0,0,0,0.048155831734180782,-0.070042957318985813,0,0.083516656200903566,-0.045731734918045913,0.048154195646959552,0.11887748066762635,-0.02142051251710602,0.096308391293919104
9.5,-0.95527696804747375,2.3078734836415524,0.64918475987253965,-6.1163280867035645,0.0045900000000000003,94,4.8211077516815872e-05,0.002893198630611269,0.025392713994270382,0.028334123702398469,0,0,0,0.049077524645489853,-0.069400263505777396,0,0.088070787266504927,-0.041825543892045444,0.043352166132646884,0.12706404988752001,-0.014250824278313486,0.086704332265293768
9.5199999999999996,-0.94226858692624704,2.1679769613145332,0.67802886938401097,-7.8907819204031631,0.0034425000000000011,95,5.2590412585842047e-05,0.0046012085289128639,0.023725102442226406,0.028378901383725112,0,0,0,0.049976131920835165,-0.068755990562505032,0,0.093119800258690794,-0.037396488026630648,0.036269208470210687,0.13626346859654642,-0.0060369854907562637,0.072538416940421374
9.5400000000000009,-0.92687511741908613,1.9914960850221544,0.89978095214511722,-9.7776247977024298,0.0034425000000000011,95,9.2615525797518081e-05,0.0069515076703358528,0.021387782680993651,0.028431905877127024,0,0,0,0.051028562338416836,-0.06797856887044848,0,0.098114372488729895,-0.032633294051716347,0.026341754506429043,0.14520018263904297,0.0027119807670157869,0.052683509012858086
9.5600000000000005,-0.90445815474653024,1.7759616817707258,1.3960298034801397,-11.802002152828999,0.0034425000000000011,95,0.00022294594946284469,0.010006493791071894,0.01827968490166031,0.028509124642195047,0,0,0,0.052539486847864733,-0.066817679709512884,0,0.10217893972273673,-0.027785624229693072,0.013140523707357753,0.15181839259760871,0.01124643125012674,0.026281047414715507
9.5800000000000001,-0.86844625206480586,1.5181801113650675,2.2840026471528292,-14.013728481654542,0.0034425000000000011,95,0.00059676509363075871,0.013649217873411477,0.014387225093662616,0.028633208060704851,0,0,0,0.05491113414833889,-0.064882719937924396,0,0.10407753234051996,-0.023272524044403303,-0.0033921802002097562,0.15324393053270102,0.01833767184911779,-0.0067843604004195123
9.5999999999999996,-0.80919542582297987,1.2135386652135818,3.7635505986376434,-16.510580283434241,0.0034425000000000011,95,0.0016203384016417743,0.017341614009266149,0.0098752810898945567,0.02883723350080248,0,0,0,0.058656880960486352,-0.061517235926099076,0,0.10239015605322947,-0.019817418427652118,-0.022556060610369702,0.14612343114597259,0.021882399070794839,-0.045112121220739404
9.620000000000001,-0.7132923867470774,0.85528814343509207,6.0002934110467212,-19.401277831490706,7.283935546874995e-06,96,0.0041186527898627295,0.019493643340538512,0.0052239266557048553,0.028836222786106099,0,0,0,0.06427799286399645,-0.055617799609261984,0,0.096131954332483907,-0.018803888912577657,-0.042312068230951176,0.12798591580097135,0.01801002178410667,-0.084624136461902352
9.6400000000000006,-0.5623274197674204,0.43405700656698487,9.1770967045837697,-22.73242124608521,7.283935546874995e-06,96,0.0096343145761192735,0.017786717913403721,0.0014082318110987151,0.028829264300621708,0,0,0,0.071911404551267988,-0.04531831743857969,0,0.086373706005052467,-0.022369442251520641,-0.058518723194449902,0.10083600745883695,0.00057943293553840841,-0.1170374463888998
9.6600000000000001,-0.35464315892251613,-0.044396723311866282,10.974932678376264,-24.501636234043819,7.283935546874995e-06,96,0.013778880579088494,0.015071613598854889,1.4963750838463973e-05,0.028865457928781847,0,0,0,0.079710489409340807,-0.029516738947982867,0,0.078716418415939696,-0.032201245713153373,-0.064436443463988857,0.077722347422538599,-0.03488575247832388,-0.12887288692797771
9.6799999999999997,-0.15452094031908903,-0.51545777812347993,8.5726336311850719,-22.128638714475962,7.283935546874995e-06,96,0.0084069552111149751,0.018437457048198345,0.0019731445248431134,0.028817556784156432,0,0,0,0.083987256847723138,-0.01308207503397627,0,0.079093915716247867,-0.044497450453041244,-0.056119331783710868,0.074200574584772597,-0.07591282587210621,-0.11223866356742174
9.7000000000000011,-0.014988205500662127,-0.92455754941097013,5.5118410776398239,-18.833594149758429,7.283935546874995e-06,96,0.0034753902672871075,0.019308128990920999,0.0060411270608396626,0.02882464631904777,0,0,0,0.084990452710806755,-0.0012739497682882977,0,0.084218681066919959,-0.052762024915422243,-0.0388411184979627,0.083446909423033178,-0.10425010006255619,-0.077682236995925399
9.7200000000000006,0.073089190749659375,-1.2724310345322021,3.4612066687737468,-16.035055196138444,2.6334228515624984e-05,97,0.0013704565470284492,0.016735613274913706,0.010721867317020352,0.028827937138962506,0,0,0,0.084773064784857743,0.0062070513919503193,0,0.089275023127322634,-0.055278633537201,-0.018960298517582602,0.093776981469787538,-0.11676431846635231,-0.037920597035165204
9.7400000000000002,0.1289537917040966,-1.5684999618866469,2.2368497387819311,-13.620207436863133,2.6334228515624984e-05,97,0.00057237918074173693,0.013105939604581559,0.015151007708715756,0.028829326494039052,0,0,0,0.084294242904546873,0.0109307187846568,0,0.092588707642113161,-0.05303356747372065,-0.00014811540640606959,0.10088317237967945,-0.1169978537320981,-0.00029623081281213918
9.7599999999999998,0.16620595271625083,-1.8187127256699114,1.564133222517619,-11.429646768879218,2.6334228515624984e-05,97,0.00027987086339934138,0.0096380893346462663,0.01891226103879692,0.028830221236842528,0,0,0,0.083828662393008291,0.014062551738537302,0,0.094173400495232124,-0.047603749942611934,0.015827306484866289,0.10451813859745596,-0.10927005162376116,0.031654612969732578
9.7799999999999994,0.19408054882308037,-2.0265806889936089,1.2783406564528819,-9.3749566514730009,2.6334228515624984e-05,97,0.00018694050402430531,0.0067737810803319793,0.021870199301904494,0.02883092088626078,0,0,0,0.083404160165260699,0.016393476358830691,0,0.094574016420675755,-0.040434767984093206,0.028390754765139713,0.10574387267609082,-0.097263012327017104,0.056781509530279425
9.8000000000000007,0.21923030675738356,-2.1942873557558844,1.277172233337766,-7.4077097419046121,2.6334228515624984e-05,97,0.00018659892717972696,0.004592473217133717,0.024052503603500901,0.028831575747814343,0,0,0,0.082965536059003558,0.018485665431414181,0,0.094353577694838403,-0.032625017193712746,0.03765980123811119,0.10574161933067326,-0.083735699818839673,0.07531960247622238
9.8200000000000003,0.23938432815004826,-2.3277587640293422,0.74817611200092249,-5.9763011334776444,-0.015063739013671876,98,6.4035069014111963e-05,0.0028496532414001687,0.02561427489992513,0.028527963210339412,0,0,0,0.082576151693010025,0.020153887257127301,0,0.093693197660977903,-0.025395780780458566,0.04429321653043293,0.10481024362894577,-0.070945448818044432,0.08858643306086586
9.8399999999999999,0.24937491323043201,-2.434777779259317,0.25293377626558572,-4.7606222888956928,-0.015063739013671876,98,7.3185300835676648e-06,0.0016363994639060255,0.026733742481143932,0.028377460475133523,0,0,0,0.082370684914664372,0.020977851813021385,0,0.092708389361874713,-0.019613711296101614,0.049048005781277312,0.10304609380908505,-0.060205274405224614,0.098096011562554625
9.8599999999999994,0.2494809618179229,-2.5195157289628218,-0.24462604848920905,-3.7447592020102327,-0.015063739013671876,98,6.8456644305114955e-06,0.00084202669629406554,0.027526988126445804,0.02837586048717038,0,0,0,0.082368459779932346,0.020986586989829231,0,0.09164841138707723,-0.015435501131658657,0.052417210866657342,0.1009283629942221,-0.051857589253146541,0.10483442173331468
9.8800000000000008,0.23945262551890839,-2.5857323668557326,-0.7622734570510985,-2.9036668359949886,-0.015063739013671876,98,6.6470937101574174e-05,0.00037497634094849791,0.028085477224216206,0.028526924502266279,0,0,0,0.082574775042949647,0.020159526944009933,0,0.090646884424831778,-0.012904374713119737,0.054789318825247221,0.098718993806713909,-0.045968276370249403,0.10957863765049444
9.9000000000000004,0.21882041546753109,-2.6366143157399691,-1.305091792921468,-2.2056191662921618,-0.015063739013671876,98,0.00019484637192580812,0.00016654343775253925,0.028476333697302465,0.028837723506980814,0,0,0,0.082973106202483021,0.018451657028881567,0,0.089746895553917752,-0.012008606912189017,0.056449429567203821,0.096520684905352497,-0.042468870853259601,0.11289885913440764
9.9199999999999999,0.19488285970679092,-2.6679290725718268,-1.0860646891051093,-0.93443743291621373,-0.0022949999999999984,99,0.00013493406188510605,5.7891058744939325e-05,0.028699842038687688,0.028892667159317733,0,0,0,0.083390980658424874,0.016460387140836353,0,0.089088530138952224,-0.012404319045347209,0.057398751438530779,0.094786079619479588,-0.041269025231530768,0.11479750287706156
9.9399999999999995,0.1754495908398914,-2.6741962941056254,-0.85601038220768499,0.30615077096954213,-0.0022949999999999984,99,8.3823978656049646e-05,0.00011045482424176932,0.02874298960242936,0.02893726840532718,0,0,0,0.083695093766721129,0.014836821741187002,0,0.088767775403409244,-0.013778374467092699,0.057582014961048929,0.093840457040097358,-0.042393570675372402,0.11516402992209786
9.9600000000000009,0.16067577716553569,-2.6555954170283034,-0.6210445537612036,1.559714528651462,-0.0022949999999999984,99,4.4122053971264194e-05,0.00031366917613702644,0.028613380717476197,0.028971171947584487,0,0,0,0.083905148520331929,0.013598751846439531,0,0.088725078617191977,-0.016140517992545456,0.057031518507799014,0.093545008714052039,-0.045879787831530447,0.11406303701559803
9.9800000000000004,0.15059273408901047,-2.6114392945148746,-0.38878614437008596,2.8681301944783693,-0.0022949999999999984,99,1.7291463985487043e-05,0.00068982728721061657,0.028287187149103419,0.028994305900299524,0,0,0,0.084037997809587539,0.01275205568352647,0,0.088931101805769172,-0.019494248215883733,0.055646054829695105,0.093824205801950791,-0.051740552115293936,0.11129210965939021
10,0.14499824538302805,-2.5402784436097008,-0.17618784111773328,4.2647223303946262,-0.0022949999999999984,99,3.5510932306100509e-06,0.0012955351483849341,0.027708047971940625,0.02900713421355617,0,0,0,0.084108023548977992,0.012281708948048056,0,0.089380397768461295,-0.023824746341450018,0.053186238412931637,0.094652771987944584,-0.059931201630948089,0.10637247682586327
10.02,0.14012331315640114,-2.4425868222044276,-0.3161391653698728,5.5317690921130875,-0.0080325000000000014,100,1.1433173949942751e-05,0.0022244530322703903,0.026810401897546552,0.029046288103766884,0,0,0,0.084166896400476907,0.011871543720653575,0,0.089963418636097664,-0.029224652188541415,0.049373606428587125,0.095759940871718421,-0.070320848097736408,0.098747212857174249
10.040000000000001,0.13203025803415408,-2.3178828026307361,-0.5053531101318961,6.9673011684080226,-0.0080325000000000014,100,2.9214609930554419e-05,0.0035773320019642819,0.025504747369097334,0.029111293980992169,0,0,0,0.084260216062057636,0.011189995048049226,0,0.090489992606399602,-0.035719973668702255,0.043828012950634265,0.096719769150741569,-0.082629942385453736,0.087656025901268531
10.06,0.11923627357655951,-2.1627344519275473,-0.79648205145574003,8.5769510280617194,-0.0080325000000000014,100,7.2570847243264022e-05,0.0054823466930567352,0.023659152205845919,0.029214069746145918,0,0,0,0.084396480762729015,0.010111084752206963,0,0.090763611999159347,-0.043034891379767605,0.035989093636790336,0.097130743235589678,-0.09618086751174218,0.071978187273580671
10.08,0.09902737794746086,-1.9736022926950509,-1.2604819006646197,10.367484593782793,-0.0080325000000000014,100,0.00018175377268478922,0.0080559134634977589,0.021138764270782196,0.029376431506964742,0,0,0,0.084583567558981762,0.0084035765597256507,0,0.090450027391447058,-0.050643437297381487,0.025284082019971951,0.096316487223912353,-0.10969045115448862,0.050568164039943901
10.1,0.067029930227066353,-1.7467116617498109,-1.9950004049607761,12.357655418318988,-0.0080325000000000014,100,0.0004552984614025624,0.011334693659430158,0.017843552038121293,0.029633544158954014,0,0,0,0.084809118494743665,0.0056932785057932818,0,0.089062637594668717,-0.057668667514961899,0.011288107535343588,0.093316156694593783,-0.12103061353571708,0.022576215070687175
10.120000000000001,0.019438686605579583,-1.4774121648578422,-2.852581612297107,14.606800914080175,-5.0427246093749966e-06,101,0.00093086427509983885,0.01493319736860943,0.013769819568653714,0.029633881212362982,0,0,0,0.084983941347852768,0.0016521843071281895,0,0.086232195066160269,-0.062554648021568487,-0.0060145278259696212,0.087480448784467771,-0.12676148035026516,-0.012029055651939242
10.140000000000001,-0.051388865063298608,-1.1606426781527688,-4.3631876623720895,17.129382791267144,-5.0427246093749966e-06,101,0.0021777999898900929,0.018325829862030026,0.0091305067411090908,0.029634136593029211,0,0,0,0.084887790040346231,-0.0043661312470076614,0,0.081849458786618354,-0.063438387885247347,-0.025719390328282826,0.078811127532890476,-0.12251064452348702,-0.051438780656565652
10.16,-0.16156076068242373,-0.7891589692890193,-6.8373548422358441,20.110250299477283,-5.0427246093749966e-06,101,0.0053479390004459362,0.019795714300717082,0.0044883007953251432,0.029631954096488163,0,0,0,0.083893080993589622,-0.01367300118492692,0,0.076529029569065224,-0.058856421726105349,-0.045436540964470175,0.06916497814454084,-0.10403984226728379,-0.09087308192894035
10.18,-0.3311860857651362,-0.35328098874419211,-10.131315488606813,23.425995854435847,-5.0427246093749966e-06,101,0.011741994842322846,0.016945757743760871,0.00093784023919498956,0.029625592825278706,0,0,0,0.08038087350469808,-0.027639015442336708,0,0.073124629539275274,-0.048741909990832527,-0.060516648661251317,0.065868385573852481,-0.069844804539328342,-0.12103329732250263
10.200000000000001,-0.552088004321033,0.13286270596216365,-11.220125010968582,24.475241952651359,-5.0427246093749966e-06,101,0.014401429335257067,0.015120733923237354,0.00013383730885423062,0.029656000567348653,0,0,0,0.072371659756982648,-0.044579623865837401,0,0.076852936852629519,-0.037304608217007575,-0.063931543880163824,0.08133421394827639,-0.030029592568177749,-0.12786308776032765
10.220000000000001,-0.75071197711055149,0.59748605795338072,-8.3237129175988613,21.651234937151472,-5.0427246093749966e-06,102,0.0079258234222854274,0.019065174642807575,0.0026309159905537004,0.029621914055646702,0,0,0,0.06215228664289156,-0.057983560299966437,0,0.086904784349704473,-0.031451482506836478,-0.05332553520831762,0.11165728205651737,-0.0049194047137065128,-0.10665107041663524
10.24,-0.88588180136438366,0.99749294181613202,-5.3587276013307505,18.427477356446055,-5.0427246093749966e-06,102,0.0032849863463625993,0.019394357213214402,0.0069489034520730459,0.029628247011650045,0,0,0,0.053771579366008709,-0.065830215345880697,0,0.095738216434268858,-0.031550935778224834,-0.034985459343896345,0.13770485350252901,0.0027283437894310286,-0.069970918687792691
10.26,-0.97233541226159648,1.338215489323928,-3.4462503388395644,15.720255711972117,-5.0427246093749966e-06,102,0.001358638289919863,0.01658494879897994,0.011685692043195188,0.029629279132094993,0,0,0,0.047886581162527343,-0.070227311955995311,0,0.09974186923050718,-0.034868241651132781,-0.014866581535868218,0.151597157298487,0.0004908286537297496,-0.029733163071736436
10.279999999999999,-1.0289601066697636,1.628615567405916,-2.322346740860092,13.363763078109315,-5.0427246093749966e-06,102,0.00061697040555929491,0.012949055185512676,0.016063426909508297,0.029629452500580265,0,0,0,0.043835355606027054,-0.072824869370930925,0,0.099004234820544892,-0.03961715530780538,0.0037272634620637802,0.15417311403506273,-0.0064094412446798338,0.0074545269241275604
10.300000000000001,-1.0687099490908933,1.8741139834258416,-1.7254770124649328,11.212395673324956,-5.0427246093749966e-06,102,0.00034058738801483548,0.0095672618574684579,0.019721720928982733,0.029629570174466026,0,0,0,0.040906714312824548,-0.074509333134372885,0,0.09486516940172024,-0.044885351624537467,0.019265379412940594,0.14882362449061592,-0.015261370114702043,0.038530758825881188
10.32,-1.0945812877563861,2.0801165409960092,-0.89918082808877453,9.4320491819742696,0.014290521240234378,103,9.2492024028309542e-05,0.0065770100529485374,0.022590269909093717,0.029259771986070562,0,0,0,0.038965583949300109,-0.075542592406469919,0,0.08901336234111254,-0.049727474758546657,0.031449158635294419,0.13906114073292497,-0.023912357110623395,0.062898317270588838
10.34,-1.105776237424186,2.2531219403168539,-0.23994793443845519,7.9114134242170602,0.014290521240234378,103,6.5863413901223975e-06,0.0043310841126954639,0.024762090698157779,0.029099761152243366,0,0,0,0.038117464401773715,-0.075974067336029308,0,0.082860813387830939,-0.053525578371382679,0.040673677786942648,0.12760416237388816,-0.031077089406736043,0.081347355573885297
10.359999999999999,-1.1046973495485219,2.3982803686455032,0.34022460238443131,6.6473211341637954,0.014290521240234378,103,1.3241635736488239e-05,0.0027357328304000081,0.026366196805278699,0.029115171271415195,0,0,0,0.038199409701641769,-0.075932898656946565,0,0.07719238214171989,-0.05631678290120877,0.047486904541618663,0.11618535458179802,-0.036700667145470982,0.094973809083237326
10.380000000000001,-1.0922896309277599,2.5207222756745375,0.90113425269265046,5.6396931511837156,0.014290521240234378,103,9.2894328981152008e-05,0.0016619342262674975,0.027537656091088727,0.029292484646337377,0,0,0,0.039138599177954904,-0.075453098374999736,0,0.07244665423283711,-0.058175734764147308,0.052462521623720379,0.1057547092877193,-0.040898371153294873,0.10492504324744076
10.4,-1.0685083462287337,2.6255620582991837,1.4829954162456533,4.8865989559140779,0.014290521240234378,103,0.00025158794263936359,0.000986422151169841,0.028394325413551073,0.029632335507360278,0,0,0,0.040921734776239893,-0.074501084709573728,0,0.068816985021136812,-0.05917886441588957,0.056101110319194146,0.09671223526603373,-0.04385664412220542,0.11220222063838829
10.42,-1.04147908986599,2.710184422795721,1.2129384196040807,3.5978053046747847,3.8660888671874979e-05,104,0.0001683013932738809,0.00048470149379980756,0.028980396239292612,0.029633399126366301,0,0,0,0.04292025110221686,-0.073367922454725773,0,0.066200067454783226,-0.059749224663709286,0.058590367988840514,0.089479883807349586,-0.046130526872692798,0.11718073597768103
10.44,-1.0201518024419223,2.7703097124995031,0.91789072803182314,2.4339110011887639,3.8660888671874979e-05,104,9.6381165142497643e-05,0.00020082026942162248,0.02933703433626058,0.029634235770824701,0,0,0,0.044475110417190301,-0.072435934130642171,0,0.064417426950949444,-0.06019150406346227,0.060105140741847515,0.08435974348470858,-0.047947073996282376,0.12021028148369503
10.460000000000001,-1.0047838424945741,2.8082046629831794,0.61917656053312309,1.3693487945853169,3.8660888671874979e-05,104,4.3857030325144438e-05,5.5367284861531147e-05,0.029535611192720093,0.02963483550790677,0,0,0,0.045583007300993877,-0.071743915737834799,0,0.063398616199057636,-0.060424641871607426,0.060948569455997685,0.081214225097121395,-0.049105368005380054,0.12189713891199537
10.48,-0.99536358285990689,2.8254947681333231,0.32332091951678293,0.36641125056811674,3.8660888671874979e-05,104,1.1958530536073015e-05,3.8566443203551875e-06,0.029619385643063243,0.02963520081791967,0,0,0,0.046256821086069676,-0.071311335024744418,0,0.063078308999734559,-0.06039990619573872,0.061304390261056912,0.079899796913399448,-0.049488477366733022,0.12260878052211382
10.5,-0.99184493424992481,2.8229752372515851,0.028318307643799445,-0.6193195525971904,3.8660888671874979e-05,104,9.1737055708718896e-08,2.7797348661204608e-05,0.029607445931996743,0.029635335017713656,0,0,0,0.046507453748196967,-0.071148132413010823,0,0.063419678011469624,-0.060093105934769034,0.061253677930669145,0.080331902274742295,-0.049038079456527238,0.12250735586133829
10.52,-0.98968437729134773,2.8048260696837968,0.18539987487519005,-1.2045151850632645,0.0068850000000000014,105,3.9321409749607317e-06,0.00012753829462403235,0.029518739324855423,0.029650209760454415,0,0,0,0.046661064672674696,-0.071047484428461441,0,0.064475752333381056,-0.05934753052092067,0.060876908447398168,0.082290439994087416,-0.047647576613379899,0.12175381689479634
10.540000000000001,-0.98454842670324461,2.7743269923058884,0.32464403316223095,-1.8599249092818386,0.0068850000000000014,105,1.2056605661223083e-05,0.00031445982786627966,0.029359053725108924,0.029685570158636425,0,0,0,0.047025344026745478,-0.070806899516687172,0,0.066317873859055979,-0.057994054176709518,0.060198665159314144,0.085610403691366466,-0.045181208836731865,0.12039733031862829
10.56,-0.97685705338221784,2.7297395912517874,0.44031096021717481,-2.618809967739411,0.0068850000000000014,105,2.2178348241778157e-05,0.00061442041132522102,0.029101925836306438,0.029738524595873436,0,0,0,0.047568550017584137,-0.070443119246840546,0,0.06896657903058051,-0.055993543131170637,0.059106548744081035,0.090364608043576891,-0.04154396701550072,0.11821309748816207
10.58,-0.96710044317237009,2.6686764223315009,0.53168155265638306,-3.5123656036317419,0.0068850000000000014,105,3.2338017425669727e-05,0.0010683445828298121,0.028705015180407419,0.029805697780662901,0,0,0,0.048253561128640869,-0.06997566604473672,0,0.072439408813570333,-0.053297678600263909,0.057420723668057325,0.096625256498499817,-0.036619691155791098,0.11484144733611465
10.6,-0.95570011092744234,2.5881740829387656,0.60712274702406244,-4.5663271439031154,0.0068850000000000014,105,4.2166078801617801e-05,0.0017370162541317713,0.028105004705770261,0.029884187038703651,0,0,0,0.049048154025332982,-0.069421024097222978,0,0.07673579735824472,-0.04985882644238511,0.054872259198820342,0.10442344069115646,-0.030296628787547235,0.10974451839764068
10.620000000000001,-0.94277887831167273,2.4848424440513952,0.68890493073018244,-5.7970801718173686,0.0068850000000000014,106,5.429111895170224e-05,0.0027060540261776402,0.027212801711303219,0.029973146856432563,0,0,0,0.049941039825852691,-0.068781483999057452,0,0.081807288523380317,-0.045643954786608917,0.051082745970536955,0.11367353722090795,-0.022506425574160376,0.10216549194107391
10.640000000000001,-0.92784295114474369,2.3550740204545342,0.81676987700914949,-7.2101225080871805,0.0068850000000000014,106,7.6314951221970238e-05,0.0040877843725551765,0.025911880340818736,0.030075979664595881,0,0,0,0.050962746497833923,-0.06802792418850892,0,0.087505315789269456,-0.040652258718864388,0.045557255949790751,0.12404788508070499,-0.013276593249219856,0.091114511899581502
10.66,-0.90942280693810595,2.1952325528791556,1.048382699277985,-8.8040337184767843,0.0068850000000000014,106,0.00012573317929671584,0.0060129248831333817,0.024064152581415865,0.030202810643845963,0,0,0,0.052207114181276916,-0.067077695464760237,0,0.093502028811456916,-0.034937528628878077,0.037709278718212128,0.13479694344163692,-0.0027973617929959171,0.075418557436424255
10.68,-0.88472423671076528,2.0017032720921568,1.4587556278433684,-10.579944402805342,0.0068850000000000014,106,0.00024343067058062441,0.0086005171208006145,0.021528946345227559,0.030372894136608798,0,0,0,0.053847746053645916,-0.065767927175349392,0,0.099191931402970362,-0.028642199140924647,0.026941328343644072,0.1445361167522948,0.0084835288935000974,0.053882656687288144
10.700000000000001,-0.84923428093036524,1.7707276044791378,2.1472307348577706,-12.553095224366988,0.0068850000000000014,106,0.0005274334095727015,0.011888075877685839,0.018201825803865854,0.030617335091124395,0,0,0,0.056147448876723217,-0.063815859977248243,0,0.10360781052039503,-0.022058556541881075,0.012809827573334414,0.15106817216406684,0.019698746893486094,0.025619655146668828
10.720000000000001,-0.79857660966853206,1.4977079511203399,3.0083489451584313,-14.784000068928766,0,107,0.0010353009811815551,0.015505184830325376,0.014076956608210584,0.030617442419717516,0,0,0,0.059306801880635827,-0.060890912710280604,0,0.10538890138868008,-0.016007664551875196,-0.0047100042124932733,0.15147100089672433,0.028875583606530211,-0.0094200084249865465
10.74,-0.72451526808701427,1.1775474056905102,4.5331934353569068,-17.291945960215038,0,107,0.0023508163830936457,0.018899757471196748,0.009366781992045976,0.030617355846336368,0,0,0,0.063649766039022476,-0.056335666173195312,0,0.10313553328523409,-0.011723433500450547,-0.024715842711323589,0.1426213005314457,0.032888799172294217,-0.049431685422647177
10.76,-0.6106350557522241,0.80290915900077753,7.0436941928856633,-20.265578670074166,0,107,0.0056755923063532441,0.020301453637289701,0.0046375117001733919,0.030614557643816338,0,0,0,0.069639144234175943,-0.048737968672603091,0,0.096244342660180268,-0.010723186747379494,-0.044802787545984574,0.12284954108618459,0.027291595177844102,-0.089605575091969147
10.779999999999999,-0.43611270253785051,0.36373486392772136,10.426247894886769,-23.611430799406367,0,107,0.012435587262593308,0.017177217424860426,0.00099354222919412335,0.030606346916647854,0,0,0,0.07704404900862262,-0.035905633434838012,0,0.086737296609997003,-0.015106472639963956,-0.060280061887554692,0.096430544211371386,0.0056926881549100999,-0.12056012377510938
10.800000000000001,-0.20811252364755567,-0.1269717670543038,11.618258003041189,-24.741789107118414,0,107,0.015441597903490452,0.015075703235310897,0.00012224771451791694,0.030639548853319265,0,0,0,0.083165924015129622,-0.017562149148372654,0,0.081478368576165028,-0.025553603168181671,-0.06398076913643426,0.079790813137200434,-0.033545057187990682,-0.12796153827286852
10.82,-0.0019169560907718597,-0.59698586118782515,8.6631208734726659,-21.912108947600093,0,108,0.0085853687709744261,0.01938835558749533,0.0026266443516479313,0.030600368710117686,0,0,0,0.084999843824420038,-0.0001629411679216861,0,0.084930337302618453,-0.03642169377949369,-0.053343678424872872,0.084860830780816882,-0.072680446391065703,-0.10668735684974574
10.84,0.1391357526339278,-1.0020020199860618,5.6125948354139483,-18.670451381822513,0,108,0.0036036084028907437,0.019996386344946934,0.007006513212508318,0.030606507960345995,0,0,0,0.084178579223525909,0.011788418040966069,0,0.091715475048506051,-0.042030947721071271,-0.034740769569706433,0.099252370873486193,-0.095850313483108601,-0.069481539139412865
10.859999999999999,0.23010456409153227,-1.3475502334320026,3.6490663585562526,-15.961998313638523,0,108,0.0015232589150563779,0.017260109781676435,0.011823782021733759,0.030607150718466571,0,0,0,0.082759616870692915,0.019386743290612813,0,0.097105661513176608,-0.041854752530745332,-0.014280062768714926,0.11145170615566032,-0.10309624835210347,-0.028560125537429853
10.880000000000001,0.29048568670429836,-1.642858358578402,2.498177026465191,-13.6141327887832,0,108,0.00071393163561399027,0.013613834752504533,0.016279258486098614,0.030607024874217136,0,0,0,0.081438914740800339,0.024345495801906664,0,0.099864903559234261,-0.037291882405928345,0.0046439792987538874,0.11829089237766818,-0.098929260613763351,0.0092879585975077748
10.9,0.33360392545148843,-1.8935094631788303,1.888300411473552,-11.478369912675648,0,108,0.00040789875699678721,0.010197091606103001,0.020001942205214313,0.030606932568314101,0,0,0,0.080313811910261809,0.027833282530867427,0,0.1003440863676696,-0.029964704231890273,0.020455581911375767,0.12037436082507738,-0.087762690994647979,0.040911163822751534
10.92,0.36228858593251406,-2.1053137121348406,1.0165120341387954,-9.7508156241439536,-0.015093995361328126,109,0.00011820483885582322,0.0071337084873911889,0.022921959095303424,0.030173872421550438,0,0,0,0.079482493905111529,0.030125291079488522,0,0.0991536677673268,-0.021775085666562843,0.032857964217224873,0.11882484162954207,-0.073675462412614204,0.065715928434449747
10.94,0.37528802876003792,-2.2854805702478025,0.3005505938583044,-8.3149580270766332,-0.015093995361328126,109,1.0333451065457706e-05,0.0048289050626832003,0.025138386216533408,0.029977624730282065,0,0,0,0.079084177334961522,0.031155944781892906,0,0.096940882379159182,-0.014170327241613722,0.04227194281572124,0.11479758742335684,-0.059496599265120353,0.084543885631442481
10.960000000000001,0.37470400784858465,-2.4399002959229996,-0.35504696307141337,-7.1779618929112408,-0.015093995361328126,109,1.4420549537716846e-05,0.0031879005448463595,0.026784108693922726,0.029986429788306804,0,0,0,0.07910235957016383,0.031109752657848485,0,0.094340820147381516,-0.0076368809503340913,0.049261929552848811,0.1095792807245992,-0.046383514558516664,0.098523859105697623
10.98,0.36103766757547884,-2.5746698388603537,-1.0170493769885223,-6.3521924485860533,-0.015093995361328126,109,0.00011832984143464548,0.0020783357554433821,0.027996043489391314,0.03019270908626934,0,0,0,0.07952011598794044,0.030025841424754451,0,0.091756177442701203,-0.0023800123314688046,0.054409460964115322,0.10399223889746197,-0.034785866087692061,0.10881892192823064
11,0.33366061927627755,-2.6961488442131412,-1.7327360833643346,-5.8513735727564731,-0.015093995361328126,109,0.00034345911398435267,0.0013725671526941424,0.028889914772216231,0.030605941038894725,0,0,0,0.080312233805947625,0.027837835783314849,0,0.089413689243288408,0.0015801114850689142,0.05820606002470366,0.098515144680629191,-0.02467761281317702,0.11641212004940732
11.02,0.30099763750752245,-2.8021092748304071,-1.5292043027074746,-4.778159137513124,7.283935546874995e-06,110,0.00026751074384604226,0.00083316073114642162,0.029505053631856803,0.030605725106849266,0,0,0,0.08117850129604863,0.025200216811119551,0,0.087546299622058676,0.0046873645394324009,0.060818780291610613,0.093914097948068709,-0.015825487732254749,0.12163756058322123
11.040000000000001,0.27251556236482893,-2.8886283804794726,-1.3213633847416393,-3.9077668330305846,7.283935546874995e-06,110,0.00019973526164992767,0.00051733202972175437,0.029888466225650244,0.030605533517021926,0,0,0,0.081863233789721421,0.022878176358473452,0,0.086208132370789392,0.0073311571047793636,0.062447274149041117,0.09055303095185735,-0.0082158621489147252,0.12489454829808223
11.06,0.24796433840441034,-2.9597478419461636,-1.1397458892743468,-3.2366814165213666,7.283935546874995e-06,110,0.00014860255459205594,0.00033539004919602581,0.030121371307210987,0.030605363910999068,0,0,0,0.082400193787181733,0.020861640966973304,0,0.0852630136270629,0.009553953812475138,0.06343650742104566,0.088125833466944067,-0.0017537333420230283,0.12687301484209132
11.08,0.2266512277256964,-3.0193365591883587,-0.99903731065421153,-2.752170769936654,7.283935546874995e-06,110,0.00011417568405214346,0.00023262480760563676,0.030258413007231262,0.030605213498889044,0,0,0,0.082826072207505097,0.019100831465597337,0,0.084593660727098605,0.01143611725560624,0.06401857376499856,0.086361249246692112,0.0037714030456151449,0.12803714752999712
11.1,0.20769599787817489,-3.0709716416833173,-0.90433002190210077,-2.4388433935636713,7.283935546874995e-06,110,9.35543754526537e-05,0.00017761636521423192,0.030333907258803097,0.030605077999469984,0,0,0,0.083173231888221594,0.017527506875426403,0,0.084111730892933681,0.013074050037522041,0.064339225530084504,0.085050229897645768,0.0086205931996176811,0.12867845106016901
11.120000000000001,0.19370226087330922,-3.1144412754769828,-0.50189689787054204,-1.9315294632740723,0.0048180432128906254,111,2.8816367167532811e-05,0.00014267909940803657,0.030366162848742235,0.030537658315317805,0,0,0,0.083410355652032683,0.016361924397864137,0,0.083747420673866854,0.014643623257643835,0.064476226846509666,0.084084485695701025,0.012925322117423532,0.12895245369301933
