time_s,arm_angle_rad,pendulum_angle_rad,arm_speed_rad_s,pendulum_speed_rad_s,preceding_interval_torque_nm,decision_index,arm_kinetic_energy_j,pendulum_kinetic_energy_j,potential_energy_j,total_energy_j,origin_x_m,origin_y_m,origin_z_m,pivot_x_m,pivot_y_m,pivot_z_m,center_x_m,center_y_m,center_z_m,tip_x_m,tip_y_m,tip_z_m
0,-0.11653198162841348,-0.19151220601164454,0.30524746510141387,0.1329628387214612,0,-1,1.0658947876980342e-05,1.4722607584561899e-05,0.00027763556465564178,0.00030301712011718404,0,0,0,0.084423515450713596,-0.0098828153348690211,0,0.08299606871857157,-0.022076716279357311,-0.063320779966634211,0.081568621986429543,-0.034270617223845605,-0.12664155993326842
0.02,-0.10832666499606952,-0.18658276188056711,0.51625619607353346,0.35706202630972067,0.0057374999999999995,0,3.0488830120288999e-05,5.6038154137272581e-05,0.00026356801638028379,0.00035009500063784538,0,0,0,0.084501764185415135,-0.0091897687431453951,0,0.083208181779056645,-0.02108451805748926,-0.063380530001782689,0.081914599372698141,-0.032979267371833119,-0.12676106000356538
0.040000000000000001,-0.095826197091533047,-0.17739721038604728,0.73556714219666519,0.55613097188826566,0.0057374999999999995,0,6.1894897553133678e-05,0.00012159931607811102,0.00023832209755279198,0.00042181631118403664,0,0,0,0.084610035494266531,-0.0081327666669441644,0,0.083520990971126641,-0.019462748151870466,-0.063487758675022127,0.082431946447986737,-0.030792729636796766,-0.12697551735004425
0.059999999999999998,-0.078817819981265511,-0.16459749452227967,0.96774653995131787,0.71637909933970911,0.0057374999999999995,0,0.00010713551480088174,0.0002070197515909072,0.0002052464634411351,0.00051940172983292398,0,0,0,0.084736116080091808,-0.0066925803440234313,0,0.083903979104603177,-0.017228435234806931,-0.063628243019702962,0.083071842129114559,-0.027764290125590427,-0.12725648603940592
0.080000000000000002,-0.057004877978096488,-0.14907753797421464,1.2165624755990119,0.82655384068629978,0.0057374999999999995,0,0.00016930860823713461,0.00030681063371924936,0.00016843406306471008,0.00064455330502109407,0,0,0,0.084861931259770346,-0.004842790813365098,0,0.084316124534901352,-0.014407154535028267,-0.063784598780730936,0.083770317810032358,-0.023971518256691436,-0.12756919756146187
0.10000000000000001,-0.030026127433797949,-0.13192345242157799,1.4846532275786641,0.87882231072766781,0.0057374999999999995,0,0.00025215074743798252,0.00041523848072228095,0.00013195444631086369,0.00079934367447112716,0,0,0,0.084961686224701793,-0.0025518373489150734,0,0.084706970752473798,-0.011032415484983489,-0.063939541087704457,0.084452255280245803,-0.019512993621051904,-0.12787908217540891
0.12,-0.0091148793983507614,-0.10294612201773568,0.6096142749640896,2.0062075740617225,-0.0103275,1,4.2512873692537502e-05,0.00046046493435279121,8.0398207475335833e-05,0.00058337601552066454,0,0,0,0.084996469080822173,-0.00077475402086261459,0,0.084936053737735384,-0.0074027813720029326,-0.064158519336241351,0.084875638394648595,-0.014030808723143251,-0.1283170386724827
0.14000000000000001,-0.0054430005910468971,-0.052436926438398146,-0.23507426518503227,3.0190358724267563,-0.0103275,1,6.3215034717955282e-06,0.00051825022053227391,2.087300172363128e-05,0.00054544472572770066,0,0,0,0.084998740887252636,-0.00046265276578625421,0,0.08498034019608397,-0.0038432346977526435,-0.064411344708955015,0.084961939504915318,-0.0072238166297190322,-0.12882268941791003
0.16,-0.018102245007125841,0.016504595237589292,-1.0171287154984305,3.8356923808303183,-0.0103275,1,0.0001183483036247533,0.00055576420571707764,2.0682825393836141e-06,0.00067618079188121454,0,0,0,0.084986073501147924,-0.0015386067910563455,0,0.08500534225348276,-0.00047428313687561396,-0.064491215245755254,0.08502461100581761,0.00059004051730511759,-0.12898243049151051
0.17999999999999999,-0.04543484615511123,0.09914925416411835,-1.6958190708857837,4.3779021825723019,-0.0103275,1,0.00032897980303331164,0.0005549057984632498,7.458183454576856e-05,0.00095846743604232991,0,0,0,0.084912281268638576,-0.0038606333360746994,0,0.085202267249613411,0.0025174318768037634,-0.064183223604545661,0.085492253230588233,0.0088954970896822257,-0.12836644720909132
0.20000000000000001,-0.085023716969645613,0.1894266759355494,-2.2394454754174822,4.5939816763291947,-0.0103275,1,0.00057370837835805791,0.00052198064213920109,0.00027163969016370289,0.0013673287106609618,0,0,0,0.084692951160034891,-0.0072183117003871656,0,0.085724327551230467,0.0048828989362295514,-0.063346246643885051,0.086755703942426043,0.016984109572846268,-0.1266924932877701
0.22,-0.13010282102881035,0.27683690447621823,-2.2528332215957336,4.1011815189288336,-0.0045900000000000003,2,0.00058058831387647596,0.00041543079491684334,0.00057820589791358207,0.0015742250067069014,0,0,0,0.08428162754538078,-0.011027568104605451,0,0.086568716146185859,0.0064522196226484696,-0.062044147562378603,0.088855804746990924,0.02393200734990239,-0.12408829512475721
0.23999999999999999,-0.17465546073924654,0.35186170593167088,-2.1940429035416824,3.3674010320214349,-0.0045900000000000003,2,0.00055068143803824296,0.00029763258279181734,0.00093039770740256623,0.0017787117282326266,0,0,0,0.083706849741380207,-0.01477035227657068,0,0.087569673956384694,0.0071211260096748982,-0.060548259822449178,0.091432498171389168,0.029012604295920476,-0.12109651964489836
0.26000000000000001,-0.21765135224037718,0.41040209125212801,-2.1027814905221658,2.4640738418453152,-0.0045900000000000003,2,0.00050582291193505173,0.00020921029589260744,0.0012610283172096899,0.001976061525037349,0,0,0,0.082994620651250017,-0.018354643634652966,0,0.088551561350474095,0.0067723048637025399,-0.059143950402609204,0.094108502049698159,0.031899253362058046,-0.11828790080521841
0.28000000000000003,-0.25873139959994967,0.44971644185195725,-2.0056751111030078,1.4543748387201436,-0.0045900000000000003,2,0.00046018385392245143,0.00019451232415167082,0.0015099259106922936,0.0021646220887664158,0,0,0,0.0821708032973264,-0.021747622524590886,0,0.089344654976572804,0.0053579222103796488,-0.058086791069094916,0.096518506655819208,0.032463466945350183,-0.11617358213818983
0.29999999999999999,-0.29792986942493638,0.46822127395143598,-1.9159347831581945,0.39121168708694531,-0.0045900000000000003,2,0.00041992492204989738,0.00029020277794525068,0.0016344192411895493,0.0023445469411846973,0,0,0,0.081255427602298189,-0.024951061804413827,0,0.089800089428177618,0.0028754153139285074,-0.057558022251148706,0.098344751254057033,0.030701892432270842,-0.11511604450229741
0.32000000000000001,-0.33474420221022572,0.46468932638056648,-1.7675152706816326,-0.74219477109806542,-0.0034425000000000011,3,0.00035738519342544536,0.00050359978862600096,0.0016102980258139365,0.0024712830078653827,0,0,0,0.080282022058698402,-0.027924844389300808,0,0.089778229566219711,-0.00062389581588991397,-0.057660473896474954,0.09927443707374102,0.02667705275752098,-0.11532094779294991
0.34000000000000002,-0.36870721449966415,0.43876604813978837,-1.6307492028076371,-1.8405350594303753,-0.0034425000000000011,3,0.00030421775430948907,0.00084552385361524938,0.0014384587462902276,0.0025882003542149661,0,0,0,0.079287494893140034,-0.030634835621728002,0,0.089163108278321898,-0.0050752845435797465,-0.058390338318509059,0.099038721663503762,0.020484266534568508,-0.11678067663701812
0.35999999999999999,-0.40006391313295192,0.39161159314991867,-1.5078205425103699,-2.8570277902154171,-0.0034425000000000011,3,0.00026008153398320255,0.0012864161071078322,0.0011496447678918666,0.0026961424089829017,0,0,0,0.078288068769909042,-0.033105562799595999,0,0.087876321187316031,-0.01043125367574187,-0.059617037173412053,0.097464573604723034,0.012243055448112258,-0.11923407434682411
0.38,-0.42918012483880646,0.32539034271137934,-1.4094068687060677,-3.7374356532500368,-0.0034425000000000011,3,0.00022723905456381531,0.0017722666276934883,0.00079686364897196176,0.0027963693312292653,0,0,0,0.077291114222895085,-0.035370661036845025,0,0.085871318449444428,-0.0166214059907158,-0.061115427926554701,0.094451522675993785,0.002127849055413425,-0.1222308558531094
0.40000000000000002,-0.45675010286854079,0.24344464920622677,-1.3578322275791572,-4.4183868508094655,-0.0034425000000000011,3,0.00021091255406593539,0.0022325800459916563,0.00044777979372523239,0.0028912723937828239,0,0,0,0.076286696638786497,-0.03748786358198828,0,0.083143685459697109,-0.023534093586738677,-0.062598115045339658,0.09000067428060772,-0.0095803235914890747,-0.12519623009067932
0.41999999999999998,-0.4733990800250702,0.14018605400175899,-0.31335308442746657,-5.8676850576245592,0.011474999999999999,4,1.1232544665863681e-05,0.0025399782840040555,0.00014897323194162826,0.0027001840606115475,0,0,0,0.075652018236769328,-0.038752704895316951,0,0.079760905445432545,-0.03073144261485657,-0.063867256065487474,0.083869792654095776,-0.022710180334396188,-0.12773451213097495
0.44,-0.46989175777891906,0.010974049420425125,0.6381078617449879,-6.9807481699541043,0.011474999999999999,4,4.6579883394274936e-05,0.0026929419720547274,9.1440677020122144e-07,0.0027404362622192036,0,0,0,0.075787470873123153,-0.038487131078524313,0,0.076107960902201746,-0.037856033668474093,-0.06449611617919554,0.076428450931280326,-0.03722493625842388,-0.12899223235839108
0.46000000000000002,-0.449369859214583,-0.1354655769126083,1.36847885017558,-7.5629300253287681,0.011474999999999999,4,0.00021423300811058185,0.0026226227637508961,0.00013912450309859069,0.0029759802749600686,0,0,0,0.076561286112160107,-0.036923833344493916,0,0.07277731837908534,-0.044769861505985442,-0.063909087227749781,0.068993350646010573,-0.052615889667476975,-0.12781817445549956
0.47999999999999998,-0.41714409109426537,-0.28730714280654901,1.8069687315365635,-7.5196014221287211,0.011474999999999999,4,0.00037351795329497835,0.0023497777058369743,0.00062246271029299744,0.0033457583694249502,0,0,0,0.077711228050105927,-0.034437843064635015,0,0.070306113290462602,-0.051147965145852167,-0.061856172654209153,0.062900998530819263,-0.067858087227069319,-0.12371234530841831
0.5,-0.37871006212731551,-0.43253119760571224,2.0062639010126508,-6.9240307560258332,0.011474999999999999,4,0.00046045407852544153,0.0019277709463805298,0.0013985032762165162,0.0037867283011224877,0,0,0,0.078977097810656413,-0.031426390524621345,0,0.068981109730539739,-0.056547128704814958,-0.058560043848893496,0.058985121650423064,-0.081667866885008572,-0.11712008769778699
0.52000000000000002,-0.3404090302560136,-0.5592527684566182,1.8211323745071444,-5.7052324196205433,0.0068850000000000014,5,0.00037939642670833056,0.0013574838378331644,0.0023135415817532191,0.0040504218462947142,0,0,0,0.080122545330373648,-0.028379177750284111,0,0.068697200038787598,-0.060636199221990081,-0.054673540682325779,0.057271854747201534,-0.092893220693696044,-0.10934708136465156
0.54000000000000004,-0.30572523630114862,-0.65943673820617477,1.6544293178596072,-4.2888579114870851,0.0068850000000000014,5,0.0003131169957406998,0.00079220671466519415,0.0031839103026380031,0.004289234013043897,0,0,0,0.081058458049451401,-0.025583713152029515,0,0.06916434000025927,-0.063268581771234664,-0.050976765619104643,0.057270221951067138,-0.10095345039043982,-0.10195353123820929
0.56000000000000005,-0.27387279585255458,-0.73008006725021701,1.5400542874743786,-2.7622887674374113,0.0068850000000000014,5,0.00027132028627395574,0.00036667078175031122,0.0038705618244140572,0.0045085528924383245,0,0,0,0.081832107372749263,-0.022989262774931178,0,0.070197663497044552,-0.064402990121468218,-0.048060304857228779,0.05856321962133984,-0.10581671746800525,-0.096120609714457558
0.57999999999999996,-0.24377989494844388,-0.76955859094639756,1.4764222399000575,-1.1798113031994317,0.0068850000000000014,5,0.00024936262633164637,0.00018728071928599145,0.0042791094595807265,0.0047157528051983647,0,0,0,0.082486766494653349,-0.02051666038263867,0,0.071653902477788009,-0.064069943809976881,-0.046325053263758381,0.060821038460922683,-0.1076232272373151,-0.092650106527516762
0.59999999999999998,-0.21459801589984939,-0.77716496629801668,1.4452508621706086,0.41887407965509693,0.0068850000000000014,5,0.00023894430312157165,0.00031793364704738633,0.0043597978230095896,0.0049166757731785478,0,0,0,0.083050276591166608,-0.018101147978256099,0,0.073418050321705439,-0.062294977940222991,-0.045982340201284451,0.063785824052244269,-0.10648880790218988,-0.091964680402568902
0.62,-0.18648607966946013,-0.75251856098381076,1.3652111154230895,2.0401284463648528,0.0057374999999999995,6,0.00021321111313966849,0.00076411151486733718,0.0041006461938644864,0.0050779688218714923,0,0,0,0.08352625352300358,-0.015759599373427406,0,0.075352690963822355,-0.059079676383470441,-0.047083052183722031,0.067179128404641117,-0.10239975339351348,-0.094166104367444062
0.64000000000000001,-0.16009460349718774,-0.69590588373142204,1.2699109305481213,3.6090538770991172,0.0057374999999999995,6,0.00018448315998848013,0.0015137786126368398,0.0035311229885383903,0.0052293847611637103,0,0,0,0.083913037586362649,-0.013549986089649363,0,0.07732141237612232,-0.054370935304101684,-0.049502026042565456,0.070729787165881991,-0.095191884518553996,-0.099004052085130911
0.66000000000000003,-0.135883482133766,-0.60879950595052712,1.1465122996257493,5.0806398359139697,0.0057374999999999995,6,0.00015037223080173844,0.0024895429130049459,0.0027283688367564338,0.0053682839805631183,0,0,0,0.084216473091066585,-0.011514584669090744,0,0.079219623206163325,-0.048061024333708263,-0.052911617241095679,0.074222773321260066,-0.084607463998325791,-0.10582323448219136
0.68000000000000005,-0.11436927711000948,-0.49376379508839996,1.0044954081604858,6.3881309458085864,0.0057374999999999995,6,0.0001154266570491691,0.0035624041615080742,0.0018138732792837393,0.0054917040978409827,0,0,0,0.08444469160684058,-0.0097002092464847905,0,0.080956113646635547,-0.040069852056271643,-0.056795815157646368,0.077467535686430514,-0.070439494866058494,-0.11359163031529274
0.70000000000000007,-0.095524133430983232,-0.35506585729126527,0.89147156215716983,7.4250216493271255,0.0057374999999999995,6,9.091283353806214e-05,0.0045616590602708569,0.00094724059469116243,0.0055998124885000816,0,0,0,0.084612488247485337,-0.0081072086792653777,0,0.082473753048406248,-0.030428541958793152,-0.060476721904981476,0.080335017849327159,-0.052749875238320927,-0.12095344380996295
0.71999999999999997,-0.089018762439431534,-0.18911748519783522,-0.23379921467968612,9.1113872236551057,-0.0103275,7,6.2531133679488601e-06,0.0052555376754422883,0.00027075629123491518,0.0055325470800451524,0,0,0,0.084663437887991563,-0.0075566053877516451,0,0.083585466246968235,-0.019634089971335228,-0.063349998763018542,0.082507494605944906,-0.031711574554918812,-0.12669999752603708
0.73999999999999999,-0.10366924295131114,0.0057311710553946682,-1.1751819431620709,10.247993773823945,-0.0103275,7,0.00015798666300087893,0.00552575741549242,2.4939946697663689e-07,0.0056839934779602756,0,0,0,0.084543648175473649,-0.0087961101165078964,0,0.084581901786700567,-0.008428436246334315,-0.064498940709025759,0.084620155397927471,-0.0080607623761607319,-0.12899788141805152
0.76000000000000001,-0.13289326177545649,0.21464452620357211,-1.6615875791451284,10.481499018180262,-0.0103275,7,0.00031583239995589598,0.0053215467808061896,0.00034848296379630801,0.0059858621445583937,0,0,0,0.084250527678196185,-0.011262707753710856,0,0.086070913578348604,0.0023546634876992628,-0.063019865087511437,0.087891299478501009,0.01597203472910938,-0.12603973017502287
0.78000000000000003,-0.16699297366905994,0.41887843905125477,-1.6906314175448551,9.8158278469434137,-0.0103275,7,0.00032697012778403313,0.0046979721425178984,0.0013128847144210309,0.0063378269847229624,0,0,0,0.083817568909464235,-0.014128522290289757,0,0.088178209196679749,0.011741010294464152,-0.058923697271402349,0.092538849483895277,0.037610542879218063,-0.1178473945428047
0.80000000000000004,-0.19912803182546659,0.60337587089252942,-1.5091433980673294,8.5637283777388351,-0.0103275,7,0.00026053808861359925,0.0037276498950754673,0.0026814504743473376,0.0066696384580364042,0,0,0,0.083320352278173568,-0.016814246823484483,0,0.090560160109709437,0.019061480783138105,-0.053110896728052429,0.097799967941245305,0.054937208389760697,-0.10622179345610486
0.82000000000000006,-0.22621669535722599,0.7584793389598703,-1.2146094535966245,6.9158980902757587,-0.0080325000000000014,8,0.00016876544168941052,0.0025557880791953979,0.0041627110831208335,0.0068872646040056421,0,0,0,0.08283436431723816,-0.019064839054108534,0,0.092784929153740398,0.024169132682542328,-0.04681943984403316,0.10273549399024264,0.067403104419193186,-0.09363887968806632
0.83999999999999997,-0.2484717433067905,0.87913716190673874,-1.0307862768566578,5.1339847124313724,-0.0080325000000000014,8,0.00012154790070668863,0.0014444265339238543,0.0055000838278995738,0.0070660582625301166,0,0,0,0.082389597881371804,-0.0209034485419477,0,0.09460635518987269,0.027248114586109873,-0.041139127472393927,0.10682311249837356,0.075399677714167446,-0.082278254944787854
0.85999999999999999,-0.26820813388790882,0.96336430344324597,-0.95963421952128036,3.2799394855179687,-0.0080325000000000014,8,0.00010534687528128559,0.00060088446113206937,0.0065183759459365095,0.0072246072823498649,0,0,0,0.081961020151738576,-0.022525345184620429,0,0.095996167705803437,0.028543129108805538,-0.036814067507914931,0.11003131525986831,0.079611603402231501,-0.073628135015829863
0.88,-0.28741454292244673,1.0100817010850314,-0.97157608870200962,1.3877138132168465,-0.0080325000000000014,8,0.00010798510183106225,0.00016074852980040271,0.007110157602153634,0.0073788912337850992,0,0,0,0.081513299078782742,-0.024095270766125849,0,0.096997616441340431,0.028287531006717308,-0.034300553847461633,0.11248193380389812,0.080670332779560469,-0.068601107694923266
0.90000000000000002,-0.30735200369017684,1.0187927199926285,-1.025520694288693,-0.51651001170253386,-0.0080325000000000014,8,0.00012030926218810975,0.00019624277177238527,0.0072224910484680578,0.0075390430824285532,0,0,0,0.08101673206216306,-0.025715542498024036,0,0.097632050241428597,0.026630962778330821,-0.033823432515850932,0.11424736842069413,0.078977468054685682,-0.067646865031701864
0.92000000000000004,-0.32842433903497009,0.9895092491294486,-1.0779805815878796,-2.4074215953288984,-0.0080325000000000014,9,0.00013293277831946801,0.0007280622482879022,0.0068473121535195533,0.0077083071801269231,0,0,0,0.08045689882607425,-0.027416918705260314,0,0.09784448327295002,0.023608185089634706,-0.035416954835543864,0.11523206771982579,0.074633288884529719,-0.070833909671087728
0.94000000000000006,-0.35019296714158438,0.92276487963747833,-1.0891663175828026,-4.2577177980354,-0.0080325000000000014,9,0.00013570586293868006,0.0017280448193226121,0.0060194079506436723,0.007883158632904964,0,0,0,0.079841054824634314,-0.029161720876685896,0,0.097483603304336822,0.01914131605212371,-0.038933367521900818,0.11512615178403934,0.06744435298093332,-0.077866735043801635
0.95999999999999996,-0.37151152466748544,0.81968894902234091,-1.0293310269863194,-6.0340880355715543,-0.0080325000000000014,9,0.00012120494366403878,0.0031108831362285446,0.0048222974860355023,0.0080543855659280864,0,0,0,0.079201273660326602,-0.030857061599932969,0,0.096316130706972369,0.013071893599472827,-0.04401793456491887,0.11343098775361812,0.057000848798878623,-0.08803586912983774
0.97999999999999998,-0.39081905980752529,0.68221789427738688,-0.88922365551397509,-7.6862686035660674,-0.0080325000000000014,9,9.0454925708443153e-05,0.0047200303180229188,0.003398961201143285,0.0082094464448746463,0,0,0,0.078590774971022501,-0.032380396684631642,0,0.094083189187401772,0.005221392178418674,-0.050063365608463792,0.10957560340378104,0.04282318104146899,-0.10012673121692758
1,-0.40674833872784633,0.51367307507927151,-0.70280749555748101,-9.1194887811495935,-0.0080325000000000014,9,5.6504492116301614e-05,0.0063210563408685715,0.0019598059576485262,0.0083373667906333996,0,0,0,0.07806502973709431,-0.03362813007210752,0,0.090603964195415401,-0.0045199908665853328,-0.056175985568941024,0.10314289865373649,0.024588148338936855,-0.11235197113788205
1.02,-0.40899647344392981,0.31089068188467728,0.48850608107023086,-11.113822630041001,0.0080325000000000014,10,2.7299214752356029e-05,0.0075638412188812941,0.00072798858217325193,0.0083191290158069024,0,0,0,0.077989231959595492,-0.03380354564764488,0,0.085836023094332067,-0.015699965025530341,-0.061407965587099676,0.093682814229068642,0.0024036155965841965,-0.12281593117419935
1.04,-0.38807071088603756,0.07266918785549592,1.5385341095212473,-12.563946032665379,0.0080325000000000014,10,0.00027078491352138369,0.0081766303864260238,4.0079237807612964e-05,0.0084874945377550193,0,0,0,0.078679470672845545,-0.03216427979359774,0,0.08045154780687909,-0.027829468263791138,-0.064329768782672395,0.082223624940912649,-0.023494656733984536,-0.12865953756534479
1.0600000000000001,-0.35185296353865503,-0.18370653202173415,1.953626503730004,-12.85235233059915,0.0080325000000000014,10,0.00043660960270364743,0.0080864101094783106,0.00025552737746070177,0.008778547089642659,0,0,0,0.07979253649077632,-0.029294216500328693,0,0.075731828571242818,-0.040354904361501777,-0.063414681543235207,0.071671120651709302,-0.051415592222674861,-0.12682936308647041
1.0800000000000001,-0.3146752653811839,-0.43310885440476099,1.6839497090284499,-11.927517978258548,0.0080325000000000014,10,0.00032439073425730576,0.0073500705698209502,0.0014021826327440437,0.0090766439368222991,0,0,0,0.080826239637690894,-0.026308154363819732,0,0.072447772353917028,-0.052049222897543185,-0.058544416272748714,0.064069305070143162,-0.077790291431266631,-0.11708883254549743
1.1000000000000001,-0.2860574642100599,-0.65637357996434531,1.1723732655840364,-10.329981854866084,0.0080325000000000014,10,0.00015723239113633904,0.0059937859071001751,0.0031554671517713194,0.0093064854500078328,0,0,0,0.081545923187784905,-0.02398462864944724,0,0.070439348527210413,-0.061746142383431138,-0.051097574109024296,0.059332773866635928,-0.099507656117415036,-0.10219514821804859
1.1200000000000001,-0.26603920952873522,-0.84546763324913599,0.85065758488123522,-8.5479376750545253,0.0103275,11,8.2778921499946349e-05,0.0043186540427490039,0.0051118491526086756,0.0095132821168576256,0,0,0,0.082009683101516295,-0.02234752508867309,0,0.069320455704643139,-0.068913733807154279,-0.042788102477876844,0.056631228307769982,-0.11547994252563547,-0.085576204955753687
1.1400000000000001,-0.2509689905857968,-0.99743221520304459,0.68409261261433296,-6.6330246391603414,0.0103275,11,5.3535271253345213e-05,0.0026672949733282342,0.0069481287252121954,0.0096689589697937749,0,0,0,0.082337139954951927,-0.021109130347758541,0,0.068880637150572577,-0.073596842368828796,-0.034988749892914561,0.055424134346193241,-0.12608455438989905,-0.069977499785829123
1.1599999999999999,-0.23760802156788632,-1.1103141733876889,0.67612322315302809,-4.6458363537258229,0.0103275,11,5.2295210153367419e-05,0.0013170899778925235,0.0084375772771886817,0.009806962465234572,0,0,0,0.082611820881985445,-0.020007174977061479,0,0.069011279199481829,-0.076165303981338722,-0.028662515812144577,0.055410737516978205,-0.13232343298561597,-0.057325031624289154
1.1799999999999999,-0.22309072557665741,-1.1829708258844622,0.79251419620770158,-2.6142569901306967,0.0103275,11,7.1849592141423971e-05,0.00044210820062635215,0.009442940029376937,0.0099568978221447127,0,0,0,0.082893555615519893,-0.018805808608424981,0,0.069683068739576123,-0.077035914601769645,-0.024392371604753074,0.056472581863632368,-0.13526602059511431,-0.048784743209506147
1.2,-0.2053990791911707,-1.2147312417928156,0.98489944960453901,-0.55977997401901458,0.0103275,11,0.00011096703853624585,0.00013639435225828363,0.0098922516896377769,0.010139613080432307,0,0,0,0.083213271706853775,-0.017336418656727491,0,0.070883144617977026,-0.076519934926310818,-0.022483980251283654,0.058553017529100262,-0.13570345119589416,-0.044967960502567308
1.22,-0.18491461652984209,-1.2048798468815143,1.0624776669200149,1.5436528959989562,0.0068850000000000014,12,0.00012913674230701159,0.00039922222714093027,0.0097522924084046253,0.010280651377852567,0,0,0,0.083550916008451021,-0.015628321539716366,0,0.072476897526390915,-0.074831377077018216,-0.023078438632328297,0.061402879044330796,-0.13403443261432008,-0.046156877264656594
1.24,-0.16313669022649091,-1.1530920233826585,1.1048085418062132,3.6310232833857405,0.0068850000000000014,12,0.00013963177312577938,0.0012654327318512067,0.0090255272447729521,0.010430591749749939,0,0,0,0.083871429139511525,-0.013805193736268222,0,0.074296396965240444,-0.071976896926722989,-0.026165276738137309,0.064721364790969349,-0.13014860011717774,-0.052330553476274619
1.26,-0.14131620806449094,-1.0598593420258773,1.0584933473050742,5.6852684869499797,0.0068850000000000014,12,0.00012817002585611357,0.002692583446420465,0.0077600639384653317,0.01058081741074191,0,0,0,0.084152675015113462,-0.011971937512395349,0,0.076228309744506062,-0.067673576000571167,-0.031540163360238994,0.068303944473898648,-0.12337521448874698,-0.063080326720477989
1.28,-0.12168715692891825,-0.92602378252827933,0.87943329280188109,7.6876770122865832,0.0068850000000000014,12,8.8474071134116264e-05,0.0045685524081930202,0.0060589130755519241,0.01071593955487906,0,0,0,0.084371446220748908,-0.0103179001070603,0,0.078113851777545415,-0.061487448906503359,-0.038765574772545351,0.071856257334341922,-0.11265699770594641,-0.077531149545090702
1.3,-0.1072073957262816,-0.75289654862973165,0.54214149694714697,9.6063891772440275,0.0068850000000000014,12,3.3622926214418859e-05,0.0066773863560645142,0.0041045702087053578,0.01081557949098429,0,0,0,0.084511997078652396,-0.0090951827786938336,0,0.079792965248237424,-0.052944197578083281,-0.04706638545402074,0.075073933417822453,-0.096793212377472737,-0.09413277090804148
1.3200000000000001,-0.10792192737534238,-0.53750388881669586,-0.66115796006619609,11.930207936229341,-0.0057374999999999995,13,5.000583325501013e-05,0.0086280518709791511,0.0021413708305234847,0.010819428534757647,0,0,0,0.084505476709225438,-0.0091555669483958275,0,0.080948422845362897,-0.041987016288489762,-0.055404812986223732,0.077391368981500369,-0.0748184656285837,-0.11080962597244746
1.3400000000000001,-0.13487949077773692,-0.27682700315596342,-2.0250282287953816,14.057390552781232,-0.0057374999999999995,13,0.00046910749264277338,0.0099266193644928641,0.00057816480301090684,0.010973891660146545,0,0,0,0.084227991187558707,-0.011430026268934503,0,0.08185751643086453,-0.028898081216438956,-0.062044322107496996,0.079487041674170367,-0.04636613616394341,-0.12408864421499399
1.3600000000000001,-0.18576061011896733,0.018255784694058086,-2.9090260166637587,15.200510128433042,-0.0057374999999999995,13,0.00096806700249282818,0.010296535117293434,2.5304567372490792e-06,0.011267132576523512,0,0,0,0.083537664651287979,-0.01569899947795883,0,0.083755129539334644,-0.014541823256851405,-0.064489252222488747,0.083972594427381295,-0.01338464703574398,-0.12897850444497749
1.3800000000000001,-0.24333749694986589,0.31916939471625705,-2.6766706983649176,14.62170461359827,-0.0057374999999999995,13,0.00081959650118587472,0.010009490605945011,0.00076694204563209918,0.011596029152762984,0,0,0,0.082495834951858651,-0.020480166395703405,0,0.087372206371640976,-0.00083773165968882568,-0.061242515946176954,0.0922485777914233,0.018804703076325754,-0.12248503189235391
1.4000000000000001,-0.28854940341106317,0.59536717801861316,-1.8092479345411721,12.887544595689413,-0.0057374999999999995,13,0.00037446081426521804,0.0088677213251475706,0.0026128424748483722,0.011855024614261161,0,0,0,0.08148590182307458,-0.024187761452442263,0,0.091779195860673846,0.010489211405629435,-0.053402300055859789,0.10207248989827312,0.045166184263701128,-0.10680460011171958
1.4199999999999999,-0.31791951517902833,0.83382617954479477,-1.1554019336432453,10.924096963921732,-0.0091800000000000007,14,0.00015271313276690894,0.0069918278582549523,0.0049802492988911687,0.012124790289913031,0,0,0,0.080740464208887266,-0.026570235966836928,0,0.095670678746992227,0.018799043178800205,-0.043347055305423175,0.1106008932850972,0.064168322324437338,-0.086694110610846351
1.4399999999999999,-0.33633266559751113,1.031618478997121,-0.72804716717653339,8.8448472317740006,-0.0091800000000000007,14,6.0635817768480419e-05,0.0048442945881507866,0.0073889837472587341,0.012293914153178001,0,0,0,0.080237563200027034,-0.028052334158170687,0,0.098504403373458643,0.0241959648466951,-0.033116276982421283,0.11677124354689027,0.07644426385156089,-0.066232553964842567
1.46,-0.34867812627938471,1.1873329464817308,-0.54405807568804765,6.7206367162377241,-0.0091800000000000007,14,3.3861073974168865e-05,0.0028691010930205645,0.0095043175104236478,0.012407279677418382,0,0,0,0.079885138566808359,-0.029040740971294596,0,0.10032150113984664,0.027175512517637022,-0.024131678939756849,0.12075786371288491,0.083391766006568641,-0.048263357879513698
1.48,-0.35943079070267547,1.3002275902979328,-0.55983435268668813,4.5638672280102366,-0.0091800000000000007,14,3.5853313186305093e-05,0.0013431424297605768,0.011127005203793235,0.012506000946740117,0,0,0,0.079568261134783019,-0.029898023680286601,0,0.10143019837835571,0.028283625719362118,-0.017239529375665842,0.12329213562192839,0.086465275119010837,-0.034479058751331684
1.5,-0.37201656738760719,1.3697124009955255,-0.71704434939382622,2.381051773639256,-0.0091800000000000007,14,5.8816915022831411e-05,0.00040994472365925533,0.012152780902664055,0.012621542541346141,0,0,0,0.079185679425802777,-0.030897057689592319,0,0.10215868414913905,0.027980166340783055,-0.012882683899659979,0.12513168887247533,0.08685739037115843,-0.025765367799319958
1.52,-0.38731873589435822,1.3951240985669768,-0.82047615768584525,0.15931357927524736,-0.0057374999999999995,15,7.7009115816502636e-05,0.00010048928173156553,0.012531842853683776,0.012709341251231845,0,0,0,0.078703635159299234,-0.032105105710960029,0,0.10269079428204357,0.026697897060653453,-0.011272668817177301,0.12667795340478791,0.085500899832266941,-0.022545337634354602
1.54,-0.40489148759995891,1.3760880725485309,-0.93238633464155474,-2.061893460661298,-0.0057374999999999995,15,9.9449363023989331e-05,0.0004630062451955079,0.012247711226507191,0.012810166834726688,0,0,0,0.078127337552447398,-0.033483117043757206,0,0.10305501327175479,0.024681507616938339,-0.012479480009738402,0.12798268899106219,0.082846132277633877,-0.024958960019476804
1.5600000000000001,-0.42421122769275194,1.3127250324311621,-0.98409507430713294,-4.2717200534439534,-0.0057374999999999995,15,0.00011078585720787728,0.0015000298961806509,0.011310197517639687,0.012921013271028216,0,0,0,0.077465912521874819,-0.034986174371503358,0,0.10313507061377233,0.021850127138408296,-0.016461444454469558,0.12880422870566988,0.078686428648319956,-0.032922888908939116
1.5800000000000001,-0.44342664938225135,1.2053492965453056,-0.91179981817247302,-6.462270273747162,-0.0057374999999999995,15,9.5106283044389149e-05,0.0031771974763068278,0.0097589500460794308,0.013031253805430649,0,0,0,0.076779378774612869,-0.036468164129614872,0,0.10262487488583823,0.017946451546913621,-0.023050161204215807,0.12847037099706357,0.072361067223442113,-0.046100322408431614
1.6000000000000001,-0.45946556205568218,1.0543806928519377,-0.65718970982335856,-8.6309202908632727,-0.0057374999999999995,15,4.9407367625106819e-05,0.0053862415439329403,0.0076876031416855109,0.013123252053243557,0,0,0,0.076184618742175858,-0.037694878526257504,0,0.10105829468343795,0.012576977821056913,-0.031847930930659574,0.12593197062470005,0.062848834168371337,-0.063695861861319147
1.6200000000000001,-0.46450967552111588,0.85829170215668293,0.20911835191062755,-10.990567815432472,0.0022949999999999984,16,5.0025852857508668e-06,0.0078481980901325236,0.0052583974110907957,0.013111598086509069,0,0,0,0.075993513120457545,-0.038078681222054524,0,0.097859136354750451,0.0055584793311797276,-0.042165658294721395,0.11972475958904336,0.049195639884413979,-0.08433131658944279
1.6400000000000001,-0.44861513355594862,0.61424111774754619,1.4416558441485572,-13.420262405562113,0.0022949999999999984,16,0.00023775704806594964,0.010134154424886925,0.0027758109802860026,0.013147722453238878,0,0,0,0.076589131668887298,-0.036866040066785642,0,0.092712097277879074,-0.003370608127716529,-0.052710113063685005,0.10883506288687086,0.030124823811352584,-0.10542022612737001
1.6600000000000001,-0.40512674418616612,0.32228076590601518,2.9007804028431941,-15.696300334616454,0.0022949999999999984,16,0.00096258682203844825,0.011502764948497623,0.0007818374827728631,0.013247189253308934,0,0,0,0.078119458266704189,-0.033501496087737087,0,0.086171299165601012,-0.014726052524732931,-0.061179249563485971,0.094223140064497835,0.0040493910382712259,-0.12235849912697194
1.6799999999999999,-0.33655625070513828,-0.0061841299020919394,3.7532344125799635,-16.847733880858311,0.0022949999999999984,16,0.0016114676279116167,0.011795188832167043,2.9037939183552145e-07,0.013406946839470496,0,0,0,0.080231289110377399,-0.028070273381052734,0,0.080099565608858114,-0.028446769405496803,-0.0644987666522603,0.079967842107338843,-0.028823265429940872,-0.1289975333045206
1.7,-0.26534867239129478,-0.33700311900018676,3.1567358022126544,-15.923861350598662,0.0022949999999999984,16,0.0011399522970628481,0.011572939924226059,0.00085420800379120245,0.013567100225080109,0,0,0,0.08202509534348254,-0.022290889033248513,0,0.076432026026214045,-0.04287203513860853,-0.060871865427322452,0.07083895670894555,-0.063453181243968537,-0.1217437308546449
1.72,-0.21210393199300284,-0.63759282039345422,2.1325301383835731,-14.02308361277144,0.0068850000000000014,17,0.000520236191416842,0.010429372335134987,0.0029835548200988324,0.013933163346650661,0,0,0,0.083095164021129181,-0.017893957536040998,0,0.075012472111841269,-0.055428002678473469,-0.05182774881031757,0.066929780202553357,-0.092962047820905946,-0.10365549762063514
1.74,-0.17918140312411918,-0.89604710854725056,1.2080994352653756,-11.807865558004549,0.0068850000000000014,17,0.00016696120441619713,0.008293943973591825,0.0056992378329854196,0.014160143010993442,0,0,0,0.083639142875642031,-0.015149052083478328,0,0.074662758353624431,-0.064708397672007603,-0.040293247396426188,0.065686373831606831,-0.11426774326053689,-0.080586494792852376
1.76,-0.16153529298753358,-1.1098273230301103,0.61160724876638373,-9.5715461812099178,0.0068850000000000014,17,4.279129742185472e-05,0.0058080013699326211,0.0084309549193858583,0.014281747586740334,0,0,0,0.083893429186205321,-0.013670864617102834,0,0.074602450348718777,-0.07068642998215531,-0.028690643393706004,0.065311471511232233,-0.12770199534720778,-0.057381286787412007
1.78,-0.15269003449417942,-1.2789592334692372,0.31798566816293899,-7.3416963571615259,0.0068850000000000014,17,1.1567121549942833e-05,0.003514393768938993,0.010816718195037073,0.014342679085526009,0,0,0,0.084011068110043025,-0.012928280435143423,0,0.074615593542875946,-0.073982328399852054,-0.018557432063213246,0.065220118975708868,-0.13503637636456067,-0.037114864126426492
1.8,-0.14724247819107475,-1.4034490349837814,0.26028603780947673,-5.1052572873797697,0.0068850000000000014,17,7.7501828903906867e-06,0.0017160354626479151,0.012656409151059592,0.014380194796597898,0,0,0,0.084080248749611702,-0.01247043584657018,0,0.074749583911020809,-0.075381197770240299,-0.010743590082145803,0.065418919072429901,-0.13829195969391042,-0.021487180164291606
1.8200000000000001,-0.142031731585953,-1.4829545577913716,0.28282623272211266,-2.8439941351349671,0.0045900000000000003,18,9.150600259074219e-06,0.00054132351524931535,0.013853640279971763,0.014404114395480153,0,0,0,0.084144087270970711,-0.012032147660964984,0,0.075049013284766083,-0.075636478391872958,-0.0056585105335891879,0.065953939298561456,-0.13924080912278092,-0.011317021067178376
1.8400000000000001,-0.13529596113690723,-1.5171590830782629,0.40031891415486431,-0.57558896605748977,0.0045900000000000003,18,1.8332530928509205e-05,4.4958104535001192e-05,0.014371741757488638,0.014435032392952149,0,0,0,0.084223223615981099,-0.011465103738407464,0,0.075535744867893634,-0.075283755706478342,-0.0034579436056377958,0.066848266119806168,-0.13910240767454923,-0.0069158872112755915
1.8600000000000001,-0.12588775365901356,-1.5059661426998785,0.53751573519324325,1.6945304726593502,0.0045900000000000003,18,3.305160629586683e-05,0.00024309922379246864,0.0142020660959233,0.014478216926011636,0,0,0,0.0843273606442239,-0.010672218456300432,0,0.076246042659002131,-0.074527378375570497,-0.0041786183489496281,0.068164724673780347,-0.13838253829484054,-0.0083572366978992563
1.8800000000000001,-0.11416207342488469,-1.4494162091584917,0.61985880743799915,3.9590592999724512,0.0045900000000000003,18,4.3953732331272837e-05,0.0011409451128944763,0.013347138941474263,0.014532037786700012,0,0,0,0.084446699713181084,-0.0096827117870885073,0,0.077153289382681484,-0.07329138316012225,-0.0078098074181351387,0.06985987905218187,-0.13690005453315601,-0.015619614836270277
1.9000000000000001,-0.10193647778581427,-1.3476665226667262,0.57591208732512944,6.2145471543019211,0.0045900000000000003,18,3.7942207400178896e-05,0.002724702689629984,0.011825504174753702,0.014588149071783865,0,0,0,0.084558762840980031,-0.0086496026962453992,0,0.078157952772989384,-0.071224104616931419,-0.014272748153441634,0.071757142704998736,-0.13379860653761744,-0.028545496306883269
1.9199999999999999,-0.089274641050316003,-1.201694210810448,0.65718434480240118,8.3739841291929,0.012622500000000002,19,4.940656094637516e-05,0.0049914053448393584,0.0097071460874320597,0.014747957993217794,0,0,0,0.084661501542701856,-0.007578268703014656,0,0.079298224197047809,-0.067494739214597366,-0.023270191609615784,0.073934946851393762,-0.12741120972618006,-0.046540383219231568
1.9399999999999999,-0.077085715486320483,-1.0130998558907116,0.52413368426952711,10.473776326405119,0.012622500000000002,19,3.1426379361496725e-05,0.0077213331199001319,0.0071490094456743303,0.014901768944935959,0,0,0,0.084747581210769973,-0.0065457985703770089,0,0.080533108693062599,-0.06111001225872955,-0.034135535823673423,0.076318636175355226,-0.1156742259470821,-0.068271071647346845
1.96,-0.069808675784441304,-0.78335691982028166,0.16983084709088853,12.477528142420516,0.012622500000000002,19,3.2994637245882445e-06,0.010564282449853567,0.0044259447073077794,0.014993526620885935,0,0,0,0.084792970919255237,-0.0059289191836571515,0,0.081618195502245985,-0.051333255331747644,-0.045701390132060066,0.078443420085236734,-0.096737591479838139,-0.091402780264120131
1.98,-0.07120035916004587,-0.51556093002123049,-0.30841438229317047,14.232675431423884,0.012622500000000002,19,1.088126659892044e-05,0.012991089359426515,0.001973916751498142,0.014975887377523579,0,0,0,0.08478463763089264,-0.00604691837204906,0,0.082522380184504765,-0.037766327502222113,-0.056116051853983426,0.080260122738116904,-0.06948573663239517,-0.11223210370796685
2,-0.080406309021574834,-0.21897092249115602,-0.5112909194667723,15.232296737359496,0.012622500000000002,19,2.9905176211906536e-05,0.014467562974870387,0.0003626159178903901,0.014860084068972684,0,0,0,0.084725378086845285,-0.0068271742354444453,0,0.083600016599618895,-0.020792934329074624,-0.06295983724987092,0.082474655112392506,-0.034758694422704801,-0.12591967449974184
2.02,-0.10377465525618798,0.10109481874008086,-1.641813564169917,16.479528046893471,-0.012622500000000002,20,0.0003083598921081743,0.014770746963785003,7.7535010920325037e-05,0.015156641866813503,0,0,0,0.084542720487519929,-0.0088050220084381608,0,0.085217031295183016,-0.0023305271032191639,-0.064170680381751929,0.085891342102846102,0.004143967801999833,-0.12834136076350386
2.04,-0.13722231131925325,0.42666312207705648,-1.5284578416512931,15.79748140012461,-0.012622500000000002,20,0.00026724964385449929,0.013948638078260342,0.0013613878169687287,0.015577275539083571,0,0,0,0.084200981556188811,-0.011627325787744716,0,0.087852287688677394,0.014814142003733004,-0.058717686812059425,0.091503593821165977,0.041255609795210722,-0.11743537362411885
2.0600000000000001,-0.16113630863432871,0.7256283767194871,-0.84167754054256483,14.001959182212049,-0.012622500000000002,20,8.1040420055323163e-05,0.011972339107614811,0.0038255877807301174,0.015878967308400251,0,0,0,0.083898876969702538,-0.013637391364286601,0,0.090766116071131567,0.028610692092579479,-0.048251326109708982,0.09763335517256061,0.070858775549445557,-0.096502652219417964
2.0800000000000001,-0.17173415075504708,0.98489234320830477,-0.25910383051765506,11.90365095784659,-0.012622500000000002,20,7.6799408184201931e-06,0.0092164311386665372,0.0067888048504060631,0.016012915929891021,0,0,0,0.083749641278532405,-0.014525755943053095,0,0.0929337146171752,0.038425901141266719,-0.035665456802556651,0.10211778795581801,0.091377558225586533,-0.071330913605113302
2.1000000000000001,-0.17340447006611104,1.2013630892223794,0.044115732761533633,9.7368653674637571,-0.012622500000000002,20,2.2263692798093759e-07,0.0063313930517306313,0.0097024566677263707,0.016034072356384984,0,0,0,0.083725261809831072,-0.01466562425794562,0,0.094103058408407617,0.044580659564868598,-0.023290109294400396,0.10448085500698416,0.10382694338768281,-0.046580218588800792
2.1200000000000001,-0.17091509818702108,1.3738750169362488,0.16134302865955186,7.5113247255369657,-0.0103275,21,2.9779034745339594e-06,0.0037906630656561195,0.012214746287738606,0.016008387256869261,0,0,0,0.083761510543309062,-0.014457155719681739,0,0.094519921263979054,0.047874657707619915,-0.012619494190712682,0.10527833198464906,0.11020647113492156,-0.025238988381425364
2.1400000000000001,-0.168504324844925,1.5016629923682778,0.045877769688447215,5.2631495113392894,-0.0103275,21,2.4077688970749709e-07,0.0018463888805691508,0.014136865558640695,0.015983495216099552,0,0,0,0.08379612003152799,-0.014255183887335633,0,0.09458744938969732,0.049179391025462808,-0.0044555489354370838,0.10537877874786666,0.11261396593826126,-0.0089110978708741677
2.1600000000000001,-0.17022444911962467,1.5842246215534832,-0.24080544176111995,2.9889539512512511,-0.0103275,21,6.6335010198476857e-06,0.00060483086599821617,0.01538979434440442,0.016001258711422484,0,0,0,0.083771475386672706,-0.01439930246713675,0,0.094697019789670836,0.049162732994692898,0.00086609898234972645,0.10562256419266895,0.11272476845652254,0.0017321979646994529
2.1800000000000002,-0.17881110269205222,1.6210880841265229,-0.62831647257338485,0.69513645994634077,-0.0103275,21,4.5161368939197352e-05,9.5493130646040388e-05,0.015949282689419572,0.01608993718900481,0,0,0,0.083644746841645398,-0.015118079434804333,0,0.095102196511270554,0.0482732713779448,0.0032424511103447589,0.10655964618089571,0.11166462219069392,0.0064849022206895177
2.2000000000000002,-0.19551204754035403,1.611991947174845,-1.039041426192721,-1.604260541445965,-0.0103275,21,0.00012350255220056709,0.00032762270438118203,0.01581129481617877,0.016262420072760519,0,0,0,0.083380607477484603,-0.016512852469686728,0,0.095900317482636846,0.046704633884525254,0.0026563660218262325,0.1084200274877891,0.10992212023873724,0.005312732043652465
2.2200000000000002,-0.217433634371582,1.5570642948402629,-1.1379114871284297,-3.887537721302095,-0.0034425000000000011,22,0.00014812459283314045,0.0012124075815708262,0.014977353564318152,0.016337885738722118,0,0,0,0.082998614818096145,-0.018336573787851189,0,0.096911526584184962,0.044638789986860071,-0.00088568822494839133,0.11082443835027378,0.10761415376157132,-0.0017713764498967827
2.2400000000000002,-0.24018450517319076,1.4565302482442712,-1.1103988209413509,-6.1652542066071403,-0.0034425000000000011,22,0.00014104840851332818,0.0028207319443843003,0.013454422654286452,0.01641620300718408,0,0,0,0.082559998581158076,-0.020219956337222345,0,0.097803318926688809,0.042019965703679406,-0.0073541341561057906,0.11304663927221956,0.10425988774458116,-0.014708268312211581
2.2600000000000002,-0.26055388722882644,1.3104420715111509,-0.88846847951691343,-8.4454063023775845,-0.0034425000000000011,22,9.0301352684816114e-05,0.0051193264226543165,0.011276686966584668,0.016486314741923802,0,0,0,0.082131032082730801,-0.021897341597222345,0,0.098187264384608369,0.038325262341173658,-0.016603776050863633,0.11424349668648594,0.098547866279569671,-0.033207552101727267
2.2800000000000002,-0.27395691477402007,1.1185493461336282,-0.40110156939904201,-10.750923155230163,-0.0034425000000000011,22,1.8404284107047725e-05,0.0079641831959550817,0.008549836898596657,0.016532424378658789,0,0,0,0.081830173251239924,-0.02299614632220057,0,0.097525895832818094,0.032855981254235625,-0.028185708041978182,0.11322161841439626,0.088708108830671831,-0.056371416083956363
2.3000000000000003,-0.27428467346303875,0.87998962285148519,0.43261067517715762,-13.117790618314233,-0.0034425000000000011,22,2.1409408574131336e-05,0.011001953221983366,0.0055100577250998574,0.016533420355657354,0,0,0,0.08182263166926966,-0.023022965636838151,0,0.095287608036453142,0.024830982421209784,-0.041096764674227584,0.10875258440363664,0.072684930479257726,-0.082193529348455169
2.3199999999999998,-0.25096780742710972,0.59133066194655282,1.9758946881267021,-15.765542101388375,0.0022949999999999984,23,0.00044661961591152386,0.013561020515544127,0.0025785682672259656,0.016586208398681617,0,0,0,0.08233716493034525,-0.02110903292984136,0,0.09126667623028531,0.013721110501844099,-0.053547875181677008,0.10019618753022537,0.048551253933529562,-0.10709575036335402
2.3399999999999999,-0.19367236634783916,0.25048642122080977,3.6998940369467515,-18.184732485230999,0.0022949999999999984,23,0.0015659892588026254,0.014677895621938216,0.00047392148131195246,0.016717806362052792,0,0,0,0.083410844746727067,-0.016359430877551814,0,0.086487948283226992,-0.00067038843630220016,-0.062487081713761675,0.089565051819726918,0.015018654004947413,-0.12497416342752335
2.3599999999999999,-0.1112861494541037,-0.12383134529022044,4.2126924764704912,-18.810876366883996,0.0022949999999999984,23,0.0020301574470020659,0.014763136519915156,0.00011628297010389128,0.016909576937021113,0,0,0,0.084474197191228242,-0.0094398097913829179,0,0.083589439943274349,-0.017357253032479862,-0.064006103592830904,0.082704682695320456,-0.025274696273576803,-0.12801220718566181
2.3799999999999999,-0.037852658876719611,-0.4848970902529306,2.9544210148935566,-17.026389982412365,0.0022949999999999984,23,0.00099851587502180236,0.014323891597627354,0.0017505838761704066,0.017072991348819563,0,0,0,0.084939112259816152,-0.0032167077135405379,0,0.083801360212176504,-0.033259738509127092,-0.057064628456632661,0.08266360816453687,-0.063302769304713652,-0.11412925691326532
2.3999999999999999,0.0053689942639816579,-0.80025989191115698,1.4132822853801215,-14.487380661464233,0.0022949999999999984,23,0.00022849044163682092,0.012335882047948913,0.0046086070541653604,0.017172979543751094,0,0,0,0.084998774893718154,0.00045636231990680084,0,0.085247256903107013,-0.045824115843793485,-0.044925556174968739,0.085495738912495872,-0.092104594007493781,-0.089851112349937479
2.4199999999999999,0.025208704900496339,-1.0671485296226777,0.63252214578700305,-12.201946675379517,0.0103275,24,4.5767972888047349e-05,0.0094755421871228623,0.0078568161533833919,0.017378126313394301,0,0,0,0.084972993581095363,0.0021425129794535296,0,0.086396905142629238,-0.054330436840960866,-0.031129221230957394,0.087820816704163113,-0.11080338666137526,-0.062258442461914788
2.4399999999999999,0.03314446616090095,-1.2884980354259596,0.21879801391552156,-9.9361172708955241,0.0103275,24,5.4764226411569138e-06,0.0064990311004224288,0.010955645046584826,0.017460152569648411,0,0,0,0.084953315659437187,0.002816763828940215,0,0.087006138183189488,-0.059096158391005273,-0.017967358789564958,0.089058960706941775,-0.12100908061095075,-0.035934717579129916
2.46,0.036064039949596116,-1.46463503189901,0.12035910069968343,-7.6765570595901824,0.0103275,24,1.657173861431455e-06,0.0039119124611662753,0.013576753828471544,0.017490323463499251,0,0,0,0.084944729854278048,0.0030647789453279975,0,0.087257263372917587,-0.061030393503977376,-0.0068345488087345248,0.089569796891557113,-0.12512556595328275,-0.01366909761746905
2.48,0.039635527270513143,-1.5954539525075377,0.27323344252422388,-5.4015958778392363,0.0103275,24,8.5403941457914234e-06,0.0019583807954482416,0.015560289802365635,0.017527210991959669,0,0,0,0.084933242301807405,0.003368137779615693,0,0.08748828757060742,-0.061061613348866638,0.0015902557015190027,0.090043332839407436,-0.12549136447734896,0.0031805114030380053
2.5,0.048222967428370567,-1.6805287860561284,0.61010238339511846,-3.1016810995467048,0.0103275,24,4.2580979707712575e-05,0.00072439352363326949,0.01684892175736457,0.017615896260705553,0,0,0,0.084901187330951658,0.0040973637615733249,0,0.087991663012845334,-0.05994016624026699,0.0070635480689966368,0.091082138694738995,-0.1239776962421073,0.014127096137993274
2.52,0.05697135632562135,-1.7203560867395309,0.27506114398280684,-0.88401096242172628,-0.0103275,25,8.6550323627886482e-06,6.8269347103214125e-05,0.017448618965019147,0.01752554334448515,0,0,0,0.084862093550441248,0.0048399460984766465,0,0.088493759729979582,-0.058836547151924955,0.009610681978504702,0.092125425909517916,-0.12251304040232656,0.019221363957009404
2.54,0.059404386834151897,-1.7159421494910436,-0.032976802729293542,1.3256592815763564,-0.0103275,25,1.2440198176443462e-07,0.0001179748731497218,0.017382315882515799,0.017500415157647286,0,0,0,0.084850066649252168,0.0050464036320400415,0,0.08863913039130869,-0.058662790973503541,0.0093290684782356345,0.092428194133365213,-0.12237198557904713,0.018658136956471269
2.5600000000000001,0.055375604551880543,-1.6672548189801919,-0.38271292849993283,3.5466570884871493,-0.0103275,25,1.6755464549056295e-05,0.00087685251553422416,0.016648416657505386,0.017542024637588666,0,0,0,0.084869708852333692,0.0047045211573669794,0,0.088423015463195073,-0.059397241262096549,0.0062119293981710306,0.091976322074056455,-0.12349900368156007,0.012423858796342061
2.5800000000000001,0.04333461535539157,-1.5738562454865699,-0.84728527114232866,5.8009054808991465,-0.0103275,25,8.2123891413432503e-05,0.0023519176806569004,0.015232347485548123,0.017666389057618456,0,0,0,0.084920202211047721,0.003682289564220492,0,0.087714397093268184,-0.060756856319589825,0.00019736444762200018,0.090508591975488648,-0.12519600220340016,0.00039472889524400036
2.6000000000000001,0.020139507277491971,-1.4348036929644179,-1.5149593386723463,8.1180861095409611,-0.0103275,25,0.0002625500827476577,0.0045163454181830391,0.013127071832534414,0.017905967333465111,0,0,0,0.08498276259311717,0.0017117423993951728,0,0.086269680479395899,-0.062179785464321499,-0.0087445131135983085,0.087556598365674643,-0.12607131332803817,-0.017489026227196617
2.6200000000000001,-0.015472825752328893,-1.2491424416578099,-2.1069853163243515,10.460117967231154,-0.00011486206054687493,26,0.00050784738944846866,0.0070171296427049522,0.010385075789494019,0.01791005282164744,0,0,0,0.084989825348681422,-0.0013151377116601914,0,0.084043049290524682,-0.06249985708639124,-0.020390775613769879,0.083096273232367929,-0.1236845764611223,-0.040781551227539757
2.6400000000000001,-0.067035961609291095,-1.0156995687719732,-3.1347344301732418,12.90808077149217,-0.00011486206054687493,26,0.0011241175140186493,0.0096092001121542009,0.0071825335076911995,0.017915851133864048,0,0,0,0.084809084154862324,-0.0056937900218995098,0,0.081137240053038906,-0.060385960656458383,-0.033993146841270819,0.077465395951215502,-0.11507813129101727,-0.067986293682541638
2.6600000000000001,-0.14478217135449845,-0.73161296462827963,-4.7441284890725317,15.53170388163222,-0.00011486206054687493,26,0.0025746790076765728,0.011463150704995243,0.0038861001565886483,0.017923929869260464,0,0,0,0.084110675343869887,-0.012263535102005453,0,0.077893703550168406,-0.054903254547706719,-0.047994307863622798,0.07167673175646691,-0.097542973993407986,-0.095988615727245596
2.6800000000000002,-0.26032037484842802,-0.39388005991584052,-6.8324269806464688,18.192419078768616,-0.00011486206054687493,26,0.0053402329776301933,0.011432473515114672,0.0011628291857859003,0.017935535678530765,0,0,0,0.082136143143823351,-0.021878162387580957,0,0.075764851892286211,-0.045797597712016649,-0.059561038116777522,0.069393560640749058,-0.069717033036452339,-0.11912207623355504
2.7000000000000002,-0.41293572912092225,-0.011619544468501886,-8.1059230081094622,19.651500826238387,-0.00011486206054687493,26,0.0075164912309035508,0.010444653224922194,1.0251402521719331e-06,0.017962169596077916,0,0,0,0.07785546638754666,-0.03411050210093064,0,0.077554714590645779,-0.034796952606564555,-0.064495645853499095,0.077253962793744899,-0.035483403112198469,-0.12899129170699819
2.7200000000000002,-0.56777308364542856,0.37306929440092951,-7.0314975206609347,18.41197271314892,-0.0011474999999999992,27,0.0056559539164664028,0.011425989611595957,0.0010445903438944615,0.018126533871956823,0,0,0,0.07166355117385334,-0.04570924887976726,0,0.084305469762014168,-0.025889085523738725,-0.060063241828514864,0.096947388350174996,-0.0060689221677101904,-0.12012648365702973
2.7400000000000002,-0.68785470183158159,0.71603012200368532,-4.9815944706128699,15.818032234757409,-0.0011474999999999992,27,0.0028388794277457753,0.011696191993291584,0.0037293867582399026,0.018264458179277264,0,0,0,0.06567183310600215,-0.053964899115048863,0,0.092551096375457581,-0.021254553679570846,-0.048659927122664363,0.119430359644913,0.01145579175590717,-0.097319854245328727
2.7600000000000002,-0.77028021813285219,1.0060426793541879,-3.3639882531508252,13.211500410410508,-0.0011474999999999992,27,0.0012945509493259596,0.010007141530540338,0.0070582795885080771,0.018359972068374374,0,0,0,0.061005823595413955,-0.059188592544891921,0,0.098945342840484951,-0.020084239512605413,-0.034520898791589892,0.13688486208555595,0.019020113519681095,-0.069041797583179784
2.7800000000000002,-0.82638707346291207,1.2456532622524836,-2.3343547718677913,10.77294684393638,-0.0011474999999999992,27,0.0006233671707369195,0.0074663034178370502,0.010334836315675555,0.018424506904249523,0,0,0,0.05759068252342793,-0.06251650411279995,0,0.10254411237264796,-0.021105060150507844,-0.020604161078510215,0.14749754222186798,0.020306383811784262,-0.04120832215702043
2.8000000000000003,-0.86664968078418891,1.4376415331393906,-1.7551250268341079,8.4374506452704914,-0.0011474999999999992,27,0.00035239223029726009,0.0049485481011107505,0.013169777279174037,0.018470717610582048,0,0,0,0.055027611899439895,-0.064783963514473408,0,0.10375204656069492,-0.023397343506882273,-0.0085631274245071536,0.15247648122194996,0.017989276500708862,-0.017126254849014307
2.8199999999999998,-0.89228271242069901,1.5829237028377152,-0.85367792622444305,6.1105755707855476,0.016065000000000003,28,8.3367794072088672e-05,0.0026054523728542079,0.015370040363046483,0.01805886052997278,0,0,0,0.053349107338414324,-0.066173051510372019,0,0.10355908333901495,-0.025693470503058265,0.00078219658106729604,0.15376905933961557,0.01478611050425549,0.0015643931621345921
2.8399999999999999,-0.90220651614236214,1.6826892590144888,-0.16571315896247596,3.8781235590936816,0.016065000000000003,28,3.14140694028741e-06,0.0010147400477133622,0.01688152920380501,0.01789941065845866,0,0,0,0.052689802803517059,-0.066699210494026745,0,0.10298622589022116,-0.026966976865893576,0.0072020438489849258,0.15328264897692528,0.012765256762239593,0.014404087697969852
2.8599999999999999,-0.89971250164538263,1.7384085949826078,0.40106546347181138,1.6999687785988953,0.016065000000000003,28,1.8400970862298236e-05,0.00020175157936172595,0.01771931844603862,0.017939470996262644,0,0,0,0.052855987560919811,-0.066567594060172333,0,0.10266115016566843,-0.027021308930404983,0.010760441921672704,0.15246631277041706,0.012524976199362367,0.021520883843345408
2.8799999999999999,-0.88650759403068025,1.7508255631088634,0.91596796476194542,-0.45739358121259022,0.016065000000000003,28,9.5977796724448805e-05,0.00015059415888706436,0.017905038423425671,0.018151610379037186,0,0,0,0.053730372773795908,-0.065863852313609264,0,0.10290167528900822,-0.025750917507797143,0.011549262756649982,0.15207297780422052,0.014362017298014979,0.023098525513299963
2.8999999999999999,-0.8630076158927058,1.7200487710733743,1.4410188289363539,-2.6242476687388141,0.016065000000000003,28,0.00023754698212566488,0.00084759636063293415,0.017444004096628472,0.018529147439387071,0,0,0,0.055263193816625325,-0.06458312015678791,0,0.10372554828035727,-0.023114320243785721,0.009591080940487896,0.15218790274408922,0.018354479669216467,0.019182161880975792
2.9199999999999999,-0.83430600106118102,1.6448684419974278,1.4501878033273583,-4.8943512177891879,0.00022019897460937482,29,0.00024057954698067889,0.0019851874090507206,0.016309701919722783,0.018535468875754184,0,0,0,0.057093818298288787,-0.062970595615112174,0,0.10474636130088498,-0.019765261362426574,0.0047732837229136332,0.15239890430348119,0.023440072890259026,0.0095465674458272663
2.9399999999999999,-0.80387536475020382,1.5242167351230371,1.6284580977401679,-7.1737324807348717,0.00022019897460937482,29,0.00030336353930292791,0.0037600269098247499,0.014478783668071038,0.018542174117198718,0,0,0,0.058983324786474015,-0.061204308648438482,0,0.10537622038514455,-0.016494919892828711,-0.0030032973663309702,0.15176911598381509,0.028214468862781061,-0.0060065947326619403
2.96,-0.76742070197757928,1.3577145205102585,2.0697461459711834,-9.4847367424944089,0.00022019897460937482,29,0.00049005448867115136,0.0060856758823173403,0.011974476292940359,0.018550206663928849,0,0,0,0.061174824684313289,-0.059013903657049616,0,0.1049431858676759,-0.013642869778797403,-0.013640008949454814,0.14871154705103851,0.031728164099454809,-0.027280017898909627
2.98,-0.71855587122091313,1.1443259929498648,2.8921378826091542,-11.872220568698545,0.00022019897460937482,29,0.00095685954734037691,0.008699977596642372,0.0089040909042417734,0.018560928048224522,0,0,0,0.063984360405648727,-0.055955353841076312,0,0.10264149953752827,-0.011751320577511298,-0.026681061398905144,0.14129863866940784,0.032452712686053715,-0.053362122797810288
3,-0.64817044490295439,0.88182999951201335,4.2486587696690403,-14.408691363847982,0.00022019897460937482,29,0.0020649707804979438,0.010979444785176845,0.0055316143232063105,0.018576029888881098,0,0,0,0.06776112343329789,-0.0513169577338463,0,0.097819446123373677,-0.011626652541479945,-0.04100520589871598,0.12787776881344948,0.028063652650886409,-0.082010411797431959
3.02,-0.54378845652639107,0.56634094422649373,6.2845913000985174,-17.158310706021791,0.0011474999999999992,30,0.0045181878783484052,0.011804726508752444,0.0023709732887140485,0.018693887675814896,0,0,0,0.072739153672404716,-0.043977443343403824,0,0.090644356719799923,-0.014362049246251573,-0.054429607166522051,0.10854955976719513,0.015253344850900678,-0.1088592143330441
3.04,-0.39592672090661374,0.19743071274139901,8.365294627514773,-19.536743030914902,0.0011474999999999992,30,0.0080052092654240691,0.010566304851635249,0.00029500423004355373,0.018866518347102873,0,0,0,0.078424362453841504,-0.032781387611089542,0,0.083303665299401183,-0.021108415758220655,-0.06324700887681127,0.088182968144960877,-0.0094354439053517675,-0.12649401775362254
3.0600000000000001,-0.22330204325560071,-0.19904977221140818,8.4420656590014254,-19.611592054799818,0.0011474999999999992,30,0.0081528163124288226,0.010611394360582036,0.00029984646915896058,0.01906405714216982,0,0,0,0.082889579764911139,-0.018823325062178431,0,0.080065173481905658,-0.031260758358918485,-0.063226442111965001,0.077240767198900162,-0.043698191655658539,-0.12645288422393
3.0800000000000001,-0.072757642523844784,-0.57063971610033803,6.4664835077515264,-17.342521002298003,0.0011474999999999992,30,0.0047835085536983239,0.012039497788813558,0.0024061177725179361,0.019229124115029819,0,0,0,0.084775118062389868,-0.0061789446920863054,0,0.082242405105252853,-0.04092776518799171,-0.054280335658690386,0.079709692148115852,-0.075676585683897124,-0.10856067131738077
3.1000000000000001,0.035914492660502048,-0.89052021395993108,4.4915490125155362,-14.658296810053816,0.0011474999999999992,30,0.0023078229752557218,0.011413854333630579,0.0056338445813060353,0.019355521890192337,0,0,0,0.084945187233790673,0.0030520756570318543,0,0.086745633238407546,-0.047057829913017005,-0.040570996511612153,0.088546079243024434,-0.097167735483065856,-0.081141993023224307
3.1200000000000001,0.1112783730336217,-1.1582295697516543,3.148915919430781,-12.1429413240561,0.0011474999999999992,31,0.0011343115006007608,0.0092111972066002586,0.0090969185962856101,0.01944242730348663,0,0,0,0.084474270596604242,0.0094391528842202605,0,0.091035937278006407,-0.04928349030297894,-0.025862051493859964,0.097597603959408571,-0.10800613349017814,-0.051724102987719928
3.1400000000000001,0.16551971765399082,-1.3771932343026734,2.3528409068254961,-9.7705258170742155,0.0011474999999999992,31,0.00063327935599119479,0.0066072546639284937,0.012264178745100891,0.019504712765020579,0,0,0,0.083838292870082973,0.014005022264537703,0,0.09426708679753712,-0.048424887738929501,-0.012409536420740349,0.10469588072499125,-0.1108547977423967,-0.024819072841480699
3.1600000000000001,0.2080111499502974,-1.5495097574895125,1.9512771232768835,-7.4682945674068311,0.0011474999999999992,31,0.00043556012340258327,0.0042552570340106659,0.014862649124496976,0.019553466281910223,0,0,0,0.083167703927784983,0.017553718220943957,0,0.096484860650837778,-0.0455415948951855,-0.0013728800352659888,0.10980201737389057,-0.10863690801131495,-0.0027457600705319777
3.1800000000000002,0.24540490092866254,-1.6760852468194622,1.8257653291693388,-5.1910590343463809,0.0011474999999999992,31,0.00038132924860932846,0.0024332089804687111,0.01678183236340082,0.019596370592478859,0,0,0,0.082453317904423978,0.020650674723892162,0,0.098036757882891776,-0.041570359105211757,0.0067785948156677709,0.11362019786135957,-0.10379139293431568,0.013557189631335542
3.2000000000000002,0.28224398117783572,-1.7571673203812948,1.8809306088895059,-2.9167365432022705,0.0011474999999999992,31,0.00040472101365451765,0.0012341889873371203,0.017999731834090517,0.019638641835082155,0,0,0,0.081636794994176351,0.023673481008901577,0,0.09928970938412221,-0.037201696264768935,0.011951460389443239,0.11694262377406806,-0.098076873538439441,0.023902920778886477
3.2200000000000002,0.31381729356840948,-1.7942426391051791,1.2840368157595834,-0.79670843896740573,-0.018360000000000001,32,0.00018861019246552136,0.00031938403319006748,0.018550942958437771,0.01905893718409336,0,0,0,0.080848781541084547,0.02623879805406466,0,0.10026441233912603,-0.033585973249819087,0.014292656126562057,0.1196800431371675,-0.093410744553702837,0.028585312253124114
3.2400000000000002,0.33371177676132774,-1.7891640337425381,0.70344836208536898,1.3041938798403727,-0.018360000000000001,32,5.6607588193336487e-05,0.0001613639561274885,0.018475694107346084,0.01869366565166691,0,0,0,0.080310809587188225,0.027841944318786293,0,0.10093621282264403,-0.031652565580940303,0.013973046667287128,0.12156161605809984,-0.091147075480666889,0.027946093334574255
3.2600000000000002,0.34169550320768022,-1.7419692720773874,0.083668770226193567,3.4210207135339492,-0.018360000000000001,32,8.0082381132081669e-07,0.00077366800356517412,0.017772616518883261,0.018547085346259755,0,0,0,0.080085969993973757,0.028482229725292525,0,0.10138309627879077,-0.031400758125519353,0.010986818377859585,0.12268022256360779,-0.091283745976331238,0.021973636755719169
3.2800000000000002,0.33640042606989246,-1.6519651725293798,-0.63573493143183391,5.5916806112653976,-0.018360000000000001,32,4.6234094512648519e-05,0.0021809401312421007,0.016417147301336435,0.018644321527091185,0,0,0,0.080235662176409872,0.028057771028950799,0,0.10145646123899651,-0.032626481577655769,0.0052296436516158463,0.12267726030158317,-0.093310734184262334,0.010459287303231693
3.3000000000000003,0.31507449412711408,-1.5176688768373152,-1.5357455363546875,7.8577377423293564,-0.018360000000000001,32,0.00026980421477523976,0.0043866448867011486,0.014379472396256804,0.019035921497733192,0,0,0,0.080815730225307386,0.026340420424707332,0,0.10077525970804162,-0.034897932042426513,-0.0034251087484845183,0.12073478919077585,-0.096136284509560355,-0.0068502174969690367
3.3200000000000003,0.27991408327067252,-1.337409765010646,-2.0378562257520976,10.178830331099043,0,33,0.00047506965126311852,0.0068870704395495586,0.011673786994997637,0.019035927085810315,0,0,0,0.081691730158652956,0.023483211528362795,0,0.099028231672957462,-0.03682577993522429,-0.014917146640343035,0.11636473318726195,-0.097134771398811381,-0.029834293280686069
3.3399999999999999,0.23080932740807009,-1.1098863407225643,-2.9544346392744329,12.595715400347597,0,33,0.00099852508440116412,0.0096055841358065157,0.008431757619366877,0.019035866839574558,0,0,0,0.082745933253334278,0.019445064413232193,0,0.095961555105109508,-0.03679228921076276,-0.028687234032590572,0.10917717695688473,-0.093029642834757717,-0.057374468065181143
3.3599999999999999,0.15788983230966308,-0.83239164122613474,-4.4460077972789609,15.189487300132154,0,33,0.0022612607597095433,0.011809901341040908,0.004964128037595163,0.019035290138345616,0,0,0,0.083942708229854876,0.01336494425867372,0,0.091442886034154458,-0.033742265836105331,-0.04341552821272867,0.098943063838454054,-0.080849475930884374,-0.08683105642545734
3.3799999999999999,0.048626656832518905,-0.50100487581216768,-6.5553751669425342,17.948848050661049,0,33,0.0049159256915479888,0.012250808013465517,0.0018663392494201604,0.019033072954433666,0,0,0,0.084899526350694463,0.0041316371365038252,0,0.086405377414635054,-0.026811555079894179,-0.05657297294673734,0.087911228478575659,-0.057754747296292187,-0.11314594589347468
3.3999999999999999,-0.10293005372983349,-0.1184876549433902,-8.3712252914940457,20.016398633836189,0,33,0.0080165640443602953,0.010916981978573883,0.00010647509025879763,0.019040021113192977,0,0,0,0.084550127067317155,-0.0087336139656230185,0,0.083766713283117258,-0.016317843731343394,-0.064047761254422367,0.082983299498917362,-0.023902073497063768,-0.12809552250884473
3.4199999999999999,-0.26986600049192783,0.28122033289045056,-7.8781035267747326,19.459389398778612,-0.0011474999999999992,34,0.0070999219342830306,0.011525609383134554,0.00059653968190385141,0.019222070999321439,0,0,0,0.081923563515525336,-0.02266119460482361,0,0.086695897027841168,-0.0054085045136200334,-0.061966277260007425,0.091468230540157,0.011844185577583544,-0.12393255452001485
3.4399999999999999,-0.40680995966121636,0.6464903046946473,-5.7500809320027235,16.935759646453448,-0.0011474999999999992,34,0.0037823187105974171,0.012529313662551191,0.0030644663776615371,0.019376098750810145,0,0,0,0.078062957392121185,-0.033632940448255086,0,0.093436799764647721,0.0020501602882429665,-0.051484087760526945,0.10881064213717426,0.037733261024741019,-0.10296817552105389
3.46,-0.50219241392904146,0.95802980462157894,-3.893525289650837,14.245790836841486,-0.0011474999999999992,34,0.0017341881175770449,0.011300828743776643,0.0064519817173747558,0.019486998578728446,0,0,0,0.074504995121936965,-0.040914614771254403,0,0.099903282366365892,0.0053353445117843151,-0.037096068138911163,0.12530156961079481,0.051585303794823033,-0.074192136277822326
3.48,-0.56694332638146416,1.2177145371403135,-2.6809028214672224,11.752465199986341,-0.0011474999999999992,34,0.000822190302091389,0.0088046365728757271,0.0099347374910487216,0.019561564366015839,0,0,0,0.071701454080716737,-0.045649769799100522,0,0.10420467702122274,0.0054025872533092004,-0.022303527476007817,0.13670789996172872,0.056454944305718922,-0.044607054952015633
3.5,-0.61284328034593361,1.4290261190463944,-1.9812534710431335,9.394463869941946,-0.0011474999999999992,34,0.00044904543652112244,0.0061250260140310025,0.013040179193043256,0.019614250643595382,0,0,0,0.069531350151499527,-0.048891628589254096,0,0.10625925858164162,0.0033410569455801578,-0.009113578011199221,0.14298716701178371,0.055573742480414412,-0.018227156022398442
3.52,-0.64172424487785129,1.5933360671109318,-0.95924070734665157,7.0619667253628728,0.017313914794921871,35,0.00010526049491371454,0.0034807206452940626,0.015528136809933818,0.019114117950141594,0,0,0,0.068090512665687664,-0.050879092807594631,0,0.10668895859210026,0.00077646601235258766,0.0014536901543230429,0.14528740451851285,0.052432024832299806,0.0029073803086460859
3.54,-0.65284044941783081,1.7123261512079626,-0.18398005130013739,4.8535758533589366,0.017313914794921871,35,3.8721455851399784e-06,0.001589778019090342,0.017327966935751202,0.018921617100426683,0,0,0,0.067520734982208952,-0.051632841752728517,0,0.10630920137065514,-0.00090881281155189703,0.0090982285752259761,0.14509766775910132,0.049815216129624723,0.018196457150451952
3.5600000000000001,-0.65005016700598317,1.7879951971987174,0.44489734192717711,2.7229533162377972,0.017313914794921871,35,2.2642784247762228e-05,0.00048891131353852714,0.018458363568626773,0.018969917666413063,0,0,0,0.067664542158367758,-0.051444239079788838,0,0.10578446104486096,-0.0013051583059797423,0.013899437515404229,0.14390437993135416,0.048833922467829353,0.027798875030808457
3.5800000000000001,-0.63555815901886992,1.8215019143628073,0.99614009283497928,0.63114680383640742,0.017313914794921871,35,0.00011351442311004309,0.00015401013115808293,0.018953307766397615,0.019220832320665741,0,0,0,0.06840294111489191,-0.050458276296685277,0,0.10549486525015933,-0.00017521296839220768,0.0160016469860585,0.14258678938542674,0.050107850359900862,0.032003293972117
3.6000000000000001,-0.61035288678777611,1.8132603837983634,1.5251263229292338,-1.4575936184354714,0.017313914794921871,35,0.00026608588671241725,0.00055921782077350286,0.018831938938736893,0.019657242646222813,0,0,0,0.069652893803832314,-0.04871831672740818,0,0.10554014178625198,0.0025899147662511099,0.01548614907720393,0.14142738976867164,0.0538981462599104,0.03097229815440786
3.6200000000000001,-0.58050903550398258,1.7616425287660906,1.4726004007100595,-3.70473386103671,0.0011474999999999992,36,0.00024807330632252732,0.0013769296579797079,0.018066486557941373,0.019691489522243609,0,0,0,0.071075604122815009,-0.046618220671502279,0,0.10580834082171316,0.0063364011084306379,0.012234992176101658,0.14054107752061129,0.059291022888363555,0.024469984352203315
3.6400000000000001,-0.55064704813919962,1.6650278413780617,1.5406165716754177,-5.958740301730721,0.0011474999999999992,36,0.0002715184441724325,0.0028394896169077104,0.016614751650346666,0.019725759711426809,0,0,0,0.072435821884740445,-0.044475293229861441,0,0.10603499371088407,0.010246855836021425,0.0060689417700758785,0.1396341655370277,0.064969004901904298,0.012137883540151757
3.6600000000000001,-0.51751067642501092,1.5231541529947545,1.8153335427083621,-8.2342582460208131,0.0011474999999999992,36,0.00037698413269187449,0.0049241441796330438,0.014462665327502747,0.019763793639827665,0,0,0,0.073869537726809251,-0.042051057014390318,0,0.10574266254620077,0.013939283383274922,-0.0030717578682350239,0.1376157873655923,0.06992962378094017,-0.0061435157364700477
3.6800000000000002,-0.47598345996618885,1.3353103813063756,2.3990541809511305,-10.562989640837902,0.0011474999999999992,36,0.00065840075309576669,0.0075102791866715982,0.011642778101755562,0.019811458041522928,0,0,0,0.075551613994540925,-0.038948088821146157,0,0.10429066161947576,0.016799997887307343,-0.015048852778815996,0.1330297092444106,0.072548084595760842,-0.030097705557631992
3.7000000000000002,-0.41858534840635075,1.0998951773184826,3.4293803685354627,-13.004188890796859,0.0011474999999999992,36,0.0013453693243566977,0.010235674292751042,0.0082962051235563085,0.019877248740664048,0,0,0,0.077661513562412826,-0.034549809133990451,0,0.10102523570593276,0.017967471557216973,-0.029262975180273924,0.1243889578494527,0.070484752248424404,-0.058525950360547849
3.7200000000000002,-0.33512361858396389,0.81403294633123569,5.0315620855818208,-15.619681193301163,6.1072998046874963e-05,37,0.002896115501305523,0.012225803706094782,0.0047596826944501488,0.019881601901850454,0,0,0,0.080271421137186411,-0.027955302692270478,0,0.095694689911115682,0.016331382974932418,-0.044283882541411197,0.11111795868504497,0.060618068642135314,-0.088567765082822394
3.7400000000000002,-0.21287570980463194,0.47382222213417657,7.2601341062426918,-18.392674570691035,6.1072998046874963e-05,37,0.0060297525812143841,0.012183769660295749,0.0016730170435529455,0.019886539285063079,0,0,0,0.083081329115669941,-0.017958083204332648,0,0.089299210378918498,0.010808341015679637,-0.05739408323329534,0.09551709164216704,0.039574765235691922,-0.11478816646659068
3.7600000000000002,-0.047313788851054167,0.083385309116648543,9.0167958483473623,-20.324108032722137,6.1072998046874963e-05,37,0.0093006795223525285,0.010552677934744185,5.2763961912863743e-05,0.019906121419009576,0,0,0,0.084904877475894286,-0.0040201717380456518,0,0.085158958094760373,0.001345938274038401,-0.064275892108762903,0.085413038713626446,0.0067120482861224538,-0.12855178421752581
3.7800000000000002,0.1290110047163133,-0.31879323590509756,8.1773602614163607,-19.414707378384694,6.1072998046874963e-05,37,0.0076495602429135024,0.011487594524944914,0.00076515067083655463,0.019902305438694971,0,0,0,0.084293617387238465,0.010935541494313347,0,0.086894429243024499,-0.0091121021986693175,-0.061250124571710182,0.089495241098810518,-0.029159745891651982,-0.12250024914342036
3.8000000000000003,0.27007290234636583,-0.68154729253615187,5.8978244038957879,-16.763713440184496,6.1072998046874963e-05,37,0.0039791827260676083,0.01253775705422632,0.0033925428797949931,0.01990948266008892,0,0,0,0.081918873118863866,0.022678144256871726,0,0.092760280978884113,-0.016483610111356319,-0.050090626572396393,0.10360168883890436,-0.055645364479584361,-0.10018125314479279
3.8200000000000003,0.36855916331144412,-0.98980811348321751,4.061986733751433,-14.093622744420436,0.0011474999999999992,38,0.0018875010752588117,0.011285263828993598,0.0068511056224494337,0.020023870526701841,0,0,0,0.079292029547980772,0.030623096678196116,0,0.098716758267426749,-0.019673128415214316,-0.035400842582188952,0.11814148698687273,-0.069969353508624751,-0.070801685164377903
3.8399999999999999,0.43700376721748163,-1.2466740823682905,2.8816981657286007,-11.621351012925889,0.0011474999999999992,38,0.00094996408525280078,0.008803149489971145,0.010349528663015592,0.020102642238239536,0,0,0,0.077012024184761455,0.035974270402132115,0,0.10288875113541968,-0.01942140821678575,-0.020541757292662288,0.12876547808607791,-0.074817086835703622,-0.041083514585324575
3.8599999999999999,0.48722164931748041,-1.4554992661356696,2.2117036593385277,-9.2756091920410348,0.0011474999999999992,38,0.00055958244217358983,0.0061618258307810691,0.013438869306053662,0.020160277579008321,0,0,0,0.075109146293823037,0.0397946748072288,0,0.1051057926441077,-0.016821505874271246,-0.0074201949284163227,0.13510243899439237,-0.073437686555771292,-0.014840389856832645
3.8799999999999999,0.52788232512975763,-1.6180734233929197,1.9048833185828653,-6.987411891905567,0.0011474999999999992,38,0.00041509448524306775,0.003888275260151126,0.015903556896494805,0.020206926641889,0,0,0,0.073429433677089193,0.042814930454947137,0,0.10588210863526867,-0.012842792637545425,0.0030482369032229133,0.13833478359344817,-0.068500515730037986,0.0060964738064458266
3.8999999999999999,0.56509484523455522,-1.7351114736480362,1.8504951613016742,-4.7174506380970929,0.0011474999999999992,38,0.00039172935187347914,0.0021879571322161,0.01766993675672238,0.020249623240811958,0,0,0,0.071785714273808032,0.04551715309857586,0,0.10585997531374984,-0.0082218222236954061,0.010550699782205141,0.13993423635369165,-0.061960797545966673,0.021101399564410282
3.9199999999999999,0.59551432505108315,-1.8082113735464453,1.2080163109385424,-2.6032296242823922,-0.018360000000000001,39,0.00016693822938639935,0.00076669536285240098,0.018757461874958248,0.019691095467197047,0,0,0,0.070368108977984262,0.047679442518369822,0,0.10553350519626177,-0.0042197052618998324,0.015169817681609942,0.14069890141453928,-0.056118853042169486,0.030339635363219885
3.9399999999999999,0.61385309900097018,-1.8395595070769328,0.63197779434190959,-0.53675039327562502,-0.018360000000000001,39,4.5689230533001803e-05,9.0367637808970485e-05,0.019218326762588851,0.019354383630930824,0,0,0,0.069481943029537946,0.048961817703594757,0,0.10530151817695534,-0.0018699078422560675,0.01712727982750956,0.14112109332437273,-0.052701633388106892,0.034254559655019119
3.96,0.6208626684884232,-1.8297680481784111,0.066528779267040927,1.5167739684517976,-0.018360000000000001,39,5.0632493506161959e-07,0.00015039617111850463,0.01907478186549463,0.019225684361548197,0,0,0,0.069137037618441977,0.049447649381402753,0,0.1054078606596127,-0.0012657270565154741,0.016517592021298971,0.14167868370078343,-0.051979103494433701,0.033035184042597941
3.98,0.61624733516805608,-1.778728408920049,-0.53932632389549962,3.5942914525289695,-0.018360000000000001,39,3.327464591882634e-05,0.0009563462675504917,0.018320807023005915,0.019310427936475232,0,0,0,0.069364517838885517,0.04912803339213706,0,0.10584102125173141,-0.0023736225256728166,0.01331518443342642,0.14231752466457731,-0.053875278443482694,0.026630368866852841
4,0.59863357082348789,-1.6855886522738697,-1.2446121319789298,5.7329741903084113,-0.018360000000000001,39,0.00017720593626351319,0.0025313589300705324,0.016925276513437358,0.019633841379771404,0,0,0,0.070219042989838179,0.047898705635865131,0,0.10632649565488674,-0.0050344736073363039,0.0073878547121872147,0.14243394831993528,-0.057967652850537739,0.014775709424374429
4.0200000000000005,0.57212450860072106,-1.5482633234403078,-1.4464776117097986,8.0041274903444908,0,40,0.00023935011394055541,0.0045507721875876267,0.0148437254707752,0.019633847772303384,0,0,0,0.071463972965296482,0.046020653711299833,0,0.1063766627459586,-0.0081941241639306162,-0.0014532557306524006,0.14128935252662073,-0.062408902039161065,-0.0029065114613048013
4.04,0.53883703733747501,-1.3651276932607708,-1.9401778331017192,10.320739416649932,0,40,0.00043061909421061509,0.0071186448189699061,0.012084593051235059,0.01963385696441558,0,0,0,0.072956011884706726,0.043616743687241631,0,0.10535588386911923,-0.010577248017123071,-0.013172302704574165,0.13775575585353173,-0.064771239721487767,-0.02634460540914833
4.0600000000000005,0.49175159594328188,-1.1347716698774057,-2.8507839094310223,12.738184709074968,0,40,0.0009296913795917729,0.0099318341730891026,0.0087722843907170073,0.019633809943397883,0,0,0,0.074928108523320644,0.04013450576645345,0,0.10253367729543074,-0.011403018199608761,-0.027240891986421139,0.13013924606754085,-0.062940542165670965,-0.054481783972842278
4.0800000000000001,0.42090992680673728,-0.85434390250597403,-4.3444745749556004,15.343154860927166,0,40,0.0021591595040500863,0.012260996078521109,0.0052131084974018785,0.019633264079973074,0,0,0,0.077580990066397126,0.034730245900620835,0,0.097455697530015525,-0.0096661999730884782,-0.042358016915554374,0.11733040499363392,-0.054062645846797791,-0.084716033831108747
4.0999999999999996,0.31341903109326386,-0.51953985034027284,-6.4891187208718168,18.145764382295344,0,40,0.0048170554541389146,0.012810029117972705,0.0020038113831876386,0.019630895955299259,0,0,0,0.080859225057632392,0.026206596938159601,0,0.090732331971621505,-0.0042564111303872894,-0.055989078392848973,0.10060543888561062,-0.034719419198934176,-0.11197815678569795
4.1200000000000001,0.16143977071005339,-0.13137499844313538,-8.4912802839403607,20.396392150064742,-0.0011474999999999992,41,0.0082481501700967675,0.01143290565255293,0.00013086113652585878,0.019811916959175557,0,0,0,0.083894734675583657,0.01366285086332359,0,0.085252875627940164,0.0053233852576603079,-0.063944184775204471,0.086611016580296685,-0.0030160803480029745,-0.12788836955040894
4.1399999999999997,-0.008605201157390302,0.27671959614915043,-8.0416897890503929,19.893449395364915,-0.0011474999999999992,41,0.0073978383682557431,0.012021766403608802,0.00057771910797387732,0.019997323879838422,0,0,0,0.084996852916224302,-0.00073143307125957764,0,0.085148487578638257,0.016889412368509236,-0.062046215137725631,0.085300122241052212,0.034510257808278051,-0.12409243027545126
4.1600000000000001,-0.14810743610604135,0.65018602652833035,-5.836305417689684,17.316334146929776,-0.0011474999999999992,41,0.0038966036033060382,0.013158846130401351,0.0030983568118553469,0.020153806545562737,0,0,0,0.084069430896358738,-0.012543157049258498,0,0.089831030401891956,0.026073467902555714,-0.051340142661164857,0.095592629907425189,0.064690092854369927,-0.10268028532232971
4.1799999999999997,-0.24450050145178809,0.96887046980198033,-3.9138464817175125,14.584417741959566,-0.0011474999999999992,41,0.0017523376001030619,0.011926511479225176,0.0065871654445764892,0.020266014523904727,0,0,0,0.082471960640429595,-0.020576095550989063,0,0.095341439334304778,0.031006632458509452,-0.036521893286712161,0.10821091802817995,0.082589360468007966,-0.073043786573424321
4.2000000000000002,-0.30925035899987113,1.2351182534452105,-2.664310913402486,12.073243887779807,-0.0011474999999999992,41,0.00081204484508804733,0.0093450319271647167,0.010183507261442851,0.020340584033695618,0,0,0,0.080967768872744164,-0.025869294612916739,0,0.0995023795167497,0.032141798972171946,-0.021246911054014397,0.11803699016075522,0.090152892557260639,-0.042493822108028795
4.2199999999999998,-0.35425801696717479,1.4526996735075972,-1.911366023717201,9.7036561370934677,-0.00023812866210937481,42,0.00041792459459839978,0.0065367365757313511,0.013396644196816758,0.020351305367146508,0,0,0,0.079721851631712706,-0.029486036905816755,0,0.1019407035402741,0.030587414841504866,-0.0075995404484507411,0.12415955544883547,0.090660866588826494,-0.015199080896901482
4.2400000000000002,-0.3882170303888155,1.623780589883701,-1.5371972763729451,7.412960151081176,-0.00023812866210937481,42,0.00027031454763516276,0.0040989476757545733,0.015990116244831858,0.020359378468221594,0,0,0,0.078674763569195727,-0.032175791790275424,0,0.1030562479171736,0.027440690347794283,0.0034158861910969095,0.12743773226515148,0.08705717248586399,0.006831772382193819
4.2599999999999998,-0.41750315232558405,1.7494302979682441,-1.427570555173697,5.1550430942423997,-0.00023812866210937481,42,0.00023313386824550352,0.0022490223329689435,0.017884189890479824,0.020366346091694271,0,0,0,0.077698857746578143,-0.034465743933317521,0,0.10343610461368967,0.023555771197337448,0.011460711393475287,0.1291733514808012,0.08157728632799241,0.022921422786950574
4.2800000000000002,-0.44647549820500188,1.8300422742858942,-1.491620770176916,2.906710474039814,-0.00023812866210937481,42,0.00025452300996727634,0.0010399132251971003,0.019078807218315803,0.02037324345348018,0,0,0,0.076667836177312113,-0.036702082991144157,0,0.10358757884779944,0.019531194599512323,0.016534689170556414,0.13050732151828676,0.075764472190168797,0.033069378341112829
4.2999999999999998,-0.47777460598010396,1.8657013005044867,-1.6468017519842963,0.65908501218186188,-0.00023812866210937481,42,0.00031023646776602023,0.00047081944152014426,0.019599639734427667,0.02038069564371383,0,0,0,0.075481731125336599,-0.039083350244348211,0,0.10385878147665406,0.015721288338497605,0.01874685582070874,0.1322358318279715,0.070525926921343421,0.037493711641417481
4.3200000000000003,-0.50518286231944498,1.8585335381000867,-1.091093736045079,-1.3749964062127589,0.018360000000000001,43,0.00013618658551531077,0.00024590415111327838,0.019495377491817494,0.019877468228446084,0,0,0,0.0743823091197124,-0.041137234836818456,0,0.10431487740642173,0.012985351571352159,0.0183040158503971,0.13424744569313105,0.067107937979522775,0.0366080317007942
4.3399999999999999,-0.52114479968713556,1.8106081177804354,-0.49415484468143533,-3.4231639126408999,0.018360000000000001,43,2.7934205349521567e-05,0.00076364226266107066,0.018792827296675432,0.019584403764686023,0,0,0,0.073716231547206912,-0.042319229748172142,0,0.10491007626768524,0.012017597598306638,0.015320027593762451,0.13610392098816357,0.066354424944785412,0.030640055187524901
4.3600000000000003,-0.52433231034398775,1.7212462619219391,0.19612251792899893,-5.5255306998587628,0.018360000000000001,43,4.4001261423980951e-06,0.0020595076323230012,0.017461985254665753,0.019525893013131151,0,0,0,0.073580964293416248,-0.04255398563766976,0,0.10550716273533739,0.012650255102121019,0.009667453511152526,0.13743336117725852,0.067854495841911805,0.019334907022305052
4.3799999999999999,-0.51221926083355251,1.5889409370356686,1.0501984260025847,-7.7251245757511882,0.018360000000000001,43,0.00012616907888072669,0.0041607579393582467,0.015461406754713414,0.019748333772952386,0,0,0,0.074091012170092979,-0.041659595720687635,0,0.10569808996509063,0.014553152988425196,0.0011702631443824864,0.13730516776008828,0.07076590169753802,0.0023405262887649728
4.4000000000000004,-0.48052338284108409,1.4112579228072626,2.1775519688639084,-10.073249295247926,0.018360000000000001,43,0.00054243444960152165,0.0070145331819391208,0.01277341329825411,0.02033038092979475,0,0,0,0.075374014690543265,-0.039290684766618261,0,0.1048100855700516,0.017178548388334935,-0.010246630571465729,0.13424615644955995,0.073647781543288132,-0.020493261142931457
4.4199999999999999,-0.42926097888660186,1.1860893570449162,3.0290910905743886,-12.464568660421996,7.1158447265624953e-05,44,0.0010496267095201938,0.0097975666655385502,0.0094868084421799032,0.020334001817238649,0,0,0,0.077288254109139601,-0.03537691022066608,0,0.10217095542528995,0.018984551259398755,-0.024206046371984785,0.12705365674144031,0.07334601273946359,-0.04841209274396957
4.4400000000000004,-0.35553640962898392,0.9115200158365937,4.4542538647368533,-15.029413172520638,7.1158447265624953e-05,44,0.0022696565167907058,0.012185320729436015,0.0058838453973591998,0.02033882264358592,0,0,0,0.079684091764558013,-0.029587928613836727,0,0.097430967764507673,0.018206687703200743,-0.039509151387363238,0.11517784376445733,0.066001304020238211,-0.079018302774726476
4.46,-0.24631196049720774,0.58327919752098811,6.5726317068364359,-17.819765387575703,7.1158447265624953e-05,44,0.0049418413782798057,0.012891691015100064,0.0025108170423903341,0.020344349435770202,0,0,0,0.082434552595364891,-0.020725456289356355,0,0.091096396745707797,0.013726631868094363,-0.053835639473367593,0.099758240896050718,0.048178720025545081,-0.10767127894673519
4.4800000000000004,-0.091599550000251745,0.20048504544776913,8.7501751106896926,-20.255068126399351,7.1158447265624953e-05,44,0.0087587815519234169,0.01129589671844327,0.00030417167450394331,0.020358849944870631,0,0,0,0.084643653967701571,-0.0077750783273225045,0,0.085818590155209595,0.0050159043358460774,-0.063208071379103198,0.08699352634271762,0.01780688699901466,-0.1264161427582064
4.5,0.088081937038700292,-0.20963145703944619,8.7209967929825876,-20.22219685548086,7.1158447265624953e-05,44,0.0087004649121270906,0.011336638850727655,0.00033245422445505224,0.020369557987309796,0,0,0,0.084670479954741973,0.0074772872242303626,0,0.085851223995684525,-0.005893091852065992,-0.063087945020153538,0.087031968036627078,-0.019263470928362347,-0.12617589004030708
4.5200000000000005,0.24260691983151797,-0.59209110758184202,6.588328665907385,-17.823477850811678,0.0011474999999999992,45,0.0049654740767417363,0.012988158584686844,0.0025850095520658033,0.020538642213494381,0,0,0,0.082510775275693116,0.020419891366118253,0,0.091158546840023863,-0.014523210112078497,-0.053520516683376644,0.099806318404354624,-0.049466311590275244,-0.10704103336675329
4.54,0.35268031506939856,-0.92082692168151681,4.5220870355991405,-15.073292402023775,0.0011474999999999992,45,0.00233931141512538,0.012331649270962206,0.0059959617378764268,0.020666922423964014,0,0,0,0.079768272569262708,0.029360222943905112,0,0.097504817528320784,-0.0188278836462333,-0.03903295218367131,0.11524136248737886,-0.067015990236371711,-0.07806590436734262
4.5600000000000005,0.428218861978788,-1.1965642659440388,3.1418270967598416,-12.535353881885154,0.0011474999999999992,45,0.0011292101371892847,0.0099902467426823804,0.0096345623883709545,0.020754019268242621,0,0,0,0.077325079010940018,0.035296347629066166,0,0.10225504138673658,-0.019318688768092993,-0.023578481191084966,0.12718500376253314,-0.073933725165252151,-0.047156962382169931
4.5800000000000001,0.4821650774225445,-1.4233194258155137,2.3334031252591161,-10.159444537271444,0.0011474999999999992,45,0.0006228590180421842,0.0072386682073802174,0.012954422873431898,0.020815950098854299,0,0,0,0.075309409842701194,0.039414372875184275,0,0.10489330535496599,-0.017111852188250322,-0.0094778165416586086,0.13447720086723078,-0.073638077251684919,-0.018955633083317217
4.6000000000000005,0.52426976248708046,-1.6034650715943277,1.9341652987440678,-7.86348317812977,0.0011474999999999992,45,0.00042795428660699424,0.0047544033624030216,0.015681895398806336,0.020864253047816354,0,0,0,0.073583625810086012,0.042549383222806457,0,0.10585387114118502,-0.013257810146109432,0.002106759254189336,0.13812411647228406,-0.069065003515025314,0.0042135185083786719
4.6200000000000001,0.55410098612600478,-1.7386618071129947,1.0852171629582619,-5.6765657507742553,-0.018360000000000001,46,0.00013472354859725985,0.0024586575425669262,0.017723109726176179,0.020316490817340365,0,0,0,0.07228177521747485,0.0447252162813154,0,0.10574326941343512,-0.0093529168841058052,0.010776544878424131,0.13920476360939538,-0.06343105004952701,0.021553089756848262
4.6399999999999997,0.5687856783540981,-1.8312071961251988,0.4041837032454666,-3.5918392499416658,-0.018360000000000001,46,1.8688214221603833e-05,0.00093226386717809541,0.01909590378723499,0.020046855868634691,0,0,0,0.071617229498172258,0.045781791566146979,0,0.10518623556190682,-0.0067307713775391909,0.016607304566917221,0.13875524162564137,-0.05924333432122536,0.033214609133834443
4.6600000000000001,0.57088107879152472,-1.8827621753384873,-0.1839666840275932,-1.5711724660468689,-0.018360000000000001,46,3.8715829356063917e-06,0.00015762028527178154,0.019846885023700484,0.020008376891907872,0,0,0,0.071521141157364812,0.045931757723260462,0,0.10469290311945917,-0.0057205714565566335,0.019796997212455338,0.13786466508155354,-0.057372900636373729,0.039593994424910676
4.6799999999999997,0.5616897726661142,-1.8942233879071475,-0.73235186637112881,0.42405642782801989,-0.018360000000000001,46,6.1354976159779618e-05,0.00010355229486068931,0.020012222893475064,0.020177130164495533,0,0,0,0.071940287023694482,0.045272454129950325,0,0.10451290782492612,-0.006487136433185256,0.020499247763655554,0.13708552862615775,-0.058246726996320837,0.040998495527311107
4.7000000000000002,0.54155144775377262,-1.8657099303898139,-1.286271537390399,2.4326346161762284,-0.018360000000000001,46,0.00018926727340088604,0.00075784570402056119,0.019599765129103389,0.020546878106524835,0,0,0,0.072837349516050143,0.043814615318141854,0,0.10464952216449365,-0.0090698918545181126,0.018747388417870322,0.13646169481293716,-0.06195439902717808,0.037494776835740644
4.7199999999999998,0.51650640148293891,-1.7948341689932361,-1.2368315789552558,4.6562269176431306,-0.0011474999999999992,47,0.00017499729540964426,0.0018409187696395101,0.018559701952270965,0.020575618017320118,0,0,0,0.073911731291328955,0.041976850495462195,0,0.10496869258835366,-0.012707427886953358,0.014329858784705073,0.13602565388537835,-0.067391706269368912,0.028659717569410145
4.7400000000000002,0.49106896866456717,-1.6793727069568574,-1.3390990368160527,6.8935161007326844,-0.0011474999999999992,47,0.00020513303314865892,0.0035682090902812999,0.016831470163654553,0.020604812287084513,0,0,0,0.074955487972147433,0.040083348448667087,0,0.10519256633463032,-0.016459706241848233,0.0069894247521854885,0.13542964469711322,-0.073002760932363547,0.013978849504370977
4.7599999999999998,0.46135896766438478,-1.5188683049468956,-1.6797460784293436,9.1654120271646953,-0.0011474999999999992,47,0.0003227732075416914,0.0059184837534146289,0.014397661644074317,0.020638918605030636,0,0,0,0.076113110530090011,0.037839059256729708,0,0.10478757491457172,-0.019839506753048304,-0.0033478523442307274,0.13346203929905343,-0.077518072762826323,-0.0066957046884614548
4.7800000000000002,0.42158409458507534,-1.3122603902559842,-2.3665479598390586,11.513064075164674,-0.0011474999999999992,47,0.00064067949814552712,0.0087405207936503172,0.011303375602349093,0.020684575894144935,0,0,0,0.077557558425086395,0.034782540607887054,0,0.10307417893361297,-0.022114015863093119,-0.016490419629845845,0.12859079944213953,-0.079010572334073298,-0.03298083925969169
4.7999999999999998,0.36338871156829233,-1.0573588063276507,-3.5520069715629123,14.010518166144687,-0.0011474999999999992,47,0.0014433040335716492,0.011580961780815954,0.0077269639892399008,0.020751229803627504,0,0,0,0.079449304208905766,0.03021271356102842,0,0.099419356819357249,-0.022301827435454183,-0.031680750980122747,0.11938940942980875,-0.074816368431936786,-0.063361501960245495
4.8200000000000003,0.27538354363584822,-0.75040391807188023,-5.3714932980057153,16.729260151800286,-5.6590576171874966e-05,48,0.0033006561440751475,0.0133756448119427,0.0040787226170807735,0.020755023573098622,0,0,0,0.081797283023083839,0.023112864167850834,0,0.093757444885357782,-0.019214591994467067,-0.047176169652222336,0.10571760674763171,-0.061542048156784969,-0.094352339304444671
4.8399999999999999,0.14434513149101288,-0.3871112302101416,-7.7551125280801507,19.552086237186991,-5.6590576171874966e-05,48,0.006879967934262766,0.01275621747378524,0.0011237023344627753,0.02075988774251078,0,0,0,0.084116026964675142,0.012226774213914555,0,0.087618597373628454,-0.011869712873407167,-0.059727224199529499,0.091121167782581766,-0.03596619996072889,-0.119454448399059
4.8600000000000003,-0.027925490533027536,0.022610603848317368,-9.0593559409311091,20.96499325124087,-5.6590576171874966e-05,48,0.0093886868330016783,0.011390852247443781,3.8816447632799936e-06,0.020783420725208741,0,0,0,0.084966859250357379,-0.0023733581967246122,0,0.085007576574854873,-0.00091566707180144088,-0.064483513231552506,0.085048293899352354,0.00054202405312173043,-0.12896702646310501
4.8799999999999999,-0.19718526322973043,0.42907392864026317,-7.5056143285629968,19.273932555653442,-5.6590576171874966e-05,48,0.0064444030677536209,0.012951444660770785,0.0013765785801091981,0.020772426308633601,0,0,0,0.083352861208285542,-0.016652343030105057,0,0.088609880766146523,0.0096615288847028552,-0.058653166071571533,0.093866900324007504,0.035975400799510768,-0.11730633214314307
4.9000000000000004,-0.3232396055718274,0.78637803779381121,-5.1481025532498492,16.431710445599997,-5.6590576171874966e-05,48,0.003031828183420582,0.013291130718005261,0.0044583683563302005,0.020781327257756041,0,0,0,0.080597966208003635,-0.026999404495905172,0,0.095099205322600577,0.016289342124773978,-0.045563675007092248,0.10960044443719751,0.059578088745453131,-0.091127350014184497
4.9199999999999999,-0.40808342559656741,1.0880056759467562,-3.455992647969707,13.772429227388496,-0.0011474999999999992,49,0.0013663306987264229,0.011377507377472285,0.0081357947038349487,0.020879632780033658,0,0,0,0.078020063701786116,-0.033732323666910917,0,0.10069129294419851,0.018704347081208723,-0.029944297044533857,0.12336252218661092,0.071141017829328357,-0.059888594089067715
4.9400000000000004,-0.46584671389401572,1.3387274424637763,-2.4141405822547179,11.32744495726476,-0.0011474999999999992,49,0.00066670746785692334,0.0085860540977136853,0.011693257631487696,0.020946019197058303,0,0,0,0.075942532551930536,-0.038180253398831319,0,0.10413794271530365,0.017901900686938511,-0.014834447708597962,0.13233335287867676,0.073984054772708335,-0.029668895417195924
4.96,-0.50781424710702017,1.5418964696773028,-1.8492051931753273,9.0030221800695553,-0.0011474999999999992,49,0.00039118339826975211,0.0058559117566110439,0.014747071326042242,0.020994166480923039,0,0,0,0.074273803832361845,-0.041332820666775599,0,0.10562502383681961,0.015004354656661334,-0.0018637813199021309,0.13697624384127738,0.071341529980098267,-0.0037275626398042619
4.9800000000000004,-0.54205910882785047,1.6992003072113873,-1.6224385454006678,6.7326608703040751,-0.0011474999999999992,49,0.00030112493381891,0.0036018731260613742,0.017130453588819379,0.021033451648699665,0,0,0,0.072815097156520694,-0.043851586357695801,0,0.10581677215907045,0.010947347300877763,0.0082593169759572534,0.13881844716162023,0.065746280959451328,0.016518633951914507
5,-0.57427873099362325,1.8113144355984732,-1.6313163220123874,4.4798453531790727,-0.0011474999999999992,49,0.00030442938431395739,0.0019627446576143417,0.018803245502852044,0.021070419544780342,0,0,0,0.071364668498773265,-0.046174496099689044,0,0.10539437439357857,0.0064198771025749807,0.015364277535049453,0.13942408028838388,0.059014250304839005,0.030728555070098907
5.0200000000000005,-0.60070721851902809,1.8804180678276028,-1.0254371506439894,2.441686074303977,0.018360000000000001,50,0.00012028966109198886,0.00065188811679107225,0.019812993124706448,0.02058517090258951,0,0,0,0.070119567049053463,-0.048044212105656361,0,0.10484307119856867,0.0026340479943435524,0.019653045891549644,0.13956657534808389,0.053312308094343466,0.039306091783099288
5.04,-0.61565911732681577,1.9093124238831587,-0.47471193197133177,0.45299716644731358,0.018360000000000001,50,2.5779263295678031e-05,5.5939903587207567e-05,0.020228925010976746,0.020310644177859632,0,0,0,0.069393403822896188,-0.049087223448392926,0,0.10452803306508636,0.00058174016154336622,0.021419661106764968,0.13966266230727653,0.050250703771479659,0.042839322213529936
5.0600000000000005,-0.61974491189353498,1.8986185421188138,0.068471967857607785,-1.5236256281751799,0.018360000000000001,50,5.3633461269109115e-07,0.00015963011442667131,0.020075459787558845,0.020235626236598206,0,0,0,0.069192264853926003,-0.049370340128301313,0,0.1046605583249558,0.00033828147297965822,0.02076783803754181,0.14012885179598558,0.050046903074260629,0.04153567607508362
5.0800000000000001,-0.6126811915761885,1.8481855039191535,0.6478991848140695,-3.5274408057565712,0.018360000000000001,50,4.8020322605664639e-05,0.00097283570049994496,0.019344465873697862,0.02036532189680347,0,0,0,0.069539274022003134,-0.048880357696039434,0,0.10521296542772016,0.0018705516460077246,0.017663038879110863,0.14088665683343721,0.052621460988054883,0.035326077758221726
5.1000000000000005,-0.59324668335000141,1.7570850558678659,1.3156569155518811,-5.5965314290216481,0.018360000000000001,50,0.00019801382455921334,0.002525643934108346,0.017998504198788349,0.020722161957455909,0,0,0,0.070476047854132723,-0.047519750408245999,0,0.10591127154760892,0.0050338614960364209,0.011946246172223708,0.14134649524108511,0.057587473400318841,0.023892492344447416
5.1200000000000001,-0.56587452506169933,1.6226763984705759,1.4601631900241872,-7.8485372798509232,0,51,0.00024390067269552802,0.004504896764145761,0.015973371170992675,0.020722168607833963,0,0,0,0.071750203652054187,-0.045573109131249206,0,0.10628562222764187,0.0087993785757230353,0.0033447637232104674,0.14082104080322955,0.063171866282695277,0.0066895274464209347
5.1399999999999997,-0.53297921105144819,1.4428705708712544,1.8849232663499538,-10.142506936019563,0,51,0.0004064410424722988,0.007067232737533056,0.013248509106688009,0.020722182886693363,0,0,0,0.073210258023770319,-0.043188634154056944,0,0.1057150139394839,0.011911083959291413,-0.0082287244873937779,0.13821976985519752,0.067010802072639764,-0.016457448974787556
5.1600000000000001,-0.48782786570379871,1.2163611524171172,2.7093266549374637,-12.530315182687005,0,51,0.0008397170003967096,0.0099669964358244777,0.0099154578106615439,0.020722171246882731,0,0,0,0.075085008310102661,-0.039840199887448059,0,0.10343756873804719,0.013594578084527249,-0.022385415347173192,0.13179012916599173,0.067029356056502565,-0.044770830694346384
5.1799999999999997,-0.42082974084667407,0.94045260900566596,4.1011226349121568,-15.099718875983461,0,51,0.001924047185509152,0.012562787342466193,0.0062349813053100911,0.020721815833285435,0,0,0,0.077583774695090257,-0.03472402488280231,0,0.098869483473068995,0.012834564296584694,-0.038017748448394111,0.12015519225104773,0.060393153475971698,-0.076035496896788221
5.2000000000000002,-0.3189074752419237,0.61057172574070684,6.2037429705324252,-17.922195736076908,0,51,0.0044026868708909959,0.013573176280351032,0.0027437793188627119,0.02071964247010474,0,0,0,0.080714174477189815,-0.026649991340819655,0,0.092308541886023013,0.008465584571424635,-0.052846163273603843,0.10390290929485621,0.043581160483668925,-0.10569232654720769
5.2199999999999998,-0.17018847297344861,0.22403883181171436,8.5487257897854629,-20.552468480953308,0.0011474999999999992,52,0.0083601290217818047,0.012152608312338173,0.00037952400204297349,0.02089226133616295,0,0,0,0.083771993363870978,-0.014396288682975119,0,0.086199024890947842,-0.00027339399410786919,-0.06288802241741856,0.088626056418024707,0.013849500694759381,-0.12577604483483712
5.2400000000000002,0.0079379658791594865,-0.1946248125810861,8.744394725353299,-20.755052617951709,0.0011474999999999992,52,0.0087472132326731518,0.012064114514634697,0.00028670486979587013,0.021098032617103718,0,0,0,0.084997322033714198,0.00067472001384533923,0,0.085096340765221823,-0.011799086656506501,-0.063282259302599939,0.085195359496729461,-0.024272893326858343,-0.12656451860519988
5.2599999999999998,0.16267532338590482,-0.58758770846954889,6.5648244318433866,-18.320372631608237,0.0011474999999999992,52,0.0049301080570148927,0.013788415284953202,0.0025469702492545597,0.021265493591222654,0,0,0,0.083877789471494074,0.013766496772081131,0,0.089668770527144906,-0.021517330178314545,-0.053682083548867825,0.095459751582795738,-0.056801157128710221,-0.10736416709773565
5.2800000000000002,0.27143822077240137,-0.9255756783477942,4.418729834073563,-15.506138657109716,0.0011474999999999992,52,0.0022335984759542919,0.013105438974908465,0.0060534753025796367,0.021392512753442394,0,0,0,0.081887833888016653,0.022789968431934978,0,0.095704822686096008,-0.026856580527046824,-0.038788670988023972,0.10952181148417538,-0.076503129486028623,-0.077577341976047945
5.2999999999999998,0.34436675061317595,-1.2095984987775399,2.9886810038605152,-12.935843293238662,0.0011474999999999992,52,0.00102180808038159,0.010635558585001306,0.0098192655771350296,0.021476632242517925,0,0,0,0.080009601273139608,0.028696057292130192,0,0.10037977949028906,-0.028099544292617573,-0.022793979030177412,0.12074995770743853,-0.084895145877365338,-0.045587958060354823
5.3200000000000003,0.39456835324199513,-1.4441352382017563,2.1151952712988198,-10.541455499662508,0.00019554565429687486,53,0.00051181279660761185,0.0077070879816853299,0.013267558805811602,0.021486459584104542,0,0,0,0.078468819264236267,0.032674828282282117,0,0.10306462464337396,-0.026392163295464836,-0.0081478134309734915,0.12766043002251165,-0.08545915487321179,-0.016295626861946983
5.3399999999999999,0.43177680137391006,-1.6319220290728405,1.6644628185350758,-8.2485892404639394,0.00019554565429687486,53,0.0003169263891729779,0.0050632392214951909,0.01611354964448472,0.021493715255152888,0,0,0,0.077199007584191889,0.03557124158665094,0,0.10414089201862509,-0.02289977736048536,0.0039401530941416988,0.13108277645305827,-0.081370796307621659,0.0078803061882833977
5.3600000000000003,0.46312147362884148,-1.7743760985777568,1.5111873341137483,-6.0014041690479933,0.00019554565429687486,53,0.00026124429560193599,0.0029824827730367907,0.018256107536820786,0.021499834605459511,0,0,0,0.076046300777098688,0.037973150226430268,0,0.10426616688063652,-0.018540897536333652,0.013040381994651663,0.13248603298417436,-0.075054945299097564,0.026080763989303327
5.3799999999999999,0.49357198937270275,-1.8720813721014018,1.5605237707856299,-3.7703732253439486,0.00019554565429687486,53,0.00027858067303282967,0.001534951757413056,0.019692253641192019,0.021505786071637906,0,0,0,0.074854923823525599,0.040270837828063386,0,0.10403690615215144,-0.013972261696091851,0.019140221038022508,0.13321888848077729,-0.068215361220247087,0.038280442076045015
5.4000000000000004,0.52633472820587412,-1.9252091530651656,1.7288687501621196,-1.5424544588817306,0.00019554565429687486,53,0.00034192767645170071,0.00071427986908761216,0.0204559839070305,0.021512191452569811,0,0,0,0.073495605971514,0.042701240062555067,0,0.10388449721675017,-0.0096028610267618331,0.022384063485518597,0.13427338846198633,-0.061906962116078733,0.044768126971037193
5.4199999999999999,0.55559494994492153,-1.9364165170339689,1.1974782215899638,0.4177355834649894,-0.018360000000000001,54,0.0001640383732225376,0.00019565554932913273,0.020615265812237282,0.020974959734788953,0,0,0,0.072214876723572671,0.044833152686368193,0,0.10398665107547678,-0.0063431450003556752,0.023060592134884806,0.13575842542738087,-0.057519442687079543,0.046121184269769612
5.4400000000000004,0.57411148894904118,-1.9085271168692781,0.64776862667496549,2.3738930558710782,-0.018360000000000001,54,4.8000971408972929e-05,0.00036931328403572329,0.020217674673581376,0.020634988929026071,0,0,0,0.071372389817841164,0.046162560280925975,0,0.10442278975784557,-0.0049369890897839122,0.021371876799105405,0.13747318969784997,-0.0560365384604938,0.04274375359821081
5.46,0.58111004189650728,-1.841214186218485,0.03820168383411171,4.3670171634067936,-0.018360000000000001,54,1.6694569260120883e-07,0.0012637841559323779,0.019242546904981547,0.020506498006606526,0,0,0,0.071047573439307704,0.046660929141908211,0,0.10516825626002434,-0.005292423761365142,0.017230151652147231,0.13928893908074097,-0.057245776664638495,0.034460303304294462
5.4800000000000004,0.57489937369419741,-1.7333236164081791,-0.68355234574173884,6.4385974980672387,-0.018360000000000001,54,5.3450744942611766e-05,0.0029239493264513359,0.017643148311792641,0.020620548383186589,0,0,0,0.071335996891915554,0.04621877916428143,0,0.10594569859655098,-0.0071992820193859733,0.010436919435068984,0.14055540030118641,-0.060617343203053377,0.020873838870137967
5.5,0.5525134428086067,-1.5828641777646641,-1.5956159846721802,8.6314797523778406,-0.018360000000000001,54,0.00029125069009672234,0.0053712332829705146,0.015369136488576339,0.021031620461643578,0,0,0,0.072352687320241332,0.044610409519969557,0,0.10620165080760985,-0.01028851424399032,0.0007783574948026622,0.14005061429497834,-0.065187438007950196,0.0015567149896053244
5.5200000000000005,0.5158830985717936,-1.3872388764215913,-2.1298559179261414,10.944612546678849,0,55,0.00051893224364807106,0.0080986786056684336,0.012414025494863127,0.021031636344179629,0,0,0,0.073937881225155072,0.041930772947023791,0,0.10522141343297457,-0.013232486065811754,-0.011773082335783528,0.13650494564079407,-0.068395745078647291,-0.023546164671567057
5.54,0.46433709136105145,-1.1442998429645606,-3.1138467010790194,13.376476893150844,0,55,0.0011091867220106965,0.011018669619615392,0.0089037293644464131,0.021031585706072501,0,0,0,0.076000083765895496,0.038065565378395068,0,0.10229762764516392,-0.014438988745371369,-0.026682596990968348,0.12859517152443237,-0.066943542869137812,-0.053365193981936697
5.5600000000000005,0.38710321870974657,-0.85072257029185572,-4.7301841806616247,16.025921446716943,0,55,0.0025595658609364868,0.013299628494709561,0.0051717014592653999,0.021030895814911448,0,0,0,0.078710552533440448,0.032088142979619635,0,0.097015264844561036,-0.01281236811848472,-0.042533887787693681,0.11531997715568162,-0.057712879216589075,-0.085067775575387361
5.5800000000000001,0.27024145784372949,-0.50152978411442817,-7.0405254340223689,18.90131748034559,0,55,0.0056704868779927772,0.013487272117020981,0.0018701697059724061,0.021027928700986166,0,0,0,0.081915049429300738,0.022691951811054486,0,0.090193474707157634,-0.0071921067079692945,-0.056556703593389372,0.098471899985014516,-0.037076165226993071,-0.11311340718677874
5.6000000000000005,0.10732277424812553,-0.099029230047037231,-8.9743218332514765,21.022508616113438,0,55,0.0092132633738741011,0.011750148704942447,7.4401522783610464e-05,0.021037813601600158,0,0,0,0.08451094712738938,0.0091049335874347527,0,0.085194026077881138,0.0027646732753213053,-0.064183989454707741,0.085877105028372883,-0.0035755870367921421,-0.12836797890941548
5.6200000000000001,-0.069525853882991845,0.31854662462382866,-8.2253780713477891,20.209153528468448,-0.0011474999999999992,56,0.0077396610977416777,0.012721062963618308,0.00076397734543655446,0.021224701406796539,0,0,0,0.084794644356210216,-0.0059049376375900553,0,0.086197972783381163,0.014246796758284826,-0.061255108114863427,0.087601301210552096,0.034398531154159709,-0.12251021622972685
5.6399999999999997,-0.21072701536247013,0.69647764018902603,-5.858491136653118,17.482238545953471,-0.0011474999999999992,56,0.0039262844567656907,0.013921992721096448,0.0035366911586392725,0.021384968336501411,0,0,0,0.083119723731037584,-0.017779525496367649,0,0.091774800347267593,0.022683172867487836,-0.049478375982673836,0.10042987696349762,0.063145871231343326,-0.098956751965347672
5.6600000000000001,-0.30725415481854657,1.0181805177526808,-3.9168634050861879,14.730043321901618,-0.0011474999999999992,56,0.0017550401618158669,0.012527697119331735,0.0072145765180247042,0.021497313799172305,0,0,0,0.081019247911132478,-0.025707614979115764,0,0.097623178240839131,0.026620768994835654,-0.033857048428369417,0.11422710857054577,0.078949152968787073,-0.067714096856738834
5.6799999999999997,-0.37220197920475445,1.287395839738311,-2.6833380597012217,12.226068915462783,-0.0011474999999999992,56,0.00082368467825504965,0.0098087987142639731,0.010939572328065672,0.021572055720584696,0,0,0,0.079179949385120366,-0.030911739119140132,0,0.10170082566557556,0.026775142784274546,-0.018035625517899792,0.12422170194603077,0.084462024687689222,-0.036071251035799584
5.7000000000000002,-0.41815887271666802,1.5082450719248035,-1.9873957248304643,9.8768592603380654,-0.0011474999999999992,56,0.00045183400089594941,0.0069363475208235699,0.014236603465023976,0.021624784986743494,0,0,0,0.077676241153048262,-0.034516685245450374,0,0.10381709044829615,0.024310600728390627,-0.0040319254798505998,0.12995793974354405,0.083137886702231628,-0.0080638509597011996
5.7199999999999998,-0.44692623097136214,1.6829564593450801,-0.94090154399972148,7.6240266545382607,0.018360000000000001,57,0.00010127414112117335,0.0041096746212832555,0.016885561440787775,0.021096510203192205,0,0,0,0.076651285558554785,-0.036736635967667103,0,0.10435275055645411,0.021062692904282726,0.007219170237800606,0.13205421555435343,0.078862021776232555,0.014438340475601212
5.7400000000000002,-0.45739047682304734,1.8142054465117319,-0.13659254482839778,5.521910024414618,0.018360000000000001,57,2.1343429261482072e-06,0.0020563421148041992,0.018845869122984478,0.020904345580714825,0,0,0,0.076262674747201206,-0.037536707905763411,0,0.10390676761259063,0.018627313408181453,0.015545315676964308,0.13155086047798006,0.074791334722126318,0.031090631353928616
5.7599999999999998,-0.45335173461292788,1.904524248574063,0.52186721258262103,3.5237509076966118,0.018360000000000001,57,3.1155177565417328e-05,0.00078704845010484125,0.020160281360518711,0.02097848498818897,0,0,0,0.076413653445586455,-0.037228397321101739,0,0.10310483359618446,0.017556947653323086,0.021128106356263637,0.12979601374678246,0.072342292627747912,0.042256212712527275
5.7800000000000002,-0.43707960248841421,1.9555630531601844,1.0949430922801362,1.58679806403715,0.018360000000000001,57,0.00013714920751974879,0.00025430001478916105,0.020885792677004016,0.021277241899312925,0,0,0,0.077009295844773895,-0.035980110526401828,0,0.10231565175958932,0.018183832298819279,0.024209618913540662,0.12762200767440474,0.072347775124040392,0.048419237827081324
5.7999999999999998,-0.40983842511611895,1.968118811358651,1.6251137410092205,-0.33164631604004491,0.018360000000000001,57,0.00030211878624275963,0.00041321005430263428,0.021062068328746419,0.021777397169291814,0,0,0,0.077960743368570271,-0.033869196822775824,0,0.10165940829911897,0.020680828219029175,0.024958326234906639,0.12535807322966769,0.075230853260834174,0.049916652469813277
5.8200000000000003,-0.37855568306399101,1.939761275611704,1.508626455206199,-2.5050472154015391,0.0022949999999999984,58,0.0002603596294454581,0.00092616192535170954,0.020662671143760334,0.0218491926985575,0,0,0,0.078981948446243566,-0.031414197739794744,0,0.10121552182228707,0.024485716073312742,0.023261939958207339,0.1234490951983306,0.080385629886420229,0.046523879916414677
5.8399999999999999,-0.34903229076284481,1.8678578190856916,1.4615314948661213,-4.6874639494177224,0.0022949999999999984,58,0.00024435800080992561,0.0020416277111655842,0.019630964313155686,0.021916950025131197,0,0,0,0.079874848357902456,-0.029069031628213705,0,0.10096697810109551,0.028887170227082697,0.018879902791181142,0.12205910784428856,0.086843372082379106,0.037759805582362284
5.8600000000000003,-0.31912247649693704,1.7521364437866929,1.5606273967619666,-6.8892173046375991,0.0022949999999999984,58,0.00027861767234455139,0.00378236028511224,0.017924621232353312,0.021985599189810103,0,0,0,0.080708442830121449,-0.026667344373540802,0,0.10061244240826209,0.03357190515732017,0.011632438125863538,0.12051644198640274,0.093811154688181131,0.023264876251727077
5.8799999999999999,-0.28506662555948314,1.5920288416957336,1.8917208705051347,-9.1307589970536487,0.0022949999999999984,58,0.00040937782739184866,0.0061461084527421501,0.015508290197297327,0.022063776477431324,0,0,0,0.081569648051672231,-0.023903818036588368,0,0.099704339114732338,0.037979198529025551,0.0013693943140389415,0.11783903017779244,0.099862215094639467,0.0027387886280778829
5.9000000000000004,-0.24120276271723118,1.3863900842574521,2.5624476413336885,-11.451028354777574,0.0022949999999999984,58,0.00075113881851958397,0.0090119848287082988,0.012401353377670192,0.022164477024898075,0,0,0,0.082539366660536906,-0.020304013181572014,0,0.097685305732182925,0.041266879590866182,-0.011826905463514302,0.11283124480382893,0.10283777236330438,-0.023653810927028604
5.9199999999999999,-0.18017938329592059,1.1332234244715709,3.6364766105851789,-13.895467447232861,5.098754882812496e-05,59,0.0015127661688974566,0.011903766594139404,0.0087509804027625076,0.022167513165799367,0,0,0,0.083623982773748815,-0.015232514731841292,0,0.094093736410601897,0.042244698531143307,-0.027331377834002264,0.10456349004745499,0.099721911794127899,-0.054662755668004527
5.9400000000000004,-0.091170316096538515,0.82898135555278119,5.3936576890630121,-16.576688356615868,5.098754882812496e-05,59,0.0033279513349569996,0.013917276020174105,0.0049258879422897951,0.022171115297420899,0,0,0,0.084646983497374109,-0.0077387456861740551,0,0.088976329874502755,0.039615971240878921,-0.043577947917559486,0.0933056762516314,0.086970688167931895,-0.087155895835118971
5.96,0.040610324286292201,0.46840651611029216,7.857786740930381,-19.478068954605334,5.098754882812496e-05,59,0.0070633492760517448,0.013475307821950493,0.0016356890092073867,0.022174346107209624,0,0,0,0.084929918698649895,0.0034509288373885884,0,0.083747691652622844,0.032546413454336738,-0.05755262908083849,0.082565464606595793,0.061641898071284888,-0.11510525816167698
5.9800000000000004,0.21959476674250938,0.055626788300810581,9.6937104864856654,-21.417609423163867,5.098754882812496e-05,59,0.010749550297290621,0.011424328420793691,2.3489076876319849e-05,0.022197367794960631,0,0,0,0.082958793263603697,0.018515901821047339,0,0.082177623103460093,0.02201586279758401,-0.064400233278642888,0.081396452943316475,0.025515823774120677,-0.12880046655728578
6,0.40634140470154145,-0.3653265312691083,8.5120213053980045,-20.179440183011405,5.098754882812496e-05,59,0.0082884936731081396,0.012893171924282493,0.0010021594058757532,0.022183825003266384,0,0,0,0.078078707703482991,0.033596359971789613,0,0.087186444569435986,0.012429771532027154,-0.060243461578849161,0.096294181435388981,-0.008736816907735305,-0.12048692315769832
6.0200000000000005,0.55186126407586422,-0.7415573190780087,6.0417555650807939,-17.377878591357678,0.0011474999999999992,60,0.0041757694042133843,0.01418760175499155,0.0039875450861733596,0.022350916245378293,0,0,0,0.072381765891386188,0.044563213152156826,0,0.095222087444303993,0.0074648378199628149,-0.047563434054649342,0.11806240899722178,-0.029633537512231196,-0.095126868109298685
6.04,0.65215829217382137,-1.0613900257958804,4.1176769276998684,-14.651128862648774,0.0011474999999999992,60,0.0019396114724059763,0.012747512671267097,0.0077803487425754823,0.022467472886248556,0,0,0,0.067555940986509355,0.051586769984437543,0,0.10173108663617594,0.0068323858000676752,-0.031454006360110934,0.13590623228584253,-0.037921998384302193,-0.062908012720221868
6.0600000000000005,0.72145641251358872,-1.3293039878357469,2.9179717356019008,-12.173386205414742,0.0011474999999999992,60,0.00097403007796449377,0.010018988159093746,0.011554147539355096,0.022547165776413337,0,0,0,0.063821790664367328,0.056140707480345088,0,0.10518649467449739,0.0091165498109339466,-0.015425299272192081,0.14655119868462746,-0.037907607858477195,-0.030850598544384163
6.0800000000000001,0.77244680970496005,-1.5492863398613537,2.256014890262501,-9.8415383499247362,0.0011474999999999992,60,0.00058222939769391488,0.0071641758398121608,0.014859257107940083,0.02260566234544616,0,0,0,0.060877443005725215,0.059320628225640687,0,0.10588091838177296,0.013136078445692444,-0.0013872871732072628,0.15088439375782073,-0.0330484713342558,-0.0027745743464145257
6.1000000000000005,0.8142221187312948,-1.723407973114135,1.9747831683808781,-7.5775068319019789,0.0011474999999999992,60,0.0004461172744709006,0.0047130277785761001,0.017494436570221504,0.022653581623268505,0,0,0,0.058346912950198455,0.061811307615855897,0,0.10470564383591408,0.018050886751103556,0.0098052861460308522,0.1510643747216297,-0.025709534113648784,0.019610572292061704
6.1200000000000001,0.84572421089912142,-1.8540495464294748,1.2056457054638274,-5.5079668473210059,-0.018360000000000001,61,0.00016628367468676266,0.0024788267099407875,0.019430040449598101,0.022075150834225652,0,0,0,0.056371100669843716,0.063618385780137066,0,0.1027225280258288,0.022547224579895213,0.018026505477395937,0.14907395538181389,-0.01852393662034664,0.036053010954791874
6.1400000000000006,0.8633620022072459,-1.9444633309613204,0.57526878225386502,-3.5489714720500798,-0.018360000000000001,61,3.7857490365638001e-05,0.00098423232047765855,0.020729209737546193,0.021751299548389488,0,0,0,0.055240302972927709,0.064602700620478362,0,0.10087958746287018,0.025577584356331159,0.023544553761239352,0.14651887195281266,-0.013447531907816043,0.047089107522478704
6.1600000000000001,0.86923343726954561,-1.9965048550622591,0.020605744627757216,-1.6643440592395571,-0.018360000000000001,61,4.8572094661435856e-08,0.00018630880177317213,0.021457134775928349,0.021643492149796183,0,0,0,0.054860042423304486,0.064925925063207476,0,0.099730074588324488,0.027012381810468063,0.026636318280361657,0.1446001067533445,-0.010901161442271351,0.053272636560723313
6.1799999999999997,0.86440824609190747,-2.0112623965195393,-0.50035825227897979,0.18652371945346546,-0.018360000000000001,61,2.8639955583429179e-05,4.2893155460271254e-05,0.021660548442768733,0.021732081553812434,0,0,0,0.055172682571061372,0.064660460081203422,0,0.099555372524281538,0.026790143950392545,0.027500290701532162,0.14393806247750168,-0.011080172180418332,0.055000581403064325
6.2000000000000002,0.84922336368265983,-1.9889799226432388,-1.0207956568852286,2.046859560392436,-0.018360000000000001,61,0.00011920317787871998,0.00053879262476447828,0.021352884740446977,0.022010880543090177,0,0,0,0.056148145566928112,0.063815246997837846,0,0.10039982399176928,0.024880199361603565,0.026193530158201573,0.14465150241661043,-0.014054848274630716,0.052387060316403146
6.2199999999999998,0.82978445134446677,-1.9265912760190895,-0.93819124614365279,4.1942655892330993,-0.0022949999999999984,62,0.00010069153444883596,0.0014791369415624415,0.020475663178304588,0.022055491654315865,0,0,0,0.057377958383110085,0.062711800259489345,0,0.10198475640040736,0.021898954995124703,0.022467648565683784,0.14659155441770463,-0.018913890269239939,0.044935297131367569
6.2400000000000002,0.81085186807969278,-1.8210790538960335,-0.98245500491113391,6.3615117109146615,-0.0022949999999999984,62,0.00011041689877462658,0.0030414399437525045,0.01894708667311161,0.022098943515638743,0,0,0,0.058554900786596503,0.061614313222431043,0,0.1038525384520266,0.0185658957258154,0.015975223722016679,0.14915017611745671,-0.024482521770800243,0.031950447444033359
6.2599999999999998,0.78912801736690141,-1.6718772260663997,-1.2311250509548097,8.5674166435490697,-0.0022949999999999984,62,0.00017338620585347628,0.0052571557304510724,0.016718269799336848,0.022148811735641396,0,0,0,0.059879479414922519,0.060327837231230752,0,0.10542399502617664,0.015121809464087629,0.0065086213019743709,0.15096851063743075,-0.030084218303055493,0.013017242603948742
6.2800000000000002,0.75963374514622028,-1.4779029360863589,-1.7773752543226597,10.846373180884815,-0.0022949999999999984,62,0.0003613836209495805,0.0080779084353723354,0.0137772400590624,0.022216532115384317,0,0,0,0.061632504050130286,0.058535753557212147,0,0.10585930210557908,0.011969199876262777,-0.0059830102826095872,0.15008610016102786,-0.034597353804686592,-0.011966020565219174
6.2999999999999998,0.71519137978128711,-1.2371339111796367,-2.7529413306242265,13.260614964884642,-0.0022949999999999984,62,0.00086697009709367197,0.011239157561884292,0.010212418535283253,0.022318546194261216,0,0,0,0.064172259214643798,0.055739762712883577,0,0.10413620985581173,0.0097299328362040333,-0.021124114274196176,0.14410016049697968,-0.03627989704047551,-0.042248228548392351
6.3200000000000003,0.64629006311731774,-0.94624177051558434,-4.2575219069772157,15.87566228215373,-4.8746337890624968e-05,63,0.002073595247938635,0.013941739889266742,0.0063061496295589558,0.022321484766764335,0,0,0,0.067857499052986561,0.051189450302517682,0,0.099368475948637652,0.0094180291948728068,-0.037715470482675179,0.13087945284428876,-0.032353391912772068,-0.075430940965350357
6.3399999999999999,0.53956923290177694,-0.59993422260478013,-6.5356637024482254,18.79641687446761,-4.8746337890624968e-05,63,0.0048864065848533839,0.014785613124202415,0.0026518684049874992,0.022323888114043299,0,0,0,0.072924056345067712,0.043670150059066562,0,0.091633344233579966,0.012427821779622053,-0.053236542622377259,0.11034263212209222,-0.018814506499822456,-0.10647308524475452
6.3600000000000003,0.3834386333680686,-0.19572020768418419,-8.9105896264368933,21.404108223228196,-4.8746337890624968e-05,63,0.0090828698694122804,0.012962856910591495,0.0002899309017298982,0.022335657681733675,0,0,0,0.078827613499933474,0.03179948662958422,0,0.083520286658189835,0.020166838898208535,-0.063268557162207362,0.088212959816446182,0.0085341911668328531,-0.12653711432441472
6.3799999999999999,0.20122823382646973,0.23659510629231928,-8.748668531923963,21.230576224230049,-4.8746337890624968e-05,63,0.0087557656903830845,0.01316001076231838,0.00042305287728295205,0.022338829329984416,0,0,0,0.083284855232654206,0.01698919918288774,0,0.080263094319650258,0.031802547209363111,-0.062703139325165858,0.077241333406646309,0.046615895235838478,-0.12540627865033172
6.4000000000000004,0.049639707470873068,0.63577361317811221,-6.2934595803633577,18.512353968102218,-4.8746337890624968e-05,63,0.0045309482394117369,0.014840876043093646,0.0029671301312646056,0.022338954413769988,0,0,0,0.084895297228789329,0.0042176425210674467,0,0.082994871683349958,0.04247057427983273,-0.05189751048562434,0.081094446137910586,0.080723506038598014,-0.10379502097124868
6.4199999999999999,-0.05343362775221687,0.97701905416428314,-4.1371725119400553,15.654996371293061,-0.0011474999999999992,64,0.0019580215499374201,0.013812003968105096,0.0066894448938385632,0.02245947041188108,0,0,0,0.084878684884124145,-0.0045396973843591553,0,0.087733873786391581,0.04884374618066091,-0.036087474966706751,0.090589062688659017,0.10222718974568099,-0.072174949933413501
6.4400000000000004,-0.12103195711366063,1.2640072348622571,-2.7386578826091359,13.086664723058327,-0.0011474999999999992,64,0.00085799700553942861,0.011079616251244083,0.010599756182326076,0.022537369439109591,0,0,0,0.084378188396735887,-0.01026261774036955,0,0.091802090879626971,0.050775945537329087,-0.019478949276562709,0.099225993362518056,0.11181450881502773,-0.038957898553125418
6.46,-0.16691296320426569,1.5017830273385329,-1.93184731466858,10.714374158209633,-0.0011474999999999992,64,0.00042692914485692489,0.0080243973618384958,0.014138684048533308,0.022590010555228728,0,0,0,0.083818699070811936,-0.014121815962427443,0,0.094509156235960304,0.049330378460657937,-0.0044478251421453101,0.10519961340110867,0.11278257288374331,-0.0088956502842906203
6.4800000000000004,-0.20107626727324168,1.693238965638729,-1.5430780707343854,8.4423546580486128,-0.0011474999999999992,64,0.00027238676705637524,0.0053161678573739194,0.017040636621099278,0.022629191245529572,0,0,0,0.083287436061002904,-0.016976542474377788,0,0.096073190266136199,0.045750758297198657,0.0078778313842137147,0.10885894447126948,0.1084780590687751,0.015755662768427429
6.5,-0.23062143789471792,1.8397637893655396,-1.4532705620078854,6.2143974712493648,-0.0011474999999999992,64,0.00024160346535948639,0.0032001640707956299,0.019221317515721911,0.022663085051877026,0,0,0,0.082749585316434615,-0.019429516976963435,0,0.096963066425257302,0.041105166878150724,0.017139982652573528,0.11117654753408,0.10163985073326488,0.034279965305147056
6.5200000000000005,-0.25287815180974405,1.9442518481627982,-0.79256077452337792,4.2526922770028373,0.018360000000000001,65,7.1858037999796142e-05,0.0014563453822451662,0.020726219674266973,0.022254423094511935,0,0,0,0.082296689191168435,-0.021266286656871285,0,0.097321735449713703,0.036877929208050442,0.023531853866237559,0.11234678170825899,0.095022145072972172,0.047063707732475119
6.54,-0.2629202866134584,2.0104828098704388,-0.22247280243279333,2.3825780156325402,0.018360000000000001,65,5.6619242852552744e-06,0.00041453857519114032,0.021649837735768351,0.022070038235244747,0,0,0,0.08207898431495167,-0.022091634928767024,0,0.097248164553655037,0.034267747746976746,0.02745479840200624,0.1124173447923584,0.090627130422720512,0.05490959680401248
6.5600000000000005,-0.26207488621612562,2.0399034910803326,0.30234534885065323,0.56464592759724508,0.018360000000000001,65,1.0457233134462148e-05,2.3833565505693299e-05,0.022051265718720882,0.022085556517361039,0,0,0,0.082097631258675044,-0.022022237436614467,0,0.097003372935424298,0.033545507999652668,0.029159810222225972,0.11190911461217355,0.089113253435919804,0.058319620444451943
6.5800000000000001,-0.25091372728538569,2.033124259107927,0.81398092874535977,-1.2448893813266895,0.018360000000000001,65,7.5794669862815038e-05,0.00025540132384149902,0.021959281362096954,0.022290477355801266,0,0,0,0.082338306389433014,-0.021104580093426552,0,0.096671685560125356,0.03481627502559928,0.028769118935172245,0.11100506473081768,0.090737130144625103,0.05753823787034449
6.6000000000000005,-0.22940674613597389,1.9898683582808925,1.3423570995609391,-3.0901166505411815,0.018360000000000001,65,0.00020613243545488418,0.0011140103380815976,0.02136521137838707,0.022685354151923551,0,0,0,0.08277312513727024,-0.019328987428466147,0,0.096171210013247688,0.038046048907157015,0.026245885908881526,0.10956929488922512,0.095421085242780188,0.052491771817763051
6.6200000000000001,-0.2037204937844129,1.9064454380327778,1.247273480742437,-5.2544613875383988,0.0011474999999999992,66,0.00017796458388492879,0.0023490266454139837,0.020187837468636345,0.022714828697935258,0,0,0,0.083242255119683459,-0.017196713714821593,0,0.095563333769059816,0.04244458690164981,0.021245147250409206,0.10788441241843616,0.10208588751812121,0.042490294500818412
6.6400000000000006,-0.17841946007472065,1.7795532099292544,1.3169973460383804,-7.439766264474291,0.0011474999999999992,66,0.00019841751487523977,0.0042123877718662061,0.018333061487598456,0.022743866774339903,0,0,0,0.083650661310812585,-0.015085319428627402,0,0.094849232177664514,0.047012660211794358,0.013367233637438216,0.10604780304451644,0.10911063985221613,0.026734467274876432
6.6600000000000001,-0.14938725214603027,1.6085649863162956,1.6356398260997327,-9.669363037632273,0.0011474999999999992,66,0.00030604519094193941,0.0067118609333245679,0.01575929398209763,0.022777200106364137,0,0,0,0.084053309117283176,-0.012650740153621129,0,0.093646142389045617,0.051085402594612535,0.0024354994142780618,0.10323897566080806,0.11482154534284621,0.0048709988285561235
6.6799999999999997,-0.11064169707044816,1.392201396125869,2.3092366706679179,-11.987000663059218,0.0011474999999999992,66,0.00061002424667407431,0.0097235164918466014,0.012488153541936897,0.02282169428045757,0,0,0,0.084480263156864785,-0.0093853682371484171,0,0.091488823374698006,0.053700596702377423,-0.011458233342096094,0.09849738359253124,0.11678656164190326,-0.022916466684192189
6.7000000000000002,-0.053630519993359452,1.1279878881172456,3.4942149335894364,-14.471489707020064,0.0011474999999999992,66,0.0013967202743674541,0.012811272900872474,0.0086790535523001457,0.022887046727540074,0,0,0,0.084877789407710721,-0.0045564092507490352,0,0.088001829536428516,0.05363889445313931,-0.02763687753865042,0.091125869665146311,0.11183419815702766,-0.05527375507730084
6.7199999999999998,0.033515028203100705,0.81163792831018,5.3560983477046369,-17.218672418425154,4.2022705078124966e-05,67,0.0032817635875202365,0.014874551634793762,0.0047332690464345914,0.02288958426874859,0,0,0,0.084952266040969893,0.0028482441089684647,0,0.083384414784484148,0.049611271419111369,-0.044396070988640034,0.081816563527998404,0.096374298729254265,-0.088792141977280067
6.7400000000000002,0.16575639297189065,0.43732915732897215,7.928810330778493,-20.199597781705641,4.2022705078124966e-05,67,0.0071916122633057418,0.014270410422954388,0.0014292031177700565,0.022891225804030187,0,0,0,0.083834975878907633,0.014024864326722562,0,0.079327691924039212,0.040967587823576873,-0.05842965036625019,0.074820407969170777,0.067910311320431183,-0.11685930073250038
6.7599999999999998,0.34527435215383862,0.011132175707278869,9.605286155380643,-21.968348427380064,4.2022705078124966e-05,67,0.010554333708291005,0.01236090154533611,9.4094792322496015e-07,0.022916176201550339,0,0,0,0.079983523737331502,0.028768662300491635,0,0.079740509599828507,0.029444297713513472,-0.064496003449187794,0.079497495462325499,0.030119933126535312,-0.12899200689837559
6.7800000000000002,0.52636379640278452,-0.41674101777654471,8.0636860616628816,-20.343943298262701,4.2022705078124966e-05,67,0.007438364034577081,0.014158007753904821,0.0012997143202224666,0.022896086108704368,0,0,0,0.073494364692409289,0.042703376429260774,0,0.086611070808090287,0.020128955775992011,-0.058979636764260678,0.0997277769237713,-0.0024454648772767526,-0.11795927352852136
6.7999999999999998,0.66130595810066761,-0.7941423755578807,5.4778021559162529,-17.371710812663828,4.2022705078124966e-05,67,0.0034325975766322896,0.01492919822203161,0.0045421462852616229,0.022903942083925523,0,0,0,0.067081222515982641,0.052202582175226019,0,0.0953353776293063,0.015895503345370272,-0.045207839427193246,0.12358953274262997,-0.020411575484485474,-0.090415678854386491
6.8200000000000003,0.75096670177144176,-1.1137089188923142,3.6221898325081421,-14.637334963809968,0.0011474999999999992,68,0.0015009029827571872,0.013023318018066974,0.0084837985086461763,0.023008019509470339,0,0,0,0.062137514783951901,0.057999390138812314,0,0.10163069280562542,0.015688463639176614,-0.028466197295930279,0.14112387082729896,-0.026622462860459085,-0.056932394591860558
6.8399999999999999,0.81102782045067145,-1.3814377821654169,2.4867220430748236,-12.169889658029403,0.0011474999999999992,68,0.0007073994120552629,0.010042178249102793,0.012327457839716229,0.023077035500874282,0,0,0,0.058544058695747213,0.061624615142237646,0,0.10447040049575002,0.01799408789570784,-0.012140766905724482,0.15039674229575281,-0.025636439350821966,-0.024281533811448965
6.8600000000000003,0.85387907614164482,-1.6014996958631471,1.8706826729035246,-9.8538187313875483,0.0011474999999999992,68,0.00040032291795612094,0.0070737931221362309,0.015652064425109871,0.023126180465202224,0,0,0,0.055850432676816726,0.064075964056831525,0,0.10444986560497405,0.021715316084713616,0.0019800561718903878,0.15304929853313137,-0.020645331887404292,0.0039601123437807756
6.8799999999999999,0.88829721484270074,-1.7760665110178087,1.6229143229509322,-7.6105881425318103,0.0011474999999999992,68,0.00030130156853998551,0.0045831122204090082,0.018281243422089193,0.023165657211038186,0,0,0,0.053612415473598907,0.065959903783178869,0,0.10261354971161281,0.026131629077357513,0.01314714331502374,0.15161468394962671,-0.013696645628463844,0.02629428663004748
6.9000000000000004,0.92054269182081871,-1.9061086384013244,1.6379629820868173,-5.3960641594093071,0.0011474999999999992,68,0.00030691518154585186,0.0027127293659846841,0.020183007997719903,0.023202652545250439,0,0,0,0.051458005581723337,0.067654073503014805,0,0.099936398911058363,0.030781180189018917,0.021224634716785186,0.14841479224039339,-0.0060917131249769718,0.042449269433570372
6.9199999999999999,0.94712123828842831,-1.994804354471035,1.0349540175149954,-3.490231842115894,-0.018360000000000001,69,0.00012253278818066728,0.0011585065092483183,0.021433606972071334,0.022714646269500319,0,0,0,0.049641895955594484,0.068997696816154183,0,0.097362611109087144,0.034663988795604568,0.026536387071318949,0.1450833262625798,0.00033028077505495301,0.053072774142637898
6.9400000000000004,0.96236625310728452,-2.0462684958436723,0.49672292283068953,-1.6667883712110896,-0.018360000000000001,69,2.822530288336372e-05,0.00026916881638727399,0.022137342501665588,0.022434736620936226,0,0,0,0.048584297252363948,0.069746441203074591,0,0.095638894598471441,0.036968933059005948,0.02952540987795442,0.14269349194457892,0.0041914249149373056,0.05905081975590884
6.96,0.96716287370332266,-2.0617578308141287,-0.015152128308501545,0.11446909919910508,-0.018360000000000001,69,2.6263795304054603e-08,1.0115894175629042e-06,0.022345628150301305,0.022346666003514173,0,0,0,0.048249192416622927,0.069978678403808808,0,0.095078311706013552,0.03769074100869764,0.030410075392037484,0.1419074309954042,0.005402803613586471,0.060820150784074968
6.9800000000000004,0.96174788427956437,-2.0416710121819861,-0.52891327437176794,1.8984520895848378,-0.018360000000000001,69,3.200214878479996e-05,0.00033888676272229444,0.02207519673429548,0.022446085645802576,0,0,0,0.04862741698586806,0.069716384855229768,0,0.095772574367007882,0.036832476264764664,0.029261454019263854,0.1429177317481477,0.0039485676742995607,0.058522908038527707
7,0.94580474025018535,-1.9855024393049643,-1.0734515048269848,3.7297723933047364,-0.018360000000000001,69,0.0001318181051976107,0.001302402043041545,0.021304589526317065,0.022738809674556222,0,0,0,0.049732688243013599,0.06893228358413217,0,0.097606275069425513,0.034392847997221594,0.025988402677187664,0.14547986189583742,-0.00014658758968898178,0.051976805354375329
7.0200000000000005,0.92517641794958561,-1.8893839341141225,-1.0140107195140353,5.8852747882023806,-0.0011474999999999992,70,0.00011762382513412377,0.0027023705516679279,0.019942485678225784,0.022762480055027835,0,0,0,0.051143963818280132,0.067891788641590914,0,0.10006940669022787,0.031035474643945855,0.02020304824254919,0.14899484956217562,-0.0058208393536992031,0.040406096485098381
7.04,0.90400485172871359,-1.7499061939958835,-1.1409243081391207,8.0691001677896654,-0.0011474999999999992,70,0.00014891000309318541,0.0047465697498516989,0.01789130148538394,0.022786781238328824,0,0,0,0.05256977010468121,0.066793856537416429,0,0.10244369904434963,0.027540830668085645,0.01149091694437623,0.15231762798401804,-0.01171219520124514,0.022981833888752461
7.0600000000000005,0.87773481004542531,-1.5662475751101521,-1.5396913632703557,10.309729293190047,-0.0011474999999999992,70,0.00027119242442216946,0.0074289531757145075,0.015116803440978394,0.022816949041115073,0,0,0,0.054306107132874593,0.065389958923926156,0,0.10392503321107294,0.024181633368075904,-0.00029339347188925226,0.15354395928927128,-0.017026692187774348,-0.00058678694377850451
7.0800000000000001,0.83986672553474295,-1.3368027788422339,-2.3235835583753448,12.659198413231664,-0.0011474999999999992,70,0.00061762774323255204,0.010577988235810961,0.011664819924564642,0.022860435903608155,0,0,0,0.056742775255284018,0.063287103396571481,0,0.10345778469071784,0.021402751938215822,-0.014955233076093099,0.15017279412615167,-0.020481599520139837,-0.029910466152186198
7.1000000000000005,0.78109457772856672,-1.0585526882121492,-3.6652665464711571,15.210077782275778,-0.0011474999999999992,70,0.0015368140854590251,0.013648143865117686,0.0077427617695547141,0.022927719720131426,0,0,0,0.060362182055833227,0.059844857569038006,0,0.099945142800125342,0.019919724820589076,-0.03161365201514308,0.13952810354441747,-0.020005407927859854,-0.063227304030286161
7.1200000000000001,0.6885271629509081,-0.72643956897274364,-5.7295617384953488,18.058805546358162,-4.2022705078124966e-05,71,0.0037553724277984818,0.015340695794603164,0.0038337662554003829,0.02292983447780203,0,0,0,0.065635528963743098,0.05400904866454919,0,0.092857164286734253,0.020927435900364222,-0.048216589129288216,0.1200787996097254,-0.012154176863820747,-0.096433178258576432
7.1400000000000006,0.5476503170126501,-0.33499993064120659,-8.3428089620750292,21.004476633189082,-4.2022705078124966e-05,71,0.007962231571350788,0.014126719966760582,0.00084417802087175258,0.022933129558983124,0,0,0,0.072568776929848103,0.044258023169883538,0,0.083610168179276939,0.026153729277240464,-0.060914466442100954,0.094651559428705789,0.0080494353845973893,-0.12182893288420191
7.1600000000000001,0.36596988159171218,0.100781520800866,-9.2883788925809654,22.003393354980055,-4.2022705078124966e-05,71,0.0098693841175983461,0.013009679139713244,7.7055591959647248e-05,0.022956118849271238,0,0,0,0.079371055482017755,0.030417684850600639,0,0.077048787034900479,0.036477347138036208,-0.064172716649848596,0.074726518587783189,0.042537009425471776,-0.12834543329969719
7.1799999999999997,0.19853852233012872,0.52140224514000222,-7.1587433164194767,19.71615785679932,-4.2022705078124966e-05,71,0.005862512579880407,0.015060892423678134,0.0020178757565794455,0.022941280760137989,0,0,0,0.083330249957954655,0.016765125765850944,0,0.076993579336560911,0.048261241819899943,-0.055929341842594953,0.070656908715167166,0.079757357873948942,-0.11185868368518991
7.2000000000000002,0.081096880402702617,0.88550262247585465,-4.6875776269748712,16.718660166386741,-4.2022705078124966e-05,71,0.0025136635748532143,0.014860970905016634,0.0055747299505839662,0.022949364430453815,0,0,0,0.08472064323378653,0.0068856815242545662,0,0.080675261507209162,0.056659598716706117,-0.040822078021644725,0.076629879780631793,0.10643351590915766,-0.081644156043289451
7.2199999999999998,0.0050981082566913805,1.1926848708290629,-3.0408265524701212,14.051047775310305,-0.0011474999999999992,72,0.0010577755007716754,0.012399705021873549,0.0095797696526764044,0.023037250175321627,0,0,0,0.084998895397311092,0.00043333732468911154,0,0.084693296003338803,0.06037650271061179,-0.023811206028387686,0.0843876966093665,0.12031966809653447,-0.047622412056775372
7.2400000000000002,-0.044977671080274791,1.4491825225123875,-2.0599309388038205,11.629130219209639,-0.0011474999999999992,72,0.00048541760958901618,0.0092656986376602156,0.013343616364276636,0.023094732611525868,0,0,0,0.084914037380194013,-0.003821813155429813,0,0.087792699561813847,0.060137050910892331,-0.0078247690949854072,0.090671361743433668,0.12409591497721448,-0.015649538189970814
7.2599999999999998,-0.080417962368669327,1.6587229519042461,-1.5498362562543542,9.3402202716468103,-0.0011474999999999992,72,0.00027477792468358364,0.0063411909593597687,0.016519403361477638,0.02313537224552099,0,0,0,0.084725298521661385,-0.0068281615692194139,0,0.08988665226218337,0.057215026631379999,0.0056639626294497005,0.095048006002705368,0.12125821483197941,0.011327925258899401
7.2800000000000002,-0.10920153217041108,1.823205903051738,-1.3759187079581814,7.1147770527793597,-0.0011474999999999992,72,0.00021656873394547979,0.0039734490168335003,0.018978369889296565,0.023168387640075547,0,0,0,0.08449369202091829,-0.0092636930364843849,0,0.091300459547987781,0.052820501336655334,0.016108095010603826,0.098107227075057285,0.11490469570979504,0.032216190021207652
7.2999999999999998,-0.13705039514127931,1.9434745704555549,-1.441908302960015,4.9142147108434537,-0.0011474999999999992,72,0.00023784032607938261,0.0022472722114757759,0.020715227954966071,0.023200340492521229,0,0,0,0.08420297923730119,-0.011612850105061419,0,0.092410180751190493,0.047896298158995404,0.023485168004443054,0.1006173822650798,0.10740544642305222,0.046970336008886109
7.3200000000000003,-0.15996204163530578,2.0229478780102195,-0.86171899642231886,3.0487319370286041,0.018360000000000001,73,8.4945727535704825e-05,0.00087409799301750146,0.021820619580816294,0.022779663301369501,0,0,0,0.083914833060454802,-0.01353886230212876,0,0.093156036996910802,0.043738778041653471,0.02818017151213173,0.10239724093336679,0.10101641838543569,0.05636034302426346
7.3399999999999999,-0.17186414410643566,2.06592248796421,-0.33410963021400597,1.2578508188743689,0.018360000000000001,73,1.2769920506344864e-05,0.00014702239446607598,0.022401339499213187,0.022561131814185609,0,0,0,0.083747752319229152,-0.014536642716839741,0,0.093453802957752366,0.04138135297905042,0.030646701916467834,0.10315985359627557,0.097299348674940583,0.061293403832935668
7.3600000000000003,-0.17345096647286862,2.0734782015187605,0.17448862719972824,-0.50065171883528703,0.018360000000000001,73,3.4829276894177754e-06,2.6418152681223889e-05,0.022502093451333333,0.022531994531703976,0,0,0,0.083724579820496983,-0.014669517165920291,0,0.093479108104131695,0.041003329639957155,0.031074640890814364,0.10323363638776641,0.096676176445834594,0.062149281781628728
7.3799999999999999,-0.16483907110566459,2.045805153645027,0.69007156695834981,-2.2727102010563982,0.018360000000000001,73,5.4475154843254561e-05,0.00050454974587619075,0.022131085981872644,0.022690110882592089,0,0,0,0.083847805919120694,-0.01394795478016294,0,0.093260069616686231,0.042633649635093203,0.029498836144549109,0.10267233331425177,0.099215254050349339,0.058997672289098219
7.4000000000000004,-0.14561172094698965,1.9821821860474058,1.2417589626896279,-4.1026102002102878,0.018360000000000001,73,0.00017639440791494452,0.001608332107656692,0.021258408861756648,0.023043135377328286,0,0,0,0.084100473194005085,-0.012333304850867508,0,0.092678447111340906,0.046159667974906143,0.02579225646345841,0.10125642102867671,0.10465264080067981,0.05158451292691682
7.4199999999999999,-0.12146367426560142,1.8785919551651862,1.1997324441292272,-6.259930411703607,0.0011474999999999992,74,0.00016465655072483596,0.0031196163631039891,0.019786572942467693,0.023070845856296519,0,0,0,0.084373749985580615,-0.010299044294046766,0,0.09182162379851197,0.050716815534778796,0.019540829691079221,0.099269497611443325,0.11173267536360436,0.039081659382158442
7.4400000000000004,-0.096293306700943743,1.7315819025797863,1.3575966671689712,-8.4482964105550966,0.0011474999999999992,74,0.00021083938105206809,0.0052718554736570057,0.017617043705149205,0.023099738559858279,0,0,0,0.084606227370353129,-0.0081722879388890779,0,0.090727565963345275,0.055200829685257344,0.010326043599852203,0.096848904556337406,0.11857394730940377,0.020652087199704405
7.46,-0.065238477449927057,1.5402536169049954,1.8050089074846412,-10.698667661758829,0.0011474999999999992,74,0.0003727081634195636,0.0080405592945470717,0.014722134182016896,0.023135401639983531,0,0,0,0.084819181639833444,-0.0055413379204792435,0,0.089022118106429113,0.058791434542894885,-0.001969698513349924,0.093225054573024782,0.12312420700626901,-0.0039393970266998479
7.4800000000000004,-0.021368125181513792,1.3028573947822597,2.6639612098929257,-13.067558609725708,0.0011474999999999992,74,0.00081183168956307662,0.011208438587565976,0.011165502183892562,0.023185772461021614,0,0,0,0.084980595375472257,-0.0018161524248430407,0,0.086309560633403198,0.060368198022531905,-0.017076018586932716,0.08763852589133414,0.12255254846990686,-0.034152037173865432
7.5,0.045286901431386098,1.0161101452154959,4.1208573418775911,-15.654835514871582,0.0011474999999999992,74,0.001942608866447844,0.014131555079224775,0.0071878329633562306,0.023261996909028849,0,0,0,0.084912851499704026,0.0038480709698772873,0,0.082430653695926684,0.058621097547336173,-0.033970638110107754,0.079948455892149342,0.11339412412479506,-0.067941276220215507
7.5200000000000005,0.14844107071897303,0.6746207071653938,6.3318870513258627,-18.548907841121306,3.8660888671874979e-05,75,0.0045864485380507922,0.015350611673247479,0.0033265594345987053,0.023263619645896974,0,0,0,0.084065241386118802,0.012571204822672348,0,0.078106967338572933,0.052414939223390973,-0.050370882455832891,0.072148693291027077,0.092258673624109597,-0.10074176491166578
7.54,0.30191142433800183,0.2737727936185288,8.936471563130727,-21.398875329504577,3.8660888671874979e-05,75,0.0091357111932615642,0.013567920263772675,0.00056555684124245443,0.023269188298276695,0,0,0,0.081155439780725563,0.025274386125028421,0,0.075970151576397596,0.041924220567310919,-0.062097872743618526,0.070784863372069629,0.058574055009593423,-0.12419574548723705
7.5600000000000005,0.4910057604342315,-0.1650062975766744,9.3916439348455665,-21.87223351535367,3.8660888671874979e-05,75,0.010090052918997462,0.012987918895554661,0.00020626493435749294,0.023284236748909615,0,0,0,0.074958021419933019,0.040078610564849466,0,0.079953549590409359,0.030735599359394745,-0.06362391720031646,0.0849490777608857,0.021392588153940028,-0.12724783440063292
7.5800000000000001,0.65711653999834563,-0.57953508712139623,7.0070581405007495,-19.320079364285252,3.8660888671874979e-05,75,0.005616705438331435,0.015178707363802195,0.002479590836895554,0.023275003639029183,0,0,0,0.067299331641076987,0.05192109360042732,0,0.088875574069153446,0.023954296407938246,-0.053968268616651577,0.11045181649722989,-0.0040125007845508293,-0.10793653723330315
7.6000000000000005,0.77199636667600702,-0.93587493360114138,4.6024049742028197,-16.354672085105548,3.8660888671874979e-05,75,0.0024231475900458052,0.014680395937671967,0.0061789185010976072,0.023282462028815377,0,0,0,0.060904157392295287,0.059293200388699917,0,0.097128906902113177,0.022084248414792215,-0.038255867732341124,0.13335365641193106,-0.015124703559115486,-0.076511735464682248
7.6200000000000001,0.84683312497010454,-1.2360663130034251,3.0086851152500769,-13.71538643810511,0.00013055053710937488,76,0.0010355323749978332,0.012060093021313544,0.010197103082159421,0.023292728478470796,0,0,0,0.056300518701639865,0.063680857358599532,0,0.10194110459124628,0.023329819919487765,-0.021189164618758836,0.14758169048085268,-0.017021217519624002,-0.042378329237517672
7.6400000000000006,0.89666397504726858,-1.4860652838174468,2.0643159780181874,-11.313591719003458,0.00013055053710937488,76,0.00048748645645713779,0.0089110343512374089,0.013900703626506061,0.023299224434200606,0,0,0,0.053058674718906879,0.066406152102596885,0,0.10326844793513125,0.026288422939886522,-0.005458615245896783,0.15347822115135562,-0.013829306222823842,-0.010917230491793566
7.6600000000000001,0.93240327764236397,-1.6894486954331809,1.5726042552848476,-9.0396563623344868,0.00013055053710937488,76,0.00028291052152659165,0.0060374517608282746,0.016983495772684282,0.023303858055039151,0,0,0,0.050651988103421378,0.068259622773429243,0,0.10208481443238027,0.030093942954380275,0.007635133251292392,0.15351764076133917,-0.0080717368646686938,0.015270266502584784
7.6799999999999997,0.96169620079071139,-1.8480648732258356,1.4016547054729964,-6.8289231479418397,0.00013055053710937488,76,0.00022474616250708101,0.0037402180856155372,0.019342703986370641,0.023307668234493258,0,0,0,0.048631020106919637,0.069713871527554538,0,0.099511100744104963,0.034220932026544887,0.017655555497666665,0.15039118138129032,-0.0012720074744647647,0.035311110995333329
7.7000000000000002,0.9899708452585857,-1.9627853719832098,1.4564749338125031,-4.645882313627224,0.00013055053710937488,76,0.00024267008140494437,0.0020813844404768763,0.02098730145973526,0.023311355981617082,0,0,0,0.046640709929917104,0.071060848413407873,0,0.096473376130949279,0.038353232599491041,0.024640763930238105,0.14630604233198147,0.005645616785574209,0.04928152786047621
7.7199999999999998,1.0133182844426523,-2.0370808208502567,0.88933770382217825,-2.7987118407185738,-0.018360000000000001,77,9.0478129978237873e-05,0.00077919636768365654,0.02201300426720006,0.022882678764861955,0,0,0,0.044969060402066829,0.072130323765773205,0,0.093860089944835634,0.041649611274208576,0.028997299809718224,0.14275111948760444,0.011168898782643946,0.057994599619436447
7.7400000000000002,1.0258436164495106,-2.0752074815583548,0.36786026194215238,-1.0223874729050486,-0.018360000000000001,77,1.5480178274749459e-05,0.00011213024379094801,0.022525094531930568,0.022652704953996267,0,0,0,0.044062100356303369,0.072687903479128166,0,0.092350059188141362,0.043416610922720388,0.031172334913058819,0.14063801801997936,0.014145318366312609,0.062344669826117638
7.7599999999999998,1.0281249888505735,-2.0781628311010207,-0.13949815276994948,0.72601103211480456,-0.018360000000000001,77,2.2261125590128932e-06,4.4236861127991364e-05,0.02256435266882114,0.022610815642508143,0,0,0,0.043896157659184878,0.072788236293785724,0,0.092171668711179364,0.043674885674009956,0.031339078613749329,0.14044717976317384,0.01456153505423418,0.062678157227498657
7.7800000000000002,1.0201916599065268,-2.0460435472908935,-0.65786943178513424,2.4927815784984695,-0.018360000000000001,77,4.9509623152533951e-05,0.00057265870899673489,0.022134305202768975,0.022756473534918244,0,0,0,0.044472223269183389,0.072437706738244442,0,0.093348147986781288,0.042430944591794251,0.029512509355967449,0.1422240727043792,0.012424182445344059,0.059025018711934898
7.7999999999999998,1.001545654588301,-1.9780324403036751,-1.2166226560199975,4.3221138939880985,-0.018360000000000001,77,0.00016932535923108488,0.0017289027924882205,0.021200596910405777,0.023098825062125083,0,0,0,0.045815088186943478,0.071595933504791973,0,0.095700715043175205,0.0396735283932469,0.025546707910320154,0.14558634189940692,0.0077511232817018272,0.051093415820640309
7.8200000000000003,0.97776868059600264,-1.8700605883774193,-1.1890185711360772,6.4789066849347581,-0.0011474999999999992,78,0.00016172884390256407,0.0033014419314119723,0.019662939364999871,0.023126110140314408,0,0,0,0.047504312395692125,0.070486454754175948,0,0.098613800933881363,0.0360412394518934,0.019015712559462584,0.14972328947207061,0.0015960241496108529,0.038031425118925169
7.8399999999999999,0.95260373112828678,-1.7186560800256521,-1.3691635978372843,8.6693314804116888,-0.0011474999999999992,78,0.00021444745388367228,0.0055174626348149193,0.017423087800695541,0.023154997889394131,0,0,0,0.049262872412438971,0.069268819837469159,0,0.10125215141090423,0.032294879410513823,0.0095022417630629477,0.15324143040936949,-0.0046790610164415131,0.019004483526125895
7.8600000000000003,0.92101816816141469,-1.5228511726868046,-1.8483674277143782,10.926269134001373,-0.0011474999999999992,78,0.00039082903445342821,0.0083423734428348158,0.014458069558828073,0.023191272036116317,0,0,0,0.051425831854884835,0.067678532918741041,0,0.10272287931419097,0.028700245069894499,-0.0030912777827553808,0.1540199267734971,-0.010278042778952043,-0.0061825555655107617
7.8799999999999999,0.87585253547589603,-1.280776275848428,-2.7530148480152259,13.309512556465521,-0.0011474999999999992,78,0.00086701640264327318,0.011532956540517956,0.010843152047806209,0.023243124990967437,0,0,0,0.054429092714892838,0.065287624142969097,0,0.10190192107340168,0.025710399361360388,-0.018445157798988247,0.14937474943191054,-0.013866825420248322,-0.036890315597976495
7.9000000000000004,0.80678880783733198,-0.9889427312274961,-4.2765644241904344,15.923998000979097,-0.0011474999999999992,78,0.0020921857703940353,0.014389730052051694,0.0068401234169994437,0.023322039239445175,0,0,0,0.058804759439305389,0.061375893209674966,0,0.097714352249038766,0.024096285119229788,-0.03544748803517056,0.13662394505877215,-0.01318332297121539,-0.07089497607034112
7.9199999999999999,0.69972020325632289,-0.6417208643088621,-6.5644249442761717,18.850110111087297,-3.8660888671874979e-05,79,0.0049295080540844262,0.015372967402152143,0.0030209745123603851,0.023323449968596956,0,0,0,0.065026904625170245,0.05474031124198156,0,0.089890648296622827,0.025204266384635944,-0.051668813658000405,0.11475439196807542,-0.0043317784727096714,-0.10333762731600081
7.9400000000000004,0.54163540551431033,-0.23522571984370444,-9.12021416590831,21.621332794877155,-3.8660888671874979e-05,79,0.0095152516795479619,0.013397877711732585,0.00041819241904186594,0.023331321810322412,0,0,0,0.07283367068236174,0.043820730424460996,0,0.080583511698836624,0.030939855026740279,-0.062723783473318612,0.088333352715311508,0.018058979629019565,-0.12544756694663722
7.96,0.35199811048549789,0.20472630138553605,-9.2509405290625502,21.755945875120332,-3.8660888671874979e-05,79,0.0097899840539861747,0.013232225484316937,0.00031713183605617005,0.023339341374359283,0,0,0,0.079788283684186015,0.029305797834760561,0,0.075267330861355841,0.041614593124508138,-0.063153024821372028,0.070746378038525667,0.053923388414255716,-0.12630604964274406
7.9800000000000004,0.19031268160378054,0.61510286346869636,-6.7567540006926183,19.068914574568424,-3.8660888671874979e-05,79,0.005222595873347574,0.015328308080285829,0.0027833577647170915,0.023334261718350496,0,0,0,0.083465336424925804,0.016079104933856024,0,0.076424723221245786,0.052626360026742598,-0.052678059103308313,0.069384110017565781,0.089173615119629179,-0.10535611820661663
8,0.079882292151474965,0.96655222114067207,-4.4158975221328705,16.123962402994248,-3.8660888671874979e-05,79,0.0022307360153031655,0.014552397499981762,0.0065581712644735479,0.023341304779758477,0,0,0,0.084728944008629625,0.0067827757726838011,0,0.080493371830554439,0.059692612386469224,-0.036645042199823535,0.076257799652479252,0.11260244900025464,-0.073290084399647071
8.0199999999999996,0.008076492055382703,1.2624082937050929,-2.8889444727230718,13.510826010673577,-0.0001327917480468749,80,0.00095474764404429688,0.011819870546676305,0.01057661446568223,0.023351232656402834,0,0,0,0.084997227751802837,0.0006864943613444555,0,0.084500874940421411,0.06214164290999543,-0.019577240631658888,0.084004522129039985,0.1235967914586464,-0.039154481263317775
8.0400000000000009,-0.039861549331697388,1.5084874430912691,-1.9918992572557928,11.12470610103056,-0.0001327917480468749,80,0.00045388407535311426,0.008663417891787966,0.014240276914161616,0.023357578881302694,0,0,0,0.084932478858921967,-0.0033873344799080643,0,0.08749787994290642,0.060936361518391727,-0.0040163229945565032,0.090063281026890873,0.1252600575166915,-0.0080326459891130065
8.0600000000000005,-0.074504427060219744,1.7081913106598288,-1.5335284440738868,8.8597789141896008,-0.0001327917480468749,80,0.00026902576672731602,0.0058273370828420311,0.017265785435456427,0.023362148285025773,0,0,0,0.084764195447569343,-0.0063270190553107878,0,0.089520041607467182,0.057387894696652092,0.0088341209457034817,0.094275887767365021,0.12110280844861497,0.017668241891406963
8.0800000000000001,-0.10326975438215383,1.86326845844878,-1.3866573859245142,6.6544780922230977,-0.0001327917480468749,80,0.00021996244821481436,0.0035817161098992034,0.019564276777598172,0.023365955335712188,0,0,0,0.084547155374617253,-0.0087623351944747727,0,0.090913862494123573,0.052669573550240677,0.018596656377837965,0.097280569613629894,0.11410148229495612,0.037193312755675931
8.0999999999999996,-0.13142456337353367,1.974538731192709,-1.4583718535847379,4.4751206835231274,-0.0001327917480468749,80,0.00024330260233614711,0.0019745443722765559,0.021151844147672256,0.023369691122284958,0,0,0,0.084266978325791511,-0.011138957035583853,0,0.092039876019917199,0.047663550185430205,0.025339637052634464,0.099812773714042902,0.10646605740644427,0.050679274105268929
8.120000000000001,-0.15489325612698049,2.045536878532431,-0.89872306684783387,2.6393603043230591,0.018360000000000001,81,9.2397875031377289e-05,0.0007189277396118511,0.022127462775517921,0.022938788390161148,0,0,0,0.083982380363383222,-0.013113343909927218,0,0.092832658227565965,0.043566890133866089,0.029483447058774717,0.10168293609174872,0.10024712417765939,0.058966894117549434
8.1400000000000006,-0.16764526132131941,2.0805696699640448,-0.38057137103490635,0.8718798395292775,0.018360000000000001,81,1.6568471153470284e-05,9.1807607826731476e-05,0.022596276927356555,0.022704653006336756,0,0,0,0.083808335218168467,-0.014183192445958817,0,0.093202473642420361,0.041326672850264069,0.031474672644225939,0.10259661206667225,0.096836538146486947,0.062949345288451877
8.1600000000000001,-0.17018910448642885,2.0805782362285807,0.1263927101163026,-0.87071568544882139,0.018360000000000001,81,1.8274868413219893e-06,5.972677772106616e-05,0.02259639047354918,0.022657944738111568,0,0,0,0.083771984272411101,-0.014396341586073438,0,0.093307254874821208,0.041089181188060077,0.031475154916535748,0.10284252547723131,0.0965747039621936,0.062950309833071497
8.1799999999999997,-0.16250128304921271,2.0455958356758552,0.64684041789931435,-2.6349279748011964,0.018360000000000001,81,4.7863505656642188e-05,0.0006229726411173458,0.0221282590677566,0.022799095214530586,0,0,0,0.083880184126884513,-0.013751898444940359,0,0.093161145198588549,0.042857647261485804,0.029486829203859154,0.1024421062702926,0.099467192967911969,0.058973658407718309
8.1999999999999993,-0.14403282409256854,1.9747411100603287,1.2104203210884861,-4.4648291250210033,0.018360000000000001,81,0.00016760332060809192,0.0018159139152628496,0.021154670224613478,0.023138187460484419,0,0,0,0.084119841374492549,-0.012200503560518012,0,0.092632762700637528,0.046494253425270374,0.025351640437536002,0.10114568402678251,0.10518901041105877,0.050703280875072004
8.2200000000000006,-0.12029007569844113,1.8639153385895781,1.1926246667670735,-6.6217883115445755,0.0011474999999999992,82,0.00016271132488406191,0.0034290401431086494,0.019573682143034201,0.023165433611026912,0,0,0,0.084385778821038995,-0.010200016312079504,0,0.091795658986614334,0.051102680625977212,0.018636604413159188,0.099205539152189687,0.11240537756403393,0.037273208826318377
8.2400000000000002,-0.094911993243571441,1.709638442527309,1.3878131854501874,-8.8140579468583358,0.0011474999999999992,82,0.00022032928496796452,0.0056866854609916948,0.017287552122586355,0.023194566868546013,0,0,0,0.084617435142606182,-0.0080554124591381265,0,0.090671249187080957,0.055536392413948463,0.0089265720463232862,0.096725063231555719,0.11912819728703505,0.017853144092646572
8.2599999999999998,-0.062750610084040176,1.5108973674452209,1.8885860303419284,-11.075804067208672,0.0011474999999999992,82,0.00040802216150559873,0.0085466755685724427,0.014276805428044886,0.023231503158122925,0,0,0,0.084832705246037962,-0.0053303021151567568,0,0.088870210013987816,0.05892730364700545,-0.0038611730035470358,0.092907714781937656,0.12318490940916765,-0.0077223460070940716
8.2799999999999994,-0.016487939747269593,1.2657431172953952,2.8245162307600107,-13.46904055961714,0.0011474999999999992,82,0.00091263759647097135,0.011747080295504017,0.010624893143023617,0.023284611034998605,0,0,0,0.084988446545062379,-0.0014014113803862169,0,0.086002773226509607,0.06011232409509612,-0.019372183388448785,0.087017099907956835,0.12162605957057845,-0.038744366776897569
8.3000000000000007,0.05443688849329157,0.9705501488149455,4.3937749445073546,-16.10200558306008,0.0011474999999999992,82,0.0022084411067088863,0.014548959141237959,0.0066082019571626549,0.023365602205109502,0,0,0,0.084874087668168591,0.0046248505376967532,0,0.081978105293952275,0.057771186816299031,-0.036432543505085568,0.079082122919735973,0.1109175230949013,-0.072865087010171137
8.3200000000000003,0.16438414220868158,0.61954443552633398,6.7319205366134129,-19.047652338320646,3.8660888671874979e-05,83,0.0051842766421880083,0.015360193307219262,0.0028224010183093215,0.023366870967716592,0,0,0,0.083854142570001691,0.013909808548281014,0,0.077725178338426001,0.050857767874759457,-0.052512228090769109,0.071596214106850298,0.087805727201237901,-0.10502445618153822
8.3399999999999999,0.32568292531964904,0.20946150942760688,9.2416242887816757,-21.752946481569232,3.8660888671874979e-05,83,0.0097702758051467064,0.013274399764335977,0.00033191737508380352,0.023376592944566486,0,0,0,0.080531757518246955,0.027196250311803578,0,0.076240607723028028,0.039902922401560785,-0.06309022521625976,0.071949457927809116,0.052609594491317996,-0.12618045043251952
8.3599999999999994,0.51558303226992463,-0.230864118933642,9.1546362005111526,-21.660579537770559,3.8660888671874979e-05,83,0.0095872132400984956,0.013389341058114431,0.00040289609912166219,0.023379450397334588,0,0,0,0.073950459908263516,0.041908584793050589,0,0.081227177018601798,0.029068337870155714,-0.062788752552150606,0.088503894128940094,0.01622809094726084,-0.12557750510430121
8.3800000000000008,0.674445984995792,-0.6382946729863157,6.6031610519607984,-18.899593057373764,3.8660888671874979e-05,83,0.0049878569105588147,0.015399163823755797,0.0029899022856123719,0.023376923019926985,0,0,0,0.066389507872326753,0.053079499286167592,0,0.090388201134812801,0.023062987135485463,-0.051800788797093225,0.11438689439729885,-0.0069535250151966654,-0.10360157759418645
8.4000000000000004,0.78220422925615463,-0.98648564517796444,4.3063337611981449,-15.971006829317615,3.8660888671874979e-05,83,0.0021214147281547247,0.01445328766173049,0.0068089756553780557,0.02338367804526327,0,0,0,0.060295737969067828,0.059911801698542787,0,0.098215656904383997,0.021748878349373529,-0.035579783998564159,0.13613557583970018,-0.016414044999795728,-0.071159567997128317
8.4199999999999999,0.85226845385041705,-1.2794669068441777,2.8222102973153831,-13.375036601973928,0.0001339123535156249,84,0.00091114805112168672,0.011658144585119152,0.01082410224483798,0.023393394881078819,0,0,0,0.055953562367334682,0.063985927034034523,0,0.10246166240558077,0.023316142337595464,-0.018526069296474771,0.14896976244382687,-0.017353642358843596,-0.037052138592949542
8.4399999999999995,0.89919277424450961,-1.5229403765627021,1.955453510640045,-10.998957903759818,0.0001339123535156249,84,0.00043742660815873245,0.0085028047651962615,0.014459422644394796,0.02339965401774979,0,0,0,0.052890577423366635,0.0665401143658685,0,0.10332497446706845,0.026451448948590375,-0.0030855307322681146,0.15375937151077027,-0.013637216468687749,-0.0061710614645362292
8.4600000000000009,0.93333367274951451,-1.7201908764525395,1.5186156461455798,-8.7396501396152253,0.0001339123535156249,84,0.00026381892505465422,0.0056942389381251972,0.017446138077576723,0.023404195940756573,0,0,0,0.050588457770472876,0.068306719584570033,0,0.10184385823924219,0.030346593876692605,0.0096001447399622908,0.1530992587080115,-0.0076135318311848221,0.019200289479924582
8.4800000000000004,0.96196582012428511,-1.8729003914014832,1.387407509009779,-6.5375567465436824,0.0001339123535156249,84,0.00022020049337390527,0.0034836882500019154,0.019704129420502526,0.023408018163878348,0,0,0,0.048612222131959357,0.069726980856717455,0,0.099126517064330552,0.034509449623896765,0.01919066182680311,0.14964081199670176,-0.00070808160892392447,0.03838132365360622
8.5,0.99025276709536691,-1.9818534823552909,1.4700956763006683,-4.360192714649382,0.0001339123535156249,84,0.0002472301355094012,0.0019107400364565784,0.021253833345070493,0.023411803517036471,0,0,0,0.046620674471774558,0.071073994623890593,0,0.096060648385310018,0.038644060976384696,0.025772822566558325,0.14550062229884547,0.006214127328878799,0.051545645133116651
8.5199999999999996,1.0140100306680382,-2.050622865003926,0.91530511451464058,-2.5311493803790244,-0.018360000000000001,85,9.5838936219535775e-05,0.00068369747642456076,0.022196066545419203,0.0229756029580633,0,0,0,0.044919153767709309,0.072161413683442255,0,0.093493410809528985,0.041924831418225568,0.029774832421930023,0.14206766785134867,0.011688249153008881,0.059549664843860046
8.5400000000000009,1.0271185022400735,-2.0835444146534901,0.39924933340863522,-0.76865080579996214,-0.018360000000000001,85,1.8234699291203596e-05,8.1013621145868212e-05,0.022635674540503661,0.022734922860940733,0,0,0,0.043969395798309781,0.07274401853851338,0,0.092070546261702135,0.043669758337185588,0.031642008751714495,0.1401716967250945,0.014595498135857803,0.063284017503428991
8.5600000000000005,1.0300395904647732,-2.081521590377311,-0.10765390698244037,0.97097627489644189,-0.018360000000000001,85,1.3257749169586322e-06,7.1071193555945791e-05,0.022608891342850355,0.02268128831132326,0,0,0,0.043756716814590771,0.072872146486896563,0,0.091997365572655615,0.043905627612111614,0.031528250691685154,0.14023801433072045,0.014939108737326658,0.063056501383370309
8.5800000000000001,1.0227121494034694,-2.0445459997613984,-0.62985294197779362,2.7343363238764105,-0.018360000000000001,85,4.5382511964433087e-05,0.00065636363578667632,0.022114076071776512,0.022815822219527621,0,0,0,0.044289503720491327,0.072549568297768569,0,0.093278572621731864,0.042643097449317872,0.029426588819981774,0.14226764152297239,0.012736626600867176,0.058853177639963547
8.5999999999999996,1.004549115775992,-1.9716946086405027,-1.1972611361965733,4.5654120834788445,-0.018360000000000001,85,0.00016397890306880591,0.0018732260309301842,0.02111210220603213,0.02314930714003112,0,0,0,0.045599846259023517,0.071733214211782123,0,0.095716760668216314,0.039874561046056987,0.025170838455793959,0.1458336750774091,0.0080159078803318518,0.050341676911587918
8.620000000000001,0.98099904966305695,-1.8588556224765727,-1.1871068150756152,6.7226827475900697,-0.0011474999999999992,86,0.00016120919258084897,0.0035150559161152349,0.01950006732087289,0.023176332429568975,0,0,0,0.047276367668334637,0.070639543175819344,0,0.098670713929714798,0.036243256044131984,0.018323935273840002,0.15006506019109495,0.0018469689124446242,0.036647870547680005
8.6400000000000006,0.95562429357265166,-1.7025477554158339,-1.3936688104030306,8.9165416091076448,-0.0011474999999999992,86,0.00022219248598371423,0.0058024119782225858,0.017180858057568801,0.023205462521775102,0,0,0,0.049053417202770802,0.069417305196405529,0,0.1012723805912088,0.032517016576127884,0.0084734032346619158,0.15349134397964681,-0.0043832720441497608,0.016946806469323832
8.6600000000000001,0.92319474891658693,-1.5017234910099226,-1.910465633732195,11.182128749882105,-0.0011474999999999992,86,0.00041753094264074221,0.0086873943946660648,0.014137782091060711,0.023242707428367516,0,0,0,0.051278402363919041,0.067790304992705427,0,0.10259661596757427,0.028971833737133697,-0.0044516560862185297,0.15391482957122951,-0.0098466375184380339,-0.0089033121724370595
8.6799999999999997,0.87627908472549965,-1.2543735489275214,-2.8693821248961706,13.583138527219074,-0.0011474999999999992,86,0.00094186136663952289,0.011894193747484594,0.010460505980904269,0.023296561095028388,0,0,0,0.054401239377120228,0.065310834891565001,0,0.10150024229644666,0.026079302535685106,-0.020070395935676739,0.14859924521577311,-0.013152229820194788,-0.040140791871353478
8.7000000000000011,0.80414283534718545,-0.95676909404270205,-4.4718437924002288,16.230215673654371,-0.0011474999999999992,86,0.0022876177393296644,0.014654950745989033,0.0064363269033425258,0.023378895388661221,0,0,0,0.058966952323848305,0.061220082764048951,0,0.096936413109269148,0.02464804164928356,-0.03716255987367259,0.13490587389468997,-0.011923999465481831,-0.074325119747345181
8.7200000000000006,0.69225864065549014,-0.60303575282324218,-6.8445324396897238,19.189603918307895,-3.8660888671874979e-05,87,0.005359173023540535,0.015342363316365262,0.002678520449506496,0.023380056789412292,0,0,0,0.065433538918905729,0.05425358960057898,0,0.088782290658055235,0.026093398415455944,-0.053123341617794362,0.11213104239720473,-0.0020667927696670918,-0.10624668323558872
8.7400000000000002,0.52888985449127979,-0.19043920009363902,-9.3111570605546063,21.839492474412125,-3.8660888671874979e-05,87,0.0099178494400516803,0.013198872889487115,0.0002745425850973135,0.023391264914636108,0,0,0,0.073386259115170702,0.042888891021813876,0,0.079546726662923464,0.032347847479791685,-0.063333916984805838,0.085707194210676227,0.021806803937769494,-0.12666783396961168
8.7599999999999998,0.33922368409389958,0.24992963814184233,-9.064451682512237,21.580646141332195,-3.8660888671874979e-05,87,0.0093992517732615164,0.013519166518767204,0.00047182791701879669,0.023390246209047515,0,0,0,0.080156128184021222,0.02828418488390216,0,0.074847633212536485,0.043328224694317193,-0.062495973848883807,0.069539138241051734,0.058372264504732228,-0.12499194769776761
8.7799999999999994,0.18272083641615805,0.65507950752825828,-6.4800950275481224,18.772311877598547,-3.8660888671874979e-05,87,0.0048036676860250425,0.015442294305852946,0.0031434848615288758,0.023389446853406864,0,0,0,0.083585000030492212,0.015444991741746555,0,0.07644490063621312,0.054085686283228171,-0.051148467288783236,0.069304801241934041,0.092726380824709798,-0.10229693457756647
8.8000000000000007,0.077099831253101145,1.0008308359354494,-4.2179662021308602,15.856426569578325,-3.8660888671874979e-05,87,0.0020352435979751967,0.014369195554356749,0.0069915336682609781,0.023395972820592924,0,0,0,0.084747488803360776,0.0065469948468164247,0,0.080564820680767146,0.060689487422634532,-0.034804393186115452,0.076382152558173516,0.11483197999845264,-0.069608786372230905
8.8200000000000003,0.0084674459484263415,1.2916517268705281,-2.7656950014898296,13.27263047505012,-0.00013615356445312492,88,0.00087502160432063902,0.01152892897086576,0.01100166193037542,0.023405612505561821,0,0,0,0.084996952868468284,0.00071972430512183701,0,0.084471949546115102,0.062720802118228322,-0.017771908212812521,0.083946946223761906,0.12472187993133481,-0.035543816425625041
8.8399999999999999,-0.037562569437249206,1.5331540567432196,-1.9211750532798759,10.903559762248811,-0.00013615356445312492,88,0.00042222513535685493,0.0083752429000905036,0.014614383989021689,0.023411852024469049,0,0,0,0.084940041818847539,-0.0031920676390755523,0,0.087360541985481613,0.061216775976772331,-0.0024273530877434173,0.0897810421521157,0.1256256195926202,-0.0048547061754868346
8.8599999999999994,-0.071183061425306587,1.7285391571366668,-1.499977707293777,8.6481273887219139,-0.00013615356445312492,88,0.00025738297447873388,0.0055875957196264885,0.017571421737243229,0.02341640043134845,0,0,0,0.084784742216198361,-0.0060454517889727737,0,0.089315217462327651,0.057492425820205507,0.010132270375650822,0.093845692708456954,0.1210303034293838,0.020264540751301643
8.8800000000000008,-0.099560871137952325,1.8794420447049003,-1.3799724127098678,6.4482172398987547,-0.00013615356445312492,88,0.00021784671488298034,0.0034035321513928895,0.019798873944559814,0.023420252810835682,0,0,0,0.084579072271448938,-0.0084487001190134345,0,0.090687194819633096,0.052699089620038254,0.019593076556913919,0.096795317367817241,0.11384687935908994,0.039186153113827837
8.9000000000000004,-0.12778131110878985,1.9866227089749513,-1.4703239394506611,4.2722007964190514,-0.00013615356445312492,88,0.00024730691678514837,0.0018566299284800045,0.021320155914499761,0.023424092759764915,0,0,0,0.084307001017184108,-0.010831877929912264,0,0.091826043616649838,0.047690562609310365,0.026054518834946312,0.099345086216115583,0.10621300314853299,0.052109037669892624
8.9199999999999999,-0.15157983360931518,2.0536773900507947,-0.9188139085805499,2.4474372458272384,0.018360000000000001,89,9.6575135860801263e-05,0.00065337853176853104,0.022237181330193128,0.022987134997822459,0,0,0,0.084025369321725579,-0.012835003324799636,0,0.092651265193861188,0.043635109541202054,0.029949461986888925,0.1012771610659968,0.10010522240720374,0.05989892397377785
8.9399999999999995,-0.16477459369212211,2.0849548687126971,-0.40409733446602747,0.68767747440477645,0.018360000000000001,89,1.8680228220260707e-05,7.1858866013511664e-05,0.022654331621270767,0.022744870715504538,0,0,0,0.083848705072876714,-0.013942548461516635,0,0.093060726055872442,0.041457368753068324,0.031721252214028051,0.10227274703886817,0.096857285967653292,0.063442504428056101
8.9600000000000009,-0.16779374169138978,2.0813254641243919,0.10292221760965248,-1.050961730415414,0.018360000000000001,89,1.2117931037789258e-06,8.1931101325551111e-05,0.022606292916912817,0.022689435811342147,0,0,0,0.083806228368676169,-0.014195636182196958,0,0.09320463329316199,0.04128936352430098,0.031517214224060543,0.10260303821764782,0.09677436323079891,0.063034428448121085
8.9800000000000004,-0.16054836489245256,2.0427450810562711,0.6266284833905329,-2.8151207538163199,0.018360000000000001,89,4.4919040411958131e-05,0.00068781570312970359,0.022089728376870503,0.022822463120412164,0,0,0,0.08390688048715772,-0.0135880611903918,0,0.093090670587650637,0.043122249985280921,0.029323175233055138,0.10227446068814354,0.09983256116095364,0.058646350466110275
9,-0.14242077276150888,1.9682560851214781,1.1972846300707025,-4.6486473805054285,0.018360000000000001,89,0.0001639853386531424,0.0019273218474934308,0.021063990504901504,0.023155297691048078,0,0,0,0.084139399902486853,-0.012064882264216162,0,0.09258084982255245,0.04680502753074358,0.024966490421769887,0.10102229974261806,0.10567493732570332,0.049932980843539775
9.0199999999999996,-0.11880791693252649,1.8537436262006137,1.1938675239219838,-6.8069096793531241,0.0011474999999999992,90,0.0001630506308069535,0.0035937649678092851,0.019425579706968794,0.023182395305585034,0,0,0,0.084400804169998248,-0.010074932032406324,0,0.091741905906107896,0.051423734958941959,0.018007559067995227,0.09908300764221753,0.11292240195029024,0.036015118135990454
9.0400000000000009,-0.093203960386977314,1.6957337703943294,1.4104254774473108,-9.0027325796123119,0.0011474999999999992,90,0.00022756763438816087,0.0059059884313590987,0.017078232974537123,0.023211789040284384,0,0,0,0.08463107061465247,-0.0079108714196166451,0,0.09058723573720466,0.055808610839857553,0.0080375168813163495,0.09654340085975685,0.11952809309933175,0.016075033762632699
9.0600000000000005,-0.060305565063001061,1.4931520552259983,1.9414383641178818,-11.272080148886689,0.0011474999999999992,90,0.00043117882131006108,0.0088104261254221047,0.014007967775623421,0.023249572722355588,0,0,0,0.084845484486471459,-0.005122866605322852,0,0.088721124382013336,0.059065910883179501,-0.0050030250780520773,0.092596764277555213,0.12325468837168185,-0.010006050156104155
9.0800000000000001,-0.012577408715968824,1.2439401614930956,2.9209884418038019,-13.680091716600639,0.0011474999999999992,90,0.00097604509506329928,0.012018118184681454,0.010310191555391134,0.023304354835135887,0,0,0,0.084993276962202463,-0.0010690515545773252,0,0.085761549454298647,0.060011255025201694,-0.02070883641101286,0.08652982194639483,0.1210915616049807,-0.041417672822025721
9.0999999999999996,0.06087391616037291,0.94428371725419602,4.5533143872583777,-16.339378283539517,0.0011474999999999992,90,0.0023717312802811427,0.01473437538178171,0.0062820451247357018,0.023388151786798553,0,0,0,0.084842559196251568,0.0051710877995398774,0,0.081663862484979755,0.057324285414364039,-0.037817851152158931,0.078485165773707927,0.10947748302918821,-0.075635702304317862
9.120000000000001,0.17471704296590371,0.58823605452018679,6.9557528768838033,-19.309042353298441,3.8660888671874979e-05,91,0.0055347561870993075,0.015302042113146345,0.0025524309206052193,0.02338922922085087,0,0,0,0.083705939991475381,0.014775507102753629,0,0.077484462350238634,0.050021311559685963,-0.053658890075580959,0.071262984709001886,0.085267116016618294,-0.10731778015116192
9.1400000000000006,0.34009592721647453,0.17359987370795515,9.3783451659340109,-21.903274803587365,3.8660888671874979e-05,91,0.0100614976887547,0.013112096373825153,0.00022825369277320725,0.023401847755353061,0,0,0,0.080131427009694431,0.028354089747160215,0,0.07641502808956159,0.038856996081416906,-0.063530522881527329,0.072698629169428763,0.04935990241567359,-0.12706104576305466
9.1600000000000001,0.52966205957992119,-0.26654488682528665,8.9921247897382024,-21.499107324188323,3.8660888671874979e-05,91,0.0092498535523776199,0.013611369928463046,0.00053626309302678401,0.023397486573867449,0,0,0,0.073353118218431226,0.042945547471569777,0,0.081936818813832621,0.028284162494630699,-0.062222294032336124,0.090520519409234015,0.013622777517691621,-0.12444458806467225
9.1799999999999997,0.68429372948017275,-0.66953674675244557,6.3843603976828973,-18.655517114419883,3.8660888671874979e-05,91,0.0046627807658765003,0.015456804784990688,0.0032784909384760102,0.023398076489343198,0,0,0,0.065863583837376061,0.053730701876086959,0,0.091167692141186474,0.022712695401099967,-0.050575046982347903,0.11647180044499689,-0.0083053110738870242,-0.10115009396469581
9.2000000000000011,0.78829217931044482,-1.0130646670390391,4.1530186562736358,-15.75227974854346,3.8660888671874979e-05,91,0.0019730494521005963,0.014282805291389844,0.0071485560471603055,0.023404410790650747,0,0,0,0.059929882794615703,0.060277766616088448,0,0.098738503633343716,0.021693123739408231,-0.034137461573393202,0.13754712447207171,-0.016891519137271986,-0.068274923146786404
9.2200000000000006,0.8559136526381308,-1.3019205140792067,2.7280674157506271,-13.179351291279255,0.00013727416992187491,92,0.00085137403896703675,0.011410799876020157,0.011151784244444204,0.023413958159431397,0,0,0,0.055719949719864097,0.064189463334848165,0,0.10267833631179654,0.023427026575107882,-0.017134283705214904,0.14963672290372898,-0.017335410184632402,-0.034268567410429808
9.2400000000000002,0.90139391426484072,-1.5416237007844593,1.9026839203417629,-10.816278714179774,0.00013727416992187491,92,0.00041413649373109399,0.0082631044209411399,0.01474293083642428,0.023420171751096515,0,0,0,0.052743985305116745,0.066656372644583878,0,0.103302887744121,0.026650025141929136,-0.0018813674973484607,0.15386179018312526,-0.013356322360725606,-0.0037627349946969214
9.2599999999999998,0.9347880305654328,-1.735297198577932,1.4950926618000455,-8.5638810877298734,0.00013727416992187491,92,0.00025570924274832477,0.0054962991217571647,0.017672719121349899,0.02342472748585539,0,0,0,0.050489061892738926,0.06838022103789354,0,0.10167709871266245,0.030585140531547587,0.010562517504884041,0.15286513553258596,-0.0072099399747983656,0.021125035009768083
9.2799999999999994,0.96317180326923257,-1.8845308756514632,1.3848954627588073,-6.3653400371853142,0.00013727416992187491,92,0.00021940382325520192,0.0033367685958873841,0.019872440548124932,0.023428612967267518,0,0,0,0.0485280972379908,0.069785555657744192,0,0.098898166045329888,0.034758771476860698,0.019905540894176562,0.14926823485266899,-0.00026801270402279642,0.039811081788353124
9.3000000000000007,0.99156228936596369,-1.9900598871246489,1.4818990079713277,-4.1898137560473083,0.00013727416992187491,92,0.00025121607212534987,0.0018134238656028396,0.021367868114707415,0.023432508052435606,0,0,0,0.046527561545862378,0.071134984477372237,0,0.095831294142674578,0.03888668260885033,0.026257170042080415,0.14513502673948675,0.0066383807403284228,0.052514340084160831
9.3200000000000003,1.0156255607618252,-2.0554923183460287,0.93336678211741952,-2.3673669335927117,-0.018360000000000001,93,9.9658624225658428e-05,0.00062945138704495723,0.022261579652424271,0.022990689663694885,0,0,0,0.044802516264925277,0.072233887728206256,0,0.09330177042934211,0.042152596358234082,0.030053090606627038,0.14180102459375893,0.012071304988261901,0.060106181213254076
9.3399999999999999,1.0291258623293951,-2.0851793068741804,0.41983586039668686,-0.60843637575111731,-0.018360000000000001,93,2.0163655497199373e-05,6.5352905394051324e-05,0.022657299055492835,0.022742815616384086,0,0,0,0.04382328386963532,0.072832134328751907,0,0.091938309677837227,0.043881198676228167,0.031733855995127576,0.14005333548603915,0.014930263023704433,0.063467711990255152
9.3599999999999994,1.0324592710590077,-2.0799599280615606,-0.087477068809707514,1.1309909989031839,-0.018360000000000001,93,8.75384093403184e-07,9.2542074613828621e-05,0.022588193376694991,0.022681610835402221,0,0,0,0.043580261573402321,0.072977810334332677,0,0.09193307243386506,0.044102894309113683,0.03144033884087237,0.14028588329432778,0.015227978283894696,0.06288067768174474
9.3800000000000008,1.0255072303469812,-2.039757664501245,-0.61302631731668744,2.8975361255234824,-0.018360000000000001,93,4.2990098960088008e-05,0.00071697206598279883,0.022049290368705184,0.022809252533648069,0,0,0,0.044086549063457721,0.072673077488677587,0,0.09327892452171152,0.042830911047794087,0.029151420186481404,0.14247129997996533,0.012988744606910595,0.058302840372962808
9.4000000000000004,1.0076171452981713,-1.9635842779495114,-1.1875311264511681,4.7348985944315292,-0.018360000000000001,93,0.00016132445620855166,0.0019778908409459426,0.020998511490620961,0.023137726787775457,0,0,0,0.04537955237429641,0.071872778061714646,0,0.095764936955607394,0.040060090975327645,0.024688377041373444,0.14615032153691837,0.0082474038889406437,0.049376754082746888
9.4199999999999999,0.98412562046988705,-1.8473338608057697,-1.1920255045348052,6.8945818552235174,-0.0011474999999999992,94,0.00016254787699597627,0.0036701117816958667,0.01933202579609606,0.023164685454787903,0,0,0,0.047055277421088532,0.070787010579797735,0,0.098729314056644549,0.036436977862813226,0.017610201308596914,0.15040335069220057,0.0020869451458287169,0.035220402617193829
9.4399999999999995,0.95845116508479578,-1.6875479380707219,-1.4199489538368588,9.0929129874768666,-0.0011474999999999992,94,0.00023065117454124218,0.0060086787343854968,0.016954830815166508,0.023194160724093246,0,0,0,0.048856987663852811,0.069555695355694169,0,0.10127817046426427,0.032734252218549136,0.0075133826672039881,0.15369935326467571,-0.0040871909185958982,0.015026765334407976
9.4600000000000009,0.92521291697786001,-1.4831217987576215,-1.9667962270418502,11.366789779297783,-0.0011474999999999992,94,0.00044251596054781174,0.0089336488929348985,0.013856170207743098,0.023232335061225809,0,0,0,0.051141485799900993,0.067893655301349956,0,0.10246290586802276,0.029235349690981446,-0.0056477650027901005,0.15378432593614449,-0.0094229559193870632,-0.011295530005580201
9.4800000000000004,0.87676515220808715,-1.2319418741283208,-2.969004267985798,13.782982912974829,-0.0011474999999999992,94,0.0010083977085658022,0.012141551578229409,0.010137988652734971,0.023287937939530184,0,0,0,0.054369487478807106,0.065337269848776497,0,0.10112966247988314,0.026426449805146517,-0.021440245273806616,0.14788983748095919,-0.012484370238483464,-0.042880490547613233
9.5,0.80204632640488238,-0.93009798658592757,-4.6336232673469535,16.456208646601368,-0.0011474999999999992,94,0.0024561316881060741,0.014808565455073976,0.0061084377491654731,0.023373134892345524,0,0,0,0.059095171090646999,0.061096323569975637,0,0.096262051664242052,0.025146809130098514,-0.038555225326344408,0.13342893223783711,-0.010802705309778608,-0.077110450652688817
9.5199999999999996,0.68625553962544028,-0.5715724294545339,-7.0659625482280966,19.436329171947467,-3.8660888671874979e-05,95,0.0057115353456394782,0.015248813527273763,0.0024137743449700578,0.023374123217883298,0,0,0,0.065758047724422578,0.053859810243562532,0,0.087866936586507932,0.026866819322271095,-0.054247815388336486,0.10997582544859327,-0.00012617159902034158,-0.10849563077667297
9.5400000000000009,0.51899132069058607,-0.1548339954197715,-9.4311901637846365,21.962588977059024,-3.8660888671874979e-05,95,0.010175205986435945,0.013031479958714743,0.00018166648103217016,0.023388352426182858,0,0,0,0.073807194120775507,0.04216038538744827,0,0.078740920138438683,0.033523261448045259,-0.063728395850186165,0.083674646156101845,0.024886137508642246,-0.12745679170037233
9.5600000000000005,0.32997797120766847,0.28482750793932965,-8.8923240035552027,21.399037454111021,-3.8660888671874979e-05,95,0.0090456704828638414,0.013722946825023605,0.00061183704282605298,0.023380454350713498,0,0,0,0.080414205933910993,0.027541885992403526,0,0.07454163479652437,0.044688066356870948,-0.061901303759658285,0.068669063659137747,0.061834246721338373,-0.12380260751931657
9.5800000000000001,0.17772810650738838,0.68529415954091988,-6.2661760583111796,18.521417005732339,-3.8660888671874979e-05,95,0.0044917480938352827,0.015462215598523555,0.0034284719854840665,0.023382435677842907,0,0,0,0.083661070608140847,0.015027483644964403,0,0.076443971179414039,0.055206550157874026,-0.049938022487750311,0.06922687175068723,0.095385616670783657,-0.099876044975500622
9.5999999999999996,0.075741523558032431,1.0262716890845685,-4.0712456501826289,15.632545545618449,-3.8660888671874979e-05,95,0.0018961156442171504,0.014173009997946065,0.0073194189653674972,0.02338854460753071,0,0,0,0.084756303454568555,0.006431875676433216,0,0.080581516787028185,0.061445296869978384,-0.03341174411583632,0.076406730119487815,0.11645871806352355,-0.06682348823167264
9.620000000000001,0.0094280978527040149,1.3128596173670113,-2.6772622158298489,13.0712552217175,-0.0001395153808593749,96,0.00081995878647823039,0.011265897034110298,0.011312173661274081,0.02339802948186261,0,0,0,0.084996222244245939,0.00080137644509435961,0,0.084408236000829195,0.063164838371061752,-0.016453051047935437,0.083820249757412438,0.12552830029702913,-0.032906102095870873
9.6400000000000006,-0.035263264243401829,1.5504705837389219,-1.8732752526182157,10.714448141671959,-0.0001395153808593749,96,0.00040143330218430159,0.0081255629180681591,0.0148772369579821,0.023404233178234563,0,0,0,0.084947156819488653,-0.0029967562939291511,0,0.087220696286069294,0.061449830168295874,-0.0013109201580780658,0.089494235752649934,0.1258964166305209,-0.0026218403161561315
9.6600000000000001,-0.068227652369493769,1.7421418695226993,-1.480669824007107,8.4650921716182541,-0.0001395153808593749,96,0.00025079949488206833,0.0053828060416802916,0.017775199219571238,0.023408804756133599,0,0,0,0.084802238699686269,-0.0057948521569953565,0,0.089135116264832531,0.057612756455157045,0.010997788054583927,0.093467993829978793,0.12102036506730945,0.021995576109167855
9.6799999999999997,-0.096435105643782326,1.8894143519089823,-1.3810362457919791,6.2677918563055846,-0.0001395153808593749,96,0.00021818272431337296,0.0032516227681046216,0.019942924352572413,0.023412729844990408,0,0,0,0.084605067697980513,-0.0081842849302876993,0,0.090502920080850036,0.052784780098076536,0.02020491145333168,0.096400772463719572,0.11375384512644078,0.04040982290666336
9.7000000000000011,-0.12482328310540329,1.9929964644543059,-1.4849430101916774,4.0925672295675071,-0.0001395153808593749,96,0.00025224918932609394,0.0017558657215729669,0.02140857353606223,0.023416688446961289,0,0,0,0.084338673128808175,-0.010582448434651103,0,0.091663747986851632,0.047796016427384014,0.026430060890512357,0.098988822844895089,0.10617448128941913,0.052860121781024713
9.7200000000000006,-0.14898135719543579,2.0565020579885918,-0.93943248626883191,2.2716134806888952,0.018360000000000001,97,0.00010095814330934377,0.00059702797202282624,0.022275143631171657,0.022973129746503826,0,0,0,0.084058437064770702,-0.012616622298697259,0,0.092524977067632339,0.043791828643072919,0.030110701797365184,0.10099151707049397,0.10020027958484311,0.060221403594730369
9.7400000000000002,-0.16261683903094143,2.0842722731988754,-0.42700333508992183,0.51215901950519838,0.018360000000000001,97,2.0858003715519529e-05,5.6611540998596823e-05,0.022645304297065391,0.022722773841779509,0,0,0,0.0838785944527288,-0.013761591210127334,0,0.092974558144257202,0.041679428508361815,0.031682909858415695,0.1020705218357856,0.097120448226850967,0.06336581971683139
9.7599999999999998,-0.16609090953061242,2.0771041625779514,0.080859530819369696,-1.2299458848934006,0.018360000000000001,97,7.4795012729767375e-07,0.00010794162199788744,0.022550296966372955,0.022658986538498141,0,0,0,0.083830279639021496,-0.014052907729130601,0,0.09315610226753504,0.041578733343387256,0.031279378892171909,0.1024819248960486,0.097210374415905104,0.062558757784343819
9.7799999999999994,-0.15925053607857773,2.034878584327017,0.60883820546620127,-3.0012401088167771,0.018360000000000001,97,4.2404700557297011e-05,0.00075905844675762412,0.021983115038893164,0.022784578186208083,0,0,0,0.083924444794873529,-0.013479153010194179,0,0.093070924007520012,0.043469023864767357,0.028870349298730728,0.10221740322016651,0.1004172007397289,0.057740698597461455
9.8000000000000007,-0.1413990520657856,1.9565682608610331,1.1883864944294258,-4.8451673675894176,0.018360000000000001,97,0.00016155694101335731,0.0020508486650211775,0.020899938676118383,0.023112344282152919,0,0,0,0.084151682923132506,-0.011978909015622801,0,0.092573529895143183,0.047184458457282183,0.024269702158165058,0.10099537686715387,0.10634782593018717,0.048539404316330116
9.8200000000000003,-0.11779137030803345,1.8380874859382601,1.2034941822512013,-7.0074963076231844,0.0011474999999999992,98,0.00016569072443121401,0.003776974994134289,0.019196770970180271,0.023139436688745775,0,0,0,0.08441100219788307,-0.00998912948904861,0,0.091721822557315272,0.051789394265691013,0.017035724474092215,0.09903264291674746,0.11356791802043063,0.034071448948184431
9.8399999999999999,-0.091743654692454296,1.676006833635693,1.4466693622549842,-9.2097720262249254,0.0011474999999999992,98,0.00023941357646013858,0.0061492794464835061,0.016780648179512213,0.023169341202455857,0,0,0,0.084642532663574313,-0.007787275794252934,0,0.090519025891767274,0.056086315324952216,0.0067735651525323249,0.096395519119960221,0.11995990644415737,0.01354713030506465
9.8599999999999994,-0.057769038492816858,1.4691845125557297,2.0149673186103234,-11.490116157502289,0.0011474999999999992,98,0.00046445775590034616,0.0090984344255573817,0.013645469159191318,0.023208361340649047,0,0,0,0.0848582058134182,-0.0049076375301727844,0,0.088563027944931677,0.059152627109422193,-0.0065426896058812549,0.09226785007644514,0.12321289174901717,-0.01308537921176251
9.8800000000000008,-0.0080674410497373547,1.215436833996173,3.0481875815733241,-13.917459246779586,0.0011474999999999992,98,0.0010629028833484574,0.012300196000886145,0.0099022959522551239,0.023265394836489726,0,0,0,0.08499723396178567,-0.00068572505092812628,0,0.085485067919010657,0.059782442096580839,-0.022441318585392781,0.085972901876235644,0.12025060924408981,-0.044882637170785562
9.9000000000000004,0.068656016067968506,0.9107309769164349,4.7569515932861428,-16.609081839275916,0.0011474999999999992,98,0.0025886162341379974,0.014889816853368125,0.0058743770951691209,0.023352810182675245,0,0,0,0.084799748615047396,0.0058311778248282256,0,0.081304340686454868,0.056663054772505099,-0.039549366738153582,0.077808932757862326,0.10749493172018197,-0.079098733476307165
9.9199999999999999,0.18736322466574529,0.54897989497336042,7.22752645155491,-19.600094805287892,3.8660888671874979e-05,99,0.0059757110020025256,0.015146539354127502,0.0022314545999290876,0.023353704956059113,0,0,0,0.083512397939190214,0.015832857936782543,0,0.077243104886055861,0.048901031626033292,-0.055022194189903638,0.070973811832921493,0.081969205315284052,-0.11004438837980728
9.9399999999999995,0.35733174215087316,0.12966814187061981,9.5053087125628082,-22.023992079863866,3.8660888671874979e-05,99,0.010335765779639237,0.012906914634323198,0.00012748759989405294,0.023370168013856489,0,0,0,0.079630843202999194,0.029730940294234856,0,0.07671365120918891,0.037544297556171044,-0.063958513422128563,0.073796459215378626,0.045357654818107232,-0.12791702684425713
9.9600000000000009,0.54568338027590679,-0.30899748621418155,8.76698700035986,-21.252184303642267,3.8660888671874979e-05,99,0.0087924707355219386,0.013846302619866423,0.00071921972676347839,0.023357993082151841,0,0,0,0.072655689226931608,0.044115199455057832,0,0.08283576052980092,0.027349093758476252,-0.061445210130974016,0.093015831832670245,0.010582988061894671,-0.12289042026194803
9.9800000000000004,0.69501102945358517,-0.70593493905868954,6.1244122432644517,-18.33813668034767,3.8660888671874979e-05,99,0.0042908075721256739,0.015441420747441481,0.0036293441234499062,0.023361572443017061,0,0,0,0.06528396428472899,0.054433482409912297,0,0.092080665760489969,0.022295268490062831,-0.049084844871517562,0.11887736723625095,-0.0098429454297866356,-0.098169689743035124
10,0.79463730334690175,-1.0434426205806346,3.978041583808213,-15.469876694169036,3.8660888671874979e-05,99,0.0018102928812543315,0.014013495970536225,0.0075436112080597764,0.023367400059850333,0,0,0,0.059546209052758863,0.060656813198890852,0,0.099320771481630016,0.021610508514112621,-0.032459517464917702,0.13909533391050116,-0.01743579617066561,-0.064919034929835404
10.02,0.85951193182581487,-1.3269466006165214,2.6242606362767993,-12.924066425028654,0.00014175659179687489,100,0.00078781480591940648,0.011069580747906491,0.011519397473008701,0.023376793026834597,0,0,0,0.055488617888512615,0.064389543287886722,0,0.10290342007236009,0.023529153443595359,-0.015572895544475447,0.15031822225620756,-0.017331236400696004,-0.031145791088950894
10.040000000000001,0.90343904374889228,-1.5617039949989753,1.8481677621670092,-10.575309432549973,0.00014175659179687489,100,0.00039074460223811967,0.0079444354503932623,0.015047806842874734,0.023382986895506115,0,0,0,0.05260755418488873,0.06676410145193297,0,0.10326763116763213,0.026845901597194306,-0.00058644732044370372,0.15392770815037551,-0.013072298257544357,-0.0011728946408874074
10.06,0.93610956433903658,-1.7506338591553527,1.4752884867593903,-8.3295290068876255,0.00014175659179687489,100,0.00024897979938195801,0.0052364379019692927,0.017902174229615712,0.023387591930966962,0,0,0,0.050398651059151492,0.068446884307599334,0,0.10150012328157759,0.030819966834293153,0.011537097475432011,0.15260159550400371,-0.0068069506390130291,0.023074194950864022
10.08,0.96435771992785491,-1.8952083459304143,1.389627072993648,-6.1332400785327383,0.00014175659179687489,100,0.00022090560709093633,0.0031442786185901933,0.020026402487430664,0.023391586713111794,0,0,0,0.048445303279490697,0.069843056850041788,0,0.098679363994564659,0.034999159459822508,0.020559473697887628,0.14891342470963861,0.00015526206960322919,0.041118947395775256
10.1,0.9930161638071745,-1.9960972567723747,1.5025799293776159,-3.9576394080825179,0.00014175659179687489,100,0.000258276785936019,0.0016858737001727406,0.021451496973114707,0.023395647459223467,0,0,0,0.046424091072660614,0.071202554505279611,0,0.095640965797711974,0.039113134534004668,0.026612372464809329,0.14485784052276332,0.0070237145627297243,0.053224744929618657
10.120000000000001,1.0175725483738132,-2.056912987130481,0.96112376088854556,-2.137110934258037,-0.018360000000000001,101,0.0001056741673050267,0.00055844019525769662,0.022280661633251122,0.022944775995813845,0,0,0,0.044661792951423689,0.072320980706598301,0,0.093183147248036863,0.042356637605256819,0.030134138775276605,0.14170450154465003,0.012392294503915331,0.060268277550553209
10.140000000000001,1.03165971206778,-2.0819743364133085,0.4500691326827525,-0.37529267593462046,-0.018360000000000001,101,2.3172274438503831e-05,4.8066336627358465e-05,0.022614888567329926,0.022686127178395788,0,0,0,0.043638597701286329,0.072942942020906246,0,0.091913857947742483,0.044061948158385482,0.031553723102828418,0.14018911819419866,0.015180954295864718,0.063107446205656836
10.16,1.0355885504885873,-2.0720210084978588,-0.058878098639173482,1.3720804085807927,-0.018360000000000001,101,3.9656808483352208e-07,0.00013089932540703706,0.022482694400144485,0.022613990293636355,0,0,0,0.043351680608139279,0.073113827614548266,0,0.092007782018095965,0.044263966558416634,0.030992246008089037,0.14066388342805264,0.01541410550228501,0.061984492016178075
10.18,1.0291534941620248,-2.0268769444813595,-0.59084947324244164,3.1513847145759204,-0.018360000000000001,101,3.9935940047281495e-05,0.00081796590299599941,0.021874238643306683,0.022732140486349965,0,0,0,0.04382127136755979,0.072833345218592596,0,0.09343977786144371,0.042979628745791393,0.028407911329029405,0.14305828435532764,0.013125912272990183,0.056815822658058811
10.200000000000001,1.0115894787356483,-1.9454634312463046,-1.1784410579642506,5.0057117543857625,-0.018360000000000001,101,0.00015886416227257503,0.0021524189092115686,0.020743346359674994,0.023054629431159136,0,0,0,0.04509369245427091,0.072052473245820162,0,0.095975964691182566,0.040208048866412952,0.023604597178368141,0.14685823692809422,0.0083636244870057413,0.047209194356736282
10.220000000000001,0.98802626372963354,-1.8237336368389165,-1.2100370592673144,7.172090148353119,-0.0011474999999999992,102,0.00016749719915079989,0.0039280447469016875,0.018986129523714722,0.023081671469767209,0,0,0,0.0467788052725856,0.070970017452932327,0,0.098918982035877567,0.036602614664764464,0.016141053022913358,0.15105915879916954,0.0022352118765966017,0.032282106045826715
10.24,0.96162719072322833,-1.6583047060859819,-1.4765355615797449,9.3804813326765242,-0.0011474999999999992,102,0.00024940090708273715,0.006349503236177923,0.016513076350151586,0.023111980493412246,0,0,0,0.048635830950094508,0.069710515331575559,0,0.10133140058393733,0.032945720173482032,0.0056370894926587945,0.15402697021778017,-0.0038190749846114952,0.011274178985317589
10.26,0.92674884415006398,-1.4479762322606842,-2.0773386102570592,11.670912305879099,-0.0011474999999999992,102,0.00049365642370502168,0.0093329476850321277,0.013325434428308594,0.023152038537045741,0,0,0,0.051037145807685112,0.067972124785128582,0,0.10222745455418689,0.029535673670873668,-0.0079019944431337336,0.15341776330068865,-0.008900777443381247,-0.015803988886267467
10.279999999999999,0.87536190057685581,-1.190454570090516,-3.1572655612967884,14.11565383519898,-0.0011474999999999992,102,0.0011403349396376676,0.012522349373090604,0.0095483069364061691,0.023210991249134443,0,0,0,0.054461118549331305,0.065260911473528194,0,0.10044371813583189,0.026887806490116392,-0.023944839719647601,0.14642631772233247,-0.011485298493295409,-0.047889679439295202
10.300000000000001,0.79582901056476396,-0.88151824666559087,-4.9315236219390588,16.835513614253056,-0.0011474999999999992,102,0.0027820981137183847,0.01499143520134269,0.005527960414622347,0.023301493729683424,0,0,0,0.059473881625018182,0.060727731757849526,0,0.095035323049147483,0.0259005301408501,-0.041020725388114396,0.13059676447327678,-0.0089266714761493254,-0.082041450776228791
10.32,0.67300761502682804,-0.5150096115947651,-7.4519828012051041,19.838638609200995,-3.8660888671874979e-05,103,0.0063526348698538888,0.014979872439438126,0.0019697910455637297,0.023302298354855745,0,0,0,0.066465787126855774,0.052983951736421987,0,0.086268718172526029,0.028142139145374067,-0.056133575239705531,0.10607164921819628,0.0033003265543261467,-0.11226715047941106
10.34,0.49956734410227638,-0.09216858657263316,-9.5760674422037102,22.089827154148296,-3.8660888671874979e-05,103,0.010490220052251415,0.012767329211208408,6.4456742774400818e-05,0.023322006006234224,0,0,0,0.074612142012793536,0.040718893210188435,0,0.077455978453706498,0.035507928184806477,-0.064226228581488271,0.080299814894619445,0.030296963159424515,-0.12845245716297654
10.359999999999999,0.31293710902994742,0.34455593498191206,-8.5537451251964445,21.019962839314744,-3.8660888671874979e-05,103,0.0083699491076358202,0.014042251215392097,0.00089254187949385367,0.02330474220252177,0,0,0,0.080871845204680604,0.026167626051863763,0,0.074164704273800897,0.046896249353534966,-0.06070904740276141,0.067457563342921176,0.06762487265520617,-0.12141809480552282
10.380000000000001,0.16828608317432811,0.73613592610701106,-5.9037149263133823,18.064946408793013,-3.8660888671874979e-05,103,0.0039871352077517561,0.015390929959409341,0.0039321021176502062,0.023310167284811303,0,0,0,0.083799229111068962,0.01423689574277247,0,0.076545581730189827,0.056932302785405189,-0.047798920669171741,0.069291934349310705,0.099627709828037911,-0.095597841338343481
10.4,0.072337734225434075,1.0684786514020415,-3.8314563898318932,15.227357927958128,-3.8660888671874979e-05,103,0.001679337475977196,0.013761730254847261,0.0078745135399584925,0.02331558127078295,0,0,0,0.084777705178564658,0.0061433463728143177,0,0.080691855565693069,0.062527755270354091,-0.031054053941732537,0.076606005952821479,0.11891216416789387,-0.062108107883465075
10.42,0.0097680776769999283,1.3473713268700136,-2.5368108717877238,12.703326010581268,-0.00014511840820312491,104,0.00073618402106498284,0.010767494115962138,0.011821132643641258,0.023324810780668379,0,0,0,0.084995944880229629,0.00083027339892803088,0,0.084381573756621142,0.063724079494188318,-0.014291315648822384,0.083767202633012641,0.12661788558944859,-0.028582631297644767
10.44,-0.032842439623601068,1.5778393186189197,-1.801461800343148,10.365739345595923,-0.00014511840820312491,104,0.00037124475037422522,0.0076668818376545841,0.015292833144462928,0.023330959732491739,0,0,0,0.084954162522127952,-0.0027911055450969024,0,0.087072066553759514,0.061672513047030211,0.00045426921705286514,0.089189970585391076,0.12613613163915732,0.00090853843410573028
10.460000000000001,-0.064881337648053317,1.762634356073244,-1.4571856951168876,8.1248321575561278,-0.00014511840820312491,104,0.0002429069857071375,0.0050114044191641874,0.01808127344868837,0.023335584853559695,0,0,0,0.084821155262824438,-0.0055110452620016565,0,0.088926350800345319,0.05767250913069815,0.012297797522461648,0.093031546337866186,0.12085606352339795,0.024595595044923296
10.48,-0.092980085067681545,1.9031322828172597,-1.3914932868897933,5.9298462669738843,-0.00014511840820312491,104,0.00022149934039415319,0.0029778500629163325,0.02014030456600352,0.023339653969314006,0,0,0,0.084632839542641322,-0.0078919244135716524,0,0.090293739340082974,0.052815451774668454,0.021043257585811763,0.095954639137524639,0.11352282796290855,0.042086515171623526
10.5,-0.12181343976258509,1.9999495879660962,-1.5170062295404305,3.7536594782742121,-0.00014511840820312491,104,0.00026326003503021719,0.0015758369123750852,0.021504739800511655,0.023343836747916957,0,0,0,0.084370142574338697,-0.010328554690069703,0,0.091496971329653357,0.047887873090179292,0.026838514273325061,0.098623800084968016,0.1061043008704283,0.053677028546650123
10.52,-0.14671956864827582,2.0566922788486632,-0.98094533125924033,1.933085952489348,0.018360000000000001,105,0.00011007781879937254,0.00049876846896892914,0.022277698086843524,0.022886544374611826,0,0,0,0.084086758164006056,-0.012426467779218783,0,0.092424855128926842,0.043995321219408842,0.030121551507150526,0.10076295209384763,0.10041711021803647,0.060243103014301053
10.540000000000001,-0.16122424945547265,2.0776362309496843,-0.47139740632361338,0.16681721130633087,0.018360000000000001,105,2.5420528982401391e-05,3.7447302150381249e-05,0.022557362150453907,0.022620229981586689,0,0,0,0.083897677361889564,-0.01364476944767788,0,0.092949977444414439,0.042015163438614139,0.031309387319291136,0.10200227752693933,0.09767509632490616,0.062618774638582272
10.56,-0.16556464008997759,2.0634307572608677,0.039701570674058329,-1.5895688377950592,0.018360000000000001,105,1.8031239571883296e-07,0.00017233457542314124,0.022368022157625178,0.022540537045444037,0,0,0,0.083837663645773108,-0.01400878847074989,0,0.093203824724863382,0.042044385851959222,0.030505190951517068,0.10256998580395364,0.098097560174668336,0.061010381903034136
10.58,-0.15945555613099699,2.0138107859803585,0.57830604961459531,-3.382154409975124,0.018360000000000001,105,3.825830078398804e-05,0.00091891133936277823,0.021695533164424782,0.022652702804571549,0,0,0,0.083921679534428778,-0.013496358920858629,0,0.093174370497726325,0.044037778279129289,0.027648883640947936,0.10242706146102386,0.10157191547911722,0.055297767281895872
10.6,-0.14202503574874042,1.9276178250547664,1.178929100703153,-5.2534589526174971,0.018360000000000001,105,0.00015899577438011954,0.0023234733765883056,0.020490273094848035,0.022972742245816462,0,0,0,0.084144167834386496,-0.012031584245584495,0,0.092698944273018211,0.047797157318690879,0.022529702237716769,0.10125372071164992,0.10762589888296625,0.045059404475433537
10.620000000000001,-0.11859775990488496,1.8007489911322825,1.1980842254819346,-7.4376499594060927,0.00013615356445312492,106,0.00016420444396073798,0.0041645115673024412,0.018647219407014502,0.022975935418277679,0,0,0,0.084402919623930331,-0.010057194387917363,0,0.091833669232494031,0.052303831735893001,0.014701577501760538,0.099264418841057731,0.11466485785970337,0.029403155003521076
10.640000000000001,-0.092451719435337865,1.629855051878053,1.4655097544197655,-9.6611759930340888,0.00013615356445312492,106,0.00024569008650175949,0.0066516033342332061,0.016082217439131408,0.022979510859866374,0,0,0,0.084636997550595644,-0.0078472062302750809,0,0.090581260595402863,0.056265366066147009,0.0038070737305955114,0.096525523640210081,0.12037793836256909,0.0076141474611910228
10.66,-0.057662032227496926,1.4137622257722562,2.0821958440940209,-11.967062317682098,0.00013615356445312492,106,0.00049596765784572531,0.0096773418713708564,0.01281096791402163,0.022984277443238214,0,0,0,0.084858730475553146,-0.004898557142407208,0,0.08853013320091703,0.05870192056596675,-0.01008712234955135,0.092201535926280928,0.12230239827434071,-0.0201742446991027
10.68,-0.0058724944748567431,1.1501241707026635,3.1958267080781142,-14.432456824488481,0.00013615356445312492,106,0.0011683599195672313,0.01283855758551293,0.0089843599345087889,0.022991277439588953,0,0,0,0.084998534341079415,-0.00049915916133488739,0,0.085344284540618195,0.058376370900740111,-0.026340129398110822,0.085690034740156976,0.11725190096281511,-0.052680258796221645
10.700000000000001,0.074906999544307282,0.83457606370091408,5.0176351711416718,-17.179678044771084,0.00013615356445312492,106,0.0028801053113402596,0.015132504331153568,0.0049886848158847558,0.023001294458378584,0,0,0,0.084761641495222334,0.0063611422744191742,0,0.081184788548949255,0.054022382038280831,-0.043311226572015145,0.077607935602676176,0.10168362180214248,-0.08662245314403029
10.720000000000001,0.2001165029307827,0.46082781812850637,7.5789136267648214,-20.196312860605815,4.2022705078124966e-05,107,0.0065708888605193888,0.014847499160317055,0.0015841198974868131,0.023002507918323256,0,0,0,0.083303691178618924,0.016896598356393774,0,0.077602085705106724,0.045006681319220108,-0.057771662005237798,0.07190048023159451,0.073116764282046443,-0.1155433240104756
10.74,0.3737889330166666,0.033225013924225166,9.3959937425916458,-22.132248908051807,4.2022705078124966e-05,107,0.010099401645287921,0.012918693029097077,8.3810872032485469e-06,0.023026475761588248,0,0,0,0.079130794199224627,0.031037355064501882,0,0.078348426775295965,0.033032027467559941,-0.064464402449867272,0.077566059351367317,0.035026699870618003,-0.12892880489973454
10.76,0.55220209290593125,-0.39943285452277344,7.97638435312345,-20.626534780536343,4.2022705078124966e-05,107,0.007278172626083346,0.01453239274033691,0.0011954066164325645,0.02300597198285282,0,0,0,0.072366573259789346,0.044587880355939136,0,0.085524606681635459,0.023232261251028046,-0.059422669824870183,0.098682640103481573,0.0018766421461169566,-0.11884533964974037
10.779999999999999,0.68527709107967594,-0.78230280918918993,5.3678988338801101,-17.626935500872715,4.2022705078124966e-05,107,0.0032962401949630429,0.015302568261271058,0.0044146547351339082,0.02301346319136801,0,0,0,0.065810715291910904,0.053795443606006681,0,0.094586211360143974,0.018592908740794827,-0.045749342783155338,0.12336170742837704,-0.016609626124417028,-0.091498685566310675
10.800000000000001,0.77186833540528899,-1.1063064453950489,3.4292215390312064,-14.831713173291753,4.2022705078124966e-05,107,0.0013452447074454536,0.013290029204454958,0.008383110111699189,0.023018384023599601,0,0,0,0.060911748276894592,0.059285402266091018,0,0.10113252596933978,0.017961268623425036,-0.028893857833421726,0.14135330366178495,-0.023362865019240946,-0.057787715666843452
10.82,0.82745514376155282,-1.3776034617397244,2.2340602645455725,-12.336506469812356,0.00017201293945312489,108,0.00057095249444848542,0.01018678634159172,0.012270292268984316,0.023028031105024521,0,0,0,0.057523877665927294,0.062577979339983741,0,0.10412610881518437,0.019739570815720468,-0.012383570043389762,0.15072833996444146,-0.023098837708542805,-0.024767140086779525
10.84,0.86471011603384507,-1.6009011525519368,1.5640602213852752,-10.013789082317325,0.00017201293945312489,108,0.00027984473977653301,0.0071115810857361071,0.015642979219188429,0.02303440504470107,0,0,0,0.055153161008209384,0.064677112109327625,0,0.10420943722885309,0.022844559408352012,0.0019414679714085501,0.1532657134494968,-0.018987993292623601,0.0038829359428171001
10.859999999999999,0.89246117163352889,-1.7787377644681328,1.2627929976463226,-7.7800242755276079,0.00017201293945312489,108,0.00018242087576210582,0.0045357915933988517,0.018320946034849375,0.023039158504010331,0,0,0,0.053337297298270983,0.066182571096292844,0,0.10247632950838434,0.026580858341332503,0.013315774867691864,0.15161536171849771,-0.013020854413627839,0.026631549735383727
10.880000000000001,0.91697016580815849,-1.9123760471534181,1.2246689450632857,-5.5882536144451649,0.00017201293945312489,108,0.00017157247523517285,0.002599010907744081,0.020272784794442628,0.023043368177421881,0,0,0,0.051699372627626465,0.067469807098507611,0,0.09993918963868556,0.030505594773104022,0.021605949687574868,0.14817900664974465,-0.006458617552299567,0.043211899375149736
10.9,0.94263886047270162,-2.00237820630222,1.3654676602022124,-3.4135757500486825,0.00017201293945312489,108,0.00021329125215500117,0.0012962342867339817,0.021538257437943235,0.023047782976832219,0,0,0,0.049950669971025069,0.068774490688377585,0,0.097353029460066381,0.034346324212909528,0.026980875968158496,0.14475538894910767,-8.1842262558529111e-05,0.053961751936316991
10.92,0.96457263649020375,-2.0523258214780835,0.83432460103992911,-1.5921635322403602,-0.018360000000000001,109,7.9630658158193752e-05,0.00034643749033462512,0.022218996920978965,0.022645065069471785,0,0,0,0.048430291731100944,0.069853466935009448,0,0.095409254744455857,0.037282357958010583,0.029872226133957538,0.14238821775781077,0.0047112489810117175,0.059744452267915076
10.94,0.97615384563469521,-2.066364093227028,0.32494619416439752,0.18448394426572667,-0.018360000000000001,109,1.2079059370805783e-05,1.3108328507287032e-05,0.022407239608456274,0.022432426996334368,0,0,0,0.047618074399365024,0.07040965125958612,0,0.094619065058496571,0.03862286308478069,0.030671761843596122,0.14162005571762809,0.0068360749099752594,0.061343523687192245
10.960000000000001,0.97752926722838007,-2.0449461655747987,-0.19064216202040851,1.9611195060540434,-0.018360000000000001,109,4.1576518075735e-06,0.00028353156818326374,0.022119483103864749,0.022407172323855588,0,0,0,0.047521186433591232,0.070475079566779245,0,0.09509969048575051,0.038393002111987297,0.029449554467655244,0.14267819453790981,0.0063109246571953492,0.058899108935310487
10.98,0.96830284569778957,-1.9876164682439921,-0.74054408791547766,3.7829513861795916,-0.018360000000000001,109,6.2735309456058301e-05,0.0011798814772042824,0.021333957970494758,0.022576574757155098,0,0,0,0.048169387349529483,0.070033635650100234,0,0.09676248974507759,0.036611124451323758,0.026113141227041947,0.14535559214062571,0.0031886132525472816,0.052226282454083894
11,0.94742552479206532,-1.8930525383208181,-1.3637827983614732,5.6908356107870341,-0.018360000000000001,109,0.00021276521321659627,0.0027517760192407163,0.019995361088461859,0.02295990232091917,0,0,0,0.049620898589816866,0.069012798980617449,0,0.099293673521102313,0.033297572762472541,0.020427629495675587,0.14896644845238777,-0.0024176534556723667,0.040855258991351173
11.02,0.91986429326962782,-1.7572897289758078,-1.429755224450304,7.8901021504555491,-0.00011598266601562492,110,0.00023384796271082461,0.004727698767962871,0.018001558505223923,0.022963105235897618,0,0,0,0.05150389016253009,0.067619148901225001,0,0.10192518163836367,0.02921445584870417,0.011959218931464167,0.15234647311419725,-0.0091902372038166619,0.023918437862928334
11.040000000000001,0.88844253823281227,-1.5771628509596685,-1.7656324995129964,10.133128692610185,-0.00011598266601562492,110,0.00035662421990084975,0.0073275846258205714,0.01528256061886028,0.022966769464581701,0,0,0,0.053602829390686148,0.065967694224620232,0,0.10365965346487224,0.025293430371287333,0.00041063803457475003,0.15371647753905834,-0.015380833482045567,0.00082127606914950005
11.06,0.84671626373210584,-1.3513598836614875,-2.4822010047284548,12.468433500196532,-0.00011598266601562492,110,0.00070482954493461178,0.010386582373365191,0.011880223492007983,0.022971635410307785,0,0,0,0.056307960141015273,0.063674277575468702,0,0.10346685906148501,0.021971073364620904,-0.014040335151172345,0.15062575798195474,-0.019732130846226895,-0.028080670302344689
11.08,0.78554158171983712,-1.0772500680638828,-3.7437200843113763,14.982242258059197,-0.00011598266601562492,110,0.001603307946304021,0.0133837370166158,0.007991540452251358,0.022978585415171178,0,0,0,0.060095455756945131,0.060112695808498311,0,0.10026662311168477,0.019953049364388818,-0.030556997739333347,0.14043779046642441,-0.020206597079720674,-0.061113995478666694
11.1,0.69187152411022712,-0.75002936062652736,-5.7618059153468675,17.796563498075123,-0.00011598266601562492,110,0.003797759480563307,0.015115247594869376,0.0040748445649313536,0.022987851640364036,0,0,0,0.065454536477645972,0.054228255130480775,0,0.09350463456886049,0.020371252645424588,-0.047192641161521609,0.12155473266007499,-0.013485749839631599,-0.094385282323043218
11.120000000000001,0.55052380673586165,-0.36397616382212128,-8.3819593740864224,20.750317900524301,-4.2022705078124966e-05,111,0.0080371358548344679,0.013958581995310408,0.00099484629839771081,0.022990564148542586,0,0,0,0.072441302532184393,0.044466365799787778,0,0.084453253187779825,0.024897387409208074,-0.06027452302753266,0.096465203843375258,0.0053284090186283689,-0.12054904605506532
11.140000000000001,0.36606363568404171,0.068722225212988874,-9.5552724724110902,21.981183879139078,-4.2022705078124966e-05,111,0.01044470931318534,0.012535209360520971,3.5845402915108355e-05,0.023015764076621419,0,0,0,0.079368203350758962,0.030425126078170554,0,0.077782841178427237,0.034560765383491419,-0.064347751431723124,0.076197479006095525,0.038696404688812282,-0.12869550286344625
11.16,0.1914312488666455,0.49107628446073281,-7.5678829816393067,19.873361420421535,-4.2022705078124966e-05,111,0.0065517757261543356,0.014651910657161106,0.001794578911480463,0.022998265294795903,0,0,0,0.08344729865267593,0.016172456448267584,0,0.077660108014311724,0.046033438118203047,-0.056877765411652813,0.071872917375947531,0.075894419788138517,-0.11375553082330563
11.18,0.066170465158977815,0.85854626320892624,-5.0472453913047506,16.886060355204965,-4.2022705078124966e-05,111,0.0029141979384562154,0.014831108974837446,0.0052613230373140243,0.023006629950607687,0,0,0,0.084813980344733364,0.0056203859372095264,0,0.081585920462032113,0.054333163049269897,-0.042153232087521135,0.078357860579330862,0.10304594016133027,-0.08430646417504227
11.200000000000001,-0.015866760563673213,1.168666510013276,-3.2897547555629525,14.180102631937435,-4.2022705078124966e-05,111,0.0012380473449469607,0.012530409370679256,0.0092424432123714238,0.023010899927997638,0,0,0,0.084989300675611029,-0.001348618059564587,0,0.085931029620230387,0.057998714464679857,-0.02524395509526239,0.086872758564849759,0.1173460469889243,-0.05048791019052478
11.220000000000001,-0.070092709088765387,1.427514274707212,-2.2296048779451523,11.737288855702296,-0.00016192749023437487,112,0.00056867746403034775,0.0094335802664393571,0.013017453301929735,0.023019711032399439,0,0,0,0.084791283488438104,-0.005953002971889442,0,0.089262272195609463,0.057729288593143621,-0.0092101032028128853,0.093733260902780821,0.12141158015817669,-0.018420206405625771
11.24,-0.10827322595321154,1.6391043999438928,-1.6559298872058357,9.4386000622082218,-0.00016192749023437487,112,0.00031368524829700737,0.0064897837087994461,0.016222391703497204,0.023025860660593658,0,0,0,0.084502255157203457,-0.0091852530366279099,0,0.091455986654061044,0.054787507528481647,0.0044024452238243467,0.098409718150918646,0.11876026809359121,0.0088048904476486934
11.26,-0.13860460375593744,1.8055281306394297,-1.4252828838475913,7.2117300281777243,-0.00016192749023437487,112,0.00023238727630725184,0.00408052341921053,0.018717844658522408,0.02303075535404019,0,0,0,0.084184828754053712,-0.01174370502229391,0,0.092851848940994047,0.050385887713592072,0.015001548838440393,0.1015188691279344,0.11251548044947805,0.030003097676880787
11.279999999999999,-0.16689679312950492,1.9277800039942896,-1.4371753073766265,5.0166275160866878,-0.00016192749023437487,112,0.00023628148951989291,0.0023064694528206094,0.020492580725766905,0.023035331668107409,0,0,0,0.083818927410673705,-0.01412046060595095,0,0.093858343385944967,0.045473422508752775,0.022539503592282122,0.10389775936121623,0.10506730562345651,0.045079007184564243
11.300000000000001,-0.19714889080536255,2.0062659993515606,-1.6078889845637772,2.8329227306190723,-0.00016192749023437487,112,0.00029574834716392307,0.0011526458834782347,0.021591835231633827,0.023040229462275984,0,0,0,0.083353466839236848,-0.016649311273450443,0,0.094808260595711596,0.040698212347731785,0.02720844050133293,0.10626305435218633,0.098045735968914013,0.054416881002665861
11.32,-0.22407450288657477,2.0444879332451116,-1.0889029033941271,0.99850070273610636,0.018360000000000001,113,0.00013564023012111872,0.00029692881296610179,0.022113291386031717,0.022545860429118939,0,0,0,0.082875014777774605,-0.018887348294126461,0,0.095629069318903193,0.037075640374922239,0.029423255971932204,0.10838312386003179,0.09303862904397095,0.058846511943864407
11.34,-0.24076307341230493,2.046435103026842,-0.57897256449510082,-0.80168113423103615,0.018360000000000001,113,3.8346539256984236e-05,6.1511440609814301e-05,0.022139591837363998,0.022239449817230795,0,0,0,0.082548286139161334,-0.020267719543331602,0,0.096220776723533741,0.035418893969391033,0.029534963631345564,0.10989326730790613,0.091105507482113657,0.059069927262691127
11.359999999999999,-0.24710212318369976,2.0123522592786225,-0.049199468802177737,-2.6120533970030699,0.018360000000000001,113,2.769051505774331e-07,0.00044726970541213905,0.021675515422391777,0.022123062032954492,0,0,0,0.082418150380552072,-0.020790586520074525,0,0.096681389266188258,0.035751818681194807,0.027563860951375207,0.11094462815182446,0.092294223882464138,0.055127721902750414
11.380000000000001,-0.2423925757593855,1.9415878893039675,0.531994087074661,-4.476979955156402,0.018360000000000001,113,3.2376046632813953e-05,0.001488625454626371,0.020688533943580431,0.022209535444839616,0,0,0,0.082515150262915518,-0.020402205201606852,0,0.096944701676580716,0.037957006038522936,0.023371788751191089,0.11137425309024591,0.096316217278652735,0.046743577502382179
11.4,-0.22518550584142,1.832638510146233,1.2099337141180462,-6.4369071489043455,0.018360000000000001,113,0.00016746858964050335,0.0032411109986498592,0.019116902700761447,0.02252548228905181,0,0,0,0.082853979734875113,-0.018979411004899631,0,0.096765106790374117,0.041749145790042012,0.016696494651552186,0.11067623384587313,0.10247770258498365,0.033392989303104373
11.42,-0.19983233854724264,1.6817874949445546,1.3678985266562753,-8.654554374618078,0,114,0.0002140513493404832,0.0054435202493565522,0.016867920071000023,0.02252549166969706,0,0,0,0.083308489226648783,-0.016872925732466914,0,0.096033279349293871,0.045954532744632334,0.0071442408724091949,0.10875806947193895,0.10878199122173159,0.01428848174481839
11.44,-0.16845130993060203,1.4860759385920064,1.8299721372201543,-10.930381325745653,0,114,0.0003830885405063444,0.0082415614413650692,0.01390086484823728,0.022525514830108694,0,0,0,0.083796875651122191,-0.014250741423180968,0,0.094571888505284973,0.049108236574328647,-0.0054579304780951465,0.10534690135944776,0.11246721457183825,-0.010915860956190293
11.460000000000001,-0.12379049735066641,1.2437930603917531,2.7212332527596548,-13.324974665343589,0,114,0.00084711377695507475,0.0113703278526078,0.010308076017040977,0.022525517646603852,0,0,0,0.084349557549091084,-0.010495339026090239,0,0.091891642899869896,0.050119335807588088,-0.020717821878011477,0.099433728250648695,0.11073401064126642,-0.041435643756022954
11.48,-0.055511802200091359,0.95160480687562821,4.2275798527294457,-15.941696383489873,0,114,0.0020445316849775162,0.014108227958098336,0.0063723450366028177,0.022525104679678672,0,0,0,0.08486906732046004,-0.0047160801684473065,0,0.087783352000285447,0.047728452971140534,-0.037434314319559903,0.090697636680110855,0.10017298611072838,-0.074868628639119805
11.5,0.050679869166898622,0.60390327910965613,6.5146557752418008,-18.871702769130113,0,114,0.0048550438046994476,0.014981234137729943,0.0026859968134896432,0.022522274755919034,0,0,0,0.084890864273732436,0.0043059450598839895,0,0.083035409786433007,0.04088586720400611,-0.053091586758878512,0.081179955299133577,0.077465789348128228,-0.10618317351775702
11.52,0.20735803944955572,0.19733376117203338,8.9916941082019761,-21.570236732420067,0.0011474999999999992,115,0.0092489675224726783,0.013162124875326331,0.00029471550849278843,0.022705807906291797,0,0,0,0.083179150706937363,0.017499396780249397,0,0.080575738255266288,0.029874088284717305,-0.063248235183092139,0.077972325803595227,0.042248779789185217,-0.12649647036618428
11.540000000000001,0.39205999094944399,-0.23914581254124023,8.9016970709155512,-21.468909753262611,0.0011474999999999992,115,0.009064749941379683,0.013415785875947824,0.00043218007552760311,0.022912715892855109,0,0,0,0.078550532627345335,0.032477897468283834,0,0.084388261939128947,0.018358857058643058,-0.062664372767891593,0.090225991250912574,0.0042398166490022829,-0.12532874553578319
11.56,0.54671335513321617,-0.64325446576764911,6.4416626514475439,-18.763231478455328,0.0011474999999999992,115,0.0047468571306950556,0.015300521881446285,0.0030349290747084343,0.023082308086849773,0,0,0,0.072610213150376024,0.044190009575207849,0,0.092723047527012076,0.011141879348843538,-0.051609543515509539,0.11283588190364814,-0.021906250877520773,-0.10321908703101908
11.58,0.65214749871608402,-0.98921924924570881,4.230830761050802,-15.880627781218532,0.0011474999999999992,115,0.0020476772864007819,0.014314381069635687,0.0068436319128116589,0.023205690268848129,0,0,0,0.067556497782195885,0.051586040819238718,0,0.10026570604099111,0.0087504302528899,-0.035432586167126835,0.13297491429978633,-0.034085180313458918,-0.07086517233425367
11.6,0.72131127104506609,-1.2806423604964614,2.8047808768763476,-13.30672844771515,0.0011474999999999992,115,0.00089992865746242254,0.011544252834897318,0.010841203392139885,0.023285384884499626,0,0,0,0.063829938336829942,0.056131443700625484,0,0.10464336826308766,0.0097204030475141479,-0.018453434454043977,0.14545679818934537,-0.036690637605597189,-0.036906868908087954
11.620000000000001,0.76135244229289689,-1.5213907288524329,1.2908843357056126,-10.821033179704616,-0.01748088500976562,116,0.00019062719965879448,0.0079586507997843579,0.014435917704023625,0.02258519570346678,0,0,0,0.061531807838325764,0.058641594658973541,0,0.10597613207911466,0.012006784766913636,-0.0031853648317039362,0.15042045631990358,-0.034628025125146268,-0.0063707296634078724
11.640000000000001,0.77574588002074429,-1.7152016483361354,0.20258800360009155,-8.5959019893238136,-0.01748088500976562,116,4.6950222608721854e-06,0.0049575901252950656,0.017371188364497536,0.022333473512053472,0,0,0,0.060681409146399273,0.059521144007884219,0,0.10537735005298415,0.013953930498404314,0.009281805829500233,0.15007329095956901,-0.031613283011075591,0.018563611659000466
11.66,0.77113884014129963,-1.8664308694023539,-0.630084286827294,-6.552549156144762,-0.01748088500976562,116,4.5415856060626437e-05,0.0027583150082440603,0.019610239415249722,0.022413970279554409,0,0,0,0.06095498048573654,0.059240951663384667,0,0.10395821475284861,0.014993497293141846,0.018791876551349476,0.14696144901996067,-0.029253957077100975,0.037583753102698951
11.68,0.75159508731945046,-1.9781560516574546,-1.3031327989742536,-4.6374708851890496,-0.01748088500976562,116,0.0001942618668514112,0.0013590224981965685,0.021202320496715985,0.022755604861763964,0,0,0,0.062101056539723892,0.058038425001459316,0,0.10253811313793751,0.014770814999248927,0.025554028613302686,0.14297516973615113,-0.028496795002961463,0.051108057226605372
11.700000000000001,0.71969452208431028,-2.0524755677789202,-1.8730820176522789,-2.8043837348920531,-0.01748088500976562,116,0.00040135048792675333,0.00069089694804986277,0.022221012286128251,0.023313259722104868,0,0,0,0.063920605328771418,0.056028173398777158,0,0.10159861336535125,0.013042637101906507,0.029880786128645306,0.13927662140193109,-0.029942899194964144,0.059761572257290611
11.720000000000001,0.68354103151805212,-2.0876102247251653,-1.7308313287428558,-0.70989108158481251,-0.0022949999999999984,117,0.00034270441652647216,0.00036411929432360822,0.022689415562196832,0.023396239273046911,0,0,0,0.065904008165717773,0.053681111274758518,0,0.10131848781993411,0.010202947337910717,0.031870266574060613,0.13673296747415045,-0.033275216598937084,0.063740533148121226
11.74,0.65071206200162268,-2.0808723082314442,-1.5510898594223921,1.3843663053561013,-0.0022949999999999984,117,0.00027522261913017382,0.00059607469802436925,0.022600288080360704,0.023471585397515246,0,0,0,0.06763047665436657,0.051489014629367086,0,0.10172809413399486,0.0067020219179109233,0.031491709481654362,0.13582571161362317,-0.038084970793545239,0.062983418963308724
11.76,0.62131859559062819,-2.0321795914992329,-1.3983774609295854,3.4870136441682904,-0.0022949999999999984,117,0.00022369642171017056,0.0013689079942425151,0.021946438783735235,0.023539043199687922,0,0,0,0.069114485909988338,0.049479165690197564,0,0.10273454372055163,0.0025173186293545244,0.028714571796361003,0.13635460153111492,-0.044444528431488516,0.057429143592722005
11.779999999999999,0.59414012322317034,-1.9412742328818906,-1.341482304887597,5.6074320600386844,-0.0022949999999999984,117,0.00020586385595472984,0.0027114596682616854,0.020684094223912118,0.023601417748128534,0,0,0,0.070433563691787909,0.047582697545167141,0,0.10409074264504142,-0.0022378292385368329,0.023352931634013412,0.13774792159829491,-0.052058356022240806,0.046705863268026823
11.800000000000001,0.56652732376128334,-1.8076735006218296,-1.4548774441503514,7.7595899396132655,-0.0022949999999999984,117,0.00024213804293413645,0.0046731362907775336,0.01874952240618229,0.02366479673989396,0,0,0,0.071720438299754594,0.045619937857159516,0,0.10537124610484536,-0.007283481092657168,0.015136095846849683,0.13902205390993611,-0.060186900042473852,0.030272191693699366
11.82,0.53511292319569292,-1.6303662321430501,-1.738028058845579,9.9810075134422078,0,118,0.00034556024499041491,0.0072292890645189812,0.016089966509854753,0.023664815819364148,0,0,0,0.073117939327391565,0.043344745339151398,0,0.10595061113244436,-0.012040452709978708,0.0038399868750201849,0.13878328293749714,-0.067425650759108807,0.0076799737500403698
11.84,0.49457382940450628,-1.4078674269160771,-2.388164157611274,12.288760404468341,0,118,0.00065243696433233604,0.010289818507356613,0.012722593454417659,0.023664848926106607,0,0,0,0.074814541327503176,0.040345810265197561,0,0.10502443470846201,-0.015673372445300982,-0.010462481080455074,0.13523432808942087,-0.071692555155799531,-0.020924962160910148
11.859999999999999,0.43612060026050525,-1.1377154575528419,-3.5615031126481256,14.763894439947485,0,118,0.0014510315745399993,0.01340090771623384,0.0088128335215588542,0.023664772812332695,0,0,0,0.077043765433485234,0.035906241906249484,0,0.10177479100412846,-0.017158942079561423,-0.027068664961098988,0.1265058165747717,-0.07022412606537233,-0.054137329922197976
11.880000000000001,0.34713994687345673,-0.8153388400813526,-5.477316034191114,17.532755410595257,0,118,0.0034319883592248603,0.015457460712332902,0.0047741100528070884,0.023663559124364852,0,0,0,0.079929713914952585,0.02891782898963606,0,0.095903680486036799,-0.015234675632041159,-0.044222604260928097,0.11187764705712103,-0.059387180253718377,-0.088445208521856195
11.9,0.21169106527034537,-0.43433071787905853,-8.1289629081586767,20.556478748931724,0,118,0.0075592810093864119,0.014689980376976993,0.0014099803840284199,0.023659241770391824,0,0,0,0.083102544758366273,0.01785964878388516,0,0.088805407209642584,-0.0086762807768135941,-0.058511296364133457,0.094508269660918895,-0.035212210337512345,-0.11702259272826691
11.92,0.027850821628182809,-0.0009212148878781079,-9.8097791019962592,22.31003952583022,-4.090209960937497e-05,119,0.011008513068135925,0.012677588825871396,6.4436483779483749e-09,0.023686108337655699,0,0,0,0.084967036229550527,0.0023670138077859231,0,0.084968690865542262,0.0023076184988973141,-0.064499972631462885,0.084970345501534011,0.0022482231900087051,-0.12899994526292577
11.94,-0.15609158774010923,0.43261852934590195,-8.1419786489317634,20.569680206828686,-4.090209960937497e-05,119,0.0075835075710678533,0.014680602792531774,0.0013990592362698984,0.023663169599869523,0,0,0,0.083966605933297633,-0.013213973211805299,0,0.088170451847143089,0.013498860815799037,-0.058557682482713654,0.092374297760988544,0.040211694843403374,-0.11711536496542731
11.960000000000001,-0.29180869208611454,0.81391771519001832,-5.4896887635940788,17.547466184507904,-4.090209960937497e-05,119,0.0034475109337860589,0.015465557136803695,0.0047584104878760419,0.023671478558465797,0,0,0,0.081406634255211066,-0.024453218586482584,0,0.09489629399118632,0.02045489003202159,-0.044289286069163943,0.10838595372716159,0.065362998650525764,-0.088578572138327885
11.98,-0.38101148208801799,1.1365824487038232,-3.5714305816801319,14.778016618552135,-4.090209960937497e-05,119,0.0014591321698142218,0.013419948540080034,0.0087972203623000976,0.023676301072194351,0,0,0,0.078904563399712718,-0.031608066608078349,0,0.10066373018880065,0.022710268541079721,-0.027134979772765473,0.12242289697788858,0.077028603690237785,-0.054269959545530946
12,-0.43964529397578572,1.4070116505191868,-2.3965169691541224,12.30243106542958,-4.090209960937497e-05,119,0.00065700885555602397,0.010311980390263549,0.012709770750104543,0.023678759995924115,0,0,0,0.076916728615551488,-0.036177573980044661,0,0.10400173436385528,0.02140754872171708,-0.010516943806895416,0.13108674011215907,0.078992671423478822,-0.021033887613790832
12.02,-0.47389861509138964,1.6292232091244214,-1.1024093238405552,9.9627829736444049,0.017212499999999999,120,0.00013902597892172152,0.0068773204585732819,0.016072638901262211,0.023088985338757216,0,0,0,0.075632650463640816,-0.038790490894608877,0,0.10501756059023178,0.018503412463000656,0.0037663901684599518,0.13440247071682274,0.075797315820610195,0.0075327803369199036
12.040000000000001,-0.48600359320782571,1.8069989714055765,-0.15209901962024552,7.8464488734802256,0.017212499999999999,120,2.6464459942915449e-06,0.0041383386512314959,0.018739564315650839,0.022880549412876625,0,0,0,0.075157562710380779,-0.039703158154423691,0,0.10444871612517849,0.015744614817932642,0.015093800185401114,0.13373986953997619,0.071192387790288969,0.030187600370802228
12.06,-0.48135617106808914,1.9441682334829373,0.58968294157457746,5.8938880809351257,0.017212499999999999,120,3.9778402291000003e-05,0.0021957021096828283,0.020725037414326429,0.022960517926300258,0,0,0,0.075341267737317322,-0.039353441726663115,0,0.10314615265809561,0.013878377075155372,0.02352683237481493,0.13095103757887389,0.067110195876973866,0.04705366474962986
12.08,-0.4632757273613215,2.0435430624204507,1.2011418322544063,4.0598072464183446,0.017212499999999999,120,0.0001650436391925495,0.0010061608717617683,0.02210051953058147,0.023271724041535789,0,0,0,0.076040442372234479,-0.037984880200349284,0,0.10170289444905861,0.013387776445808325,0.02936900921925531,0.12736534652588272,0.064760433091965941,0.05873801843851062
12.1,-0.43386164625395574,2.1070612004281326,1.7291291749009456,2.3008362971333649,0.017212499999999999,120,0.00034203069541423954,0.00049120549988835769,0.022944782874302919,0.023778019069605517,0,0,0,0.077124679341317226,-0.035732112119198849,0,0.10043281475567675,0.014576486036984908,0.032954905174579163,0.12374095017003628,0.064885084193168657,0.065909810349158326
12.120000000000001,-0.40043136876950824,2.1327586518930097,1.6051990265238616,0.26960708424262592,0.0034425000000000011,121,0.00029475961574811592,0.00032070844817597925,0.023277642203867029,0.023893110267791125,0,0,0,0.07827589865916057,-0.033134327956076376,0,0.09955227598314341,0.017128576348301595,0.034368680784348578,0.12082865330712625,0.067391480652679567,0.068737361568697156
12.140000000000001,-0.36981153381816489,2.1178285778317179,1.4577071027237118,-1.7640908710170846,0.0034425000000000011,121,0.00024308084990302901,0.00067055208427066796,0.023084889165212955,0.023998522099386653,0,0,0,0.079253615912836209,-0.030722375636344213,0,0.099164477469749338,0.020641092898897696,0.033549987959620102,0.11907533902666245,0.072004561434139608,0.067099975919240204
12.16,-0.3418851829492312,2.0620939526318613,1.3461582976039053,-3.8128955325254341,0.0034425000000000011,121,0.00020730151276423492,0.0015372271997382973,0.022350129130487905,0.024094657842990436,0,0,0,0.08008056605135036,-0.028497419898919164,0,0.09914736212905316,0.025082161273831755,0.030429192705096419,0.11821415820675596,0.078661742446582666,0.060858385410192839
12.18,-0.31529669095136253,1.9651287046623533,1.3352756255812726,-5.8893929915322829,0.0034425000000000011,121,0.00020396330896930379,0.0029620538193227955,0.021020171940960768,0.024186189069252868,0,0,0,0.080809875472593787,-0.026358376772932863,0,0.099276193160812543,0.030255914982494966,0.02478037691539571,0.11774251084903128,0.086870206737922798,0.049560753830791421
12.200000000000001,-0.2873250319502908,1.8262292722442961,1.4973882373081859,-8.0096120728702331,0.0034425000000000011,121,0.0002564950810199996,0.0050031862781438289,0.019022810201750666,0.024282491560914495,0,0,0,0.081515455543339485,-0.02408797433496318,0,0.099200912265481861,0.035760896356705721,0.016296849310867584,0.11688636898762422,0.095609767048374622,0.032593698621735168
12.220000000000001,-0.25498243889757888,1.6440346551171636,1.7896277938483824,-10.220527510198005,0,122,0.00036638327320970477,0.0076190552927882862,0.016297074462733849,0.024282513028731842,0,0,0,0.082251756645979848,-0.021439415305705308,0,0.098476877392616527,0.040807836504788753,0.004719650283443122,0.11470199813925321,0.1030550883152828,0.009439300566886244
12.24,-0.21324988008578688,1.416803903051961,2.4576325548279505,-12.523599973474592,0,122,0.00069094600291781107,0.010735003927901074,0.012856601022623135,0.02428255095344202,0,0,0,0.083074603918950982,-0.017989168510784879,0,0.096563674910753156,0.044303829034196406,-0.0098933018067315047,0.11005274590255534,0.10659682657917768,-0.019786603613463009
12.26,-0.15312488788519038,1.141932786234066,3.6620212409593922,-15.002808679842843,0,122,0.001534093834055929,0.013877358219554579,0.0088710211586430603,0.024282473212253568,0,0,0,0.084005438260492893,-0.012964811709489609,0,0.09295250215009207,0.045007647901340861,-0.026821520732912586,0.10189956603969123,0.10298010751217133,-0.053643041465825173
12.280000000000001,-0.061651012269402228,0.81462362628541074,5.6303275015806467,-17.789987253479499,0,122,0.0036264151556839389,0.015888534719093853,0.0047662062552516872,0.024281156130029478,0,0,0,0.084838515147155957,-0.0052370170541817364,0,0.087729450071252393,0.041595487749589349,-0.044256174586936432,0.090620384995348816,0.088427992553360438,-0.088512349173872865
12.300000000000001,0.077554556341065589,0.42815910811335822,8.3494954650616897,-20.843423717416297,0,122,0.0079749996499017036,0.014930715136194398,0.0013708047389337343,0.024276519525029835,0,0,0,0.084744502958828904,0.006585530977912115,0,0.082669658370379234,0.033285226713111363,-0.058677689691922642,0.080594813781929578,0.059984922448310607,-0.11735537938384528
12.32,0.26583850825517918,-0.01078076508395398,10.006784917799063,-22.55451667853254,3.6419677734374973e-05,123,0.011455111926072493,0.012848421665354298,8.8248011305107342e-07,0.024304416071539842,0,0,0,0.082014166626516241,0.022331065190850846,0,0.082196846792855646,0.021660145041118892,-0.064496251783413824,0.082379526959195051,0.020989224891386934,-0.12899250356682765
12.34,0.45246954567534042,-0.44804080196364282,8.2177460400902973,-20.704210323507276,3.6419677734374973e-05,123,0.0077253050570207076,0.015054555621993428,0.0014988834510859257,0.024278744130100061,0,0,0,0.076446466186866541,0.037160971563459828,0,0.088662123600201134,0.012031277637021359,-0.058133692443569807,0.10087778101353574,-0.01309841628941711,-0.11626738488713961
12.359999999999999,0.58910857071458678,-0.83160253417138286,5.5176778266072022,-17.64958917395402,3.6419677734374973e-05,123,0.0034827546744353377,0.015848927655983468,0.0049552690626047807,0.024286951393023587,0,0,0,0.070672085958292191,0.047227706553502675,0,0.097156422448310617,0.0075962393161400632,-0.043453155527502632,0.12364075893832904,-0.032035227921222549,-0.086906311055005264
12.380000000000001,0.67876405785859872,-1.1562943647441664,3.5917749945193957,-14.880859047334638,3.6419677734374973e-05,123,0.0014758032131958366,0.013745543271737317,0.0090700080160202468,0.024291354500953401,0,0,0,0.066159688498929128,0.053365678274755073,0,0.10322557198560256,0.0074135347867564511,-0.025976350594545328,0.14029145547227601,-0.03853860870124217,-0.051952701189090657
12.4,0.73781717822178905,-1.4288529063355684,2.4188443266708872,-12.413176869826952,3.6419677734374973e-05,123,0.0006693080427246595,0.010586665203693635,0.013037575227364007,0.024293548473782303,0,0,0,0.062894785131437606,0.057177320707342487,0,0.10584593058300776,0.009931261764627379,-0.0091246380081379235,0.14879707603457792,-0.037314797178087729,-0.018249276016275847
12.42,0.772564212354095,-1.6535333763871982,1.1287818750333971,-10.09982515963045,-0.017212499999999999,124,0.00014575728189643501,0.0071086308534875058,0.016440881926575866,0.023695270061959806,0,0,0,0.060870478187290654,0.059327774989886263,0,0.10573578964299896,0.013295828523054352,0.005330453306897162,0.15060110109870725,-0.032736117943777558,0.010660906613794324
12.44,0.78520379465426549,-1.8343681854107636,0.17854958822151024,-8.0167041887969255,-0.017212499999999999,124,3.6469340707979824e-06,0.0043317155310827098,0.019142268143698463,0.023477630608851972,0,0,0,0.060115757619230971,0.060092392911797694,0,0.10414052535494617,0.01605050777123105,0.016804230987506216,0.14816529309066137,-0.027991377369335595,0.033608461975012431
12.460000000000001,0.78105495873430486,-1.975352013509287,-0.56686112251413046,-6.1068480882227529,-0.017212499999999999,124,3.6758988404352677e-05,0.0023490579514851709,0.021163199573533513,0.023549016513423036,0,0,0,0.060364553001527044,0.059842466033125943,0,0.10210882023857167,0.017734006954156729,0.025387867709537517,0.14385308747561629,-0.024374452124812485,0.050775735419075034
12.48,0.76336699953870246,-2.0795060675967978,-1.1851830705636583,-4.3267602046474192,-0.017212499999999999,124,0.00016068712664441882,0.0011106047828185982,0.02258217461114671,0.023853466520609726,0,0,0,0.061413546207248031,0.058765434927772059,0,0.10035954371395248,0.018064437472293179,0.031414774936912616,0.13930554122065694,-0.0226365599831857,0.062829549873825233
12.5,0.73418447545747578,-2.1490044413166913,-1.7221188276330706,-2.633949272890598,-0.017212499999999999,124,0.00033926295148702638,0.0005311812885778549,0.02348533110821751,0.024355775348282392,0,0,0,0.063102077889606228,0.056948465879372641,0,0.099291215323173795,0.016848882267625279,0.035250811706666281,0.13548035275674136,-0.023250701344122084,0.070501623413332562
12.52,0.70095427181547043,-2.1818257073947782,-1.5908089859551295,-0.64958852184694349,-0.0034425000000000011,125,0.00028949847301682445,0.0002824958517712184,0.023898184672642705,0.024470178997430748,0,0,0,0.064959301829745145,0.054820517197414972,0,0.099031371338904606,0.014446986257544293,0.037004352160392044,0.13310344084806408,-0.025926544682326386,0.074008704320784088
12.540000000000001,0.67077747831202295,-2.1749919753256126,-1.4257540551158805,1.3341199407968183,-0.0034425000000000011,125,0.00023254094728344712,0.00052854249168024991,0.023812983159469472,0.02457406659843317,0,0,0,0.066583783200920246,0.052835592309094556,0,0.099578601058924007,0.011255291928265486,0.036642470096285566,0.13257341891692775,-0.030325008452563584,0.073284940192571132
12.56,0.64378277981626197,-2.1283645886128522,-1.282133405950703,3.3321792734970539,-0.0034425000000000011,125,0.00018805142904094243,0.0012578449323925195,0.023221098531921988,0.02466699489335545,0,0,0,0.067985632080506911,0.05101915160617581,0,0.10083662852553493,0.0072435166244415108,0.034128519078839577,0.13368762497056297,-0.036532118357292788,0.068257038157679154
12.58,0.61895200848371767,-2.0415158475868385,-1.2199135783432606,5.3585572184180386,-0.0034425000000000011,125,0.00017024263667076643,0.0025091333829956987,0.022073096773490879,0.024752472793157343,0,0,0,0.069231389010413133,0.04931546183185196,0,0.1025832163434692,0.0024945815940114746,0.029252534715812441,0.13593504367652526,-0.044326298643829011,0.058505069431624881
12.6,0.59399932228942842,-1.9137348617788987,-1.3062671808055548,7.4282824492757982,-0.0034425000000000011,125,0.00019519749388634294,0.0043509567010779938,0.020292222747326092,0.024838376942290429,0,0,0,0.070440262681840823,0.047572779962004159,0,0.10443756548425509,-0.0027664884555410399,0.021688509800059839,0.13843486828666934,-0.053105756873086239,0.043377019600119679
12.620000000000001,0.56648995163716176,-1.7435930764340863,-1.4917045855954238,9.5952491867811212,-7.3399658203124945e-05,126,0.00025455161449248142,0.0067889478144759693,0.0177969116222003,0.02484041105116875,0,0,0,0.071722143163649124,0.045617257480179821,0,0.1058220896571213,-0.0079966899461910851,0.011090008589026088,0.13992203615059345,-0.061610637372561991,0.022180017178052177
12.640000000000001,0.53212156081926953,-1.5294038805224774,-2.0103223751062558,11.841609478213281,-7.3399658203124945e-05,126,0.00046231886918175096,0.0098231738220667403,0.01455747875747535,0.024842971448723841,0,0,0,0.073247271835928496,0.043125829482962966,0,0.10594413562861564,-0.012408315578557996,-0.0026690504694387132,0.13864099942130279,-0.067942460640078958,-0.0053381009388774265
12.66,0.48297320380157571,-1.2689502396608159,-2.9979880699412229,14.236988111610794,-7.3399658203124945e-05,126,0.0010281820245645181,0.013147046950209925,0.010671370926078177,0.024846599900852619,0,0,0,0.075277533460643975,0.03947521951910625,0,0.10387798492075158,-0.015064602374366014,-0.01917477520354155,0.13247843638085918,-0.069604424267838277,-0.038349550407083099
12.68,0.40767254446191137,-0.95813858572873656,-4.6672238329132734,16.902137537885398,-7.3399658203124945e-05,126,0.0024918819558555536,0.015906377017750713,0.0064533331525526141,0.024851592126158881,0,0,0,0.078033917091016494,0.033700263848112012,0,0.098955400548133926,-0.014744024685410452,-0.037090328098230485,0.11987688400525134,-0.063188313218932923,-0.07418065619646097
12.700000000000001,0.29026925082745875,-0.59016021897879867,-7.2077616241947791,19.948326244832337,-7.3399658203124945e-05,126,0.0059430726150625293,0.016344518848937374,0.0025686683852125932,0.024856259849212498,0,0,0,0.081444182072008015,0.02432786892889734,0,0.09171737533110938,-0.010064449802371842,-0.053589923610208152,0.10199056859021076,-0.044456768533641028,-0.1071798472204163
12.720000000000001,0.11843195246394603,-0.16186064841116199,-9.7435532185481222,22.607586170890926,-3.1937255859374976e-05,127,0.010860377704392356,0.013810840207983057,0.0001984925193146559,0.024869710431690069,0,0,0,0.08440458602138011,0.010043199617624135,0,0.085632749456139537,-0.00027847377573893967,-0.063656929496624812,0.08686091289089895,-0.010600147169102014,-0.12731385899324962
12.74,-0.077055605901561214,0.29092464403852869,-9.1808463820498982,22.028647712379012,-3.1937255859374976e-05,127,0.0096421891695161622,0.014577576057296747,0.00063812492352107277,0.024857890150333982,0,0,0,0.084747778263631279,-0.0065432468529306185,0,0.08617197828299987,0.011902914534126008,-0.061789649492350184,0.08759617830236846,0.030349075921182633,-0.12357929898470037
12.76,-0.2334266389416671,0.70278051236518646,-6.3942256228503709,19.03705726927944,-3.1937255859374976e-05,127,0.0046772019197019992,0.01658356168332898,0.0035983249755462093,0.024859088578577191,0,0,0,0.082694756102195385,-0.019661569449014499,0,0.092337957692923953,0.020896851162193194,-0.049216594565298123,0.10198115928365251,0.061455271773400891,-0.098433189130596246
12.780000000000001,-0.33692902017051762,1.053482191315104,-4.1061712886996826,16.099179421088401,-3.1937255859374976e-05,127,0.0019287872667272839,0.015260247378161299,0.0076757409546846858,0.024864775599573268,0,0,0,0.080220819795465886,-0.02810017920482695,0,0.098753785117741563,0.024808012609782909,-0.031898313987917579,0.11728675044001724,0.077716204424392768,-0.063796627975835157
12.800000000000001,-0.40339882285896256,1.3492660020903555,-2.6632940331461121,13.52923549873641,-3.1937255859374976e-05,127,0.00081142510151023636,0.01220648129258004,0.01184919582056838,0.024867102214658657,0,0,0,0.078177229566403911,-0.033366461864000253,0,0.10287774265905163,0.024506551172940878,-0.014172121047534909,0.12757825575169934,0.082379564209882017,-0.028344242095069819
12.82,-0.44142026442038795,1.595317095952077,-1.2259995595938196,11.128798261278778,0.016265028076171875,128,0.00017194550805004586,0.0085182854206036045,0.015558212143403138,0.024248443072056789,0,0,0,0.076852393360880317,-0.036314041839273691,0,0.10440005891469965,0.021985831214968513,0.0015814311221676002,0.13194772446851899,0.080285704269210723,0.0031628622443352003
12.84,-0.45510031885134627,1.7961745677529137,-0.19348929765452572,8.9945977734126874,0.016265028076171875,128,4.2827635981847415e-06,0.0054420016870432211,0.018579545341198444,0.024025829791839849,0,0,0,0.076348439670849533,-0.03736195604925751,0,0.10398256097333991,0.019107840134287152,0.014414140932715093,0.13161668227583029,0.07557763631783182,0.028828281865430187
12.859999999999999,-0.45075993820333893,1.9564057507344241,0.59595825273986369,7.0572083186256611,0.016265028076171875,128,4.0629537883271953e-05,0.003158109021763549,0.020897652108692287,0.024096390668339109,0,0,0,0.076509885113348872,-0.037030223871078044,0,0.10254593370711787,0.0167640792271182,0.024259990267976064,0.12858198230088685,0.070558382325314445,0.048519980535952127
12.880000000000001,-0.43226059636710551,2.0794637968650562,1.2339203132060286,5.2703246224008433,0.016265028076171875,128,0.00017417444442353061,0.0016414878449432552,0.022581613970041482,0.024397276259408268,0,0,0,0.077181789361774972,-0.035608585915683326,0,0.10078145453912163,0.015543807247004597,0.03141239368858937,0.12438111971646829,0.066696200409692513,0.06282478737717874
12.9,-0.40204869453573933,2.1679498369508927,1.7740299831426598,3.5931530379810068,0.016265028076171875,128,0.00036002455113667717,0.00080389149107439441,0.023724761822917516,0.024888677865128588,0,0,0,0.078222207305392616,-0.033260882193233907,0,0.099093449590124158,0.015823643924640911,0.036267761735123659,0.1199646918748557,0.064908170042515728,0.072535523470247318
12.92,-0.36804987957806506,2.2200855989966328,1.6114258969140511,1.6232987464350452,0.0022949999999999984,129,0.00029705090783453534,0.0003020911078230885,0.024367573660721297,0.024966715676378922,0,0,0,0.07930761510932699,-0.030582710567751376,0,0.097792213729826064,0.017351870953311099,0.038998019286108118,0.11627681235032514,0.065286452474373577,0.077996038572216236
12.94,-0.33798948030925408,2.2329464542227306,1.3891102939761395,-0.33684975147576779,0.0022949999999999984,129,0.00022074133545600314,0.00029259758444806169,0.02452237189048782,0.025035710810391885,0,0,0,0.080190975573924753,-0.028185234370184057,0,0.097058794560987816,0.019806094799243227,0.039655504122017571,0.11392661354805089,0.067797423968670514,0.079311008244035142
12.960000000000001,-0.31252538706129418,2.2065746252513607,1.1609274715941116,-2.3024707169245024,0.0022949999999999984,129,0.00015417728115232741,0.00073665865794897336,0.024203315083174637,0.025094151022275937,0,0,0,0.080882612136394777,-0.02613432711958592,0,0.096839104206870724,0.023249104613253479,0.038300352884703681,0.11279559627734667,0.072632536346092874,0.076600705769407362
12.98,-0.29121628725035592,2.1407141598294341,0.98345142328618451,-4.2880030408559211,0.0022949999999999984,129,0.00011064098480171354,0.0016527928914436489,0.023379617003322754,0.025143050879568116,0,0,0,0.081421106174740535,-0.02440498861465891,0,0.097013158427598917,0.027613972017002407,0.034801805144931836,0.1126052106804573,0.079632932648663723,0.069603610289863671
13,-0.27243894012772985,2.0348312910567046,0.91861639591970956,-6.3070703430403405,0.0022949999999999984,129,9.6533619811316033e-05,0.0031071349870513509,0.02198247280235513,0.025186141409217797,0,0,0,0.081864986526464859,-0.022871903747211948,0,0.097385423454233663,0.032680112124292518,0.028867621484688792,0.11290586038200245,0.088232127995796994,0.057735242969377584
13.02,-0.25372414300538243,1.8879164580588803,0.99020128613251424,-8.3932436846854088,0.0011474999999999992,130,0.00011216495294871135,0.0051741392149603398,0.019921317053414017,0.025207621221323067,0,0,0,0.082278668652124978,-0.021335901312900456,0,0.097661567777052274,0.037985916942964715,0.020113137331863821,0.11304446690197956,0.097307735198829876,0.040226274663727642
13.040000000000001,-0.23106822814837141,1.6986445938763284,1.3272458860679954,-10.548815238701856,0.0011474999999999992,130,0.00020151759993094882,0.0079100419886113105,0.017122083766757487,0.025233643355299748,0,0,0,0.082740896138605621,-0.019466486744671701,0,0.097391966205471456,0.042806828549562928,0.0082237672730100537,0.1120430362723373,0.10508014384379755,0.016447534546020107
13.06,-0.19819156244668923,1.4651859003667251,2.033236676077991,-12.822671523074735,0.0011474999999999992,130,0.00047291825276644153,0.011213433985127969,0.013585072398825599,0.025271424636720011,0,0,0,0.08333606176822346,-0.016736212503515993,0,0.095965135231155463,0.046148818740036304,-0.0067992167905810497,0.10859420869408748,0.1090338499835886,-0.013598433581162099
13.08,-0.14622049231611248,1.1843827693487752,3.2713302247189917,-15.302687549954772,0.0011474999999999992,130,0.0012242186146339087,0.014644035120234,0.0094627949603996245,0.025331048695267533,0,0,0,0.084092949447663295,-0.012384500522538124,0,0.09279767943382905,0.046722156007536875,-0.024308040433232991,0.1015024094199948,0.10582881253761187,-0.048616080866465981
13.1,-0.062105960078148156,0.8507138617286385,5.2931608690794913,-18.13722335511433,0.0011474999999999992,130,0.0032050912073932378,0.017049684757000187,0.0051716020418774945,0.025426378006270921,0,0,0,0.084836123797972882,-0.0052756136074413752,0,0.087845579711509678,0.043118865867937124,-0.042534310049789782,0.090855035625046474,0.091513345343315622,-0.085068620099579564
13.120000000000001,0.07103942909105064,0.45643455177607128,8.1048349325301334,-21.300615603118803,2.745483398437498e-05,131,0.0075144734565840005,0.016355458324827234,0.0015545835064084642,0.0254245152878197,0,0,0,0.084785609663982353,0.0060332738962212617,0,0.082767770216659653,0.034389975529217097,-0.057897113887153996,0.080749930769336953,0.062746677162212938,-0.11579422777430799
13.140000000000001,0.25661179416993202,0.0060796910369544932,9.9782328781514273,-23.235067921489627,2.745483398437498e-05,131,0.011389836174085129,0.014062750183934832,2.8065426685703157e-07,0.025452867012286818,0,0,0,0.082216715056171563,0.021573404121099968,0,0.082117188654679263,0.021952701414476861,-0.064498807958431631,0.082017662253186949,0.022331998707853757,-0.12899761591686326
13.16,0.44304643354867324,-0.44519561169260236,8.1805808313920654,-21.379687972970668,2.745483398437498e-05,131,0.0076555868320732452,0.016284080229385333,0.0014802217013033746,0.025419888762761952,0,0,0,0.07679323899793232,0.036438968758822576,0,0.088700602710665447,0.011344816575774675,-0.058212955736903778,0.10060796642339857,-0.013749335607273226,-0.11642591147380756
13.18,0.57768089808116385,-0.84113133990918243,5.3588819955621041,-18.21733115294624,2.745483398437498e-05,131,0.0032851756413916047,0.01707956179780902,0.0050626693670507645,0.025427406806251388,0,0,0,0.07120716243753647,0.046417022929032159,0,0.09746180807146522,0.0061404455351423345,-0.042996987058058253,0.12371645370539397,-0.03413613185874749,-0.085993974116116506
13.200000000000001,0.66335395445282597,-1.1765776763143521,3.35984180655164,-15.397732389704323,2.745483398437498e-05,131,0.0012913615932312829,0.014786407818916989,0.0093531826017332308,0.025430952013881503,0,0,0,0.066974171213880593,0.052339854701879039,0,0.103644491534059,0.0054164475663353098,-0.024773604307962837,0.14031481185423739,-0.04150695956920842,-0.049547208615925674
13.220000000000001,0.7109071532279212,-1.4574251409692573,1.5161182908776893,-12.761398881712902,-0.01676593872070313,132,0.00026295194090810358,0.010902503389639747,0.013467924457026119,0.024633379787573968,0,0,0,0.064410471328536334,0.055464323517336801,0,0.10622791791542849,0.0069019094535341594,-0.0072967870496682026,0.14804536450232064,-0.041660504610268483,-0.014593574099336405
13.24,0.727635098533567,-1.6894089392155474,0.22575821882033265,-10.486186524583271,-0.01676593872070313,132,5.8303865113922144e-06,0.0073640091404235395,0.01698289628292381,0.024352735809858743,0,0,0,0.063473698835366937,0.05653396816213363,0,0.10607158359627034,0.0087070528360610189,0.0076325869984871265,0.14866946835717376,-0.039119862490011592,0.015265173996974253
13.26,0.7220478025161795,-1.8785345306156787,-0.743470485105304,-8.4623921109534308,-0.01676593872070313,132,6.3232109520102806e-05,0.0045973709894822226,0.019785741875311274,0.0244463449743136,0,0,0,0.063788578452576045,0.056178441229706194,0,0.10441541399203993,0.010048145882197664,0.019537299844169524,0.14504224953150383,-0.036082149465310867,0.039074599688339047
13.280000000000001,0.69918101188450532,-2.0291570011743287,-1.5175444650333312,-6.6272911101410044,-0.01676593872070313,132,0.00026344687807527018,0.0026609576625168207,0.021905306759322167,0.024829711299914257,0,0,0,0.065056410674703247,0.054705241340518351,0,0.10228316646423141,0.010434545272193813,0.028539869008334034,0.13950992225375958,-0.033836150796130726,0.057079738016668068
13.300000000000001,0.6621719637523481,-2.1445720759432598,-2.1663552846784682,-4.9343500591137195,-0.01676593872070313,132,0.00053687053854216079,0.0014844521894867384,0.023428881987973646,0.025450204716002546,0,0,0,0.067035989636127877,0.052260655310711106,0,0.10034189365023685,0.0095383774701943147,0.035011051596897907,0.13364779766434581,-0.033183900370322476,0.070022103193795815
13.32,0.62012833166124737,-2.2233295127925974,-2.0166835023879481,-2.9455749693178572,-0.0011474999999999992,133,0.00046524926681835912,0.00062644914828294111,0.024406762891064929,0.025498461306166228,0,0,0,0.069173330204043704,0.049396866180784538,0,0.098955780962920944,0.0076907528194699315,0.039164470315430383,0.12873823172179819,-0.034015360541844675,0.078328940630860766
13.34,0.58217290598471472,-2.2625188914455867,-1.7667196906868048,-0.9753794042003523,-0.0011474999999999992,133,0.00035706353903840616,0.00031254480342189411,0.024872417675952472,0.025542026018412774,0,0,0,0.070997939092227888,0.046736416686095003,0,0.098311015219879644,0.0052447437502589692,0.041142276911113107,0.12562409134753141,-0.036246929185577065,0.082284553822226214
13.359999999999999,0.54976031078440435,-2.2623794817402834,-1.471637880687747,0.98959934018798901,-0.0011474999999999992,133,0.00024774912130929807,0.00046068853080697493,0.024870787132195031,0.025579224784311305,0,0,0,0.072475231305189375,0.044411044203658386,0,0.098432340637891025,0.0020511416921413714,0.041135351393964625,0.12438944997059267,-0.040308760819375643,0.082270702787929251
13.380000000000001,0.52323525021567974,-2.222876716112542,-1.1875570867027629,2.9632024427272325,-0.0011474999999999992,133,0.00016133150961398219,0.0010470302948082644,0.024401298540393974,0.02560966034481622,0,0,0,0.073627604286149034,0.042473237304004131,0,0.099244506361540627,-0.0019338116700129832,0.039141261214721258,0.12486140843693222,-0.046340860644030098,0.078282522429442516
13.4,0.50178850255187279,-2.1437081183501707,-0.97422354817997947,4.9581995865308919,-0.0011474999999999992,133,0.00010857440346582674,0.0021078300993761434,0.023417860019713983,0.025634264522555954,0,0,0,0.074521514922349902,0.040884518019391913,0,0.10059190505406136,-0.0066348135356561061,0.034964237256685286,0.12666229518577282,-0.054154145090704126,0.069928474513370573
13.42,0.48287960631643334,-2.0245650072996684,-0.9441575208076054,6.9643458756574184,-0.0022949999999999984,134,0.00010197626941082759,0.0037329812533045178,0.021842700620498472,0.025677658143213818,0,0,0,0.075281227912177007,0.039468173558385784,0,0.10219977343482833,-0.011876010320740413,0.028273957783292863,0.12911831895747966,-0.063220194199866603,0.056547915566585727
13.44,0.46268477076679182,-1.8647369314464752,-1.1153658367137258,9.0305756060911975,-0.0022949999999999984,134,0.00014231310114265068,0.0059960775305166712,0.019585625110526569,0.025724015742185892,0,0,0,0.076062876508584829,0.037939936969370085,0,0.1036177913096185,-0.017302803244133184,0.01868733057478154,0.13117270611065218,-0.072545543457636447,0.037374661149563081
13.460000000000001,0.43637362047015538,-1.6627401793538459,-1.5717627043702891,11.188051752997803,-0.0022949999999999984,134,0.00028260781357671011,0.0089216681766484691,0.016580161905501219,0.025784437895726396,0,0,0,0.077034677962586187,0.035925734386378791,0,0.10418082266605333,-0.022283083077634692,0.0059220264419861477,0.13132696736952046,-0.080491900541648176,0.011844052883972295
13.48,0.39714648693868121,-1.4162488053826934,-2.4315628930111157,13.492355586597258,-0.0022949999999999984,134,0.00067636514753652538,0.012349901705514522,0.012848271486878924,0.025874538339929969,0,0,0,0.07838431849964482,0.032877022574227102,0,0.10303483035104356,-0.025893918978552248,-0.0099286803989172452,0.12768534220244232,-0.084664860531331598,-0.01985736079783449
13.5,0.33516439203546566,-1.1214101703420738,-3.8882115903120851,16.04540249868721,-0.0022949999999999984,134,0.0017294578715909474,0.015698301359002062,0.0085889405855615938,0.026016699816154606,0,0,0,0.080270281236283589,0.027958575611928799,0,0.099379490302060447,-0.026904791077552843,-0.028019620346748247,0.11848869936783729,-0.081768157767034486,-0.056039240693496493
13.52,0.23677458274876084,-0.77217635278429597,-6.1099744174202035,18.952098842545361,-2.2972412109374983e-05,135,0.0042706009273328696,0.017439514139576527,0.0043068076742083568,0.026016922741117755,0,0,0,0.082628466944421122,0.019938316137896588,0,0.093184372832321477,-0.023807520506200809,-0.046207408791163959,0.10374027872022185,-0.067553357150298199,-0.092414817582327918
13.540000000000001,0.085349364103015551,-0.36111852118613186,-9.0433734618282493,22.100565571187285,-2.2972412109374983e-05,135,0.0093555890875711718,0.015680421561383481,0.0009794556669883896,0.02601546631594304,0,0,0,0.084690596046886779,0.007245891333924873,0,0.086633278651592774,-0.015460348677178102,-0.060339892681836607,0.088575961256298769,-0.038166588688281079,-0.12067978536367321
13.56,-0.11326860751190293,0.098889766465886986,-10.204048407887647,23.275561322068281,-2.2972412109374983e-05,135,0.011911192043179893,0.014057928466887479,7.4192280625985527e-05,0.026043312790693357,0,0,0,0.084455317178847106,-0.0096072576847055918,0,0.08517507021855221,-0.003280064925474736,-0.064184878182866181,0.085894823258257327,0.0030471278337561199,-0.12836975636573236
13.58,-0.29655816771486232,0.54332974567331505,-7.7884204129574179,20.800192506579489,-2.2972412109374983e-05,135,0.0069391931974288378,0.016890794051879841,0.0021868883947157676,0.026016875644024447,0,0,0,0.081289576562014618,-0.024839580156845734,0,0.091034230408845618,0.0070506039747080008,-0.055211483202872211,0.10077888425567662,0.038940788106261739,-0.11042296640574442
13.6,-0.42367770276108474,0.92751821361336262,-5.0505332738207418,17.665314838248381,-2.2972412109374983e-05,135,0.0029179959155768297,0.017029154654943632,0.0060770613342026733,0.026024211904723135,0,0,0,0.077484567491988829,-0.034944839398392262,0,0.098701687958409612,0.012100716714298736,-0.038688492464310768,0.11991880842483038,0.059146272826989733,-0.077376984928621537
13.620000000000001,-0.50495260980304912,1.2529194682245812,-3.2233076184968157,14.940808416896243,-7.7882080078124955e-05,136,0.001188539762729099,0.014403191667315754,0.010439525733068562,0.026031257163113414,0,0,0,0.074391779099732977,-0.041120107032649275,0,0.10403145412331063,0.01250203347372484,-0.02015950674027964,0.13367112914688828,0.066124173980098955,-0.040319013480559281
13.640000000000001,-0.55752637875859623,1.5272064124622293,-2.1352362712707826,12.526510577484892,-7.7882080078124955e-05,136,0.00052155736525874184,0.010989617376935795,0.014524138398597654,0.026035313140792191,0,0,0,0.072128150038734254,-0.044972546870172263,0,0.10622196062342776,0.0097080006279272116,-0.0028106591972576725,0.14031577120812128,0.064388548126026679,-0.005621318394515345
13.66,-0.59370335245151895,1.7551274828575831,-1.5524463170036962,10.286987699708124,-7.7882080078124955e-05,136,0.00027570420444533901,0.0077930850147162976,0.017969285692957256,0.026038074912118892,0,0,0,0.070454339704391369,-0.047551929685536676,0,0.1059265741011093,0.0050047776613011477,0.011822144465499725,0.14139880849782721,0.057561485008138971,0.023644288930999451
13.68,-0.62199593747298265,1.9393203044107068,-1.3275319902663816,8.144037048861767,-7.7882080078124955e-05,136,0.00020160448849639143,0.0051822261938554012,0.020656424744968729,0.026040255427320521,0,0,0,0.069080955746738212,-0.049525968472279247,0,0.10413920912383424,-0.00062520540175650674,0.023235409212405397,0.13919746250093029,0.048275557668766234,0.046470818424810795
13.700000000000001,-0.6485325747301004,2.0812349190131147,-1.3626054007734985,6.0538111671174253,-7.7882080078124955e-05,136,0.0002123979976852111,0.0032248259324649232,0.022605093211869653,0.026042317142019787,0,0,0,0.067742535589640787,-0.051341492692424238,0,0.10173555982876739,-0.0064893948363300633,0.031512118636891163,0.13572858406789401,0.038362703019764112,0.063024237273782327
13.720000000000001,-0.669609383053,2.1858995604705784,-0.75570534489167096,4.4390214549669205,0.018360000000000001,137,6.5330381469238264e-05,0.0016412126059126286,0.023948783288718235,0.0256553262761001,0,0,0,0.066645454766768294,-0.052757780079630355,0,0.099341651593283065,-0.011454811998754449,0.037219263033971425,0.13203784841979782,0.029848156082121456,0.074438526067942851
13.74,-0.67904645534648245,2.2597399607533637,-0.19275089386308097,2.9655918866195847,0.018360000000000001,137,4.2501377667463912e-06,0.00063792258687124731,0.02483987966236369,0.025482052387001686,0,0,0,0.066144615527582745,-0.053384359476425863,0,0.097414479629925901,-0.014640181238928976,0.041004076037902182,0.12868434373226906,0.024103996998567911,0.082008152075804364
13.76,-0.67744457768328636,2.3051963212094826,0.35073388348652967,1.5929216999027409,0.018360000000000001,137,1.40723184443178e-05,0.00013481192107252468,0.025362574967805383,0.025511459207322226,0,0,0,0.066230045840097868,-0.053278335447145268,0,0.096237674860795958,-0.015975994281380232,0.04322415463729775,0.12624530388149405,0.021326346884384804,0.0864483092745955
13.780000000000001,-0.66508743591925334,2.3237923532168914,0.88332411309378356,0.27051222704514122,0.018360000000000001,137,8.9258663226085438e-05,7.8669724221747326e-05,0.025570407772135116,0.025738336159582948,0,0,0,0.066883340463979035,-0.052455874488749749,0,0.09592661413292719,-0.015424537580899927,0.044106896755585781,0.12496988780187533,0.021606799326949894,0.088213793511171562
13.800000000000001,-0.6421808734869846,2.3159773950150733,1.4055157895829864,-1.0577147167043006,0.018360000000000001,137,0.00022598606707304312,0.00044941828052617156,0.025483499644875035,0.026158903992474249,0,0,0,0.068067272718346741,-0.050910179578216086,0,0.096460329652342386,-0.012948460219819193,0.04373776607575193,0.12485338658633803,0.025013259138577701,0.08747553215150386
13.82,-0.61549364755760949,2.2767746468071035,1.2679432653258937,-2.8680550235567743,0.0045900000000000003,138,0.00018391190752817352,0.0010593312871023416,0.025038154256515153,0.026281397451145667,0,0,0,0.069401525324389923,-0.04907574026592023,0,0.097740184283935494,-0.0090000094306194461,0.041846220933210804,0.12607884324348106,0.031075721404681338,0.083692441866421607
13.84,-0.59112048239410431,2.2009649458807878,1.18227660207584,-4.7216519155102405,0.0045900000000000003,138,0.00015989997498570051,0.0020987357228138088,0.024134630528378213,0.026393266226177721,0,0,0,0.070576925015198563,-0.04736979686888091,0,0.099618158241426627,-0.0041008559986091681,0.038008624398480344,0.1286593914676547,0.039168084871662574,0.076017248796960687
13.859999999999999,-0.56749891190856505,2.0875037532967102,1.2027950418690898,-6.6358633591814993,0.0045900000000000003,138,0.00016549827243504288,0.0036481798734686066,0.022688009822976668,0.026501687968880319,0,0,0,0.07167608066437281,-0.045689599041732934,0,0.10182022710061589,0.0015993751851872476,0.031864295884202622,0.13196437353685897,0.048888349412107429,0.063728591768405243
13.880000000000001,-0.54186473753030684,1.9350160837072705,1.3957196837039971,-8.6274918366192939,0.0045900000000000003,138,0.00022284690821279199,0.0058011141630785884,0.020595399371598638,0.026619360442890018,0,0,0,0.072823619270722215,-0.04383743236450896,0,0.10390638460638019,0.0077978789799973622,0.022976212077805955,0.13498914994203814,0.059433190324503685,0.045952424155611911
13.9,-0.50998020271714317,1.7417285959095032,1.8436037224969763,-10.721205002458731,0.0045900000000000003,138,0.00038881710205532205,0.0086079200561604615,0.017769014978291874,0.026765752136507656,0,0,0,0.074184104624909861,-0.041493597349475837,0,0.10521156038423253,0.013978672381879019,0.010971521314525456,0.13623901614355519,0.069450942113233882,0.021943042629050911
13.92,-0.46737513525870855,1.5050456241016548,2.4917984952720911,-12.970397109642182,2.745483398437498e-05,139,0.00071029056329275134,0.011868571816731018,0.014188116995751633,0.0267669793757754,0,0,0,0.075884088356057158,-0.038296280946981155,0,0.10488141435634819,0.019161926322331657,-0.0042378652915747821,0.13387874035663921,0.076620133591644463,-0.0084757305831495641
13.94,-0.4067130781954853,1.2216631282621551,3.6835890108670242,-15.409819222461973,2.745483398437498e-05,139,0.0015522173865288094,0.015225377302724804,0.0099910420957841604,0.026768636785037773,0,0,0,0.078066215434333383,-0.033625377436695768,0,0.10204256856497727,0.022039221491607842,-0.022064381176587832,0.12601892169562118,0.077703820419911446,-0.044128762353175664
13.960000000000001,-0.31472787947786535,0.88642465125104408,5.6707254629845893,-18.184199680568167,2.745483398437498e-05,139,0.0036786413724060624,0.017505809633138997,0.005585574706990195,0.026770025712535252,0,0,0,0.080824855346040975,-0.026312406926990783,0,0.096295206819426812,0.021208480214131836,-0.040776016365145287,0.11176555829281265,0.06872936735525445,-0.081552032730290575
13.98,-0.17343610464164377,0.49134128538178867,8.5651588617152417,-21.352824816344,2.745483398437498e-05,139,0.0083923009849659908,0.016579036653550754,0.0017964771288526062,0.026767814767369353,0,0,0,0.083724797827138958,-0.014668272863725615,0,0.088976328673959978,0.015306855259258977,-0.05686970298652478,0.094227859520780985,0.045281983382243568,-0.11373940597304956
14,0.023938525230442598,0.03808032427426733,10.724807548317408,-23.51328594058046,2.745483398437498e-05,139,0.013157979994664944,0.013627814266570171,1.1009276065674773e-05,0.026796803537300788,0,0,0,0.08497564641094088,0.0020345803112067906,0,0.084916868885685906,0.0044894640901689308,-0.064453239568188603,0.084858091360430918,0.006944347869131071,-0.12890647913637721
14.02,0.22729230362727387,-0.42117139071250698,9.0591469471349022,-21.852904682283626,2.5213623046874981e-05,140,0.0093882536554817063,0.016043630416386387,0.0013270839217329211,0.026758967993601016,0,0,0,0.082813810105732077,0.019153925335861282,0,0.088755925450175327,-0.0065373730863872749,-0.058863388032055215,0.094698040794618563,-0.032228671508635828,-0.11772677606411043
14.040000000000001,0.37812627465317605,-0.82654846462746434,6.085813415256629,-18.675817163391255,2.5213623046874981e-05,140,0.0042368927701024739,0.017630887306324547,0.0048986804364519188,0.02676646051287894,0,0,0,0.078995430684754328,0.031380279331614871,0,0.096511550654353795,-0.012714084083764239,-0.043693508170013939,0.11402767062395328,-0.05680844749914335,-0.087387016340027879
14.06,0.47684044269582881,-1.1708982139944997,3.9466872176539383,-15.832690819465235,2.5213623046874981e-05,140,0.0017818683938961562,0.015714982941631615,0.0092736449232576363,0.026770496258785408,0,0,0,0.075518208415870494,0.039012820939495617,0,0.10278633112157143,-0.013770846685880585,-0.025111429989561521,0.13005445382727238,-0.066554514311256779,-0.050222859979123041
14.08,0.54161171223056725,-1.4622743540271461,2.6468815710192346,-13.350966820818902,2.5213623046874981e-05,140,0.00080145515504266422,0.012429596152608689,0.013541111197614553,0.026772162505265908,0,0,0,0.072834708918918037,0.04381900474333577,0,0.10588999465269312,-0.011124555220045844,-0.0069859361297377126,0.1389452803864682,-0.06606811518342745,-0.013971872259475425
14.1,0.58654160557004542,-1.7063075709243289,1.9255047650282675,-11.077911750595083,2.5213623046874981e-05,140,0.00042413039965426638,0.0091116485020484739,0.017237445097419254,0.026773223999121992,0,0,0,0.070793084861717245,0.047046138372471145,0,0.10616552066071391,-0.006180841267356102,0.0087137491395652879,0.1415379564597106,-0.059407820907183349,0.017427498279130576
14.120000000000001,0.61462385036821277,-1.9075365406025773,0.92883216196698115,-9.0855923158188947,-0.017212499999999999,141,9.8692624070989015e-05,0.005987570606844325,0.020203479216287207,0.026289742447202523,0,0,0,0.069444185007197012,0.049015356457810189,0,0.10454925459196611,-0.00072095320329765983,0.021311583487458412,0.13965432417673521,-0.050457262864405508,0.042623166974916825
14.140000000000001,0.62508383077169671,-2.0712331105420576,0.1433877208367853,-7.3193357323691561,-0.017212499999999999,141,2.3519827360592175e-06,0.0036351061446187236,0.022472198960873289,0.026109657088228072,0,0,0,0.068927695737483474,0.049739046636630486,0,0.10204252705870379,0.0038489628482897206,0.030947668029533179,0.1351573583799241,-0.042041120940051045,0.061895336059066358
14.16,0.62113642688911275,-2.2016278173533426,-0.52376805723954312,-5.7509786538779304,-0.017212499999999999,141,3.1382549604471023e-05,0.002003444918262833,0.024142761398147163,0.026177588866014467,0,0,0,0.069123498318507184,0.049466574373119236,0,0.09943554415330734,0.0071091911129005994,0.038043159183431721,0.12974758998810748,-0.035248192147318037,0.076086318366863442
14.18,0.60454731372574844,-2.3024039134828662,-1.1276480021210302,-4.3523466857705948,-0.017212499999999999,141,0.00014546459961731965,0.00098660229315979012,0.025331060817619318,0.026463127710396429,0,0,0,0.069934556151327112,0.048313123019702163,0,0.097214157281162394,0.0088251603760478997,0.043090302487339957,0.12449375841099766,-0.030662802267606364,0.086180604974679914
14.200000000000001,0.57624614140018104,-2.3766227263543751,-1.6983836810283226,-3.0887676643016322,-0.017212499999999999,141,0.00032997559666159143,0.00047926687790965724,0.026141022177957794,0.026950264652529043,0,0,0,0.071273686257535385,0.046314810236709518,0,0.095611975802438798,0.0088607085313855138,0.046530505343007955,0.11995026534734221,-0.02859339317393849,0.09306101068601591
14.220000000000001,0.54440607934808971,-2.4210852249503123,-1.4755686079336534,-1.3627706993481732,-0.0022949999999999984,142,0.00024907435869803038,0.00017664672706072676,0.026597629062721409,0.027023350148480167,0,0,0,0.072711978328018914,0.044022360314114328,0,0.094751597875584528,0.0076193976500118013,0.048469882189608432,0.11679121742315014,-0.028783565014090726,0.096939764379216864
14.24,0.51749763466743226,-2.431260583772052,-1.2113763993188256,0.3443046510008283,-0.0022949999999999984,142,0.00016786819582331451,0.00021825839395799433,0.026698984761116366,0.027085111350897674,0,0,0,0.073870086140218616,0.042050093622210682,0,0.094677223869399321,0.0054978549947532415,0.048900377001003921,0.11548436159858003,-0.031054383632704199,0.097800754002007842
14.26,0.49599118033800299,-2.4072546674128921,-0.94126105015223516,2.0599975744053278,-0.0022949999999999984,142,0.0001013515469511351,0.00057514382263453901,0.02645797192108389,0.027134467290669564,0,0,0,0.074757282027964625,0.040451808164671185,0,0.095326401128134647,0.0024388859393266321,0.047876707106200692,0.11589552022830465,-0.035574036286017921,0.095753414212401383
14.280000000000001,0.47963959711569293,-2.3486274853699047,-0.70272431671983837,3.8103068701427141,-0.0022949999999999984,142,5.6491118041952432e-05,0.0012731379305991237,0.02584235728466314,0.027171986333304216,0,0,0,0.07540870979589985,0.039224054952512993,0,0.096613786375596714,-0.0015429556978161646,0.045261966040872993,0.11781886295529358,-0.042309966348145323,0.090523932081745986
14.300000000000001,0.46736990705659154,-2.2544781820604705,-0.54161769446591967,5.6149189481025399,-0.0022949999999999984,142,3.3557986473532375e-05,0.0023885107551652857,0.024778066398433551,0.027200135140072371,0,0,0,0.075884288575717163,0.038295884209106366,0,0.098412980164526265,-0.0063453029331923885,0.040741532443227792,0.12094167175333535,-0.050986490075491143,0.081483064886455583
14.32,0.45657894894911427,-2.1238730809135999,-0.56374420959120575,7.4598369717647541,-0.0034425000000000011,143,3.6355857674109271e-05,0.0040377820751586625,0.023163140593390072,0.027237278526222843,0,0,0,0.076293111716179723,0.037474806265843756,0,0.10049030488372596,-0.011787067123270642,0.03388235046461973,0.1246874980512722,-0.06104894051238504,0.06776470092923946
14.34,0.44355005726925928,-1.9554546149554772,-0.77714428197384688,9.3996883235703645,-0.0034425000000000011,143,6.908973361271901e-05,0.0063287843757052903,0.020884266312890538,0.027282140422208549,0,0,0,0.076774877730889965,0.036477639032795106,0,0.10243229326774232,-0.017523798367292481,0.024203135885535753,0.12808970880459469,-0.071525235767380069,0.048406271771071506
14.359999999999999,0.42369970181478689,-1.7470729002156498,-1.261110412148877,11.462377435542679,-0.0034425000000000011,143,0.0001819350728900424,0.0093196293885287988,0.017848952926093668,0.027350517387512509,0,0,0,0.077483798719840707,0.034946543977097545,0,0.10359111767859379,-0.022938843735072871,0.011311047086704327,0.12969843663734687,-0.080824231447243294,0.022622094173408654
14.380000000000001,0.39056592647780863,-1.495811091450749,-2.1294271495089379,13.699235530172784,-0.0034425000000000011,143,0.00051872332870825204,0.012897725574864773,0.014048230041029884,0.027464678944602909,0,0,0,0.078598969010655093,0.032360501702879713,0,0.10308587516042697,-0.027114644736567141,-0.0048320164754082429,0.12757278131019886,-0.086589791176013994,-0.0096640329508164858
14.4,0.33471494349123559,-1.1973165437435558,-3.5746998965429437,16.207968270967662,-0.0034425000000000011,143,0.0014618047940154093,0.016549980502181649,0.0096451972877608632,0.02765698258395792,0,0,0,0.08028283906950949,0.027922495428224919,0,0.10001043908072671,-0.02879835679643921,-0.023533310874274283,0.11973803909194393,-0.08551920902110334,-0.047066621748548566
14.42,0.24317269520934531,-0.84516693519486097,-5.7460237416550459,19.089498748657512,-1.400756835937499e-05,144,0.0037769830733040016,0.018771255809881784,0.0051084326823712207,0.027656671565557008,0,0,0,0.082499208998634027,0.020466570660462476,0,0.094117306483663121,-0.026365107615543417,-0.042802613479564981,0.10573540396869223,-0.073196785891549307,-0.085605226959129962
14.44,0.098359136045032575,-0.43055134829597819,-8.8100676871083401,22.376568187647631,-1.400756835937499e-05,144,0.0088790948739376034,0.017386530726744655,0.0013859276371146971,0.027651553237796955,0,0,0,0.084589164295272662,0.0083470524035356205,0,0.087232772742633954,-0.018443318433419294,-0.058613457198799283,0.089876381189995247,-0.04523368927037421,-0.11722691439759857
14.460000000000001,-0.10112593956529972,0.040376279113750968,-10.552480472110494,24.123261645375884,-1.400756835937499e-05,144,0.012738530188155727,0.014934508793762241,1.2376662680519842e-05,0.027685415644598487,0,0,0,0.084565745897412947,-0.0085810617533138341,0,0.084828585076930058,-0.0059908005588474407,-0.064447431775906727,0.085091424256447168,-0.0034005393643810472,-0.12889486355181345
14.48,-0.29392890921196513,0.50464597165738612,-8.2742499221832233,21.830300731722879,-1.400756835937499e-05,144,0.007831906163648903,0.017918441561939464,0.0018929852242241414,0.02764333294981251,0,0,0,0.081354605186832088,-0.024625763234764394,0,0.090389535087390643,0.0052223737729443671,-0.056459797722459473,0.099424464987949185,0.035070510780653125,-0.11291959544491895
14.5,-0.42855813602256554,0.90820898817377937,-5.3089225879300628,18.569100151679759,-1.400756835937499e-05,144,0.0032242075586267818,0.018582301093965227,0.0058441526633539126,0.027650661315945922,0,0,0,0.07731309942625493,-0.035322579989378183,0,0.098445148524297796,0.010930672561505206,-0.039677740981337445,0.11957719762234066,0.057183925112388595,-0.07935548196267489
14.52,-0.5130924867258585,1.2508160848223318,-3.3041128498816477,15.769505805425933,-4.9866943359374964e-05,145,0.0012488778131378932,0.01599776545084514,0.010409194770877813,0.027655838034860845,0,0,0,0.074054605689004238,-0.041724278019470901,0,0.10410889047243146,0.011617764420739217,-0.020288333457025944,0.13416317525585869,0.064959806860949335,-0.040576666914051887
14.540000000000001,-0.56606469106540891,1.5414383282657074,-2.1021055892479854,13.339254082991292,-4.9866943359374964e-05,145,0.00050549778884868303,0.012412805884599401,0.014740116997001746,0.027658420670449831,0,0,0,0.071741535898711101,-0.045586752756628185,0,0.10631893017567529,0.008828954061709228,-0.0018933189050214709,0.1408963244526395,0.063244660880046641,-0.0037866378100429418
14.56,-0.60074485962207202,1.7857935845905013,-1.4402280344676028,11.123250362538782,-4.9866943359374964e-05,145,0.00023728633418424762,0.0089970807800476438,0.018425707760452329,0.027660074874684221,0,0,0,0.070117758562240798,-0.048046851449468644,0,0.10573744176862307,0.0039351675961568078,0.01376073632540065,0.14135712497500535,0.05591718664178226,0.0275214726508013
14.58,-0.62618800373319905,1.9871999440149821,-1.1580647676741032,9.0335975282077143,-4.9866943359374964e-05,145,0.00015341785432602622,0.0061797218588504933,0.021328173715489476,0.027661313428665995,0,0,0,0.068872733219968563,-0.049815124398229091,0,0.10344351671706423,-0.0020187095992447723,0.02608857337533756,0.13801430021415989,0.045777705199739546,0.05217714675067512
14.6,-0.64892217553422604,2.1476478605769076,-1.1550889591294653,7.0214413133654627,-4.9866943359374964e-05,145,0.00015263041030695479,0.0040417389667834454,0.023468071414166441,0.027662440791256841,0,0,0,0.067722527762030277,-0.051367881341564399,0,0.10039423101567094,-0.0082940719330156024,0.035177503458063357,0.13306593426931163,0.034779737475533194,0.070355006916126714
14.620000000000001,-0.66685899465968757,2.2724022599001827,-0.65080007588749611,5.4849318549325643,0.0149175,146,4.8451295762801309e-05,0.0023588690112230698,0.024987532463477517,0.027394852770463388,0,0,0,0.066790306895657917,-0.052574279878889747,0,0.097262067383573625,-0.013862989123653406,0.041631211618575935,0.12773382787148932,0.024848301631582935,0.08326242323715187
14.640000000000001,-0.67527540722394652,2.3682165549428875,-0.19580204278109031,4.1240011176170768,0.0149175,146,4.3857577876093418e-06,0.0012126761625247827,0.026052233038281299,0.02726929495859369,0,0,0,0.066345459724768671,-0.053134545955612525,0,0.09451101844251969,-0.01796614641578783,0.046153385313800963,0.12267657716027069,0.017202253124036865,0.092306770627601925
14.66,-0.67479829410428482,2.4383621563883384,0.24231356718451535,2.9128904598335161,0.0149175,146,6.7168502884518837e-06,0.0005006761752497118,0.026769017128898297,0.027276410154436461,0,0,0,0.066370803361451347,-0.053102885619856481,0,0.092429446178831864,-0.020533411511053187,0.04919783014312902,0.11848808899621238,0.012036062597750107,0.098395660286258041
14.68,-0.66559610413262471,2.485490685604022,0.67791134001887388,1.8154697239043869,0.0149175,146,5.2572182146451741e-05,0.00014230169372236873,0.027218809474102136,0.027413683349970956,0,0,0,0.066856649176363026,-0.052489889130276496,0,0.091154598476093654,-0.021541462700849421,0.051108263141786174,0.11545254777582428,0.0094069637285776539,0.10221652628357235
14.700000000000001,-0.64768493544194805,2.5114408068669754,1.1127388498389819,0.78701720719682267,0.0149175,146,0.00014164351924883176,8.4100032914242551e-05,0.02745513011218767,0.027680873664350743,0,0,0,0.067786030314502158,-0.051284053020421431,0,0.090717694841224203,-0.020973529276297899,0.052112003534606134,0.11364935936794623,0.0093369944678256336,0.10422400706921227
14.720000000000001,-0.62683144339423535,2.512559983608277,0.97088311122627702,-0.67565331899990455,0.0045900000000000003,147,0.00010783111583361054,0.00020362495644786436,0.027465137429280233,0.027776593501561708,0,0,0,0.068840665938265058,-0.049859429531194946,0,0.091101085184458558,-0.019124579586428502,0.052154508279307815,0.11336150443065207,0.011610270358337942,0.10430901655861563
14.74,-0.60886263139817209,2.484262911890875,0.82726573365094835,-2.1608649436063123,0.0045900000000000003,147,7.8288915626147364e-05,0.00057335258428633986,0.02720742645346132,0.027859067953373808,0,0,0,0.069725419166346558,-0.048614462067138757,0,0.092265276838060975,-0.016286612343333756,0.051059915279737168,0.11480513450977539,0.016041237380471245,0.10211983055947434
14.76,-0.59361527219179666,2.4257412839923145,0.70301899768719789,-3.703243929869207,0.0045900000000000003,147,5.6538506035419513e-05,0.0012283535169186001,0.026644154850958196,0.027929046873912216,0,0,0,0.070458527817405914,-0.047545723864547897,0,0.094135611818639706,-0.012458394318600921,0.048667494270124859,0.1178126958198735,0.022628935227346055,0.097334988540249717
14.780000000000001,-0.58040479079365803,2.3355774255678492,0.63007896243423345,-5.3285037613972825,0.0045900000000000003,147,4.5415088509832952e-05,0.0022439939610681397,0.025700265478958147,0.02798967452853612,0,0,0,0.071080463439528091,-0.046610811162453615,0,0.096600671622167483,-0.0076930541130661861,0.044658450046543265,0.12212087980480689,0.031224702936321243,0.089316900093086529
14.800000000000001,-0.5677670335689694,2.2119391406254341,0.65466589783453233,-7.0528349050514159,0.0045900000000000003,147,4.9028617101898579e-05,0.0037299152386506594,0.024268732461988615,0.028047676317741174,0,0,0,0.071663827716992382,-0.045708815308966762,0,0.099460768526793614,-0.002127830682960706,0.038578204476676078,0.12725770933659486,0.04145315394304535,0.077156408953352157
14.82,-0.5541566724735103,2.0521814118337556,0.7412428506836064,-8.9390999379997833,0.0022949999999999984,148,6.2853756908736876e-05,0.0057990076609438753,0.022217053230003551,0.028078914647856165,0,0,0,0.072279284521468243,-0.044729241320020631,0,0.10236357403639312,0.0038848388052819885,0.029863970565764314,0.13244786355131802,0.052498918930584608,0.059727941131528628
14.84,-0.53647331357971206,1.8536470609653648,1.0754766310189483,-10.935364633899805,0.0022949999999999984,148,0.00013231593877955123,0.0085630370542589471,0.01942417156905684,0.028119524562095339,0,0,0,0.073058905912536679,-0.043444174141800823,0,0.10471540284747369,0.0097917102265192429,0.018001578190013759,0.13637189978241071,0.063027594594839309,0.036003156380027518
14.859999999999999,-0.50886405019108616,1.6137704343372796,1.7532561817204848,-13.082553298692407,0.0022949999999999984,148,0.00035164218016515313,0.011993041828704148,0.015838278791460204,0.028182962800329503,0,0,0,0.07423037158964782,-0.041410770744611927,0,0.10562482724711628,0.014864977506507553,0.0027709768580538672,0.13701928290458473,0.071140725757627032,0.0055419537161077344
14.880000000000001,-0.46305993231996845,1.3288442434260412,2.9285363178175343,-15.457887456995113,0.0022949999999999984,148,0.00098109584128305361,0.015759724337078358,0.011547368891596384,0.028288189069957795,0,0,0,0.076048637550457862,-0.037968470165639971,0,0.10402079168844577,0.018058127752715418,-0.015454090674497181,0.1319929458264337,0.0740847256710708,-0.030908181348994361
14.9,-0.38666199443525168,0.99297817690249257,4.86771618039724,-18.208851159777979,0.0022949999999999984,148,0.0027105704692424988,0.018860998692104978,0.0068913888251617324,0.028462957986509208,0,0,0,0.078724702938946928,-0.032053410850868311,0,0.099098920133365728,0.017986636484710466,-0.03522974505113094,0.11947313732778453,0.068026683820289244,-0.070459490102261879
14.92,-0.26226733496314864,0.59732836716724558,7.7319371587674333,-21.432843264508517,9.5251464843749935e-06,149,0.0068389091995659009,0.018989925941707571,0.0026295689852168709,0.028458404126490342,0,0,0,0.082093391586394601,-0.022038036614972709,0,0.091498989063542244,0.012998541746590313,-0.053331256433839319,0.10090458654068989,0.048035120108153334,-0.10666251286767864
14.94,-0.076454918349762369,0.13708776660879973,10.544436884052411,-24.260654354160749,9.5251464843749935e-06,149,0.012719117797226901,0.015611828922327268,0.00014247121248778203,0.028473417932041951,0,0,0,0.084751693420747065,-0.0064923387400612279,0,0.085424948318300983,0.0022964036463177968,-0.063894872525960836,0.086098203215854915,0.011085146032696822,-0.12778974505192167
14.960000000000001,0.13150853419407108,-0.34523807351203573,9.5412968093478998,-23.262729282056057,9.5251464843749935e-06,149,0.010414178527482536,0.017126474473471591,0.00089604421207523783,0.028436697213029365,0,0,0,0.084266042681343023,0.01114603296361882,0,0.087128361776848795,-0.010493621598393444,-0.060694171712218664,0.089990680872354581,-0.032133276160405705,-0.12138834342443733
14.98,0.29048014126313104,-0.77803568133577627,6.3547617329789352,-19.956936582312601,9.5251464843749935e-06,149,0.0046196465580414072,0.019450332957669843,0.00436907440296879,0.028439053918680041,0,0,0,0.081439049746062794,0.024345044186821908,0,0.094405324351993197,-0.01902974184971664,-0.045942939165100283,0.1073715989579236,-0.062404527886255189,-0.091885878330200566
15,0.39169189030148482,-1.1463145210141832,3.9429412070466294,-16.961164035471018,9.5251464843749935e-06,149,0.0017784874671663501,0.017732307226937256,0.0089315961053904932,0.028442390799494101,0,0,0,0.078562482440454384,0.032448980766632683,0,0.10100029281927209,-0.021875378342383449,-0.026564236725320708,0.12343810319808979,-0.076199737451399574,-0.053128473450641416
15.02,0.44770144820022739,-1.4573926310840513,1.8018837324782466,-14.242116475720888,-0.017652337646484377,150,0.00037141867405552563,0.013614439657675149,0.013467433936034667,0.027453292267765342,0,0,0,0.076622783656030272,0.036796046320239098,0,0.10436513959884439,-0.020973653147326403,-0.0072988704721599273,0.13210749554165852,-0.078743352614891904,-0.014597740944319855
15.040000000000001,0.46800606386916699,-1.7190652362444689,0.30671051472061861,-11.989738746328577,-0.017652337646484377,150,1.0761369313801372e-05,0.0096545916189632822,0.017429233213933009,0.027094586202210093,0,0,0,0.075859911034712985,0.038344150763909637,0,0.10463711702562035,-0.018588555862952584,0.0095283435861918467,0.13341432301652772,-0.075521262489814805,0.019056687172383693
15.06,0.46226526949495028,-1.9392246032882667,-0.83823576172043102,-10.076793802615837,-0.017652337646484377,150,8.0378995927471442e-05,0.0064603716908571817,0.020655068988987235,0.027195819675771886,0,0,0,0.076078785667107754,0.037908025158510703,0,0.10291396528629301,-0.015948325048326134,0.023229650819687541,0.12974914490547829,-0.069804675255162971,0.046459301639375082
15.08,0.43573002881605133,-2.1239891326079885,-1.7920874580499055,-8.4430202276625046,-0.017652337646484377,150,0.00036739107954235524,0.0041321678488965797,0.023164640142512637,0.027664199070951571,0,0,0,0.077057783509533823,0.035876148073585294,0,0.10022107563274979,-0.013875902958700767,0.033888719599526995,0.12338436775596577,-0.063627953990986835,0.06777743919905399
15.1,0.39125512192371509,-2.2785702379719615,-2.6432795065041543,-7.053675371943954,-0.017652337646484377,150,0.00079927528506939822,0.0025911194632591873,0.025058888409074134,0.028449283157402718,0,0,0,0.078576647635144159,0.032414664064623511,0,0.097265727117607864,-0.012889683689560408,0.041934286480946888,0.11595480660007156,-0.058194031443744326,0.083868572961893775
15.120000000000001,0.33910485963473647,-2.4018089864121768,-2.5439102529324304,-5.2831062915093696,-3.7540283203124969e-05,151,0.00074031027599971494,0.0013085536994766243,0.02640238982774307,0.02845125380321941,0,0,0,0.080159488471112719,0.02827466017566873,0,0.094623229580598475,-0.012730468851936329,0.047640629577569961,0.10908697069008423,-0.053735597879541387,0.095281259155139922
15.140000000000001,0.29042965653082342,-2.4903851963507204,-2.3046539080083419,-3.5860579339533345,-3.7540283203124969e-05,151,0.00060760541936704998,0.00058148758502765533,0.027264007344703033,0.028453100349097739,0,0,0,0.081440278695318877,0.024340932727173626,0,0.092636103899841046,-0.0131182367754995,0.051300235069244964,0.1038319291043632,-0.050577406278172629,0.10260047013848993
15.16,0.24751133235787487,-2.5456674512929105,-1.9759280964238468,-1.95101911437465,-3.7540283203124969e-05,151,0.00044663471886925601,0.0002539322592499826,0.027754163189890654,0.028454730168009892,0,0,0,0.082409635781500942,0.020824311041673371,0,0.091278886101403042,-0.014274650314378252,0.053382106650911705,0.10014813642130514,-0.049373611670429876,0.10676421330182341
15.18,0.21171727322521228,-2.5686936997968868,-1.5979744921237522,-0.35579588349136237,-3.7540283203124969e-05,151,0.0002921123317465125,0.00021689614801448278,0.027947077181426527,0.028456085661187524,0,0,0,0.083102076664957281,0.017861826725493753,0,0.090449285121431064,-0.016321030929924957,0.054201483101539778,0.097796493577904847,-0.050503888585343666,0.10840296620307956
15.200000000000001,0.18371958350225528,-2.5599510969417691,-1.2008044009137944,1.2316557777288506,-3.7540283203124969e-05,151,0.00016495092229194518,0.00041756547698823337,0.02787462291258179,0.02845713931186197,0,0,0,0.083569532704722491,0.015528464299933802,0,0.090043269319056457,-0.019311242529005342,0.053893743257652865,0.09651700593339041,-0.054150949357944483,0.10778748651530573
15.220000000000001,0.16108612260452948,-2.5213273550861448,-1.063697575017684,2.6409792838704989,-0.0045900000000000003,152,0.00012943345517212236,0.0008885916231378267,0.027542999273174874,0.028561024351484821,0,0,0,0.083899561270576198,0.013633180795574825,0,0.089912707171625014,-0.023372145438909982,0.05248521607702545,0.095925853072673831,-0.060377471673394786,0.1049704321540509
15.24,0.14105585294251285,-2.4537936290001348,-0.944630321551297,4.1275181364689111,-0.0045900000000000003,152,0.00010207842721183419,0.0016317024118298186,0.026919176507426992,0.028652957346468645,0,0,0,0.084155789118193935,0.011950027526916899,0,0.089912477364035417,-0.028590351224931157,0.049835612077076936,0.095669165609876899,-0.069130729976779215,0.099671224154153873
15.26,0.12297031400124597,-2.3555543671770094,-0.87599343729132551,5.7143805671129009,-0.0045900000000000003,152,8.7783301697010347e-05,0.0027311363791915596,0.025917042861030592,0.028735962541919163,0,0,0,0.084358137279438958,0.010426153401103071,0,0.089956070657652362,-0.0348667954203212,0.045579183065879166,0.095554004035865767,-0.080159744241745476,0.091158366131758331
15.280000000000001,0.10536110443509704,-2.224464876846854,-0.90643615473340566,7.4140625431066587,-0.0045900000000000003,152,9.3990648454580911e-05,0.0043023383564624327,0.024420456149565749,0.028816785154482764,0,0,0,0.084528645384019094,0.0089391336013480358,0,0.089913564710921282,-0.041980782858634623,0.03922263060467953,0.095298484037823469,-0.092900699318617275,0.07844526120935906
15.300000000000001,0.085633761205452602,-2.0581801060686438,-1.0995976518571435,9.2357869121810801,-0.0045900000000000003,152,0.00013831771755978885,0.0064713567371175876,0.022297669100003539,0.028907343554680914,0,0,0,0.084688531911454437,0.0072699768006895468,0,0.089562811094056477,-0.049510885011961304,0.030206375722067368,0.094437090276658517,-0.10629174682461215,0.060412751444134737
15.32,0.061587062955323943,-1.8533823857425169,-1.3578578029195914,11.26199018058151,-1.8489990234374986e-05,153,0.0002109204993938826,0.0092765824456435188,0.0194203118075554,0.028907814752592801,0,0,0,0.08483884987732998,0.0052315916786259235,0,0.088651250583212271,-0.056592746118991802,0.017985184367802408,0.092463651289094576,-0.11841708391660953,0.035970368735604816
15.34,0.028869526027289774,-1.606808695063207,-1.9860539174765393,13.423465745094301,-1.8489990234374986e-05,153,0.00045122408761902886,0.012724625121740831,0.015732641303549191,0.028908490512909051,0,0,0,0.084964580854954133,0.0024535688582068668,0,0.086825199473824541,-0.061977751483371771,0.002322295716739687,0.088685818092694949,-0.12640907182495043,0.0046445914334793739
15.359999999999999,-0.021311219707867229,-1.3150102812452502,-3.1376311058470958,15.802985372595714,-1.8489990234374986e-05,153,0.0011261959729058036,0.016439536936072943,0.011343761881675745,0.028909494790654494,0,0,0,0.084980698586892667,-0.0018113165608744802,0,0.083650947714880353,-0.064198621182867385,-0.016318884294615421,0.082321196842868025,-0.12658592580486028,-0.032637768589230842
15.380000000000001,-0.10185316989029794,-0.97224540641430934,-5.0755610640914819,18.552529821081698,-1.8489990234374986e-05,153,0.0029469876823589613,0.019333789831568689,0.0066294581158525276,0.028910235629780179,0,0,0,0.084559483127749274,-0.0086425582536587917,0,0.079141426152884914,-0.061653262249466087,-0.036342260805927083,0.073723369178020554,-0.11466396624527339,-0.072684521611854166
15.4,-0.2314937125051186,-0.56919053085722382,-8.0432791898384703,21.825586305767342,-1.8489990234374986e-05,153,0.007400762950628254,0.019111054317389409,0.0023942435810107355,0.0289060608490284,0,0,0,0.082732605963685729,-0.019501689938503139,0,0.074757034369232769,-0.053336697270677351,-0.054330769703488213,0.06678146277477981,-0.087171704602851563,-0.10866153940697643
15.42,-0.42316539588601498,-0.10177554464701366,-10.751764861479289,24.525957532473281,-8.4045410156249943e-06,154,0.013224209541088447,0.015623991195082209,7.8581791943468538e-05,0.028926782528114123,0,0,0,0.077502459804442689,-0.034905138937708663,0,0.074811398570241633,-0.040880301090971037,-0.064166234318962498,0.072120337336040563,-0.046855463244233404,-0.128332468637925
15.44,-0.63159393856243096,0.3822547510954859,-9.40523280294261,23.193298394756237,-8.4045410156249943e-06,154,0.010119272849787803,0.017664266016167336,0.0010960265788719289,0.02887956544482707,0,0,0,0.068602430845171966,-0.050186716191970543,0,0.082807849582874543,-0.030768704205446761,-0.059844773280360482,0.09701326832057712,-0.011350692218922979,-0.11968954656072096
15.460000000000001,-0.78708191355943957,0.81286647061550621,-6.1810179904537987,19.841945734120415,-8.4045410156249943e-06,154,0.0043704909133362412,0.01976698545942766,0.0047468106435250689,0.028884287016288972,0,0,0,0.060002791002350453,-0.060205191403468299,0,0.093182091689142876,-0.027137434316343419,-0.044338554861004638,0.1263613923759353,0.0059303227707814613,-0.088677109722009276
15.48,-0.88536292773706626,1.1791696783609815,-3.8249080373694566,16.879944773503365,-8.4045410156249943e-06,154,0.0016736020609455227,0.017823998427154111,0.0093895448140009115,0.028887145302100545,0,0,0,0.053805729688642882,-0.065802305830971408,0,0.099957660556205391,-0.028064444132814816,-0.024619160660886374,0.14610959142376792,0.009673417565341777,-0.049238321321772749
15.5,-0.94623338923366662,1.4910924738477114,-2.3879488922996126,14.370650941466971,-8.4045410156249943e-06,154,0.00065231935037671045,0.01425854626643935,0.013976787970367556,0.028887653587183617,0,0,0,0.049703135921690296,-0.0689535951169334,0,0.10186063609017842,-0.031357421693144524,-0.0051354571425095358,0.15401813625866656,0.0062387517306443513,-0.010270914285019072
15.52,-0.98021484366251022,1.7558322845290188,-1.090564385172742,12.159670463162193,0.012622500000000002,155,0.00013605447404241129,0.010342618581059837,0.017979806714944743,0.028458479770046993,0,0,0,0.047331749079303979,-0.07060244704749126,0,0.09999200581260459,-0.035299108956734826,0.011866831103231152,0.15265226254590519,4.2291340216077389e-06,0.023733662206462305
15.540000000000001,-0.99230130885458823,1.9794528610996549,-0.16520953648181003,10.247437955303255,0.012622500000000002,155,3.1223417182591477e-06,0.0070823012405317838,0.021220397132549793,0.028305820714799836,0,0,0,0.046474978705287044,-0.071169349823804878,0,0.096032943777686786,-0.038807028443614951,0.025630806713174449,0.14559090885008652,-0.0064447070634250231,0.051261613426348898
15.56,-0.98826983598973694,2.1674093897403974,0.54047057967517287,8.5884081724224721,0.012622500000000002,155,3.3415989274830129e-05,0.0046052878179440784,0.023717973745917487,0.028356677553136395,0,0,0,0.046761517557572428,-0.070981409366909914,0,0.091318796191589932,-0.041627723863257853,0.036238930283373633,0.13587607482560743,-0.012274038359605791,0.072477860566747265
15.58,-0.97152198976686022,2.3245399573455945,1.1187891590711017,7.1626786332007901,0.012622500000000002,155,0.00014318802710126108,0.0028461962495208606,0.025578688530040347,0.028568072806662469,0,0,0,0.047943689789293038,-0.070188336704811852,0,0.086777666444377233,-0.043661933352837801,0.044142068170405828,0.12561164309946143,-0.01713553000086375,0.088284136340811656
15.6,-0.94394917719654459,2.4554051994106185,1.6315697577753716,5.9606613348942661,0.012622500000000002,155,0.000304523981891857,0.001676894048239873,0.026934697731009715,0.028916115761141444,0,0,0,0.049860510750595867,-0.068839882827396753,0,0.082957668570817461,-0.044867715451008261,0.049901536404220667,0.11605482639103906,-0.020895548074619776,0.099803072808441334
15.620000000000001,-0.91278962933383212,2.559429488874537,1.4687148641803949,4.4606734362425371,0.0011474999999999992,156,0.00024676592348508373,0.00083485411989017147,0.027870269375966098,0.028951889419341355,0,0,0,0.051980980024187377,-0.067253087034908912,0,0.080040683165902377,-0.045565296439705187,0.053875252191497185,0.10810038630761738,-0.023877505844501462,0.10775050438299437
15.640000000000001,-0.88566638583485202,2.6345599945587654,1.2352673750338377,3.0695053520005957,0.0011474999999999992,156,0.00017455494195075058,0.00034726166574920058,0.02846121307149185,0.0289830296791918,0,0,0,0.053785758968992792,-0.065818630585339682,0,0.078038187056635205,-0.045999998080619761,0.056385206725670448,0.10229061514427763,-0.02618136557589984,0.1127704134513409
15.66,-0.86360495653238389,2.6828211692195136,0.96718274651960057,1.7696407035300394,0.0011474999999999992,156,0.00010701072033796048,9.9847186099798367e-05,0.028801497766845395,0.029008355673283154,0,0,0,0.05522460583722151,-0.064616119584230067,0,0.076938380573602055,-0.04605829440421895,0.057830520586329398,0.098652155309982587,-0.027500469224207839,0.1156610411726588
15.68,-0.84707197060105022,2.7057471524543022,0.68467342407333653,0.52976490022864442,0.0011474999999999992,156,5.3626215368729122e-05,2.1621406933592388e-05,0.02895208394193426,0.029027331564236581,0,0,0,0.056285307201335039,-0.063694302674975126,0,0.0766902769992866,-0.045662862730144679,0.058470115281745921,0.097095246797238161,-0.02763142278531424,0.11694023056349184
15.700000000000001,-0.83625431696985397,2.7041365665459871,0.39657350210109049,-0.69138475740389316,0.0011474999999999992,156,1.7991094775934619e-05,8.0012509137097261e-05,0.028941740417029769,0.029039744020942802,0,0,0,0.056971023400517767,-0.063081712823112673,0,0.077249606955658745,-0.044767504052516303,0.058426182539202204,0.097528190510799737,-0.026453295281919934,0.11685236507840441
15.720000000000001,-0.82765264656190674,2.6811025916027527,0.46196401750928356,-1.6215476492663006,0.0068850000000000014,157,2.4413300985874738e-05,0.00028463148764521363,0.028789920195466823,0.029098964984097912,0,0,0,0.057511517217920326,-0.062589339246335349,0,0.078617358714691027,-0.043195797450616587,0.057781346395968505,0.099723200211461721,-0.023802255654897825,0.11556269279193701
15.74,-0.81785079440004671,2.6387571974915307,0.51641223623046484,-2.6291401800598755,0.0068850000000000014,157,3.0507263606822193e-05,0.00064389500235715604,0.028492046395491518,0.029166448661455496,0,0,0,0.058122236119565004,-0.062022622231420806,0,0.080803048843547776,-0.040768126611931702,0.05651616715720148,0.10348386156753056,-0.019513630992442597,0.11303233431440296
15.76,-0.80705132770408716,2.5751767918335453,0.56312648086065298,-3.7504493478577334,0.0068850000000000014,157,3.6276226688640633e-05,0.0012043474784930986,0.028000176250907827,0.029240799956089567,0,0,0,0.058788645021868674,-0.061391328512198827,0,0.083786772144906693,-0.037452996222227128,0.05442701431748144,0.10878489926794471,-0.013514663932255429,0.10885402863496288
15.780000000000001,-0.7952815914935949,2.4877970501497604,0.61723488292713879,-5.0126621588634244,0.0068850000000000014,157,4.3582398828231559e-05,0.0020381047166956674,0.027240143346905447,0.029321830462429345,0,0,0,0.059507116230672293,-0.060695165523369815,0,0.087519103260250461,-0.033231486107595395,0.051198875921276955,0.11553109028982864,-0.0057678066918209758,0.10239775184255391
15.800000000000001,-0.78211020401626075,2.3736241160522198,0.710012255069569,-6.4314252961459664,0.0068850000000000014,157,5.766893033954627e-05,0.0032454047404207736,0.026109438224542245,0.029412511895302564,0,0,0,0.06030137092405706,-0.059906132112491517,0,0.09188005186319087,-0.028119106553448792,0.046396356713142385,0.12345873280232467,0.0036679190055939337,0.09279271342628477
15.82,-0.76792673904343445,2.228356556383627,0.73320771683255526,-8.1163655370453363,0.0034425000000000011,158,6.1498462835859224e-05,0.0049325342681769135,0.024467301998040911,0.029461334729053684,0,0,0,0.061144953630310618,-0.059044852828567251,0,0.096607174450895006,-0.022321315655935377,0.039421602098372872,0.13206939527147937,0.014402221516696498,0.078843204196745745
15.84,-0.75155691812900383,2.0481014736601839,0.94093314291751673,-9.9320096125899227,0.0034425000000000011,158,0.00010128094354809444,0.0072543405598284412,0.02216207859833446,0.029517700101710995,0,0,0,0.062103271774183344,-0.058036054612128171,0,0.10122041255365424,-0.016177550599541408,0.029630473149568733,0.14033755333312514,0.025680953413045354,0.059260946299137467
15.860000000000001,-0.72852383983732727,1.8300823711240852,1.415018491044846,-11.897719907953981,0.0034425000000000011,158,0.00022905218372965821,0.010288591913846281,0.019079395773493445,0.029597039871069385,0,0,0,0.063423429701708792,-0.056590357525575008,0,0.10493011097540832,-0.010071901077866499,0.016537188980179435,0.14643679224910783,0.03644655536984201,0.033074377960358871
15.880000000000001,-0.692440189346752,1.570910696768828,2.2699479403777874,-14.057598981918186,0.0034425000000000011,158,0.00058944325235981776,0.013944315402267777,0.015187616808695939,0.029721375463323534,0,0,0,0.065423688172429245,-0.054265468079771895,0,0.10660160191658954,-0.0046204344383251189,7.3768633024916718e-06,0.14777951566074984,0.045024599203121657,1.4753726604983344e-05
15.9,-0.63393750103829871,1.2659101138836313,3.6994453724923773,-16.501683940067299,0.0034425000000000011,158,0.001565609485160989,0.017729957969310248,0.010627312112561554,0.029922879567032792,0,0,0,0.06848462685601317,-0.050347352307669971,0,0.10492742173543337,-0.00077630051420531782,-0.019361909137947872,0.14137021661485358,0.048794751279259335,-0.038723818275895744
15.92,-0.53993413170036308,0.90835047911063338,5.8755168129657456,-19.341787004295526,1.6809082031249989e-06,159,0.0039491383901367168,0.020126692455451008,0.0058458467708402372,0.029921677616427961,0,0,0,0.072908116305170384,-0.043696757051659429,0,0.099052977458416597,-7.4010048034423015e-05,-0.039670545485727841,0.12519783861166284,0.043548736955590583,-0.079341090971455683
15.94,-0.39153871011384378,0.48842684291667915,9.0860311490356693,-22.695799385078416,1.6809082031249989e-06,159,0.0094440580743434237,0.018693591681083074,0.0017756525273720236,0.02991330228279852,0,0,0,0.078567452059695814,-0.032436946170183771,0,0.090117219444394533,-0.0044615692485401558,-0.056958152703992425,0.10166698682909327,0.02351380767310346,-0.11391630540798485
15.960000000000001,-0.18173909777808453,0.0071491989739618234,11.338613295710045,-24.884456322590086,1.6809082031249989e-06,159,0.014707203244163806,0.015240749464891103,3.8808145244088239e-07,0.029948340790507351,0,0,0,0.083600122693156406,-0.015362925687810775,0,0.083683465553905975,-0.014909400524319929,-0.064498351675788143,0.08376680841465553,-0.014455875360829085,-0.12899670335157629
15.98,0.029128752528186003,-0.4752118058444541,9.1784629049523918,-22.786180326338879,1.6809082031249989e-06,159,0.0096371833230218945,0.018568807202136873,0.0016826587574378753,0.029888649282596644,0,0,0,0.084963941970150406,0.002475593846517412,0,0.085823423832764228,-0.027022365684383258,-0.057353131339458567,0.086682905695378037,-0.056520325215283933,-0.11470626267891713
16,0.17927223726673439,-0.89694458085382323,5.9494894299962109,-19.4255199277206,1.6809082031249989e-06,159,0.0040492034751396415,0.020136410815014934,0.0057098839698224218,0.029895498259976998,0,0,0,0.083637766479439837,0.015156649310803847,0,0.092625097214058413,-0.034437443277965996,-0.040248029350057675,0.10161242794867698,-0.08403153586673584,-0.08049605870011535
16.02,0.27445351881285485,-1.2560197577364463,3.7446890533341803,-16.570496578700045,7.283935546874995e-06,160,0.0016041380066443582,0.017809107121607694,0.010484270411126663,0.029897515539378715,0,0,0,0.081818743182270809,0.02303678067946157,0,0.098440682878833202,-0.035998647670851563,-0.019969459687705315,0.11506262257539561,-0.095034076021164704,-0.039938919375410629
16.039999999999999,0.33494198024719407,-1.5625573382993174,2.4232980556373063,-14.136649896294948,7.283935546874995e-06,160,0.0006717750563397381,0.014165333399307927,0.015060765124881673,0.029897873580529338,0,0,0,0.080276497567666555,0.027940721863767691,0,0.10147785514234026,-0.032972905853974423,-0.00053140874583047272,0.12267921271701396,-0.093886533571716529,-0.0010628174916609454
16.059999999999999,0.37525159828103338,-1.8231195215768619,1.6876020860662222,-11.951522696560998,7.283935546874995e-06,160,0.00032579942495239179,0.010595163882394402,0.018977099662151581,0.029898062969498373,0,0,0,0.079085312308474057,0.031153063686756782,0,0.10197644059530196,-0.026958461005009361,0.016102699890212274,0.12486756888212988,-0.085069985696775499,0.032205399780424547
16.080000000000002,0.40513600790246318,-2.0416311655474795,1.3584920304851971,-9.920135468781659,7.283935546874995e-06,160,0.00021111757869860087,0.0076124626319953549,0.022074657475227404,0.029898237685921359,0,0,0,0.078119147914996939,0.033502219762798248,0,0.10077522028910856,-0.019326311644885234,0.029259163588291722,0.12343129266322017,-0.072154843052568723,0.058518327176583444
16.100000000000001,0.43157265578750609,-2.2206021544815489,1.3277565230474766,-7.9914284744804025,7.283935546874995e-06,160,0.00020167269121380686,0.0053229264243477067,0.024373820567558411,0.029898419683119924,0,0,0,0.07720626768746372,0.035555481008864104,0,0.098688045795648854,-0.011090714288276252,0.039024552189765596,0.120169823903834,-0.057736909585416607,0.078049104379531192
16.120000000000001,0.45268894787009828,-2.3663301998231265,0.79345625559649824,-6.6233904169895279,-0.014446285400390627,161,7.2020508479849567e-05,0.0034891251296856134,0.026032202936650501,0.029593348574815964,0,0,0,0.076438311148247493,0.037177743191373305,0,0.096183532682149214,-0.0034188949512472325,0.046068310128484974,0.11592875421605095,-0.04401553309386777,0.092136620256969948
16.140000000000001,0.46348620404530605,-2.4872194243947447,0.28656557406686445,-5.5077485372769868,-0.014446285400390627,161,9.394166184736069e-06,0.0021931602873757976,0.027234806322522814,0.029437360776083346,0,0,0,0.07603244575635508,0.038000884099016995,0,0.093583803738467308,0.0028839991800201012,0.051176207621996317,0.11113516172057955,-0.032232885738976792,0.10235241524399263
16.16,0.46403243547667905,-2.5883056755161293,-0.23743121717774318,-4.6421567367848864,-0.014446285400390627,161,6.4489029927450231e-06,0.0013169637736223907,0.028106054923361597,0.029429467599976732,0,0,0,0.076011677137218833,0.038042409739489497,0,0.091181149611310838,0.0077326304184994477,0.054876719857974834,0.10635062208540283,-0.022577148902490601,0.10975343971594967
16.18,0.45369518418924726,-2.674511910195057,-0.80506750745394295,-4.0179524018539929,-0.014446285400390627,161,7.4143793757199019e-05,0.00075951107313154806,0.028745148436251373,0.029578803303140121,0,0,0,0.076400862861764868,0.037254639361800297,0,0.089130188432931079,0.011149663607220098,0.05759118431979008,0.10185951400409728,-0.014955312147360102,0.11518236863958016
16.199999999999999,0.43144012022574713,-2.7505523659651567,-1.4310177388926415,-3.6237726900835061,-0.014446285400390627,161,0.00023426113382746914,0.0004406232566747469,0.029225424298875157,0.029900308689377372,0,0,0,0.07721097937500894,0.035545248120556781,0,0.087491584939534545,0.013213834888808181,0.059631091993183637,0.09777219050406015,-0.0091175783429404203,0.11926218398636727
16.219999999999999,0.40555437358457747,-2.8121629231598302,-1.1571317805409611,-2.558979961158018,-2.5213623046874981e-05,162,0.00015317075376751216,0.00019263346826470088,0.029555169394836767,0.02990097361686898,0,0,0,0.078105124899791378,0.033534899200504391,0,0.086337340697719339,0.014361493034741157,0.061031640311063388,0.0945695564956473,-0.0048119131310220761,0.12206328062212678
16.240000000000002,0.38512309030466751,-2.8536797665591234,-0.88744059506050865,-1.6092840185641721,-2.5213623046874981e-05,162,9.0092531174991095e-05,6.4714193341569565e-05,0.029746687958499895,0.029901494683016457,0,0,0,0.078773936826912264,0.031932223173303124,0,0.085654346962732289,0.014958867123497321,0.061845089867906454,0.092534757098552314,-0.0020144889263084831,0.12369017973581291
16.260000000000002,0.36999392129484659,-2.8770662031409273,-0.62687389305786989,-0.73941941275256262,-2.5213623046874981e-05,162,4.495423104137992e-05,1.3383058691997826e-05,0.029843540723327587,0.029901878013060965,0,0,0,0.079248011218103931,0.030736829992295458,0,0.085346078295365044,0.015014333942160379,0.062256459069519134,0.091444145372626157,-0.00070816210797470039,0.12451291813903827
16.280000000000001,0.36001109092432376,-2.8835132362379632,-0.37176063991630676,0.091826433934356744,-2.5213623046874981e-05,162,1.5810187497705871e-05,1.7486029949375392e-05,0.029868833114208564,0.029902129331655643,0,0,0,0.079550897908748419,0.02994419212321292,0,0.085350189962256365,0.014537568755538416,0.062363885126607899,0.091149482015764324,-0.00086905461213608939,0.1247277702532158
16.300000000000001,0.35513684306826537,-2.8733598670085509,-0.11468565539110254,0.9279453466905131,-2.5213623046874981e-05,162,1.5046254654730132e-06,7.202121526963165e-05,0.029828724511131239,0.029902250351866343,0,0,0,0.079695907750198997,0.029556087154286377,0,0.085639913374958868,0.013528494548245968,0.062193529184213545,0.091583918999718725,-0.0024990980577944411,0.12438705836842709
16.32,0.35157923626372894,-2.8498020995480609,-0.23775291878206745,1.4397928189621894,-0.0057374999999999995,163,6.4663903976698644e-06,0.00018633750451796252,0.029729857814678236,0.029922661709593869,0,0,0,0.079800552127437363,0.029272374009570057,0,0.086190386685902454,0.0118527986241986,0.061773606076615008,0.09258022124436753,-0.0055667767611728564,0.12354721215323002
16.34,0.3457812890623414,-2.815194030213112,-0.33769770855446801,2.0379160884584033,-0.0057374999999999995,163,1.3045671360726978e-05,0.00037288709958034692,0.029569994236449883,0.029955927007390956,0,0,0,0.0799689295639439,0.028809205202451872,0,0.086978339757313408,0.0093524022084334676,0.061094606848665821,0.093987749950682903,-0.010104400785584937,0.12218921369733164
16.359999999999999,0.33825773152935124,-2.767513576546758,-0.40985352616712806,2.7519415758487229,-0.0057374999999999995,163,1.9216202120786532e-05,0.00065830313183400189,0.0293215734233216,0.029999092757276389,0,0,0,0.080183411965287069,0.028206744682877906,0,0.088004742858276336,0.0059730199422107291,0.060039472576119593,0.095826073751265603,-0.016260704798456448,0.12007894515223919
16.379999999999999,0.32957293371166724,-2.7041559049038622,-0.45450712628249484,3.6100247390874078,-0.0057374999999999995,163,2.3631516928709803e-05,0.0010834239856412253,0.028941864823775049,0.030048920326344986,0,0,0,0.080425354833952301,0.027509312965482535,0,0.089268279501515876,0.0016564188909890462,0.058426710940261008,0.098111204169079452,-0.024196475183504443,0.11685342188052202
16.399999999999999,0.32020186490084057,-2.6219976274056691,-0.4811201870297257,4.6351451256752929,-0.0057374999999999995,163,2.647996248566756e-05,0.0017086712115992788,0.028367532598625581,0.030102683772710526,0,0,0,0.080679611397566561,0.02675444457912832,0,0.090760087483528831,-0.0036438277868905133,0.055987311411083845,0.1008405635694911,-0.034042100152909344,0.11197462282216769
16.420000000000002,0.30964636775910565,-2.5180908589238218,-0.57667421327930146,5.7880746828193903,-0.0068850000000000014,164,3.8042694522975121e-05,0.0026229465260525255,0.027514366670266164,0.030175355890841665,0,0,0,0.080957518056948397,0.025901356529318603,0,0.09243345382339957,-0.0099679337907159146,0.052363602914824003,0.10390938958985074,-0.045837224110750432,0.10472720582964801
16.440000000000001,0.29690442649822296,-2.3891738253429917,-0.70771545749889109,7.1359186370792198,-0.0068850000000000014,164,5.7296430787223136e-05,0.0039336374422671121,0.026272148900631752,0.030263082773686088,0,0,0,0.081280970766269459,0.024867725897091027,0,0.09417700049143328,-0.017283366624585801,0.047087448609547021,0.1070730302165971,-0.059434459146262629,0.094174897219094042
16.460000000000001,0.28073268082174446,-2.2313809168703163,-0.93044684232217312,8.6748530656890086,-0.0068850000000000014,164,9.9036056524847525e-05,0.0057717850523124597,0.024503610516373776,0.030374431625211085,0,0,0,0.081672479490459138,0.023550076303072435,0,0.09578351121926125,-0.025387469997338128,0.039575817687622229,0.10989454294806336,-0.074325016297748694,0.079151635375244458
16.48,0.2585965941192932,-2.0409228958806764,-1.3178269780355643,10.402871286875609,-0.0068850000000000014,164,0.0001986675766815535,0.0082631293786862414,0.022065070378692715,0.030526867334060508,0,0,0,0.082173734249399902,0.021736545252385487,0,0.096878496090290228,-0.033853944297991767,0.029218443674365924,0.11158325793118054,-0.089444433848369032,0.058436887348731849
16.5,0.22630336760046074,-1.8139384300795545,-1.9647683769677213,12.331126090537927,-0.0068850000000000014,164,0.0004416039256302473,0.011465750451728533,0.018841933642897903,0.030749288020256685,0,0,0,0.082832711613743421,0.019072018422663567,0,0.096879324090696925,-0.041934581648091024,0.015528600250160987,0.11092593656765044,-0.10294118171884561,0.031057200500321975
16.52,0.17994166901571745,-1.5457141781573274,-2.7561769633381958,14.525068396334239,0,165,0.00086900925811916158,0.015075357847095495,0.014805025437079915,0.030749392542294571,0,0,0,0.083627601397274584,0.015212635686775656,0,0.095167676336594204,-0.048225995658286627,-0.001617628962453637,0.10670775127591384,-0.11166462700334891,-0.0032352579249072741
16.539999999999999,0.11193494982674015,-1.2312044832864508,-4.1717717925118469,16.982515729041424,0,165,0.0019909084639455656,0.018631061374762958,0.010127428855455632,0.030749398694164154,0,0,0,0.084468054860182745,0.0094946146913478888,0,0.091261334416002968,-0.050941235404230858,-0.021485096604418816,0.09805461397182319,-0.1113770854998096,-0.042970193208837631
16.559999999999999,0.0067941081152421701,-0.86344980830198281,-6.5274463826822471,19.885359604621286,0,165,0.00487412690680926,0.020555475068334828,0.00531780391990898,0.030747405895053065,0,0,0,0.08499803821158039,0.00057749474692120773,0,0.085331121757261985,-0.048447103475711753,-0.041913337071402566,0.085664205302943594,-0.097471701698344723,-0.083826674142805133
16.580000000000002,-0.15649108538090264,-0.43207597744154214,-9.8851495941319207,23.266270752564317,0,165,0.011178324127052717,0.018163948013535394,0.0013956070150614151,0.030737879155649524,0,0,0,0.083961320281848009,-0.013247516617424564,0,0.079751755154513521,-0.039927282803831593,-0.05857234533188322,0.075542190027179032,-0.066607048990238615,-0.11714469066376644
16.600000000000001,-0.3791573398595105,0.057063558743593035,-11.7084304247561,25.003381367880337,0,165,0.015682220843236391,0.015071515877218295,2.4717800504350531e-05,0.030778454520959037,0,0,0,0.078963033586465073,-0.03146171207710715,0,0.08032462333567246,-0.028044375575071025,-0.064395014438904385,0.081686213084879833,-0.024627039073034897,-0.12879002887780877
16.620000000000001,-0.59172431057429009,0.53664368904657422,-9.0797682240431481,22.489658221503916,0,166,0.0094310431415389404,0.019157371502094438,0.0021346875430044605,0.030723102186637839,0,0,0,0.070548308932225648,-0.047412404566771892,0,0.088942038573178409,-0.020043058232559533,-0.055433199358628699,0.10733576821413117,0.0073262881016528253,-0.1108663987172574
16.640000000000001,-0.73986435975787701,0.95254970839231667,-5.8840217688526613,19.16729880417402,0,166,0.003960579615838314,0.020385499569490546,0.006384034179219838,0.030730113364548697,0,0,0,0.062777601063488328,-0.057305957846575682,0,0.098213441793866763,-0.018486659534228601,-0.037384666245243642,0.13364928252424521,0.020332638778118479,-0.074769332490487284
16.66,-0.83471861239728207,1.3072344675365883,-3.7748728792451454,16.385809852010329,0,166,0.0016301023315050587,0.017871341784892074,0.011229638461521601,0.030731082577918734,0,0,0,0.057067831057376811,-0.062994147810782386,0,0.10321860114374609,-0.021185115670721275,-0.016803608301386344,0.14936937123011537,0.020623916469339837,-0.033607216602772688
16.68,-0.89657151835007864,1.6106029225402336,-2.5258625322418919,14.001087750389697,0,166,0.00072984330397964125,0.014210903588257844,0.015790218554393803,0.030730965446631286,0,0,0,0.053064814185615469,-0.06640124618895421,0,0.10341172684349756,-0.026166315094327382,0.0025668474107789887,0.15375863950137966,0.014068616000299447,0.0051336948215579773
16.699999999999999,-0.93951020168596189,1.868817414945906,-1.8460444512191438,11.850671258030729,0,166,0.0003898472857558449,0.010696118133576089,0.019644896315910397,0.030730861735242331,0,0,0,0.050165597063573687,-0.068617875741348686,0,0.099939230568244303,-0.032229048255675484,0.018939077114808009,0.14971286407291493,0.0041597792299977177,0.037878154229616018
16.719999999999999,-0.96727958273294934,2.0877331142142204,-0.97092532545570231,10.089536204443604,0.014028299560546881,167,0.00010784049308277997,0.0075423260907665898,0.022691037962852309,0.030341204546701681,0,0,0,0.048241024944389331,-0.069984309043633536,0,0.09440781822673136,-0.03816098383301577,0.031877157504469532,0.14057461150907338,-0.0063376586223980041,0.063754315008939064
16.740000000000002,-0.97950231158530543,2.2743192698692187,-0.27145601619075477,8.6175301930822901,0.014028299560546881,167,8.4296423474024788e-06,0.0051515252765183053,0.025009749983702641,0.030169704902568348,0,0,0,0.047382043568087284,-0.070568703738356137,0,0.088216939281974494,-0.043150872528257507,0.041725577572641198,0.1290518349958617,-0.015733041318158877,0.083451155145282396
16.760000000000002,-0.97863910117110009,2.4343962856763444,0.35145028961851221,7.4405272494280847,0.014028299560546881,167,1.4129865159301924e-05,0.0034376950142292273,0.026729979374803908,0.030181804254192438,0,0,0,0.047442941547563622,-0.070527776778475451,0,0.082213944790846427,-0.047137862197690471,0.049032022488973454,0.11698494803412925,-0.02374794761690549,0.098064044977946907
16.780000000000001,-0.96547994663993608,2.5739951189880994,0.96812325032459989,6.5723679930097783,0.014028299560546881,167,0.00010721893936155214,0.0022686478387077061,0.027990537958770309,0.030366404736839568,0,0,0,0.048366893046062287,-0.069897379472128804,0,0.076881493372359569,-0.050166130108436027,0.054386076957060436,0.10539609369865685,-0.030434880744743258,0.10877215391412087
16.800000000000001,-0.93961233124597987,2.6994548314863103,1.6294912396400769,6.0295589237575253,0.014028299560546881,167,0.00030374858698021,0.001514067044422238,0.028911470800234616,0.030729286431637064,0,0,0,0.050158588888502241,-0.068622998773838359,0,0.072439094764993273,-0.052337514978967728,0.058297616378842239,0.094719600641484311,-0.03605203118409709,0.11659523275768448
16.82,-0.90894664586532181,2.8091571575759335,1.4329144996794887,4.9756192331770412,-1.1766357421874992e-05,168,0.00023488255422883197,0.00095372683283697713,0.029540338127115432,0.030728947514181242,0,0,0,0.052239048049059489,-0.067052828865962505,0,0.06884395261526223,-0.054116396173199022,0.060968646479423336,0.085448857181464971,-0.041179963480435539,0.12193729295884667
16.84,-0.88230405602718665,2.8999026588133727,1.2342474741735954,4.1350177894008615,-1.1766357421874992e-05,168,0.00017426681770466495,0.00062400273409643622,0.02993038044999766,0.030728650001798762,0,0,0,0.054006758464771702,-0.065637413417408599,0,0.065927808368601112,-0.055828720032305629,0.062625299226969341,0.077848858272430529,-0.046020026647202651,0.12525059845393868
16.859999999999999,-0.85937012078818764,2.975980858438863,1.065978141196523,3.5080269078970598,-1.1766357421874992e-05,168,0.00012998906045251648,0.00043441854234041482,0.030163981960245719,0.030728389563038652,0,0,0,0.055497748478479679,-0.064381673741985057,0,0.063551667277317495,-0.057439102451352142,0.063617490486942402,0.071605586076155303,-0.050496531160719234,0.1272349809738848
16.879999999999999,-0.8393516785334374,3.0415862863712846,0.94443414894001154,3.085916660334453,-1.1766357421874992e-05,168,0.00010203603409389764,0.00033023886343319783,0.030295884200031604,0.030728159097558699,0,0,0,0.056775363560493924,-0.063257869807429812,0,0.061567827412116249,-0.058956525510590649,0.064177727658985731,0.066360291263738574,-0.054655181213751486,0.12835545531797146
16.899999999999999,-0.8212379751534653,3.1007054691821461,0.8760891819929193,2.8577171756633648,-1.1766357421874992e-05,168,8.7802491898632907e-05,0.00028107812116781887,0.030359068180877274,0.030727948793943725,0,0,0,0.057911821271278634,-0.062219136582272502,0,0.059841704185034546,-0.060422855879660335,0.06444609319095003,0.061771587098790458,-0.058626575177048168,0.12889218638190006
16.920000000000002,-0.8078663540240516,-3.1299467224118072,0.46970198242910022,2.4242791932956078,-0.0053447277832031235,169,2.5238003293070147e-05,0.00026051649221143179,0.030370730198552052,0.030656484694056553,0,0,0,0.058738589953149282,-0.061439222409758666,0,0.058195651124504748,-0.061958295730913347,0.064495626055691688,0.057652712295860213,-0.062477369052068021,0.12899125211138338
