time_s,arm_angle_rad,pendulum_angle_rad,arm_speed_rad_s,pendulum_speed_rad_s,preceding_interval_torque_nm,decision_index,arm_kinetic_energy_j,pendulum_kinetic_energy_j,potential_energy_j,total_energy_j,origin_x_m,origin_y_m,origin_z_m,pivot_x_m,pivot_y_m,pivot_z_m,center_x_m,center_y_m,center_z_m,tip_x_m,tip_y_m,tip_z_m
0,0,0,0,0,0,-1,0,0,0,0,0,0,0,0.085000000000000006,0,0,0.085000000000000006,0,-0.064500000000000002,0.085000000000000006,0,-0.129
0.02,0.0033671077674373869,-0.0033152799560376423,0.33609608340342378,-0.32965369484492235,0.0045900000000000003,0,1.2922219371659472e-05,2.4490107889289439e-06,8.3454543549160046e-08,1.5454684704137577e-05,0,0,0,0.084999518160329746,0.00028620361942994138,0,0.085000238165015785,7.2369666147123761e-05,-0.064499645537956382,0.085000958169701823,-0.00014146428713569386,-0.12899929107591276
0.040000000000000001,0.0133951566415196,-0.013038222072644601,0.66490089136941655,-0.63717768714683665,0.0045900000000000003,0,5.0573619492355246e-05,9.6187141671841324e-06,1.2907453330395363e-06,6.1483078992578911e-05,0,0,0,0.084992374329612347,0.0011385542653090709,0,0.085003638535830206,0.00029768821213536608,-0.064494517731341156,0.085014902742048065,-0.00054317784103833874,-0.12898903546268231
0.059999999999999998,0.029867542886455236,-0.02851558690636935,0.9794163799490172,-0.90186463293203278,0.0045900000000000003,0,0.00010973494044188741,2.1182428454166624e-05,6.1736949788739763e-06,0.00013709106387492802,0,0,0,0.084962089838317767,0.0025383637063319769,0,0.085017008265965532,0.00070017780257464537,-0.064473778053946343,0.085071926693613298,-0.0011380081011826862,-0.12894755610789269
0.080000000000000002,0.052434086378170944,-0.048706384877682751,1.2733701473036489,-1.1058911055927356,0.0045900000000000003,0,0.00018548958713446347,3.7172513746382407e-05,1.8009261408320629e-05,0.00024067136228916649,0,0,0,0.084883180098309613,0.0044548553734029012,0,0.085047764459880243,0.0013188514330789245,-0.06442350806401495,0.085212348821450873,-0.0018171525072450522,-0.1288470161280299
0.10000000000000001,0.08063136936574114,-0.072254133823637545,1.5418201960623872,-1.2357575971099408,0.0045900000000000003,0,0.00027194286370352814,5.8531048764521839e-05,3.9622914389220978e-05,0.00037009682685727095,0,0,0,0.084723839414913515,0.0068462423851297603,0,0.085098879604186051,0.0022050329475145477,-0.064331706955533377,0.0854739197934586,-0.0024361764901006649,-0.12866341391106675
0.12,0.11308062457597259,-0.096764636650192415,1.6985476452562493,-1.2018695772087851,0.0034425000000000011,1,0.00033003931230628491,8.0723534235687744e-05,7.104023827314168e-05,0.00048180308481511434,0,0,0,0.084457121687118844,0.0095913813565722504,0,0.085160292217544717,0.0033995976241613162,-0.06419826606238048,0.08586346274797059,-0.0027921861082496179,-0.12839653212476096
0.14000000000000001,0.14839658831908314,-0.11980431099137334,1.8289351677948102,-1.0897418171351476,0.0034425000000000011,1,0.00038265450269478132,0.00011187161813392749,0.00010885173169637377,0.00060337785252508264,0,0,0,0.084065800500309359,0.012567465386552184,0,0.08520558179389999,0.004943284703030789,-0.064037666786882552,0.086345363087490634,-0.0026808959804906062,-0.1280753335737651
0.16,0.18608577174535326,-0.13988993057076371,1.9366153632852312,-0.90834935399494099,0.0034425000000000011,1,0.00042903917807563181,0.00015573765749610094,0.00014834555204968741,0.0007331223876214201,0,0,0,0.083532555522952967,0.015726161890454411,0,0.085196476110097466,0.0068879253391825723,-0.063869922052116515,0.086860396697241965,-0.001950311212089266,-0.12773984410423303
0.17999999999999999,0.22574342510904691,-0.15576329833792002,2.0267206857715356,-0.67101917701418134,0.0034425000000000011,1,0.0004698919518561487,0.00021590220333447141,0.00018384930050788898,0.00086964345569850911,0,0,0,0.08284337786119586,0.019025633880297484,0,0.085083065636688229,0.0092733543061404231,-0.063719124615579811,0.087322753412180598,-0.00047892526801663823,-0.12743824923115962
0.20000000000000001,0.26707684709450608,-0.16646565567972971,2.1052170242690056,-0.39415294577297888,0.0034425000000000011,1,0.00050699532307339203,0.00029501705774886402,0.00020992112251069377,0.0010119335033329498,0,0,0,0.08198645032457412,0.022432609370649257,0,0.084807024964859506,0.012124004659907222,-0.063608388028751725,0.087627599605144879,0.0018153999491651862,-0.12721677605750345
0.22,0.30909683979271607,-0.170587223372479,2.0965645637749777,-0.016306532221961934,0.0022949999999999984,2,0.00050283637684776273,0.00038511364924884866,0.00022041926455509343,0.0011083692906517049,0,0,0,0.080971739352197064,0.025856864200437438,0,0.084302586999394705,0.015426189953936824,-0.06356379857052713,0.087633434646592359,0.0049955157074362093,-0.12712759714105426
0.23999999999999999,0.35095382287552507,-0.1671261423407806,2.0900669280637802,0.36026352844926079,0.0022949999999999984,2,0.00049972444339476567,0.00049312024345169847,0.00021158635073364527,0.0012044310375801093,0,0,0,0.079818843854184474,0.02922245995431114,0,0.083507586361315708,0.019146950820058253,-0.063601315193961755,0.087196328868446943,0.0090714416858053634,-0.12720263038792351
0.26000000000000001,0.3927588540988074,-0.15633803676646707,2.092449523410409,0.71268395697731424,0.0022949999999999984,2,0.00050086442581333929,0.00061430329115822987,0.00018520577536687409,0.0013003734923384433,0,0,0,0.078527815841063248,0.032532785605171539,0,0.082371574484729301,0.023254699966562056,-0.06371336316952568,0.086215333128395369,0.013976614327952573,-0.12742672633905136
0.28000000000000003,0.43475324529345732,-0.13892469850073752,2.1100057351734551,1.0193744178514224,0.0022949999999999984,2,0.00050930445824447126,0.00074113719070731875,0.00014630874621691386,0.001396750395168704,0,0,0,0.077092789973607953,0.035800862197511024,0,0.080854764514899174,0.027699908885331095,-0.063878573113247905,0.084616739056190396,0.019598955573151163,-0.12775714622649581
0.29999999999999999,0.47729893745845159,-0.11599775268682855,2.1484648502238852,1.2611302220803324,0.0022949999999999984,2,0.00052803986580515945,0.00086430039739037682,0.0001020521348434047,0.001494392398038941,0,0,0,0.075500313304798936,0.03904744154073609,0,0.07892963771221885,0.032416659677246135,-0.064066547167671573,0.082358962119638751,0.025785877813756172,-0.12813309433534315
0.32000000000000001,0.50917796370357427,-0.077545174269946671,1.0434391769775557,2.5678125316249387,-0.013770000000000003,3,0.00012455021563415272,0.00088522157376801699,4.5635402242967802e-05,0.0010554071916451374,0,0,0,0.074217368531968808,0.041434070620564513,0,0.076653035049572465,0.037071265884013986,-0.064306169715243944,0.079088701567176123,0.032708461147463452,-0.12861233943048789
0.34000000000000002,0.51930167849463538,-0.014265080920271345,-0.020858169599360377,3.7269473196406642,-0.013770000000000003,3,4.9769421782185983e-08,0.00091439312697706818,1.5450803972489226e-06,0.00091598797679609924,0,0,0,0.073794105761731843,0.042183289995285304,0,0.074250710850935167,0.041384519575818721,-0.064493437477075907,0.074707315940138477,0.04058574915635213,-0.12898687495415181
0.35999999999999999,0.50893538620315815,0.069824476812720526,-0.99610551445988349,4.6306475235362239,-0.013770000000000003,3,0.00011350654253942093,0.00090822369243113142,3.7004018782841039e-05,0.0010587342537533933,0,0,0,0.07422741732153583,0.041416065937925149,0,0.072034792289865993,0.045345770258449908,-0.06434283036534641,0.069842167258196156,0.049275474578974673,-0.12868566073069282
0.38,0.48044349398080233,0.16857795587436764,-1.8248669422732382,5.179999989125716,-0.013770000000000003,3,0.00038095406686033788,0.0008548658028567261,0.00021526964290768106,0.001451089512624745,0,0,0,0.075377153338038475,0.039284663097115084,0,0.070375591396560161,0.048881372644057702,-0.063585670901683308,0.065374029455081833,0.058478082191000313,-0.12717134180336662
0.40000000000000002,0.43716294395286787,0.27430148997226844,-2.4729900019060431,5.3253181023734415,-0.013770000000000003,3,0.00069960825846779469,0.00077973316016923433,0.000567729574318544,0.002047070992955573,0,0,0,0.077006296942229324,0.035986528468931328,0,0.069609409047580187,0.051814866735999748,-0.062088644349649405,0.06221252115293105,0.067643205003068169,-0.12417728869929881
0.41999999999999998,0.38872163287001077,0.37326514212028616,-2.3590598884504335,4.5258146494283249,-0.0045900000000000003,4,0.00063663152277314771,0.00058708799015266117,0.0010456746083912798,0.0022693941213170884,0,0,0,0.078658517569284866,0.032215487173136242,0,0.069744143441265338,0.053981150693901192,-0.060058636559670066,0.060829769313245803,0.075746814214666142,-0.12011727311934013
0.44,0.34308118809350346,0.45384149981695376,-2.2021186773867605,3.5022059651830473,-0.0045900000000000003,4,0.00055474276543962975,0.00038686428869912158,0.001537273580737587,0.0024788806348763383,0,0,0,0.080046425723930961,0.028593176263283591,0,0.070533920271978537,0.055223378312083737,-0.057970635487862784,0.061021414820026106,0.081853580360883887,-0.11594127097572557
0.46000000000000002,0.30063330414101253,0.51242022746065352,-2.0446760232921157,2.3380785464345584,-0.0045900000000000003,4,0.00047825466501831478,0.0002450004511584172,0.0019504675514743881,0.0026737226676511201,0,0,0,0.081187677187904636,0.025170639102585168,0,0.07182313944199728,0.055375874036432696,-0.056215649203727541,0.062458601696089938,0.085581108970280234,-0.11243129840745508
0.47999999999999998,0.26117216436304524,0.54684963143951393,-1.9048288359342676,1.0963359959591783,-0.0045900000000000003,4,0.0004150707408768537,0.00022518279423230328,0.0022146032554183929,0.0028548567905275499,0,0,0,0.082117477760008328,0.021948117147822473,0,0.07345702771426918,0.054350637565989859,-0.055093768028294292,0.064796577668530031,0.086753157984157253,-0.11018753605658858
0.5,0.22430936279300825,0.55608365870304954,-1.7842873431610333,-0.17401711942090281,-0.0045900000000000003,4,0.0003641998780083114,0.00037178937880019745,0.0022880730214059277,0.0030240622782144364,0,0,0,0.082870576611303509,0.018906811791258627,0,0.075297346930998335,0.052101086814765829,-0.054781714995727461,0.067724117250693161,0.085295361838273034,-0.10956342999145492
0.52000000000000002,0.18970964458987818,0.53998384244961661,-1.6774272438373088,-1.4300249155428197,-0.0045900000000000003,5,0.00032188266690826375,0.0007003013533731766,0.0021606927397398207,0.0031828767600212611,0,0,0,0.08347501754352743,0.016028769326052163,0,0.07722174627912877,0.048594708599487245,-0.055322745753738446,0.070968475014730123,0.08116064787292232,-0.11064549150747689
0.54000000000000004,0.15715785558115303,0.49926688514975481,-1.5790601001370344,-2.6280902927539707,-0.0045900000000000003,5,0.00028523809420724367,0.0011933666775196116,0.0018536826651159364,0.0033322874368427917,0,0,0,0.083952468569328545,0.013303496574807089,0,0.079119160885114906,0.04380435844695918,-0.056626730100594901,0.074285853200901281,0.07430522031911127,-0.1132534602011898
0.56000000000000005,0.12648025061423318,0.43557909329000744,-1.4913411403683201,-3.717851308924419,-0.0045900000000000003,5,0.0002544275895350074,0.0018006958858040392,0.0014179685714261615,0.0034730920467652081,0,0,0,0.084321022585982133,0.01072218028454534,0,0.080888053016606815,0.037719628276864758,-0.058477367603524628,0.077455083447231496,0.064717076269184173,-0.11695473520704926
0.57999999999999996,0.097333156051634909,0.35169017486519882,-1.4300093260631914,-4.636558202889697,-0.0045900000000000003,5,0.00023393109082080668,0.0024434379466189869,0.00092950016580171772,0.0036068692032415113,0,0,0,0.084597683681788757,0.0082602612353370967,0,0.08243842380957328,0.030374378265318594,-0.060552072010696067,0.080279163937357817,0.052488495295300093,-0.12110414402139213
0.59999999999999998,0.068890134794858837,0.25177101569275795,-1.427553311950184,-5.3072933018243171,-0.0045900000000000003,5,0.00023312823636257351,0.0030255162863505707,0.00047876909368732774,0.0037374136164004721,0,0,0,0.084798381103127235,0.0058510308740252065,0,0.083692315329510436,0.021881126940115209,-0.0624664921267103,0.082586249555893637,0.037911223006205211,-0.1249329842534206
0.62,0.051810607272563897,0.12976548409901412,-0.28822349568013794,-6.8461527854834134,0.012622500000000002,6,9.503180291464023e-06,0.0033845905079814562,0.00012767881354531981,0.00352177250181824,0,0,0,0.084885941109216198,0.0044019316217634163,0,0.084453702323929833,0.012737135170027244,-0.063957701267646452,0.084021463538643482,0.021072338718291072,-0.1279154025352929
0.64000000000000001,0.056538108599659492,-0.019348007420891378,0.72569718074194589,-7.9755945503125414,0.012622500000000002,6,6.0245009628525336e-05,0.0035183908231318358,2.8422934260654104e-06,0.0035814781261864267,0,0,0,0.084864182481556819,0.0048031793363381235,0,0.084934697031770243,0.0035573046275502174,-0.064487927737741826,0.085005211581983653,0.0023114299187623108,-0.12897585547548365
0.66000000000000003,0.078858602137000591,-0.18488483552615165,1.4486986890667708,-8.4587101657927075,0.012622500000000002,6,0.00024008572611136376,0.0033644022011446407,0.00025880644997794622,0.0038632943772339509,0,0,0,0.084735843071772135,0.0066960360599393398,0,0.085669920406075684,-0.0051243648022928504,-0.063400754120039302,0.086603997740379232,-0.01694476566452504,-0.1268015082400786
0.68000000000000005,0.11212126384105417,-0.35284906359423651,1.8259239932626088,-8.2271046895405551,0.012622500000000002,6,0.00038139552863716353,0.0029661320455598317,0.00093557224186884024,0.0042830998160658358,0,0,0,0.084466284414349405,0.0095103521088462754,0,0.086960171968213165,-0.012639134367697744,-0.060526281677417429,0.089454059522076926,-0.034788620844241766,-0.12105256335483486
0.70000000000000007,0.15028827639218206,-0.51013194088942981,1.9645030996645867,-7.4239443137534078,0.012622500000000002,6,0.00044148468552911266,0.0023898381276221126,0.0019334648823233764,0.004764787695474601,0,0,0,0.084041876376101193,0.012726469077639933,0,0.088757386421582957,-0.018413378893933803,-0.056287865773346178,0.09347289646706472,-0.049553226865507539,-0.11257573154669236
0.71999999999999997,0.18692874340765092,-0.64464167683692253,1.7052630176660146,-5.99130475865074,0.0068850000000000014,7,0.00033265415581608214,0.0016368397022984019,0.0030475762175083908,0.0050170700756228745,0,0,0,0.083519269136526325,0.015796571871785389,0,0.090722288126620601,-0.022287063394908706,-0.051555826463182165,0.097925307116714877,-0.060370698661602801,-0.10311165292636433
0.73999999999999999,0.21892893866999436,-0.74873469763439715,1.5077022123425237,-4.398821713523434,0.0068850000000000014,7,0.00026004071442529275,0.0009159223614265302,0.0040614520333572121,0.0052374151092090346,0,0,0,0.082971103280976441,0.018460661427412095,0,0.092506784248040597,-0.024397281311188533,-0.047249524153256832,0.10204246521510474,-0.067255224049789161,-0.094499048306513664
0.76000000000000001,0.24776920269771063,-0.82002948808099063,1.3885845153125969,-2.7205251443536773,0.0068850000000000014,7,0.00022057426575639724,0.00038934491743992158,0.0048260780260801356,0.0054359972092764544,0,0,0,0.082404263069393927,0.020845561349844298,0,0.09396992091368489,-0.024874460077099488,-0.044001877225279755,0.10553557875797587,-0.070594481504043266,-0.08800375445055951
0.78000000000000003,0.27489110572682368,-0.8572777884656837,1.3316993653900218,-1.0002082249998077,0.0068850000000000014,7,0.00020287222479152097,0.00017311819819298103,0.0052467510619496832,0.0056227414849341854,0,0,0,0.081808654755406496,0.023072581284084983,0,0.095045831018904556,-0.023862591228404919,-0.042215124609455985,0.10828300728240262,-0.070797763740894817,-0.084430249218911971
0.80000000000000004,0.3012568926485058,-0.85997688226061086,1.3076480839676967,0.72925959059033274,0.0068850000000000014,7,0.00019561041295147082,0.00033088750450246973,0.0052777768529569044,0.0058042747704108453,0,0,0,0.081171965282225089,0.025221261907788159,0,0.095675636635512262,-0.021457271143339202,-0.042083346699979172,0.11017930798879944,-0.068135804194466562,-0.084166693399958345
0.82000000000000006,0.32720095338482619,-0.82825039160377401,1.2843946046404857,2.4370988036362098,0.0068850000000000014,8,0.00018871531722622665,0.00087647728803336275,0.0049177070369451903,0.0059828996422047797,0,0,0,0.080490380073818271,0.027318468397263408,0,0.095763120494614565,-0.017680711767676063,-0.043612695221945337,0.11103586091541087,-0.062679891932615528,-0.087225390443890674
0.83999999999999997,0.35245120825882131,-0.76286088327675294,1.2344792275526564,4.089311339383821,0.0068850000000000014,8,0.00017433226765114978,0.0017738267903359309,0.004208582538648805,0.006156741596635886,0,0,0,0.079774997102724829,0.029341946718993366,0,0.095160188992884101,-0.012487371908589097,-0.046624606954430832,0.11054538088304336,-0.054316690536171559,-0.093249213908861664
0.85999999999999999,0.37629469330435289,-0.66533682037769282,1.1428256577780158,5.6417492621025227,0.0068850000000000014,8,0.00014940673350124936,0.0029324704396616686,0.003239013013143529,0.0063208901863064468,0,0,0,0.079052773684400529,0.031235540219483198,0,0.09368475290191107,-0.0057959480630604514,-0.050742724205132823,0.10831673211942161,-0.042827436345604097,-0.10148544841026565
0.88,0.39793750371727815,-0.53829635936605058,1.0190661272951829,7.0265235646261512,0.0068850000000000014,8,0.00011879958922825015,0.0042035443905426746,0.0021475364408483849,0.0064698804206193101,0,0,0,0.078358287703041929,0.032939015593173228,0,0.091172523572448094,0.0024553607884536428,-0.055378625378659598,0.10398675944185427,-0.028028294016265942,-0.1107572507573192
0.90000000000000002,0.41718536059677347,-0.38614194357131026,0.91710516118954699,8.1288668221631077,0.0068850000000000014,8,9.6216262184430282e-05,0.0053880157363061457,0.0011181521204678105,0.0066023841189583859,0,0,0,0.077709806751277824,0.034441050139028241,0,0.087552577591128999,0.01223267331037883,-0.059750797993255986,0.097395348430980175,-0.0099757035182705817,-0.11950159598651197
0.92000000000000004,0.4237051465299681,-0.20517790394087854,-0.2596337747911085,9.9076700099947175,-0.0103275,9,7.711388464467287e-06,0.0062087087024208483,0.00031852757440345588,0.0065349476652887721,0,0,0,0.077483608444713678,0.03494696585379474,0,0.082886539343385163,0.022967711804732616,-0.063147096608887801,0.088289470242056647,0.010988457755670488,-0.1262941932177756
0.94000000000000006,0.40813634329658388,0.0062098248837640924,-1.2320886947408272,11.091255736264102,-0.0103275,9,0.00017365774273811422,0.0065219920503827638,2.927974425657131e-07,0.0066959425905634435,0,0,0,0.078018278555563161,0.033736452262005202,0,0.077859307974703224,0.034104084607082537,-0.064498756381912312,0.077700337393843272,0.034471716952159878,-0.12899751276382462
0.95999999999999996,0.37809037743057516,0.2315414101535902,-1.6740038567312587,11.261699833875273,-0.0103275,9,0.00032057017536916776,0.0062804529185042993,0.00040525295119234227,0.0070062760450658092,0,0,0,0.078996557098729353,0.031377443594837261,0,0.073532697415932824,0.04513337951443841,-0.062778742137307414,0.068068837733136309,0.058889315434039559,-0.12555748427461483
0.97999999999999998,0.34464892918479328,0.45005349635741343,-1.610415632365807,10.458258077599506,-0.0103275,9,0.00029667855943217044,0.0055425478809312829,0.0015121517382211899,0.0073513781785846432,0,0,0,0.080001500675417239,0.02871863314437537,0,0.07052151909522289,0.055127019260042529,-0.058077337163518566,0.061041537515028541,0.081535405375709691,-0.11615467432703713
1,0.31495046072097027,0.64599090889359001,-1.3509974878120079,9.0687245922818427,-0.0103275,9,0.0002087946128854228,0.0043893492906479795,0.0030598995154132555,0.0076580434189466584,0,0,0,0.080818996695717404,0.026330396371828914,0,0.068791162098670339,0.063248850269295304,-0.051503484898856373,0.056763327501623273,0.1001673041667617,-0.10300696979771275
1.02,0.29089908684947313,0.81052801401830621,-1.07243345806794,7.3558054994696054,-0.0091800000000000007,10,0.00013156819477524437,0.0030262615401519546,0.0047210485898493276,0.0078788783247765275,0,0,0,0.081428843350645999,0.024379160579805749,0,0.068023173622721575,0.069155443040895853,-0.044447975748176487,0.054617503894797137,0.11393172550198596,-0.088895951496352973
1.04,0.27117009905479916,0.93939563489978717,-0.92308186390283786,5.5158021357394968,-0.0091800000000000007,10,9.7474416248284574e-05,0.0017405271532882735,0.006222019843031331,0.0080600214125678884,0,0,0,0.081893941429995815,0.022768011706348335,0,0.06794799931495242,0.07292997496803405,-0.038072800530787758,0.054002057199909033,0.12309193822971976,-0.076145601061575516
1.0600000000000001,0.2531199182983731,1.0307011798013477,-0.9008207421711022,3.6060630840948011,-0.0091800000000000007,10,9.2829703131366555e-05,0.00075587506380121977,0.0073770332670122117,0.0082257380339447982,0,0,0,0.082291545310603995,0.021286182616730771,0,0.068438233601102239,0.074842541160246495,-0.033167035053464952,0.054584921891600476,0.1283988997037622,-0.066334070106929904
1.0800000000000001,0.2345064491176965,1.083381102789895,-0.97266102114839215,1.6575988492844203,-0.0091800000000000007,10,0.00010822640450373603,0.00021472245566451955,0.0080736689890255342,0.0083966178491937903,0,0,0,0.082673477132928122,0.019750852608209416,0,0.069431403908535694,0.075179762925444413,-0.030208167732647239,0.056189330684143279,0.13060867324267941,-0.060416335465294478
1.1000000000000001,0.21388092939655684,1.0969116751350176,-1.0942453367641518,-0.30483309453582397,-0.0091800000000000007,10,0.00013697446579067162,0.00019313050417349488,0.008255859974906847,0.0085859649448710128,0,0,0,0.083063235326196264,0.018041589096998701,0,0.070881502201494001,0.074126125762695796,-0.029434335818438472,0.058699769076791725,0.13021066242839288,-0.058868671636876944
1.1200000000000001,0.19168071511773813,1.0708152067608037,-1.1219002087962624,-2.3017233010014602,-0.0068850000000000014,11,0.0001439854685630742,0.00068919632214820903,0.0079056329138468256,0.008738814704558109,0,0,0,0.083443261574031688,0.016193273229576796,0,0.072659559101545368,0.071761242311002865,-0.030921878551449098,0.061875856629059048,0.12732921139242895,-0.061843757102898196
1.1400000000000001,0.16932114514244342,1.0050369394986749,-1.1024939644766043,-4.2693480409927655,-0.0068850000000000014,11,0.00013904732797739597,0.0017083264119965118,0.007045382247633231,0.0088927559876071389,0,0,0,0.083784448155087468,0.014323625495923208,0,0.074608948668690583,0.067994685328774715,-0.034575678526872107,0.065433449182293685,0.12166574516162623,-0.069151357053744214
1.1599999999999999,0.1481753690615962,0.90039366429731249,-0.99462101030941086,-6.1837046237474471,-0.0068850000000000014,11,0.00011316847519232674,0.0031742922523133972,0.0057508691833343846,0.0090383299108401094,0,0,0,0.084068578608643613,0.012548868105224086,0,0.076607115340821957,0.062535417171369581,-0.040073950121753382,0.069145652073000288,0.11252196623751506,-0.080147900243506764
1.1799999999999999,0.13030770656920704,0.758265935455257,-0.77253456665962117,-8.0101173080279402,-0.0068850000000000014,11,6.827253801774319e-05,0.0049325615504168165,0.0041604823072252271,0.0091613163956597871,0,0,0,0.08427936638715558,0.011044835959831693,0,0.07851600263526054,0.055023093947088916,-0.046828906272403895,0.0727526388833655,0.099001351934346143,-0.093657812544807789
1.2,0.11798539525070297,0.58102457983228106,-0.44738406139725784,-9.6772491635553202,-0.0068850000000000014,11,2.289661184733644e-05,0.0067312155640105783,0.0024919920243390002,0.0092461042001969144,0,0,0,0.084409062468764076,0.010005507140784194,0,0.080241733039299559,0.045162182878463936,-0.053915596226898573,0.076074403609835056,0.080318858616143685,-0.10783119245379715
1.22,0.1210463166258379,0.3659655548131191,0.77365604044366598,-11.792640374693134,0.0068850000000000014,12,6.8470901791918931e-05,0.008192842435318308,0.0010056291454756203,0.0092669424825858465,0,0,0,0.084378041021852271,0.010263829368935233,0,0.081590941098318506,0.033176333389287049,-0.060228724322648572,0.078803841174784742,0.05608883740963886,-0.12045744864529714
1.24,0.1483848183934679,0.11257322877837783,1.895301324928317,-13.401525809796071,0.0068850000000000014,12,0.00041092895028129616,0.0089484440028453592,9.6121717729793902e-05,0.0094554946708564486,0,0,0,0.084065948412619274,0.01256647593746304,0,0.082994745500373474,0.019732501576508066,-0.064091735823437843,0.081923542588127687,0.026898527215553095,-0.12818347164687569
1.26,0.19198598288192431,-0.16154278130537492,2.3131239138755078,-13.762259121034715,0.0068850000000000014,12,0.00061207973843784653,0.0089461549991086894,0.00019771536742430222,0.0097559501049708387,0,0,0,0.083438314401822505,0.016218745012565608,0,0.0854178123159339,0.0060350983008493619,-0.063660230345632424,0.08739731023004528,-0.0041485484108668841,-0.12732046069126485
1.28,0.23522700888685272,-0.42847317358674175,1.9162155532525573,-12.751890845936231,0.0068850000000000014,12,0.00042004800661416225,0.0082600091420140659,0.0013727856434453561,0.010052842792073583,0,0,0,0.082659224002066142,0.019810418657268576,0,0.088905010897899664,-0.0062502066643699006,-0.058669276064197438,0.095150797793733199,-0.032310831986008377,-0.11733855212839488
1.3,0.266898558253785,-0.6668961675449161,1.2485033564627315,-11.022240113089774,0.0068850000000000014,12,0.00017831572136172913,0.0068389293120596746,0.0032536458042058277,0.010270890837627231,0,0,0,0.081990448505423988,0.022417991745011821,0,0.092512790412181814,-0.01606589843013987,-0.050680573376631725,0.10303513231893963,-0.054549788605291562,-0.10136114675326345
1.3200000000000001,0.28770196005181153,-0.86908736725843738,0.85728773313743312,-9.167287915135736,0.0103275,13,8.4074331985772147e-05,0.0050187098080506217,0.0053830325771553698,0.010485816717191763,0,0,0,0.081506370318473215,0.024118698088991208,0,0.095484216606897862,-0.023117828179358795,-0.041636287049119224,0.10946206289532252,-0.070354354447708795,-0.083272574098238447
1.3400000000000001,0.30243268909760995,-1.0328128762675064,0.64780579822987738,-7.1915179433398206,0.0103275,13,4.8006480542528866e-05,0.0031854349368903366,0.0074045540640880992,0.010637995481520965,0,0,0,0.081142254108860459,0.02531668616018138,0,0.097639491337823847,-0.02755844160563637,-0.033050144138259858,0.11413672856678725,-0.080433569371454128,-0.066100288276519717
1.3600000000000001,0.31483894928542938,-1.1563243902609095,0.62050364688214132,-5.1510743977817341,0.0103275,13,4.404523008093872e-05,0.0016516706398997257,0.0090704253702857205,0.010766141240266385,0,0,0,0.080821932333525054,0.026321383965800468,0,0.09910406181116499,-0.029815369081623234,-0.025974577937964156,0.11738619128880493,-0.085952122129046932,-0.051949155875928313
1.3800000000000001,0.32821521019752442,-1.2385751655341437,0.73693020344228655,-3.068423963843931,0.0103275,13,6.2124501895364289e-05,0.0006090647710713078,0.010233103339856641,0.010904292612823314,0,0,0,0.080462630734981611,0.027400092248129285,0,0.10011757329643302,-0.030318267643425916,-0.021036258325447497,0.11977251585788443,-0.088036627534981121,-0.042072516650894995
1.4000000000000001,0.34492740122600274,-1.2788962797140986,0.94475089459585138,-0.96114583753524618,0.0103275,13,0.0001021044875488038,0.00015898511509344497,0.010815802618477345,0.011076892221119594,0,0,0,0.079993500237202864,0.028740910211763053,0,0.10088022100399177,-0.029392318356923484,-0.018561320852542706,0.12176694177078068,-0.087525546925610015,-0.037122641705085412
1.4199999999999999,0.36444086720202923,-1.2764772705500214,1.0070041667802598,1.2025199045594563,0.0057374999999999995,14,0.00011600394039569199,0.0002922149070712083,0.010780634580418263,0.011188853427885163,0,0,0,0.079417471761550923,0.030296289855414018,0,0.10141845689532049,-0.02737620482713889,-0.018710692403931948,0.12341944202909005,-0.085048699509691794,-0.037421384807863896
1.4399999999999999,0.38500913627533345,-1.2308599050104299,1.039695628749844,3.3565353289622646,0.0057374999999999995,14,0.00012365812082134296,0.0010607105612640425,0.010122495268723249,0.011306863950808634,0,0,0,0.078777575120940288,0.03192324635848634,0,0.10161548185260855,-0.024434271074284232,-0.021506051356085416,0.12445338858427679,-0.080791788507054804,-0.043012102712170833
1.46,0.40542443219437152,-1.1423618869692085,0.98206596715963745,5.4887322730040804,0.0057374999999999995,14,0.00011032946914828938,0.0024367130275304077,0.0088769478914436234,0.011423990388122321,0,0,0,0.07810948181180831,0.033524749828906818,0,0.10124957122699346,-0.020389459897440919,-0.026796347725774626,0.12438966064217863,-0.074303669623788648,-0.053592695451549252
1.48,0.42332336651811919,-1.0115230024850241,0.77964305160011049,7.5889835627535112,0.0057374999999999995,14,6.9534739456346973e-05,0.004328428462341845,0.0071287019076191858,0.011526665109417378,0,0,0,0.077496944850577842,0.034917381614698685,0,0.099956148635526029,-0.014929416645149553,-0.034221789383200876,0.12241535242047422,-0.064776214904997798,-0.068443578766401753
1.5,0.43534358998483202,-0.83909781006327222,0.38851204749390211,9.643769934979499,0.0057374999999999995,14,1.7267091380500859e-05,0.0065386396902096331,0.0050396717298880336,0.011595578511478168,0,0,0,0.077071641692208134,0.035846367275748948,0,0.097310340907770132,-0.0076679381560719254,-0.043094666454773903,0.11754904012333214,-0.051182243587892799,-0.086189332909547806
1.52,0.43210021048870773,-0.62252557399735942,-0.76866505442073318,12.019849226334706,-0.0045900000000000003,15,6.7590316639353539e-05,0.0086939059638689795,0.0028487432948822201,0.011610239575390553,0,0,0,0.077187499483383173,0.035596206588662249,0,0.092937450906731445,0.0014437087845783278,-0.052400342784224348,0.10868740233007973,-0.032708789019505594,-0.1048006855684487
1.54,0.40273979110054242,-0.35872478522811058,-2.1829370617737878,14.309076448810229,-0.0045900000000000003,15,0.00054512065121291038,0.010232810368555745,0.0009666528194250206,0.011744583839193676,0,0,0,0.078199202145768351,0.033314933344751885,0,0.087074571146171009,0.012482030352013118,-0.060394271069380646,0.095949940146573681,-0.0083508726407256484,-0.12078854213876129
1.5600000000000001,0.34677253334931235,-0.055315976097247699,-3.2760546982043586,15.801577486822982,-0.0045900000000000003,15,0.0012277572148224386,0.010751988357139959,2.3227388602226952e-05,0.012002972960564625,0,0,0,0.079940333321209436,0.028888459780575592,0,0.081152309975604436,0.025534670119729562,-0.064401344764686438,0.082364286629999436,0.022180880458883535,-0.12880268952937288
1.5800000000000001,0.28016891900043495,0.26074164938388567,-3.1723964732771197,15.490991184928752,-0.0045900000000000003,15,0.0011512910357433989,0.010642752923904692,0.00051329718970999762,0.012307341149358088,0,0,0,0.081685743144789255,0.023504028737293466,0,0.077087824309955782,0.039483604883184663,-0.06231983864377337,0.07248990547512231,0.05546318102907586,-0.12463967728754674
1.6000000000000001,0.22585682449272743,0.55464749124714308,-2.1977796834281049,13.758857944766881,-0.0045900000000000003,15,0.000552558819438737,0.0097265757799247215,0.002276573894580369,0.012555708493943827,0,0,0,0.082841219833385424,0.019035028145939513,0,0.075234258987502078,0.052140832396205539,-0.054830556003311381,0.067627298141618733,0.085246636646471557,-0.10966111200662276
1.6200000000000001,0.19037923419082362,0.80981712855042431,-1.3778352087333805,11.72126267808564,-0.0080325000000000014,16,0.00021717246613703426,0.0079104822268115296,0.0047132283203403626,0.012840883013288926,0,0,0,0.083464266134051626,0.016084659732310259,0,0.074625577348954392,0.061949147095603341,-0.044481191299947494,0.065786888563857157,0.10781363445889643,-0.088962382599894987
1.6400000000000001,0.16899151340311511,1.0228687472230984,-0.80898545146643486,9.5770490856178032,-0.0080325000000000014,16,7.4867206596203632e-05,0.0056626781668550523,0.0072752617394388902,0.013012807112890146,0,0,0,0.083789165124700818,0.014296006704867652,0,0.07452912327189655,0.068569286781189523,-0.033599296043837538,0.065269081419092281,0.12284256685751138,-0.067198592087675077
1.6600000000000001,0.15615148962591938,1.1927454123759107,-0.51784003782195409,7.4073786991163679,-0.0080325000000000014,16,3.0676192739583194e-05,0.0035046876453022082,0.0095806240980459059,0.013115987936087698,0,0,0,0.08396581424073768,0.013219002946135348,0,0.07464324680600716,0.072435039788020017,-0.023807576885635808,0.065320679371276655,0.13165107662990469,-0.047615153771271616
1.6799999999999999,0.14675363532021254,1.3190287106139102,-0.4548445248241072,5.2173573431533029,-0.0080325000000000014,16,2.3666615162868985e-05,0.0017649929698259745,0.011402830716822595,0.013191490301811439,0,0,0,0.084086334786812017,0.012429332328012129,0,0.074952011622762119,0.07422442601073713,-0.016067997295180957,0.06581768845871222,0.13601951969346213,-0.032135994590361913
1.7,0.1368547339416078,1.4012962685605439,-0.55704671425107699,3.006135359868396,-0.0080325000000000014,16,3.5497146267538428e-05,0.0006113303088979016,0.012624180084119963,0.013271007539285402,0,0,0,0.084205249809685689,0.011596374626943915,0,0.075531753001613536,0.074577607032998289,-0.010880478745667848,0.066858256193541396,0.13755883943905264,-0.021760957491335695
1.72,0.12468518906416637,1.4390371920539895,-0.67046006717513229,0.76673482021210049,-0.0057374999999999995,17,5.1422837685532671e-05,9.8623556281175414e-05,0.013190785932487769,0.013340832326454477,0,0,0,0.084340133697706321,0.010570801665579745,0,0.076388287398284072,0.074015354051862978,-0.0084738959714246928,0.068436441098861808,0.13745990643814621,-0.016947791942849386
1.74,0.10985667167874885,1.4319474012568874,-0.81086043766019611,-1.4752919257245534,-0.0057374999999999995,17,7.5214648326029271e-05,0.00026659267278733893,0.013084105459723607,0.013425912780836975,0,0,0,0.084487604877376984,0.0093190462003483344,0,0.077484149825533949,0.072813220440461748,-0.008927007051802556,0.070480694773690913,0.13630739468057518,-0.017854014103605112
1.76,0.092548504578727778,1.3800773425759294,-0.90680279835556699,-3.7096392920129788,-0.0057374999999999995,17,9.4066700234254793e-05,0.0011239820337592815,0.012307170303197966,0.013525219037191501,0,0,0,0.084636237661203845,0.0078553977974524982,0,0.078783458144632001,0.070914869884765988,-0.012226935511391585,0.072930678628060172,0.1339743419720795,-0.02445387102278317
1.78,0.074331310354680796,1.2836679315632731,-0.89101012653949863,-5.9283294845608641,-0.0057374999999999995,17,9.081874290348482e-05,0.002653668307006073,0.010885248621292476,0.013629735671202034,0,0,0,0.084765289490092835,0.0063123448623120778,0,0.080171429370982483,0.068000971096644977,-0.018266358217412185,0.075577569251872131,0.12968959733097787,-0.036532716434824371
1.8,0.058068394531086975,1.1430627905256516,-0.70140460115373027,-8.1294953357459363,-0.0057374999999999995,17,5.6279136752651101e-05,0.0047801165758889442,0.008886631258578236,0.013723026971219831,0,0,0,0.08485673288026864,0.0049330401262037858,0,0.081450667081504072,0.063523201216339531,-0.026755218915315005,0.078044601282739517,0.12211336230647528,-0.05351043783063001
1.8200000000000001,0.051283512689154417,0.9569697498449683,0.077421728195648409,-10.492851473943251,0.0022949999999999984,18,6.857028097173652e-07,0.0072679082730322114,0.0064388176073855372,0.013707411583227466,0,0,0,0.084888249551548084,0.0043571880925774879,0,0.082185484823993266,0.057013387870282019,-0.037151980940428403,0.079482720096438447,0.10966958764798655,-0.074303961880856806
1.8400000000000001,0.063680486918804444,0.72269819089941301,1.2307870090963635,-12.950488252763957,0.0022949999999999984,18,0.00017329100228596258,0.009766219284715558,0.0037961078331729126,0.013735618120174433,0,0,0,0.084827712046108741,0.0054091837667488499,0,0.082112874811675937,0.047983709075016694,-0.048376538255296843,0.079398037577243119,0.09055823438328453,-0.096753076510593686
1.8600000000000001,0.10308622066314679,0.43872026862315927,2.7477854579747936,-15.41883271187778,0.0022949999999999984,18,0.00086372571151062687,0.011523465345534879,0.0014381634229861677,0.013825354480031674,0,0,0,0.084548762134603994,0.0087468177931265285,0,0.081729365121185948,0.035999760873502221,-0.058391592664856579,0.078909968107767917,0.063252703953877915,-0.11678318532971316
1.8800000000000001,0.17233684661663126,0.11026286941747809,4.0354331518983422,-17.195075534872338,0.0022949999999999984,18,0.0018629041977585436,0.012031195820231516,9.22207170354851e-05,0.013986320735025546,0,0,0,0.08374087145536338,0.014576228864020588,0,0.082523747297364072,0.021568643610733348,-0.064108304803620939,0.081306623139364764,0.028561058357446108,-0.12821660960724188
1.9000000000000001,0.25435536743454235,-0.23481440207016924,3.8926238049266093,-16.934982707862194,0.0022949999999999984,18,0.0017333851624159815,0.012022534764494695,0.00041673790813098272,0.014172657835041659,0,0,0,0.082265184519160581,0.021387833364519701,0,0.086041201535959233,0.0068639341298387477,-0.062729961314428373,0.089817218552757885,-0.0076599651048422056,-0.12545992262885675
1.9199999999999999,0.3222388344441498,-0.55740490080894389,2.8045380346032083,-15.149880691084133,0.0057374999999999995,19,0.0008997728297741736,0.011361755361400657,0.0022986754574764231,0.014560203648651253,0,0,0,0.080624946066822287,0.026918730871309627,0,0.091430307589173337,-0.0054446704397302197,-0.054736682562536429,0.1022356691115244,-0.03780807175077007,-0.10947336512507286
1.9399999999999999,0.36640382245338066,-0.83775156106608151,1.6565074869245386,-12.862654456274674,0.0057374999999999995,19,0.00031390411760032601,0.0094756716204695592,0.0050244697801515919,0.014814045518221478,0,0,0,0.079357848533087832,0.030452124329831069,0,0.096530181763614331,-0.014298757569493989,-0.043159234708836258,0.11370251499414084,-0.059049639468819047,-0.086318469417672516
1.96,0.39095391080669939,-1.071900198828974,0.86165687357714194,-10.558239863464316,0.0057374999999999995,19,8.4933480201979114e-05,0.006950053931922771,0.0079200968864907208,0.014955084298615471,0,0,0,0.078586407727610705,0.03239099443471484,0,0.1001695469592674,-0.019973602864679439,-0.030860444756665301,0.12175268619092409,-0.072338200164073718,-0.061720889513330601
1.98,0.40322023492935932,-1.2603235432156836,0.41735632799071265,-8.2881970290487104,0.0057374999999999995,19,1.9926187460120362e-05,0.0044591225770420195,0.010546459264864283,0.015025508029366422,0,0,0,0.078183187167036178,0.033352499822414984,0,0.10228182236742575,-0.023138261481058423,-0.019705320825415044,0.12638045756781532,-0.079629022784531822,-0.039410641650830087
2,0.40948133360556993,-1.4035067243197616,0.24815456957179155,-6.0303249641738539,0.0057374999999999995,19,7.0445743954769183e-06,0.0023971258380412761,0.012657272980075849,0.015061443392512603,0,0,0,0.077972832800411174,0.033841355544350235,0,0.10329395443764959,-0.024500266768969922,-0.010739921083605809,0.12861507607488801,-0.082841889082290079,-0.021479842167211619
2.02,0.41404531348339102,-1.5014410960669951,0.23548494242272028,-3.7621756950196046,0.0045900000000000003,20,6.3436102327105196e-06,0.00094254747835821574,0.01413350394326336,0.015082395031854287,0,0,0,0.077817569988643212,0.034196868293202176,0,0.1037045730950875,-0.024710972587431851,-0.0044698269484227011,0.12959157620153178,-0.083618813468065878,-0.0089396538968454023
2.04,0.41974102866992785,-1.5539434201167328,0.34879188285746443,-1.4868933385634806,0.0045900000000000003,20,1.3916914052332884e-05,0.00016465631047321425,0.014929965896076031,0.015108539120601578,0,0,0,0.07762153317654287,0.034639537920169404,0,0.10390309690562999,-0.024253143490021424,-0.0010869610258408477,0.13018466063471709,-0.083145824900212245,-0.0021739220516816954
2.0600000000000001,0.42833111055539774,-1.5608861363864319,0.51217957987696872,0.79280828781594037,0.0045900000000000003,20,3.0009221248704768e-05,8.2571666786615864e-05,0.015035387501066519,0.015147968389101839,0,0,0,0.077321116559029401,0.035305027036740703,0,0.10411008622973629,-0.02336517435552693,-0.00063919681843986349,0.13089905590044318,-0.08203537574779457,-0.001278393636879727
2.0800000000000001,0.44005266150333011,-1.5222490575042,0.64935008622864387,3.0698841494578688,0.0045900000000000003,20,4.8235636247040501e-05,0.00070459893924173275,0.014448936549814549,0.015201771125303323,0,0,0,0.076901984664994108,0.036208904354937503,0,0.10434578119219481,-0.022077377908563754,-0.00313006902049546,0.13178957771939553,-0.080363660172065005,-0.00626013804099092
2.1000000000000001,0.45363688114717426,-1.4381461901343142,0.68649385529749529,5.3389569823481224,0.0045900000000000003,20,5.3911760607634397e-05,0.0020328362027481534,0.013177373357355006,0.015264121320710793,0,0,0,0.076403034790717139,0.037250184895762158,0,0.10442102812590956,-0.020216904879631792,-0.0085308640955020203,0.13243902146110198,-0.077683994655025734,-0.017061728191004041
2.1200000000000001,0.46900963159099468,-1.3091840424346284,0.81940552144499257,7.5506889201972163,0.011474999999999999,21,7.6808269135058356e-05,0.0041054788453968516,0.01125822962252538,0.01544051673705729,0,0,0,0.075821391888062598,0.038420262000106606,0,0.10398359679154943,-0.017157119913980001,-0.01668217115814908,0.13214580169503629,-0.072734501828066608,-0.033364342316298159
2.1400000000000001,0.48500387144211993,-1.1363983419551822,0.74162549909318221,9.7204157648680223,0.011474999999999999,21,6.2918667073969125e-05,0.0067664200884615085,0.0087946840970555464,0.015624022852591023,0,0,0,0.07519721725727363,0.039628001675108354,0,0.10247502189680316,-0.012133755543868537,-0.027145752221136823,0.12975282653633269,-0.063895512762845427,-0.054291504442273646
2.1600000000000001,0.4970406021047441,-0.92070410663577285,0.42037230754457744,11.838077213505972,0.011474999999999999,21,2.0215216819466405e-05,0.0097473792508116549,0.0059944770329482949,0.015762071500579414,0,0,0,0.074714789863192424,0.040530237794750214,0,0.099196867824044285,-0.0046008398841542592,-0.039039258269842447,0.12367894578489616,-0.049731917563058732,-0.078078516539684895
2.1800000000000002,0.50025361639426535,-0.66356690434987797,-0.12856710204525235,13.843834689184529,0.011474999999999999,21,1.8909058960036251e-06,0.012574459937825801,0.0032224394609544197,0.015798790304676225,0,0,0,0.074584180196789571,0.040770087863197246,0,0.093639416494576216,0.0059107276750274065,-0.050813118157685952,0.11269465279236286,-0.028948632513142433,-0.1016262363153719
2.2000000000000002,0.4916850924602984,-0.36947630381304819,-0.68895834983092319,15.44660524785605,0.011474999999999999,21,5.4299538967487566e-05,0.01462149797121047,0.0010247948998692337,0.01570059241004719,0,0,0,0.074930777442047194,0.040129522697515248,0,0.085927541191314655,0.019596109846079741,-0.06014732033694685,0.096924304940582115,-0.00093730300535576488,-0.1202946406738937
2.2200000000000002,0.46227516014218639,-0.039862561507501226,-2.1080166843975787,17.269784082680484,-0.0091800000000000007,22,0.00050834469313055847,0.015451787524707239,1.2063764853045442e-05,0.015972195982690843,0,0,0,0.076078410728482301,0.037908777625087701,0,0.077224796398197029,0.035608117849234483,-0.064448760767698579,0.078371182067911771,0.033307458073381264,-0.12889752153539716
2.2400000000000002,0.41704108760214909,0.30690550205431411,-2.1700562764286544,17.045675282621964,-0.0091800000000000007,22,0.00053870647994968505,0.015137671928100583,0.00070959043294464537,0.016385968840994913,0,0,0,0.077714774855949104,0.034429838354095438,0,0.069821792330725774,0.052245819758977838,-0.061486109272236474,0.061928809805502458,0.070061801163860238,-0.12297221854447295
2.2600000000000002,0.38216909613364103,0.63120369690973632,-1.2554647329988009,15.239041008427288,-0.0091800000000000007,22,0.00018030976253454993,0.013598900536773633,0.0029260492018196179,0.016705259501127799,0,0,0,0.078867920597200172,0.031699386440020093,0,0.06467310565067276,0.067016017574599379,-0.052071996254588783,0.050478290704145355,0.10233264870917866,-0.10414399250917757
2.2800000000000002,0.36647313455682151,0.91396788296373987,-0.3579435714500766,13.01752129928219,-0.0091800000000000007,22,1.4656806030839931e-05,0.010921751733838138,0.0059132561175586212,0.016849664657427599,0,0,0,0.079355737641673779,0.030457624716084479,0,0.061052616876525308,0.078145442233120199,-0.039384233275744904,0.042749496111376836,0.12583325975015591,-0.078768466551489807
2.3000000000000003,0.365639918184547,1.1517685680903211,0.2185174976459946,10.763818420979263,-0.0091800000000000007,22,5.4623892334390161e-06,0.0078448047990770705,0.0090071627708058748,0.016857429959116384,0,0,0,0.079381087883971482,0.030391493651303097,0,0.058314498492628333,0.085416389863274864,-0.026243277392091934,0.037247909101285191,0.14044128607524661,-0.052486554784183868
2.3199999999999998,0.37131644188379709,1.3451781944005701,0.30404236726052619,8.5706223222729836,-0.013770000000000003,23,1.0574952294621073e-05,0.0049800606814984867,0.011788663925720524,0.016779299559513631,0,0,0,0.07920729183466875,0.030841610207925543,0,0.056397086289509041,0.0894226828316875,-0.014429222197925064,0.033586880744349339,0.14800375545544944,-0.028858444395850127
2.3399999999999999,0.3761213812476733,1.4943276721207983,0.13827324855769188,6.3374848684213489,-0.013770000000000003,23,2.1871901363632202e-06,0.0026851889551405546,0.014025767575705578,0.016713143720982496,0,0,0,0.079058185992833555,0.031221838951646281,0,0.055435554779645596,0.091037738168366023,-0.0049274228011145973,0.031812923566457638,0.15085363738508578,-0.0098548456022291946
2.3599999999999999,0.37549342457152207,1.5984038535930818,-0.22985907801254016,4.0636434939974855,-0.013770000000000003,23,6.0441262465533277e-06,0.0011106722482475179,0.0156050713347553,0.016721787709249369,0,0,0,0.07907777636626602,0.031172187683363203,0,0.05543260063863438,0.091155398913951441,0.0017804592879514846,0.031787424911002747,0.15113861014453966,0.0035609185759029691
2.3799999999999999,0.36600131497526561,1.6566429413745105,-0.73620006117468684,1.755645842539332,-0.013770000000000003,23,6.2001458346545998e-05,0.00030255395787606975,0.016487935730694635,0.01685249114691725,0,0,0,0.07937009931205162,0.03042017973640302,0,0.056371557668424957,0.0904262858838496,0.0055303080644522381,0.033373016024798294,0.15043239203129619,0.011060616128904476
2.3999999999999999,0.34563991744816625,1.6685042278134583,-1.3030964473109727,-0.57087134360820935,-0.013770000000000003,23,0.00019425102890230594,0.00027132001445955261,0.016667300685682292,0.017132871729044149,0,0,0,0.079973001568646063,0.028797899577943788,0,0.058224706018583802,0.089193848575300994,0.0062921367893403503,0.036476410468521542,0.1495897975726582,0.012584273578680701
2.4199999999999999,0.31875933986552446,1.6342607743165001,-1.3750497772618901,-2.8532130401199556,-0.0011474999999999992,24,0.00021629528203550679,0.00079842513753828996,0.016148996650444097,0.017163717070017893,0,0,0,0.080718121398074133,0.02663803442384155,0,0.060545247895925872,0.087765534538377848,0.0040907095244822247,0.040372374393777617,0.14889303465291415,0.0081814190489644494
2.4399999999999999,0.29127631878953536,1.5543855413555931,-1.3514455094141342,-5.1344051515070301,-0.0011474999999999992,24,0.00020893311796566083,0.002049639941927433,0.01493667896751389,0.017195252027406984,0,0,0,0.081419640958999104,0.024409876405006161,0,0.062899346558887362,0.086184696379219772,-0.0010584481502128348,0.044379052158775613,0.14795951635343338,-0.0021168963004256696
2.46,0.26580272286808504,1.4288486383663095,-1.1626430385004074,-7.4215856421653932,-0.0011474999999999992,24,0.00015463329047581812,0.004032333607436823,0.013037511066341771,0.017224477964254411,0,0,0,0.082014965699814729,0.022328130267853026,0,0.065242263271535553,0.083937078166596596,-0.0091249105235228934,0.048469560843256369,0.14554602606534014,-0.018249821047045787
2.48,0.24634355291636859,1.2573438873738461,-0.73730120022297729,-9.7363895068068711,-0.0011474999999999992,24,6.2187068992451759e-05,0.0066812143636277898,0.010503394602440893,0.017246796035061136,0,0,0,0.082433897786924434,0.020728060585952009,0,0.067471355021004861,0.080232938810508303,-0.019888232235640103,0.052508812255085295,0.1397378170350646,-0.039776464471280207
2.5,0.2384569424859361,1.0389303035436885,0.011021290656614391,-12.121442461036665,-0.0011474999999999992,24,1.3895530060979755e-08,0.009771308246738138,0.0074844751834365819,0.017255797325704782,0,0,0,0.082594806606882953,0.020077298662210676,0,0.069464226364194706,0.07409441291783829,-0.032710689842692056,0.056333646121506473,0.12811152717346591,-0.065421379685384112
2.52,0.25126449842329535,0.77070906538651052,1.356882866259669,-14.734360660399009,0.0022949999999999984,25,0.00021061772791885547,0.012782964435806976,0.0042912732929891069,0.017284855456714938,0,0,0,0.082330898446541678,0.021133460695902172,0,0.07115911835135133,0.064656038740233582,-0.046273389003614059,0.059987338256160976,0.10817861678456499,-0.092546778007228117
2.54,0.29613202919913661,0.44852854156388666,3.1819977634320553,-17.468534047119498,0.0022949999999999984,25,0.0011582703693287072,0.014726154351402692,0.0015020936892874031,0.017386518410018804,0,0,0,0.081300154282662573,0.024804937283034293,0,0.073137933249093845,0.051557265730653626,-0.058120057384949866,0.064975712215525103,0.078309594178272962,-0.11624011476989973
2.5600000000000001,0.3766408614217398,0.076990533909789161,4.6588478937829674,-19.380979897923886,0.0022949999999999984,25,0.0024829459700511734,0.015047723488027008,4.4985245537436863e-05,0.01757565470361562,0,0,0,0.079041956199922742,0.031262903897262877,0,0.077217311536572728,0.035876150447707644,-0.064308931169141034,0.075392666873222727,0.040489396998152412,-0.12861786233828207
2.5800000000000001,0.4681959340432264,-0.30806127399867833,4.1543766140667913,-18.675709024900019,0.0022949999999999984,25,0.0019743399620377978,0.015090132377912787,0.00071490256150966169,0.017779374901460247,0,0,0,0.07585262925677623,0.038358553607168978,0,0.084678326784335206,0.020906061280522414,-0.061463546714620877,0.093504024311894168,0.0034535689538758504,-0.12292709342924175
2.6000000000000001,0.53480083970207237,-0.65835752977333328,2.4680681129354931,-16.238464476797247,0.0022949999999999984,25,0.00069682622736663583,0.014060743379437029,0.0031738763816092676,0.017931445988412932,0,0,0,0.073131462946026224,0.043321924326765474,0,0.093244197594766209,0.0093697458036420267,-0.051019383360477122,0.11335693224350618,-0.02458243271948142,-0.10203876672095424
2.6200000000000001,0.5716448528264062,-0.95886801800599741,1.2827264776918899,-13.813130225666065,0.0080325000000000014,26,0.00018822544179574976,0.011577355799833326,0.0064623978769753915,0.018227979118604465,0,0,0,0.071486038815894534,0.045986370311347918,0,0.10004949781800551,0.0015843328137886276,-0.037051826890182674,0.1286129568201165,-0.042817704683770663,-0.074103653780365347
2.6400000000000001,0.58909617606640696,-1.2114028046220948,0.53379357372196856,-11.453747512488517,0.0080325000000000014,26,3.2595443045701406e-05,0.0084908063823586725,0.0098449062653900177,0.018368308090794393,0,0,0,0.070672671323670666,0.047226830594233382,0,0.10421989719333091,-0.0029749728695149247,-0.022685073626444029,0.13776712306299116,-0.053176776333263231,-0.045370147252888057
2.6600000000000001,0.59558056145660587,-1.417422135874931,0.17206778562038066,-9.1544551016362732,0.0080325000000000014,26,3.3869543700004657e-06,0.005551160081534434,0.012865878779630665,0.018420425815535098,0,0,0,0.070364950708735177,0.047684103344377456,0,0.10612401631520077,-0.0050836895323668196,-0.0098538957711915409,0.14188308192166635,-0.057851482409111095,-0.019707791542383082
2.6800000000000002,0.59801195440802946,-1.5776992468941664,0.11573735998127391,-6.8736453370920714,0.0080325000000000014,26,1.5323478020090314e-06,0.0031477248424408438,0.015290706083773312,0.018439963274016164,0,0,0,0.070248804043059818,0.047855047074679427,0,0.10656147459232702,-0.005450128317058496,0.00044523481045409199,0.14287414514159424,-0.058755303708796419,0.00089046962090818399
2.7000000000000002,0.60176099837638075,-1.6923112151010349,0.29195386315155369,-4.5850327498174641,0.0080325000000000014,26,9.7507643047136854e-06,0.0014336742167678331,0.017026652595042682,0.01847007757611523,0,0,0,0.070068900103241433,0.048118076003950676,0,0.10631278589215373,-0.0046597867785944866,0.0078184360985502979,0.14255667168106603,-0.057437649561139649,0.015636872197100596
2.7200000000000002,0.60466445838305738,-1.7618749410211052,0.016624231502288478,-2.375880151846911,-0.0080325000000000014,27,3.1615012834830597e-08,0.00037676960411604375,0.018069951785469461,0.018446753004598339,0,0,0,0.069928896047248959,0.048321315147800456,0,0.10592889962809257,-0.0037766151424928826,0.012249710267879124,0.1419289032089362,-0.055874545432786221,0.024499420535758248
2.7400000000000002,0.60291829015063836,-1.7874625468994205,-0.18458749683746084,-0.18435457394074684,-0.0080325000000000014,27,3.8977570633762385e-06,6.4169911336491742e-06,0.0184504643874767,0.018460779135673726,0,0,0,0.070013166539636046,0.048199133924720979,0,0.10573267215061724,-0.0036863563614941211,0.01386588679696186,0.14145217776159846,-0.055571846647709221,0.02773177359392372
2.7600000000000002,0.59732453429387489,-1.7692544797074721,-0.37927121686978205,2.0063287041950852,-0.0080325000000000014,27,1.6455458079142835e-05,0.00030935845493607414,0.018179897462493766,0.018505711375508983,0,0,0,0.070281683964482367,0.047806745330723183,0,0.10584651474541948,-0.0044778471447609811,0.012716689867880408,0.14141134552635659,-0.056762439620245145,0.025433379735760816
2.7800000000000002,0.58734120291296021,-1.7071081686108389,-0.63516307747306688,4.2123213821398835,-0.0080325000000000014,27,4.6150955275061443e-05,0.0012902634051867833,0.017249490761295724,0.018585905121757569,0,0,0,0.070755444267501341,0.047102729289378892,0,0.10616655169271338,-0.0060901254703146224,0.0087649114903827884,0.14157765911792541,-0.059282980230008137,0.017529822980765577
2.8000000000000003,0.57102202690169057,-1.600531638111093,-1.0261256099392524,6.4531790276973071,-0.0080325000000000014,27,0.00012045123576346369,0.0029591784695642584,0.01563737032876903,0.018717000034096751,0,0,0,0.071514666452505843,0.045941838036661485,0,0.10636100309235758,-0.0083011841929258451,0.001917644957394788,0.14120733973220931,-0.062544206422513182,0.0038352899147895761
2.8199999999999998,0.54781431519945145,-1.4486107366977343,-1.3400220780780199,8.7455306837257414,0,28,0.00020541592710465238,0.0051765924363946364,0.013334997726982309,0.018717006090481596,0,0,0,0.072561517718446031,0.044269923722496336,0,0.10590412855994727,-0.010380959855272244,-0.0078613756074485779,0.13924673940144849,-0.065031843433040831,-0.015722751214897156
2.8399999999999999,0.51524702374444131,-1.2503017949558508,-1.9815503327746207,11.100421363306907,0,28,0.00044918001232841225,0.0078660411422986319,0.010401781878722418,0.018717003033349465,0,0,0,0.073964537375212594,0.041883734442749739,0,0.10412853433570846,-0.011384344687586791,-0.020319818727818482,0.1342925312962043,-0.064652423817923327,-0.040639637455636965
2.8599999999999999,0.46546140193261931,-1.0037399658761679,-3.0882059664861892,13.584519955419836,0,28,0.0010909949032937912,0.010597095782815097,0.0070287623601493678,0.018716853046258256,0,0,0,0.075957238222474577,0.038150988999162888,0,0.10037604110787535,-0.01046596370722,-0.034646269282410096,0.12479484399327612,-0.059082916413602887,-0.069292538564820191
2.8799999999999999,0.3875495622293752,-0.70549667087769663,-4.8117820281150285,16.275062275600281,0,28,0.0026486349032692601,0.012442114001045571,0.0036250275148694633,0.018715776419184295,0,0,0,0.078696222358782264,0.032123271727162228,0,0.094501845301118076,-0.0065976539666357248,-0.049103179090768508,0.11030746824345389,-0.045318579660433678,-0.098206358181537015
2.8999999999999999,0.26963488727026053,-0.35232777944554883,-6.9773227353095697,18.968748445236759,0,28,0.0055691360780562305,0.012212329880773771,0.00093283856953140778,0.018714304528361408,0,0,0,0.081928798629265873,0.022642260381092794,0,0.08785784435855877,0.0011885898798660172,-0.060537892586088146,0.093786890087851654,-0.020265080621360759,-0.12107578517217629
2.9199999999999999,0.11506431662228428,0.044060313147910257,-8.092074890285085,20.222888328694818,-0.0011474999999999992,29,0.0074908308975131926,0.011396549266434651,1.4737874957708395e-05,0.018902118038905551,0,0,0,0.084437929181912993,0.0097588992960398087,0,0.08411175567806474,0.012581083887096304,-0.064437402841667907,0.083785582174216472,0.0154032684781528,-0.12887480568333581
2.9399999999999999,-0.035518738577611508,0.43569058382918113,-6.6553873843100186,18.56818812191057,-0.0011474999999999992,29,0.0050670697742221712,0.012573850095490087,0.001418683028360127,0.019059602898072386,0,0,0,0.084946388453049221,-0.0030184580142296976,0,0.085913053495902128,0.024185731624009017,-0.058474333042982815,0.086879718538755021,0.051389921262247736,-0.11694866608596563
2.96,-0.14702236316463319,0.78007409871243061,-4.5383058479438141,15.840424846904916,-0.0011474999999999992,29,0.0023561217469254235,0.012441933570884495,0.0043908237190960079,0.019188879036905925,0,0,0,0.084082991643035343,-0.012451928218442692,0,0.090728647279519251,0.032423580019497689,-0.04585056184549776,0.097374302916003158,0.077299088257438059,-0.09170112369099552
2.98,-0.22103575546249535,1.0702845764205531,-2.9723767564340222,13.216516352331386,-0.0011474999999999992,29,0.0010106898852041901,0.010365322700726074,0.0078985622280859751,0.019274574814016239,0,0,0,0.08293202593735724,-0.018635425241338266,0,0.095338449137126843,0.036576076362111909,-0.030951910346219955,0.10774487233689645,0.091787577965562084,-0.061903820692439909
3,-0.26992076203894633,1.3100168152844809,-2.0024913560806454,10.78132176723987,-0.0011474999999999992,29,0.00045872404639159936,0.007601592354273181,0.01127044706857061,0.019330763469235391,0,0,0,0.081922322430614813,-0.022665680831918243,0,0.098540055390469034,0.0373970760602522,-0.016630279185479907,0.11515778835032327,0.097459832952422637,-0.033260558370959814
3.02,-0.29828615610226256,1.5011246378592595,-0.90044776558273143,8.3598289356248543,0.014179581298828129,30,9.2752848466234373e-05,0.0047069941790670415,0.014128709853094414,0.018928456880627692,0,0,0,0.08124653271429029,-0.024980010446470149,0,0.10015596484241301,0.036522197460863534,-0.0044901892070403791,0.11906539697053573,0.098024405368197218,-0.0089803784140807582
3.04,-0.30802988833920497,1.6453606512626813,-0.11530725454978907,6.0825154000366792,0.014179581298828129,30,1.5209798826747484e-06,0.0024715755039571431,0.016317155918051315,0.018790252401891132,0,0,0,0.080999281277285909,-0.025770456584296688,0,0.10050017332257065,0.035522917662573053,0.0048049435866943336,0.12000106536785538,0.096816291909442798,0.0096098871733886673
3.0600000000000001,-0.30420160663017887,1.7450089568739138,0.47266910641496229,3.8934744255630402,0.014179581298828129,30,2.5557869127452553e-05,0.0010008755239097225,0.017818090184355033,0.018844523577392209,0,0,0,0.081097344052367598,-0.025460180432430507,0,0.1001246906622747,0.035146902793962036,0.011179961707250391,0.11915203727218179,0.095753986020354578,0.022359923414500781
3.0800000000000001,-0.2898968498172631,1.8014230979576427,0.94380676767390359,1.7532885767653985,0.014179581298828129,30,0.00010190051541575994,0.00028827272985413026,0.018657186061003805,0.019047359306273697,0,0,0,0.08145323614732182,-0.024297537346995229,0,0.099402614155679858,0.035874607044960455,0.014743909535354243,0.11735199216403791,0.096046751436916128,0.029487819070708486
3.1000000000000001,-0.26681017497877918,1.815251597641673,1.3606117015725188,-0.37003532258975547,0.014179581298828129,30,0.00021177691116013031,0.00030166180652106071,0.018861285533599944,0.019374724251281134,0,0,0,0.081992429560712454,-0.022410745073102919,0,0.098492636020872701,0.03795726194803023,0.015610794825008257,0.11499284248103295,0.098325268969163368,0.031221589650016514
3.1200000000000001,-0.24044341872141464,1.7854029126162558,1.2832603936097795,-2.6151494660589183,0.0011474999999999992,31,0.00018838216651669018,0.00079668730764414445,0.018419911404263564,0.019404980878424398,0,0,0,0.082554760593321036,-0.02024133156142275,0,0.09756201393393267,0.040966114348841655,0.013736117075533322,0.1125692672745443,0.10217356025910607,0.027472234151066643
3.1400000000000001,-0.21493277688353504,1.7106199100645965,1.2881414591609066,-4.8643829202855082,0.0011474999999999992,31,0.00018981796932669297,0.00194212576083742,0.017302312129324812,0.019434255859488925,0,0,0,0.083044212379665638,-0.018128948955772044,0,0.096666628515991532,0.044271955890344314,0.008989263206442449,0.11028904465231743,0.10667286073646068,0.017978526412884898
3.1600000000000001,-0.1878296079981403,1.5907385183530254,1.4566460359285922,-7.1275186500592547,0.0011474999999999992,31,0.00024272710099707857,0.0037339358290861329,0.015488699655565307,0.019465362585648519,0,0,0,0.083505004675878847,-0.015871805003888288,0,0.095546508971270303,0.047481157828312824,0.0012861861007700801,0.10758801326666176,0.11083412066051393,0.0025723722015401603
3.1800000000000002,-0.15497355401834995,1.4252790185099755,1.8801700581435652,-9.4275890265552817,0.0011474999999999992,31,0.0004043937834674963,0.0061148213465748438,0.012983862253225857,0.019503077383268196,0,0,0,0.083981327118770835,-0.01312008747569955,0,0.093831935286826068,0.049933390514634801,-0.0093527767022347184,0.10368254345488132,0.11298686850496915,-0.018705553404469437
3.2000000000000002,-0.11015982961639878,1.2130963095160778,2.6750983781130051,-11.809894219287754,0.0011474999999999992,31,0.0008186338951502569,0.0088668716932612593,0.0098689882002273924,0.01955449378863891,0,0,0,0.084484775852187846,-0.0093446588597753816,0,0.091126898344386975,0.050706568087818926,-0.022582788819965206,0.097769020836586118,0.11075779503541323,-0.045165577639930413
3.2200000000000002,-0.044891180513039891,0.95200710280775525,3.9538755851855738,-14.331672958416915,6.8917236328124961e-05,32,0.0017883651791230828,0.011393027417062522,0.0063773207785947769,0.019558713374780382,0,0,0,0.084914367613376521,-0.0038144688778849892,0,0.087272180486418632,0.048673097667961518,-0.03741318051905039,0.08962999335946073,0.10116066421380802,-0.07482636103810078
3.2400000000000002,0.052532010659776529,0.63830040247585185,5.8976193864805477,-17.069993149026949,6.8917236328124961e-05,32,0.0039789060858958641,0.012594897438237336,0.0029899541271124646,0.019563757651245666,0,0,0,0.084882743452818807,0.0044631674764619702,0,0.082864807792689898,0.042841273574062255,-0.051800568607235545,0.08084687213256099,0.081219379671662539,-0.10360113721447109
3.2600000000000002,0.19336811009989008,0.26977985763255496,8.1133276795414826,-19.64544037587919,6.8917236328124961e-05,32,0.0075302299671157601,0.011494355062272818,0.00054927947692863174,0.01957386450631721,0,0,0,0.083415818344958967,0.016334051850070964,0,0.080112401925311147,0.033204157718989255,-0.062167008677673156,0.076808985505663313,0.050074263587907536,-0.12433401735534631
3.2800000000000002,0.3652261130821654,-0.13363002497523269,8.6099509340336642,-20.187947362343028,6.8917236328124961e-05,32,0.0084803067016623185,0.010976170583390739,0.00013538536034709149,0.019591862645400148,0,0,0,0.079393657242357668,0.030358642751003025,0,0.082462918717838563,0.022331936960163553,-0.063924968737907359,0.085532180193319443,0.014305231169324081,-0.12784993747581472
3.3000000000000003,0.52043029854818623,-0.51855960659531419,6.6940363685251132,-18.03263997209989,6.8917236328124961e-05,32,0.0051260913512734315,0.012467691043549943,0.0019964271725575362,0.01959020956738091,0,0,0,0.07374644986598361,0.042266548619019823,0,0.08964270517431569,0.014530846664276821,-0.056020441842688007,0.10553896048264778,-0.01320485529046618,-0.11204088368537601
3.3200000000000003,0.63262966513755159,-0.85184102303966469,4.6047661934473467,-15.297860868665197,0.0011474999999999992,33,0.0024256345725931,0.012110708510827961,0.0051844760807458002,0.019720819164166861,0,0,0,0.068550414342863575,0.050257742621627216,0,0.097248102334795236,0.011114750917049908,-0.042479629286672614,0.1259457903267269,-0.0280282407875274,-0.084959258573345228
3.3399999999999999,0.70904208679735636,-1.1317783764458582,3.1459771492403301,-12.730554536702153,0.0011474999999999992,33,0.001132195264155643,0.0099457605171953904,0.0087311103354027527,0.019809066116753787,0,0,0,0.064513803891447452,0.055344097313587651,0,0.10252766809218818,0.011031892412910679,-0.027415773295095341,0.1405415322929289,-0.033280312487766292,-0.054831546590190683
3.3599999999999999,0.7623497274273755,-1.3621978024991268,2.2675700245474264,-10.33224762565729,0.0011474999999999992,33,0.00058820894010202206,0.0072410343316029295,0.012041051159881659,0.01987029443158661,0,0,0,0.0614732948583269,0.058702930244249309,0,0.10505281419732811,0.013066764707640163,-0.013357241081032712,0.14863233353632932,-0.032569400828968982,-0.026714482162065425
3.3799999999999999,0.80253938913616241,-1.545645800429603,1.810178162620365,-8.0219944496655309,0.0011474999999999992,33,0.00037484597265683708,0.0047375717603027568,0.014803987388614574,0.019916405121574169,0,0,0,0.059065039588358313,0.061125453768668798,0,0.10543380303086775,0.016319686620337885,-0.0016220379348684416,0.15180256647337717,-0.028486080527993028,-0.0032440758697368831
3.3999999999999999,0.83672902432692398,-1.6833061074958646,1.6497391274894784,-5.7470827611242772,0.0011474999999999992,33,0.00031134418303197241,0.0027534493456496654,0.016890837688812513,0.019955631217494149,0,0,0,0.05694107162934213,0.063108750278405373,0,0.10452669933938272,0.020173711571232697,0.0072415803976066612,0.15211232704942332,-0.022761327135939979,0.014483160795213322
3.4199999999999999,0.86245844735736954,-1.7766756835978965,0.94597708264776315,-3.603173419961069,-0.018360000000000001,34,0.00010236970148235832,0.0010905379789272608,0.018290299456668022,0.01948320713707764,0,0,0,0.055298652499041756,0.064552761612422307,0,0.10324833982683292,0.023477011625190565,0.013185607614118343,0.15119802715462408,-0.017598738362041177,0.026371215228236686
3.4399999999999999,0.87522389321686667,-1.8278480612763515,0.34164707679878914,-1.5215420056160993,-0.018360000000000001,34,1.3352593405054192e-05,0.00018887804648729203,0.019046590288516501,0.019248820928408846,0,0,0,0.054470124516771572,0.065253394816878307,0,0.10235903045118844,0.025278238328239423,0.016397852057919226,0.1502479363856053,-0.014696918160399461,0.032795704115838452
3.46,0.87637937956723566,-1.8377149470418432,-0.2240151078183501,0.53345148830042,-0.018360000000000001,34,5.74069962506231e-06,3.0548334455628089e-05,0.019191314253435031,0.019227603287515722,0,0,0,0.054394688763669582,0.065316290726766771,0,0.10220309393117968,0.025501976557385682,0.017012547797464458,0.1500114990986898,-0.014312337611995407,0.034025095594928917
3.48,0.8661793020090317,-1.806442177818373,-0.80243948710633339,2.5985467723269879,-0.018360000000000001,34,7.3660521570768924e-05,0.00060987842353390229,0.018731343140564988,0.01941488208566966,0,0,0,0.055058078812124121,0.064758072527816415,0,0.1028399843717519,0.02413333155879787,0.015058881840659984,0.15062188993137968,-0.016491409410220675,0.030117763681319968
3.5,0.84383521890725066,-1.73346544064374,-1.4486144672537482,4.7096820282985936,-0.018360000000000001,34,0.0002400578115870855,0.0019398073081198885,0.017645273629992821,0.019825138749699794,0,0,0,0.056491174645439977,0.063511787781311904,0,0.10404917875431342,0.021210860508509712,0.010445946440676264,0.15160718286318686,-0.021090066764292481,0.020891892881352528
3.52,0.81419598631300649,-1.6166697822830649,-1.5488751892931969,6.972363619505602,0,35,0.00027443724597658609,0.0036684414931165924,0.015882264488025745,0.019825143227118924,0,0,0,0.058348528209221186,0.061809782848815456,0,0.10520190400865734,0.017580125446240824,0.0029578002379618763,0.15205527980809347,-0.026649531956333808,0.0059156004759237527
3.54,0.78023025624612441,-1.4543917489756018,-1.8974627006979037,9.2627888432303607,0,35,0.00041186672022216564,0.0059911229581371492,0.013422163422874287,0.019825153101233603,0,0,0,0.06041388469857193,0.059792662891258307,0,0.10547891470995152,0.014259425276527349,-0.0074911509392019777,0.15054394472133112,-0.031273812338203609,-0.014982301878403955
3.5600000000000001,0.73591477088502355,-1.2457058618971892,-2.6052044386145554,11.622416994912086,0,35,0.00077641483555980441,0.0087131395849648109,0.010335593242653103,0.019825147663177719,0,0,0,0.063003445807323838,0.05705756581211302,0,0.10403227164480913,0.011753189987489955,-0.020600946132122395,0.1450610974822944,-0.03355118583713311,-0.04120189226424479
3.5800000000000001,0.67262970061561034,-0.98855584186020096,-3.823176198504,14.124018424116253,0,35,0.0016720868595882913,0.011317626412798208,0.0068352155865540349,0.019824928858940535,0,0,0,0.066485805779004994,0.05295882957464626,0,0.10005080662972946,0.010820509195266725,-0.03546833339044328,0.13361580748045393,-0.031317811184112809,-0.070936666780886559
3.6000000000000001,0.57846725499019946,-0.67921151123651669,-5.707409359896169,16.846194676257973,0,35,0.0037263895440302992,0.012726847082706192,0.0033702285710824759,0.019823465197818968,0,0,0,0.071170640078891831,0.046473002816267837,0,0.09332327735100554,0.012547556244092498,-0.050185403622653432,0.11547591462311924,-0.021377890328082842,-0.10037080724530686
3.6200000000000001,0.44051947992371898,-0.31403781894870519,-8.0583971273015571,19.575894681771928,-0.0011474999999999992,36,0.0074286096574751942,0.011809267873015221,0.00074268006587239642,0.019980557596362813,0,0,0,0.076885073302854559,0.036244799671327765,0,0.085380916638012436,0.018222806350451093,-0.06134556546945126,0.093876759973170326,0.00020081302957442038,-0.12269113093890252
3.6400000000000001,0.26597780760052431,0.091939365239673165,-8.9445019176320173,20.529108980641706,-0.0011474999999999992,36,0.0091521373545601029,0.010975238299024826,6.4136761907870762e-05,0.020191512415492798,0,0,0,0.082011055128050292,0.022342489493874573,0,0.080454509548734579,0.028055995383609107,-0.064227587657543869,0.078897963969418852,0.03376950127334364,-0.12845517531508774
3.6600000000000001,0.10186126026437572,0.48638822912851509,-7.1903594154403754,18.588936747251946,-0.0011474999999999992,36,0.0059144096971032812,0.012688040152907941,0.0017611536887408759,0.020363603538752096,0,0,0,0.084559413203452644,0.0086432423712262656,0,0.081493642457554444,0.038636590255636358,-0.057019734587407084,0.078427871711656244,0.068629938140046448,-0.11403946917481417
3.6800000000000002,-0.019178144187118176,0.83055874131519536,-4.9833928447796527,15.821875214953378,-0.0011474999999999992,36,0.002840929489822857,0.012719977817280853,0.0049435606239503641,0.020504467931054073,0,0,0,0.084984368927488146,-0.0016300423296924673,0,0.08589759319542431,0.045982088156799196,-0.043502885559164275,0.086810817463360487,0.093594218643290858,-0.087005771118328551
3.7000000000000002,-0.1019987958200126,1.120598290949288,-3.4144224205173908,13.220036938873218,-0.0011474999999999992,36,0.0013336587091111155,0.01068872678116752,0.0085778377660722729,0.020600223256350907,0,0,0,0.084558223650550199,-0.008654872215320953,0,0.090471362783337061,0.04911658053725669,-0.028066778091775942,0.09638450191612391,0.10688803328983433,-0.056133556183551883
3.7200000000000002,-0.15952113307909654,1.3604903434149556,-2.4270214572397779,10.794226687829745,-0.0001921838378906249,37,0.00067384100933494818,0.0079218147160903425,0.012015688579641798,0.020611344305067086,0,0,0,0.083920794303955201,-0.0135018622194585,0,0.093940586125399836,0.048776131345315915,-0.013464965258062364,0.10396037794684446,0.11105412491009034,-0.026929930516124728
3.7400000000000002,-0.20207460219064011,1.553078527816937,-1.8910588313282592,8.4767176477467601,-0.0001921838378906249,37,0.00040909134037423779,0.0052935834153958888,0.014916833707892107,0.020619508463662235,0,0,0,0.083270446283539773,-0.017059682756139338,0,0.096213703121248079,0.046117973513616309,-0.0011427382437474249,0.10915695995895638,0.10929562978337196,-0.0022854764874948499
3.7600000000000002,-0.23726432798213715,1.699874200939087,-1.6716455359519411,6.2076488202881679,-0.0001921838378906249,37,0.00031966757914778083,0.0031659906514643513,0.017140602567403667,0.0206262607980158,0,0,0,0.082618692340286418,-0.019978780642999704,0,0.09765294224137834,0.042192684640118744,0.0083024234089520456,0.11268719214247026,0.1043641499232372,0.016604846817904091
3.7800000000000002,-0.27037327906122721,1.8014894997029574,-1.6677331139252918,3.9550695057198078,-0.0001921838378906249,37,0.0003181729908833892,0.0016562791848957236,0.01865816772401873,0.020632619899797842,0,0,0,0.08191205743688218,-0.02270274975541324,0,0.098683052659891662,0.037807397199506765,0.014748079018088382,0.11545404788290115,0.09831754415442677,0.029496158036176764
3.8000000000000003,-0.30483051209083833,1.8580902370098533,-1.7925565420567804,1.7049196891891705,-0.0001921838378906249,37,0.0003675834360412471,0.00078273534049230547,0.019488921910832568,0.020639240687366122,0,0,0,0.081081315969025278,-0.025511177956556337,0,0.099646374771688279,0.033493521917578595,0.018276596631127105,0.11821143357435129,0.09249822179171352,0.036553193262254209
3.8200000000000003,-0.33514966421643122,1.8718084927182339,-1.2406672237496434,-0.32927635439707803,0.018360000000000001,38,0.00017608437675074553,0.00021818567781125989,0.019688296218570978,0.020082566273132985,0,0,0,0.080270692996419979,-0.027957393402720725,0,0.10053154066542708,0.030215135761884043,0.019123412413230453,0.12079238833443418,0.088387664926488807,0.038246824826460905
3.8399999999999999,-0.35435043563132146,1.8449495364591399,-0.67283624761935945,-2.3590306685004161,0.018360000000000001,38,5.1787979397140751e-05,0.00038106346447015803,0.019297181649606986,0.019730033093474285,0,0,0,0.079719126231114254,-0.029493404566914159,0,0.10126361910470622,0.02874023011159724,0.017462205443454736,0.12280811197829816,0.086973864790108643,0.034924410886909472
3.8599999999999999,-0.36163902000781661,1.7772183319332937,-0.040888116417424403,-4.4231709295448525,0.018360000000000001,38,1.9125130854852496e-07,0.0012976616164216261,0.018298365563554259,0.019596218431284434,0,0,0,0.079502045498034413,-0.030073655607997952,0,0.10183817359796805,0.028973634671491461,0.013219867327362635,0.1241743016979017,0.088020924950980878,0.02643973465472527
3.8799999999999999,-0.35517303629910196,1.6675219645712183,0.71421395555332257,-6.5625639467809629,0.018360000000000001,38,5.8353494677508654e-05,0.003004151831535989,0.016652454587873518,0.019714959914087015,0,0,0,0.079694837967715398,-0.029558971587313188,0,0.10202003684549321,0.030632672831235011,0.0062290799688817329,0.12434523572327102,0.09082431724978321,0.012458159937763466
3.8999999999999999,-0.33168837257976658,1.5139193132880662,1.6789314438971048,-8.821986126386733,0.018360000000000001,38,0.00032246020970928206,0.0055011337799370265,0.014322618115117251,0.020146212104763559,0,0,0,0.08036698065252855,-0.027679386206997128,0,0.10133678580257351,0.033206354256240876,-0.0036665897251221139,0.12230659095261846,0.09409209471947888,-0.0073331794502442278
3.9199999999999999,-0.29265305239896772,1.314256384400907,2.2902008435230083,-11.158991956796635,8.6846923828124949e-05,39,0.00060000842273064971,0.0082169148326415118,0.011332686870547913,0.020149610125920075,0,0,0,0.081385957911170759,-0.024521946392591733,0,0.099384822491297514,0.035214536662831739,-0.016365923927336427,0.11738368707142428,0.094951019718255203,-0.032731847854672855
3.9399999999999999,-0.23694448064740853,1.0667197004622304,3.3739210081688564,-13.623534572153552,8.6846923828124949e-05,39,0.0013022070050994392,0.01100101642068846,0.0078511133065189646,0.020154336732306863,0,0,0,0.082625078273875441,-0.01995235425296869,0,0.095882254321859386,0.034947192676047997,-0.031153443312440687,0.10913943036984333,0.089846739605064674,-0.062306886624881375
3.96,-0.15334658721796068,0.76781960742713462,5.104740039940471,-16.308311821582272,8.6846923828124949e-05,39,0.0029809690515971796,0.012918883827128224,0.0042607507945696529,0.020160603673295058,0,0,0,0.084002561905952358,-0.012983435340334377,0,0.090845543004233628,0.031290512829906206,-0.04640302924494711,0.097688524102514898,0.075564461000146785,-0.092806058489894219
3.98,-0.028514596511736642,0.4132414856496287,7.4168241852290784,-19.115472791910847,8.6846923828124949e-05,39,0.0062928325404446473,0.012597773413022687,0.0012782878426478308,0.020168893796115164,0,0,0,0.084965446347237253,-0.0024234122667738832,0,0.085703928890955336,0.023467972293302993,-0.059070642870167216,0.086442411434673419,0.049359356853379874,-0.11814128574033443
4,0.13798145595204947,0.010877323349905765,8.8664959821306191,-20.707242163172278,8.6846923828124949e-05,39,0.0089931999530677327,0.011201739201483811,8.9835867106949551e-07,0.020195837513222615,0,0,0,0.084192130472535265,0.01169124315441258,0,0.084095633218086122,0.012386148677248946,-0.064496184341356316,0.083999135963636964,0.013081054200085311,-0.12899236868271263
4.0200000000000005,0.30668217074374926,-0.39383926643890277,7.6130569670609489,-19.32635357887343,0.0011474999999999992,40,0.006630226507978761,0.012577712973062196,0.0011625914551238626,0.020370530936164821,0,0,0,0.081033939003337316,0.025661269056759584,0,0.088506201432625997,0.0020651305893828603,-0.059562047846059028,0.095978463861914692,-0.021531007877993863,-0.11912409569211806
4.04,0.43591837730167021,-0.75336672270375615,5.3316752241087801,-16.576402672658734,0.0011474999999999992,40,0.003251902978714717,0.01315829232798571,0.0041094534508228329,0.020519648757523261,0,0,0,0.077051024924595993,0.035890661153972749,0,0.095682221574129409,-0.0041072868152678896,-0.04704564453439164,0.11431341822366281,-0.044105234784508528,-0.094091289068783279
4.0600000000000005,0.52395162629364733,-1.0577837555638236,3.5900135488115126,-13.904916185525227,0.0011474999999999992,40,0.0014743560680843841,0.011414810365644682,0.0077325858193891409,0.020621752253118207,0,0,0,0.073597158584946296,0.042525971455362029,0,0.10171278301130063,-0.0061320603027880533,-0.031656873006332222,0.12982840743765495,-0.054790092060938135,-0.063313746012664443
4.0800000000000001,0.58393668798750054,-1.3110267468500041,2.5042135717073126,-11.447810930762303,0.0011474999999999992,40,0.00071738606457213592,0.0086880670317288494,0.011285267217666945,0.020690720313967931,0,0,0,0.070915395849670132,0.046861568811602854,0,0.10528200142210907,-0.0051452568236404761,-0.016567332578716683,0.13964860699454801,-0.057152082458883806,-0.033134665157433366
4.0999999999999996,0.62735897483042125,-1.516517067503286,1.9061680256651465,-9.1153248030843166,0.0011474999999999992,40,0.00041565457692700595,0.0059628803224356913,0.014362006375636992,0.020740541274999691,0,0,0,0.06881435394420285,0.049895738207205373,0,0.10662065248579179,-0.0022453083558737624,-0.0034992933416709477,0.14442695102738073,-0.054386354918952898,-0.0069985866833418954
4.1200000000000001,0.65518004629527393,-1.6760305509602116,0.92260568860196501,-6.8616149915254061,-0.018360000000000001,41,9.7373877087794121e-05,0.0033512795105628025,0.016781006355948397,0.020229659743598992,0,0,0,0.06739975026257819,0.051790671597712376,0,0.10648232247736396,0.00092908734646489355,0.0067750864591759928,0.14556489469214973,-0.049932496904782589,0.013550172918351986
4.1399999999999997,0.66570611738801577,-1.7918309659111076,0.15793485479276093,-4.735942253962997,-0.018360000000000001,41,2.8534231292923331e-06,0.0015182940699413998,0.018515220300493442,0.020036367793564134,0,0,0,0.066850874188216114,0.052497243930241716,0,0.10571785006872987,0.0030033825359699964,0.014140928901178388,0.14458482594924363,-0.046490478858301723,0.028281857802356775
4.1600000000000001,0.66235066087414751,-1.8660256959575294,-0.47742839030270345,-2.6940885093337004,-0.018360000000000001,41,2.6075142342872187e-05,0.00046753649445906847,0.019604353066011746,0.020097964702813685,0,0,0,0.067026649737171429,0.052272633614641406,0,0.10497623444239038,0.0036117312300451912,0.018766875068007758,0.14292581914760932,-0.045049171154551024,0.037533750136015516
4.1799999999999997,0.64707047017701724,-1.8998795366860035,-1.0429670307361185,-0.69508163783253729,-0.018360000000000001,41,0.00012443752557435447,0.00016048756279686912,0.020093585426067574,0.020378510514438796,0,0,0,0.067817529784842373,0.051242391180369579,0,0.10461491221960525,0.0025423301217480515,0.020844824269739937,0.14141229465436816,-0.046157730936873476,0.041689648539479873
4.2000000000000002,0.62078972948624711,-1.8938466463025252,-1.5848150912424939,1.3011131049481839,-0.018360000000000001,41,0.0002873210219584142,0.00056691436643434854,0.020006798029726831,0.020861033418119596,0,0,0,0.069140644096736703,0.049442606463336751,0,0.10471809541025033,-0.00030897572642256399,0.020476206378384428,0.14029554672376396,-0.050060557916181879,0.040952412756768856
4.2199999999999998,0.59024248760914888,-1.8456163714876075,-1.4816690697049433,3.5225477187576142,-0.0011474999999999992,42,0.00025113811849109658,0.0013380199959061344,0.019306929036182224,0.020896087150579456,0,0,0,0.070618488241484118,0.047307812446649569,0,0.10516965228626222,-0.0042682559792020167,0.017503606167950322,0.13972081633104033,-0.055844324405053603,0.035007212335900643
4.2400000000000002,0.56079124872846631,-1.7528989674066349,-1.4885124564810672,5.7511785192041316,-0.0011474999999999992,42,0.00025346333975100554,0.002740411580365934,0.017936010155368904,0.020929885075485842,0,0,0,0.071980936361649581,0.045207795793426542,0,0.10571844952084916,-0.008509881547209705,0.011680811057462206,0.13945596268004873,-0.062227558887845952,0.023361622114924412
4.2599999999999998,0.52941897693265128,-1.6154366394030717,-1.6883429857705399,8.0003208578233043,-0.0011474999999999992,42,0.00032608555600968327,0.004776251588708133,0.015863557303669371,0.020965894448387187,0,0,0,0.073363555368508707,0.042927715332774896,0,0.10590566461640469,-0.012686817495468017,0.0028783439673350738,0.13844777386430068,-0.06830135032371093,0.0057566879346701476
4.2800000000000002,0.49133922807646724,-1.4325651380453621,-2.1772344045077974,10.298661037078729,-0.0011474999999999992,42,0.0005422762487516412,0.0073739379094595247,0.013093396455002322,0.021009610613213488,0,0,0,0.074944652332720574,0.040103604410671644,0,0.10508593262770331,-0.016223695984538163,-0.0088875447884712768,0.13522721292268605,-0.072550996379747962,-0.017775089576942554
4.2999999999999998,0.43956476792396809,-1.202811367925035,-3.0832623751901247,12.700511022160015,-0.0011474999999999992,42,0.0010875047759703836,0.010258532297293611,0.0097229719513141303,0.021069009024578124,0,0,0,0.076919641603364133,0.036171380062281468,0,0.10252982590066215,-0.018289527819927098,-0.023202973363429625,0.12814001019796015,-0.072750435702135657,-0.04640594672685925
4.3200000000000003,0.36449854494078837,-0.92344325885514422,-4.5377918341613395,15.27574606949179,-5.4349365234374961e-05,43,0.0023555880629880358,0.012689442013391386,0.0060276234007049009,0.02107265347708432,0,0,0,0.079415724207960336,0.030300870425206995,0,0.097756857738374545,-0.017769511107497721,-0.038898473493438245,0.11609799126878875,-0.06583989264020243,-0.077796946986876489
4.3399999999999999,0.25308505426170558,-0.59001008892782103,-6.7135529667614371,18.097143228847735,-5.4349365234374961e-05,43,0.0051560253701119704,0.013352852467884133,0.0025673998003621092,0.021076277638358211,0,0,0,0.082292287382842375,0.021283313588341526,0,0.091277808594727838,-0.013459354219652005,-0.053595311755172834,0.10026332980661329,-0.048202022027645536,-0.10719062351034567
4.3600000000000003,0.09477768450879176,-0.2011612353228891,-8.9645334277795961,20.580982165778856,-5.4349365234374961e-05,43,0.009193176290449542,0.01158914869313458,0.00030622000136766694,0.021088544984951788,0,0,0,0.08461851629165841,0.0080440475258628553,0,0.08583814246081127,-0.004785682349847142,-0.063199371383929379,0.087057768629964116,-0.017615412225557139,-0.12639874276785876
4.3799999999999999,-0.089185586772636799,0.21541016135965041,-8.9134959665914089,20.525305609880611,-5.4349365234374961e-05,43,0.009088795900256446,0.011656098585394396,0.00035096383151911597,0.021095858317169959,0,0,0,0.084662176084235388,-0.0075707292041071452,0,0.085890126475141423,0.0061612310093414639,-0.06300932793272547,0.087118076866047472,0.019893191222790072,-0.12601865586545094
4.4000000000000004,-0.24602891016069039,0.6026194981006685,-6.6351623653998946,18.003937951828114,-5.4349365234374961e-05,43,0.0050363199888993392,0.01338496279196864,0.0026749364970314717,0.021096219277899449,0,0,0,0.082440415640438913,-0.020702122331579351,0,0.091344462064602616,0.014755753741835721,-0.053138563977949922,0.10024850848876632,0.050213629815250793,-0.10627712795589984
4.4199999999999999,-0.35663904795698465,0.93467669807394316,-4.5343630986845715,15.22955358408019,-0.0011474999999999992,44,0.0023520296639691989,0.012708916628166164,0.0061642748274970249,0.02122522111963239,0,0,0,0.079651418546629188,-0.029675773343077284,0,0.097765599603665057,0.0189436914413161,-0.0383180647829722,0.11587978066070093,0.067563156225709492,-0.0766361295659444
4.4400000000000004,-0.43227591851858027,1.2134571909643821,-3.1416694403258481,12.685169660965611,-0.0011474999999999992,44,0.0011290968128265587,0.010309202754442508,0.0098741219706251129,0.021312421537894179,0,0,0,0.07718124375256788,-0.035609768502571089,0,0.102495847232895,0.01925755200735195,-0.02256098381487805,0.12781045071322211,0.074124872517274981,-0.0451219676297561
4.46,-0.4861773458459776,1.443207811356702,-2.3301557525145555,10.309994309177704,-0.0011474999999999992,44,0.00062112657162276936,0.0074995782883628542,0.013253588662439402,0.021374293522425026,0,0,0,0.075150663047440572,-0.039716216379837216,0,0.10504329270647059,0.01684634531091217,-0.0082071497517864373,0.13493592236550062,0.073408907001661555,-0.016414299503572875
4.4800000000000004,-0.52823126867451098,1.626404416310006,-1.9331106690533004,8.0184985166037883,-0.0011474999999999992,44,0.00042748771816068912,0.0049651449973096033,0.01602990262791109,0.021422535343381382,0,0,0,0.073414489213348547,-0.042840550574696525,0,0.10587265771922591,0.012781980641492538,0.0035848735470229813,0.13833082622510329,0.068404511857681594,0.0071697470940459626
4.5,-0.56544608734954327,1.7641569627680953,-1.8287911504402614,5.7594195949712859,-0.0011474999999999992,44,0.00038259424170750063,0.0029786686661313019,0.018103968041262276,0.021465230949101077,0,0,0,0.071769722304875716,-0.045542364456416032,0,0.10568430581230522,0.0079032629163811388,0.012394189777702508,0.13959888931973471,0.061348890289178309,0.024788379555405016
4.5200000000000005,-0.5951646098177289,1.8585439786771314,-1.1636864083875427,3.6940278302145004,0.018360000000000001,45,0.00015491095456976773,0.0012691266368893548,0.019495529522726571,0.020919567114185696,0,0,0,0.070384778901974879,-0.047654830803603873,0,0.10505961971915874,0.0035588859009383356,0.018304661581407457,0.13973446053634259,0.054772602605480544,0.036609323162814913
4.54,-0.61258599700436955,1.9123955132955626,-0.58852793831470873,1.7001665117380087,0.018360000000000001,45,3.9622728161785352e-05,0.00028701044168101455,0.020273063325575501,0.020599696495418301,0,0,0,0.069543926851634658,-0.048873737713157242,0,0.10448761423802362,0.00084869714107761035,0.021607132711414803,0.13943130162441258,0.050571131995312463,0.043214265422829606
4.5600000000000005,-0.61894530719785057,1.9267859580191091,-0.049782023155711008,-0.25846413733108009,0.018360000000000001,45,2.8350145445106934e-07,4.2164625378262562e-06,0.020478434334738935,0.020482934298731211,0,0,0,0.069231719485866039,-0.04931499789141592,0,0.10430685613410792,-7.4155851712859322e-05,0.02247941868305698,0.13938199278234981,0.049166686187990201,0.04495883736611396
4.5800000000000001,-0.61453552874319917,1.9020287954623853,0.49529128124770194,-2.22126238035007,0.018360000000000001,45,2.8062836915842218e-05,0.00041137538156468692,0.020124461045448634,0.020563899263929163,0,0,0,0.069448513852267399,-0.049009222843373307,0,0.10461633591846693,0.00082533555646002732,0.020975964345262634,0.13978415798466648,0.050659893956293361,0.041951928690525268
4.6000000000000005,-0.59880260756851134,1.8376445800522738,1.090635375117214,-4.2275363600513991,0.018360000000000001,45,0.00013607218746501565,0.0015264118308397766,0.019190283499344221,0.020852767517649015,0,0,0,0.070210945345386078,-0.047910574549959326,0,0.10527987228080665,0.0034814727279676022,0.017008169806932642,0.14034879921622723,0.05487352000589453,0.034016339613865285
4.6200000000000001,-0.57711935286175953,1.7308218105957653,1.1070990857291785,-6.4572257153133599,0.00019330444335937487,46,0.00014021135636359388,0.003111100554808757,0.017605649217651481,0.020856961128823834,0,0,0,0.071233216466506405,-0.046377029571069366,0,0.10597555763323718,0.0069857824022694984,0.010277647033857801,0.14071789879996799,0.060348594375608362,0.020555294067715602
4.6399999999999997,-0.55306430266233575,1.5791874528847867,1.3423034137157586,-8.7128708477041368,0.00019330444335937487,46,0.00020611594778148187,0.0053421994046554139,0.015313305138498479,0.020861620490935373,0,0,0,0.072328102260233756,-0.044650258940270089,0,0.1062085765244572,0.010232074675893009,0.00054122128142405934,0.14008905078868067,0.065114408292056114,0.0010824425628481187
4.6600000000000001,-0.52133297307585813,1.3819046230879479,1.8931676656884029,-11.030090871126482,0.00019330444335937487,46,0.00041000425422814066,0.0081233457097591201,0.012334420819583821,0.020867770783571084,0,0,0,0.07370826688926678,-0.04233310043193883,0,0.10526023968343053,0.012603608853840105,-0.012111192577370788,0.13681221247759429,0.067540318139619041,-0.024222385154741576
4.6799999999999997,-0.47435900611229154,1.1371504746159751,2.8933461114217005,-13.474129779817222,0.00019330444335937487,46,0.00095765919577397117,0.011114096497692516,0.0088050468845419696,0.020876802578008457,0,0,0,0.075614783655023374,-0.038825307375525198,0,0.1023493746861745,0.013242028431334575,-0.027101737663345359,0.12908396571732561,0.065309364238194348,-0.054203475326690717
4.7000000000000002,-0.40136724244708427,0.84140615187032131,4.52663186995093,-16.146961574074208,0.00019330444335937487,46,0.0023440159355943859,0.013480412709080998,0.0050657804890639063,0.02089020913373929,0,0,0,0.078244854838985176,-0.033207569788018809,0,0.097032514258122884,0.011060580317476344,-0.042983772982229419,0.11582017367726059,0.055328730422971498,-0.085967545964458839
4.7199999999999998,-0.28790483127183908,0.48912359720738419,6.9043955521539733,-19.090742094676379,0.0011474999999999992,47,0.0054533269285802965,0.013783290438864566,0.0017806207003521004,0.021017238067796963,0,0,0,0.081501475651532096,-0.024135232889340916,0,0.090106532795526037,0.0049229021001497807,-0.056937051051851428,0.098711589939519964,0.033981037089640481,-0.11387410210370286
4.7400000000000002,-0.12733196571923505,0.082431113045313253,8.8583627227859445,-21.233173494285111,0.0011474999999999992,47,0.0089767085499017508,0.012184037123305859,5.1563972369665446e-05,0.021212309645577274,0,0,0,0.08431185976016127,-0.010793993875433689,0,0.084986266929443305,-0.0055262011256930338,-0.064280988904308251,0.085660674098725353,-0.00025840837595237851,-0.1285619778086165
4.7599999999999998,0.045790458643413023,-0.33782489197943555,7.9750203399636082,-20.26888872416114,0.0011474999999999992,47,0.0072756836100161988,0.013258559820394939,0.00085833926642692692,0.021392582696838063,0,0,0,0.084910903010226704,0.003890828958959282,0,0.085889451226531743,-0.017464366440771855,-0.060854318440252603,0.086867999442836796,-0.038819561840502996,-0.12170863688050521
4.7800000000000002,0.18155118767012979,-0.71618762006234959,5.5822358443428977,-17.481323363184465,0.0011474999999999992,47,0.003564729404313956,0.014251881572967702,0.0037309568306255259,0.021547567807907186,0,0,0,0.083603008066195028,0.015347216108588867,0,0.091248654361550649,-0.026301967976606281,-0.048653258449602763,0.09889430065690627,-0.067951152061801426,-0.097306516899205525
4.7999999999999998,0.27280878314274487,-1.0377542026792348,3.6685475875160489,-14.720853597963082,0.0011474999999999992,47,0.0015395667403680668,0.012645106401238698,0.0074690875447570512,0.021653760686363814,0,0,0,0.081856521913912503,0.022902179375709247,0,0.096824202028602036,-0.030595010354976537,-0.032776046785775351,0.11179188214329158,-0.084092200085662316,-0.065552093571550701
4.8200000000000003,0.33269869911725469,-1.306628516075012,2.4257021298927732,-12.20363788447353,0.00018882202148437488,48,0.00067310860935225329,0.0097713734166254233,0.011220755040909603,0.021665237066887277,0,0,0,0.080338974421175324,0.027760568959474468,0,0.10067359217911927,-0.031087732683935474,-0.016841339445677873,0.12100820993706321,-0.089936034327345413,-0.033682678891355747
4.8399999999999999,0.37336979493707767,-1.5269982871078369,1.7152391557897593,-9.8530380677365894,0.00018882202148437488,48,0.00033655773083947978,0.0068153598950512675,0.014520980848486074,0.021672898474376822,0,0,0,0.079143796185521503,0.031004185610085496,0,0.10264794007715872,-0.028994396422328542,-0.0028240704702426327,0.1261520839687959,-0.088992978454742577,-0.0056481409404852655
4.8600000000000003,0.40378601130267533,-1.7012993303137973,1.3785602595982587,-7.5863713331605265,0.00018882202148437488,48,0.0002174010892892877,0.0042991606767330487,0.017162062380536611,0.021678624146558946,0,0,0,0.078164304598320036,0.03339672868202883,0,0.10329103209722985,-0.025411821115862904,0.0083935711031966117,0.12841775959613969,-0.084220370913754644,0.016787142206393223
4.8799999999999999,0.4302636838928976,-1.8306940679226544,1.3055341328676102,-5.3567757442613191,0.00018882202148437488,48,0.00019497847441884099,0.0024002650400943896,0.019088373692695271,0.021683617207208503,0,0,0,0.077252742656626405,0.035454389742725169,0,0.10325284351173387,-0.021198090104797444,0.016575321494628231,0.12925294436684134,-0.077850569952320064,0.033150642989256462
4.9000000000000004,0.45717943824397222,-1.9156523213427219,1.4086174978028922,-3.1400490648000257,0.00018882202148437488,48,0.00022698458487176252,0.0011420774088970167,0.02031963611344053,0.02168869810720931,0,0,0,0.076270594742375866,0.0375206127034763,0,0.10306583319575087,-0.016947814804727547,0.021804944416583965,0.12986107164912586,-0.071416242312931394,0.04360988883316793
4.9199999999999999,0.47982449821926321,-1.9589598252033982,0.86272200733867199,-1.1991124039153029,-0.018360000000000001,49,8.51435903614178e-05,0.00025420574230961815,0.020933571238099385,0.021272920570770421,0,0,0,0.075401455935841716,0.039237997435589422,0,0.10296110299169745,-0.013721828470424982,0.024412551979694976,0.13052075004755317,-0.066681654376439387,0.048825103959389951
4.9400000000000004,0.49181888780285482,-1.9638235145240852,0.33679269267807732,0.71091921066065189,-0.018360000000000001,49,1.2975841338892752e-05,3.7853209654979478e-05,0.021001867671571538,0.021052696722565409,0,0,0,0.074925407628152099,0.040139547727338042,0,0.10306187432717782,-0.012380631397765324,0.02470263197235617,0.13119834102620354,-0.064900810522868696,0.049405263944712341
4.96,0.49317704648542027,-1.9304559913959887,-0.20715332899592975,2.630957405614462,-0.018360000000000001,49,4.9090113940020985e-06,0.00049221458023095761,0.020530636935323622,0.021027760526948581,0,0,0,0.074870822666146128,0.040241271268369488,0,0.10345304941113297,-0.012937337721291221,0.0227011422669199,0.13203527615611982,-0.066115946710951931,0.0454022845338398
4.9800000000000004,0.48314574206156252,-1.8582440848101207,-0.80983329313517127,4.6020125065413087,-0.018360000000000001,49,7.502421510462143e-05,0.0016457589729556351,0.019491162418373814,0.021211945606434073,0,0,0,0.075270721354503925,0.039488207186103394,0,0.10400587252402009,-0.015285501495241043,0.018286112888098085,0.13274102369353627,-0.070059210176585479,0.03657222577619617
5,0.4600311775990184,-1.7457797427231121,-1.5267214300271719,6.6623446213906092,-0.018360000000000001,49,0.00026664276837602154,0.003540102284311725,0.017829617286957547,0.021636362339645294,0,0,0,0.076163285747586851,0.037737963698793217,0,0.10436244545757449,-0.01917397452807796,0.011228921538215888,0.13256160516756213,-0.076085912754949137,0.022457843076431776
5.0200000000000005,0.42763874923070477,-1.5900661464710657,-1.7582576333066977,8.9153640390017266,0,50,0.00035365127601669287,0.0058042318561807582,0.015478491059426117,0.021636374191623568,0,0,0,0.077345541859876951,0.035251484428347461,0,0.1040902314237911,-0.023429236106975206,0.0012428264501618978,0.13083492098770524,-0.082109956642297866,0.0024856529003237956
5.04,0.38751793442243038,-1.3887735823596543,-2.3188310499511529,11.228362992498525,0,50,0.00061510381485943046,0.0085843458736623284,0.012436943085445172,0.02163639277396693,0,0,0,0.078697238308058082,0.032120782722167854,0,0.10266857446020861,-0.026609976426687616,-0.011675742926243741,0.12663991061235913,-0.085340735575543086,-0.023351485852487482
5.0600000000000005,0.33177852457481588,-1.1401032629450718,-3.3480226318871713,13.667455844471428,0,50,0.0012822921289596921,0.011508275140989021,0.0088457648713793705,0.021636332141328082,0,0,0,0.080364484974057043,0.027686631338148752,0,0.099455114841003611,-0.02772670581903593,-0.026928793444701959,0.11854574470795018,-0.083140042976220616,-0.053857586889403918
5.0800000000000001,0.2491916260464126,-0.84053726880515356,-5.0359053093662034,16.335942154032772,0,50,0.002901117489300018,0.013678462158638084,0.0050559465533955052,0.021635526201333608,0,0,0,0.082374528502440134,0.020962753969855169,0,0.094225292323272175,-0.02560560644398218,-0.043025541312455381,0.10607605614410422,-0.07217396685781953,-0.086051082624910763
5.1000000000000005,0.12535421725588136,-0.48489889054569346,-7.4275899672297889,19.231193157633523,0,50,0.0063111143360962043,0.013570556508327664,0.0017505966193873813,0.02163226746381125,0,0,0,0.084333042658643304,0.010627225222768594,0,0.088091913420645207,-0.019201540205207375,-0.057064574331518091,0.091850784182647124,-0.049030305633183342,-0.11412914866303618
5.1200000000000001,-0.046030348645397512,-0.075639802034960013,-9.3994047990893996,21.341077251084211,-0.0011474999999999992,51,0.010106735809981299,0.011690824118585626,4.3421383971752868e-05,0.021840981312538678,0,0,0,0.084909967196076061,-0.0039111981235023631,0,0.08468568914058619,-0.0087801517620338318,-0.064315573462573258,0.084461411085096333,-0.013649105400565301,-0.12863114692514652
5.1399999999999997,-0.22928489342837977,0.34617147326601483,-8.4405441337373581,20.321116487520605,-0.0011474999999999992,51,0.008149877790357557,0.01298018605228313,0.000900847379543384,0.02203091122218407,0,0,0,0.082775479812206537,-0.019318901155577901,0,0.087749478287545285,0.001993134506578384,-0.060673770898983251,0.092723476762884033,0.023305170168734669,-0.1213475417979665
5.1600000000000001,-0.37365141939400992,0.72545005080773217,-5.9829062739496237,17.527244218995602,-0.0011474999999999992,51,0.0040948180135086665,0.014277361538078875,0.0038237908934439313,0.022195970445031472,0,0,0,0.079135061510162252,-0.031026473208904004,0,0.094755598378805067,0.008814733930522331,-0.048258958148811031,0.11037613524744788,0.048655941069948666,-0.096517916297622061
5.1799999999999997,-0.4725255729604475,1.0480492654180864,-4.0333765661531897,14.778708420011146,-0.0011474999999999992,51,0.001861005890530121,0.012845826633031611,0.0076041439511901378,0.022310976474751869,0,0,0,0.07568584013216878,-0.038686607546899114,0,0.10112164106029482,0.011075573340789617,-0.032202412711560754,0.12655744198842087,0.060837754228478348,-0.064404825423121509
5.2000000000000002,-0.53989789851109804,1.3183580924174336,-2.8105537825128355,12.28681812182867,-0.0011474999999999992,51,0.00090363700398135571,0.01009186750241817,0.011392968703418946,0.022388473209818474,0,0,0,0.072909699530180075,-0.043694115329399451,0,0.10501498257330225,0.0098780081100796474,-0.016109884881842743,0.13712026561642443,0.063450131549558753,-0.032219769763685485
5.2199999999999998,-0.5812234743866751,1.5392405287474693,-1.4033330758117128,9.8461473501784091,0.018360000000000001,52,0.00022528471615988318,0.0066974916927203367,0.014706756962715383,0.021629533371595601,0,0,0,0.071042280116850876,-0.046668987944875083,0,0.10643817589134474,0.0072127278011075921,-0.0020350112015146914,0.14183407166583861,0.061094443547090267,-0.0040700224030293828
5.2400000000000002,-0.59852857666684889,1.7136680675671414,-0.3755908993549979,7.6272331310892998,0.018360000000000001,52,1.6137651323281758e-05,0.0039474411152046413,0.017348139427755652,0.021311718194283576,0,0,0,0.070224071686991893,-0.047891332782667738,0,0.10619486930786778,0.004853406693049081,0.0091839085446638394,0.14216566692874366,0.0575981461687659,0.018367817089327679
5.2599999999999998,-0.59775129247311498,1.8453538776653176,0.4237910653286141,5.5627536091808958,0.018360000000000001,52,2.0545362062177461e-05,0.0020023190877428779,0.019303092280500572,0.021325956730305629,0,0,0,0.070261275645569485,-0.047836734259952426,0,0.10520132121700428,0.0034822408110222469,0.017487310059890297,0.14014136678843908,0.05480121588199692,0.034974620119780593
5.2800000000000002,-0.5825027653936794,1.9368742366076326,1.0828088366445627,3.6029483048690247,0.018360000000000001,52,0.00013412625202385611,0.00085003033706413484,0.020621756680303582,0.021605913269391572,0,0,0,0.070982518783177753,-0.046759833481266992,0,0.10411385807252049,0.0035343129758577396,0.02308816123132679,0.13724519736186325,0.053828459432982471,0.046176322462653581
5.2999999999999998,-0.55500803827806555,1.9898662492950763,1.655707698565775,1.7024066499437078,0.018360000000000001,52,0.00031360107489889708,0.00043193785192567163,0.021365182122945411,0.02211072104976998,0,0,0,0.07224117738467617,-0.044790761213399269,0,0.10328837974855337,0.0052839951092466947,0.026245761650294814,0.13433558211243057,0.055358751431892658,0.052491523300589628
5.3200000000000003,-0.52316142527060272,2.002432099871287,1.523470294076422,-0.44586290084210822,0.0022949999999999984,53,0.00026550835203126565,0.00037930415076938598,0.021539000804993446,0.022183813307794099,0,0,0,0.073630739669917677,-0.042467801634424318,0,0.10290066246030946,0.0082804354344555159,0.026984033320563393,0.13217058525070124,0.05902867250333535,0.053968066641126786
5.3399999999999999,-0.49406384994809838,1.9720082297545858,1.3922089432817391,-2.5976402396484382,0.0022949999999999984,53,0.00022172723683269439,0.00091237929168187771,0.021116486903446138,0.022250593431960709,0,0,0,0.074835107132151621,-0.040307651141183981,0,0.10299258614290362,0.011969469918543474,0.025189461873284642,0.13115006515365563,0.064246590978270929,0.050378923746569285
5.3600000000000003,-0.46699898441266119,1.8984569620453824,1.3322867904621027,-4.7599828017920363,0.0022949999999999984,53,0.00020305124194563759,0.0020365197541827255,0.020073136659872308,0.022312707656000672,0,0,0,0.07589848816579689,-0.038267734374357598,0,0.10339203587703463,0.016261720784488065,0.020757970862522533,0.13088558358827235,0.070791175943333728,0.041515941725045066
5.3799999999999999,-0.43979894554476018,1.7814669570464989,1.4187686293707764,-6.9439968897338682,0.0022949999999999984,53,0.00023026787896798532,0.003783382459841932,0.01836148668619407,0.022375137025003988,0,0,0,0.076911168966613624,-0.036189391928975682,0,0.10376538494696405,0.020882281084600905,0.013487965877480751,0.13061960092731451,0.077953954098177486,0.026975931754961501
5.4000000000000004,-0.40872064901000943,1.6204180610788548,1.7352783693420344,-9.1705932381661075,0.0022949999999999984,53,0.00034446770595652023,0.0061628922655927046,0.015939120493986388,0.022446480465535611,0,0,0,0.077998552836644044,-0.03378203302628853,0,0.10360160059243728,0.025332250344559291,0.0031992885405470054,0.12920464834823053,0.084446533715407113,0.0063985770810940108
5.4199999999999999,-0.36902914553598665,1.4141197246866302,2.3000705724247359,-11.474846290162382,0,54,0.00060519109558323299,0.0090249831607012408,0.012816330200741629,0.022446504457026104,0,0,0,0.079277628480269327,-0.030660359139194536,0,0.10225845477904749,0.028760517218224424,-0.01006434675186192,0.12523928107782567,0.088181393575643391,-0.02012869350372384
5.4400000000000004,-0.31355395576863099,1.160540259929272,3.3422879407639203,-13.913684186511398,0,54,0.0012779031195053506,0.012039472475897369,0.0091290804601753765,0.022446456055578094,0,0,0,0.080855688405051085,-0.026217506604276637,0,0.099099281510953333,0.030046359438528132,-0.025725448266329526,0.11734287461685558,0.086310225481332908,-0.051450896532659052
5.46,-0.2308184005742126,0.85593538693811722,5.0608774338670122,-16.597275307375622,0,54,0.0029299610391630908,0.014284332813778049,0.0052313472490277367,0.022445641101968877,0,0,0,0.082745756821628297,-0.019445815180031828,0,0.093889214169706969,0.027971781014297301,-0.042280550250476827,0.10503267151778564,0.075389377208626429,-0.084561100500953654
5.4800000000000004,-0.10587135164953536,0.49466059958296871,7.5216948014405691,-19.540906588491399,0,54,0.0064720463903942781,0.014149655616652958,0.001820333180598947,0.022442035187646182,0,0,0,0.084524073212587439,-0.0089822629416623431,0,0.087759830517488785,0.021466565946331576,-0.056768377588349704,0.090995587822390117,0.051915394834325494,-0.11353675517669941
5.5,0.067562635557120013,0.079139573696568544,9.5000048788816045,-21.649325491150464,0,54,0.010324234562686871,0.0120831436138676,4.7530315939728563e-05,0.022454908492494201,0,0,0,0.084806073621729414,0.0057384559653108937,0,0.084461821902493364,0.010825998123414286,-0.064298121322036494,0.084117570183257315,0.015913540281517681,-0.12859624264407299
5.5200000000000005,0.25280532658712135,-0.34884688746779347,8.5202935396526271,-20.614201974996249,0.0011474999999999992,55,0.0083046115081695446,0.013426088858907868,0.00091468369945649057,0.022645384066533904,0,0,0,0.082298237694996432,0.02126029332577211,0,0.087812664378419211,-8.5959568764403665e-05,-0.060615002975465127,0.093327091061841977,-0.021432212463300918,-0.12123000595093025
5.54,0.39808170193151921,-0.73344959062176507,5.9969697924033598,-17.769634963516619,0.0011474999999999992,55,0.0041140913329223384,0.014792814960511855,0.0039047522186979266,0.02281165851213212,0,0,0,0.078353537141174157,0.032950314375839306,0,0.09509176788141506,-0.0068520246557014913,-0.047915085717389033,0.11182999862165596,-0.046654363687242288,-0.095830171434778066
5.5600000000000005,0.49682126376122288,-1.0606181603202955,4.0104031693567386,-14.997300611955236,0.0011474999999999992,55,0.0018398663477520645,0.013316587745569005,0.0077701177174090419,0.022926571810730111,0,0,0,0.074723677901103125,0.04051384900169562,0,0.10155166742232677,-0.008967651697835137,-0.031497461275021059,0.12837965694355041,-0.058449152397365894,-0.062994922550042118
5.5800000000000001,0.56353620513760438,-1.3352166090051867,2.7699382417290126,-12.499265323629158,0.0011474999999999992,55,0.00087770865053528227,0.010484201281073361,0.011641393403699305,0.023003303335307947,0,0,0,0.071856571908385292,0.04540520976248269,0,0.10535945125090593,-0.0076151830780536861,-0.015054734099136498,0.13886233059342656,-0.060635575918590062,-0.030109468198272996
5.6000000000000005,0.61127857000632246,-1.5616641193552185,2.0810188866824557,-10.164478642503024,0.0011474999999999992,55,0.000495407126678113,0.0075154582143902452,0.015047201321273908,0.023058066662342266,0,0,0,0.069607766239630761,0.04878277236001375,0,0.10662373816826742,-0.0040350359868784047,-0.00058901919268642626,0.14363971009690407,-0.056852844333770559,-0.0011780383853728525
5.6200000000000001,0.64202788014846879,-1.7427255073776795,1.0444586256562398,-7.9736930591272817,-0.018360000000000001,56,0.00012479370769804372,0.0045846711341825976,0.017783932043994078,0.02249339688587472,0,0,0,0.068075060840030441,0.05089976514313356,0,0.1061295501433068,4.409000094546256e-06,0.011034879561646609,0.14418403944658315,-0.050890947142944468,0.022069759123293217
5.6399999999999997,0.65461465784743367,-1.8817186984449803,0.24447146834645905,-5.9496840429891682,-0.018360000000000001,56,6.8370155605330485e-06,0.0024236216930492768,0.01983180123377809,0.0222622599423879,0,0,0,0.067429021335805514,0.051752556281747922,0,0.10481710173889829,0.0030391814779979001,0.019732930826444488,0.14220518214199107,-0.045674193325752122,0.039465861652888977
5.6600000000000001,0.65274202941169068,-1.9815336403425254,-0.41355241316525326,-4.0489655792381871,-0.018360000000000001,56,1.9564615854281476e-05,0.0010276827472289365,0.021249380552568725,0.022296627915651943,0,0,0,0.067525816359783372,0.05162619611151701,0,0.1034426593031247,0.0046478338944681077,0.025753909924264035,0.13935950224646604,-0.042330528322580795,0.051507819848528071
5.6799999999999997,0.63863267425798809,-2.0442199311854505,-0.98660990592758935,-2.229618927478338,-0.018360000000000001,56,0.00011135280195106643,0.00033465256943186663,0.02210966941966299,0.022555674791045924,0,0,0,0.068247483325814304,0.050668343368346858,0,0.10246698105857342,0.0045765541824156555,0.029407872152832963,0.13668647879133256,-0.041515235003515547,0.058815744305665926
5.7000000000000002,0.6136006565061104,-2.0709626168858248,-1.5107857570596357,-0.446914803551268,-0.018360000000000001,56,0.00026110546996051677,0.0002855677151575119,0.02246859472284601,0.02301526790796404,0,0,0,0.069494300858875341,0.048944275948634881,0,0.10208481568113512,0.0026701203235596563,0.030932359509199838,0.13467533050339486,-0.043604035301515569,0.061864719018399676
5.7199999999999998,0.58461936806812143,-2.0591101187299259,-1.3879470208126046,1.633268911879233,-0.0034425000000000011,57,0.00022037178243356195,0.00058452253924506209,0.022310144609634354,0.023115038931312979,0,0,0,0.070883387867447079,0.046909970416032627,0,0.10231945548368121,-0.00059155120307380349,0.030259363785399056,0.13375552309991534,-0.048093072822180234,0.060518727570798111
5.7400000000000002,0.55784749278458701,-2.0055515498271959,-1.3006301055739633,3.7254891078689951,-0.0034425000000000011,57,0.00019351641552803412,0.0014316879191682151,0.021581996618929011,0.023207200953625259,0,0,0,0.072113705004679049,0.044995705911765951,0,0.10308121574760426,-0.0046352952958533394,0.027166652306018564,0.13404872649052949,-0.05426629650347263,0.054333304612037128
5.7599999999999998,0.53191104993603222,-1.9099339951511372,-1.3161383392877082,5.8413398370753775,-0.0034425000000000011,57,0.00019815876507569272,0.0028605022786460763,0.020237827459339202,0.023296488503060972,0,0,0,0.073256348669345966,0.043110409179631007,0,0.10410625992788004,-0.0093120080179618578,0.021457473068888899,0.13495617118641412,-0.061734425215554722,0.042914946137777799
5.7800000000000002,0.50402386384740738,-1.7716350901875293,-1.5089965228341644,7.9970555642780532,-0.0034425000000000011,57,0.00026048737808411388,0.0049166829464959046,0.018215331015465755,0.023392501340045772,0,0,0,0.074429937143324021,0.04105099824414548,0,0.1049542636353203,-0.014292934895546089,0.012867189158451215,0.13547859012731658,-0.069636868035237665,0.02573437831690243
5.7999999999999998,0.4697877120746089,-1.5896080856752617,-1.9677509802725133,10.220203604507457,-0.0034425000000000011,57,0.00044294569097324242,0.0075959104444914723,0.0154715362641359,0.023510392399600614,0,0,0,0.075791474883556906,0.038479245509432269,0,0.10498526542588121,-0.019022932959789997,0.00121328688470906,0.13417905596820551,-0.076525111429012263,0.0024265737694181199
5.8200000000000003,0.42403063610295044,-1.362122874570737,-2.6843785844492714,12.549332733004096,-4.9866943359374964e-05,58,0.00082432360666900969,0.010648441334963078,0.012039937988298242,0.023512702929930331,0,0,0,0.077472229467480919,0.034972184108773965,0,0.10343425198382078,-0.022540259482679514,-0.01336196912887257,0.12939627450016064,-0.080052703074132994,-0.02672393825774514
5.8399999999999999,0.35874111107923767,-1.0864696618256442,-3.9548100877511634,15.055462826570537,-4.9866943359374964e-05,58,0.0017892106429272796,0.013611456496156816,0.0081151433676474038,0.023515810506731502,0,0,0,0.079588862267223143,0.029843139965643441,0,0.099630029497982248,-0.023604778056372965,-0.030032010840777248,0.11967119672874135,-0.077052696078389368,-0.060064021681554496
5.8600000000000003,0.26065217579590438,-0.7578639052081968,-5.9955128801993842,17.862444995626522,-4.9866943359374964e-05,58,0.0041120926095673388,0.015250679211859089,0.0041562848867910665,0.023519056708217495,0,0,0,0.082128879427686596,0.021905414032894203,0,0.093554605607293825,-0.020932492905071241,-0.046846734255899317,0.10498033178690105,-0.063770399843036688,-0.093693468511798633
5.8799999999999999,0.11417421893014421,-0.37043830654828902,-8.666259844093009,20.826773771639935,-4.9866943359374964e-05,58,0.0085915914944207587,0.013901175407844581,0.0010300771066784149,0.023522844008943753,0,0,0,0.08444658210552565,0.0096837374342098326,0,0.087106824485034179,-0.013514782563673264,-0.060124884867998579,0.089767066864542708,-0.03671330256155636,-0.12024976973599716
5.9000000000000004,-0.076632563970481293,0.064208963108958628,-9.899720119067382,22.101408008416065,-4.9866943359374964e-05,58,0.011211301693153096,0.01230842839107755,3.1293350721533514e-05,0.023551023434952179,0,0,0,0.084750538747912177,-0.0065073944047242451,0,0.085067382477371514,-0.0023809076574200037,-0.064367085666320364,0.085384226206830852,0.0017455790898842378,-0.12873417133264073
5.9199999999999999,-0.25881662272709277,0.48989877155399064,-7.959689294462299,20.074607060147329,-0.0011474999999999992,59,0.0072477371931478794,0.014699438180606129,0.0017861556913740103,0.023733331065128021,0,0,0,0.082168949598526664,-0.02175462529842298,0,0.089936530358973851,0.0075841448827365064,-0.056913541915672737,0.097704111119421025,0.036922915063895993,-0.11382708383134547
5.9400000000000004,-0.39173897768690735,0.861750067509095,-5.4186726156795118,17.119173690868141,-0.0011474999999999992,59,0.0033588919358601985,0.015231903574589683,0.0052981987260303206,0.0238889942364802,0,0,0,0.0785609544156958,-0.032452680032548448,0,0.097251566597508166,0.012793269767102114,-0.041996607517710158,0.11594217877932052,0.058039219566752676,-0.083993215035420316
5.96,-0.48102706564383108,1.1767473290395607,-3.6463877385829258,14.433591282178636,-0.0011474999999999992,59,0.0015210234203879729,0.013115782560041055,0.0093555613995364943,0.023992367379965521,0,0,0,0.07535421508809835,-0.039328644376034776,0,0.10291057260699718,0.01346970971086487,-0.024763500681547344,0.130466930125896,0.066268063797764509,-0.049527001363094687
5.9800000000000004,-0.54235695311930909,1.4408044473332788,-2.5867682642519281,12.003923600737977,-0.0011474999999999992,59,0.00076546485334788898,0.010079928778201797,0.01321739374329439,0.024062787374844075,0,0,0,0.072802032982287657,-0.043873271973331324,0,0.10581321707910021,0.010904527933212435,-0.008360882843635788,0.13882440117591277,0.065682327839756194,-0.016721765687271576
6,-0.58784709768912657,1.657814318272159,-2.0326636028884693,9.7129240562202721,-0.0011474999999999992,59,0.00047265170378935138,0.0071366441102851128,0.016505657715575755,0.024114953529650221,0,0,0,0.07073160618962368,-0.047138518070002897,0,0.10636608141108272,0.0063312084155668982,0.0056055798317012897,0.1420005566325418,0.059800934901136693,0.011211159663402579
6.0200000000000005,-0.61860733101372767,1.8308644430057361,-1.0863695010745995,7.6232703973784846,0.018360000000000001,60,0.00013500981296921092,0.0043242179565331287,0.019090874040552867,0.023550101810055207,0,0,0,0.069248382826259142,-0.049291596402914958,0,0.10539421431513789,0.0014886695891863921,0.016585941388688689,0.14154004580401663,0.052268935581287743,0.033171882777377378
6.04,-0.63261865532135042,1.9638541046062787,-0.34011559010750536,5.7004133786125255,0.018360000000000001,60,1.3233151519922164e-05,0.0022772876710538121,0.021002296787019172,0.023292817609592908,0,0,0,0.068550967667217813,-0.050256987891118786,0,0.10377897126285693,-0.0022056852404869209,0.024704454582990025,0.13900697485849606,0.045845617410144944,0.04940890916598005
6.0600000000000005,-0.63298628105299126,2.0597431699290274,0.28847628968146211,3.9069031032499559,0.018360000000000001,60,9.5198576305985473e-06,0.00095790343318565951,0.022318633052027904,0.023286056342844162,0,0,0,0.068532487273404136,-0.050282185594111767,0,0.10221705981309688,-0.0043715412653003299,0.030295417312384915,0.13590163235278963,0.041539103063511107,0.060590834624769829
6.0800000000000001,-0.62153327957180038,2.1207253556002694,0.84810449438414703,2.2025488027065494,0.018360000000000001,60,8.2282776095201935e-05,0.00029162261710725468,0.023122426699216821,0.023496332092419279,0,0,0,0.069103861933078409,-0.04949400232284755,0,0.10112370057723769,-0.0047876863059672231,0.033709423629021511,0.13314353922139696,0.039918629710913103,0.067418847258043021
6.1000000000000005,-0.59932756276133325,2.1481341820181967,1.3674625553729634,0.5414999163247598,0.018360000000000001,60,0.0002139149278613798,0.0002158573210494531,0.023474260606488957,0.023904032855399788,0,0,0,0.070185784767346035,-0.047947425547069551,0,0.10067230911917524,-0.0033210329504244143,0.035203791227017313,0.13115883347100443,0.041305359646220723,0.070407582454034626
6.1200000000000001,-0.57349833110399728,2.1388722576401085,1.2153839349384916,-1.4688260066590126,0.0034425000000000011,61,0.00016898073287921638,0.00046791884972725568,0.023356053144726382,0.023992952727332855,0,0,0,0.071400681335378954,-0.046118789065235311,0,0.10090014806760593,-0.00044798836983973161,0.034701720798192247,0.13039961479983292,0.045222812325555847,0.069403441596384494
6.1400000000000006,-0.55052248677211901,2.089289263256636,1.0919854188577267,-3.4928670276312301,0.0034425000000000011,61,0.00013640927006444557,0.0012240635477058657,0.022711572601887959,0.02407204541965827,0,0,0,0.072441361226111903,-0.044466270179856229,0,0.10174859497677957,0.003279040998322727,0.031964375645123833,0.13105582872744725,0.051024352176501683,0.063928751290247665
6.1600000000000001,-0.52921885858159423,1.9989758923840677,1.0589506174418921,-5.5441983377931585,0.0034425000000000011,61,0.00012828078892294752,0.0025258093002819698,0.021491291239513634,0.024145381328718553,0,0,0,0.07337214452305027,-0.042913033079574149,0,0.10299584014810242,0.0077371755103834011,0.026781393304084408,0.13261953577315458,0.058387384100340951,0.053562786608168815
6.1799999999999997,-0.50710968710738324,1.8672350697352353,1.1846767431695775,-7.6387745555747255,0.0034425000000000011,61,0.0001605498602305326,0.0044390273745699132,0.019621920664250666,0.024221497899051113,0,0,0,0.074302906847131145,-0.041280480060999221,0,0.10426121673578628,0.012643057302542497,0.018841491098584205,0.13421952662444142,0.066566594666084222,0.03768298219716841
6.2000000000000002,-0.48025010220791359,1.6929781957762504,1.5487559481224942,-9.8010704094044758,0.0034425000000000011,61,0.00027439499214093399,0.0070028862439133225,0.017036706185878308,0.024313987421932564,0,0,0,0.07538474925906781,-0.039270085041255981,0,0.10496166404545831,0.017507187090608799,0.0078611373848042169,0.13453857883184883,0.074284459222473578,0.015722274769608434
6.2199999999999998,-0.44417329834538555,1.4743999612000351,2.1272566720304087,-12.075763986401231,0,62,0.00051766642144375247,0.010072075810673991,0.013724282406636876,0.024314024638754622,0,0,0,0.076752128458545552,-0.03652548120261969,0,0.10433984874150021,0.021445452548799093,-0.0062079408484672291,0.13192756902445485,0.079416386300217884,-0.012415881696934458
6.2400000000000002,-0.39189471688916294,1.2089042283317664,3.1990491141078641,-14.509324611467887,0,62,0.0011707172615103842,0.013333890507480298,0.0098094040662144496,0.024314011835205131,0,0,0,0.078555899308480739,-0.03246491465930313,0,0.10159538813011389,0.023284123432575556,-0.02283586448260938,0.12463487695174702,0.079033161524454248,-0.045671728965218761
6.2599999999999998,-0.31146330901220259,0.89212971338110059,4.9831497635040325,-17.227990277600199,0,62,0.0028406523453378555,0.015819695775298445,0.0056528578730442808,0.02431320599368058,0,0,0,0.080910323208153404,-0.026048408748945751,0,0.096296497421099816,0.021743390761910526,-0.040490240090705572,0.11168267163404624,0.069535190272766806,-0.080980480181411144
6.2800000000000002,-0.18672447229346489,0.51723801267557779,7.5984146085616997,-20.290583026544244,0,62,0.0066047469158072667,0.015717511234309312,0.0019864916221294178,0.024308749772245994,0,0,0,0.083522494177349221,-0.015779510968172206,0,0.089443346595440273,0.015560139710003147,-0.056062641768053784,0.095364199013531312,0.0468997903881785,-0.11212528353610757
6.2999999999999998,-0.0094945759797303575,0.084775443933505112,9.7841778945173488,-22.579776268750802,0,62,0.010951128805415556,0.013318042225505639,5.4536843250778883e-05,0.024323707874171974,0,0,0,0.084996168782427217,-0.00080702683297853193,0,0.08504802233409392,0.0046541958294268057,-0.064268362031724521,0.085099875885760623,0.010115418491832144,-0.12853672406344904
6.3200000000000003,0.18097039934038606,-0.36143833079215426,8.7054242014178254,-21.460153107935596,0.0011474999999999992,63,0.0086694207958694144,0.014863078848886694,0.00098117232799365349,0.02451367197274976,0,0,0,0.083611907449426398,0.015298657871478638,0,0.087717075481725304,-0.0071373579192153796,-0.06033260139316321,0.09182224351402421,-0.029573373709909395,-0.12066520278632642
6.3399999999999999,0.32783038987603441,-0.76124208457068931,5.9838759106956401,-18.457857355071916,0.0011474999999999992,63,0.0040961453977518391,0.016394910466390938,0.0041916103464697358,0.024682666210612516,0,0,0,0.080473168889307292,0.027369126564671817,0,0.094799608627932228,-0.014754760799604111,-0.046696694077175777,0.10912604836655716,-0.056878648163880038,-0.093393388154351553
6.3600000000000003,0.42517561461041009,-1.1014106286334311,3.8976258720280539,-15.621689186412835,0.0011474999999999992,63,0.0017378428650774741,0.014741550599533058,0.0083167216993054963,0.024796115163916027,0,0,0,0.077432136294963774,0.035060865203217023,0,0.10115971632620868,-0.017341641131978482,-0.029175833761019815,0.12488729635745358,-0.069744147467173986,-0.05835166752203963
6.3799999999999999,0.48912350167218904,-1.3883315636069433,2.6115493526304183,-13.113379340070299,0.0011474999999999992,63,0.00078020132096964486,0.011659081966813865,0.01243034180306421,0.024869625090847718,0,0,0,0.075033326907019512,0.039937449258363303,0,0.10483571521113791,-0.016054417667503873,-0.011703780992761597,0.13463810351525632,-0.072046284593371049,-0.023407561985523195
6.4000000000000004,0.53344391329322982,-1.6272124159527932,1.899981284789857,-10.797623084671718,0.0011474999999999992,63,0.00041296082279357235,0.0084653248709586158,0.016042153570266129,0.024920439264018317,0,0,0,0.073190180264571178,0.043222650460604299,0,0.10593636337120507,-0.012227420717600856,0.0036369077908007521,0.13868254647783895,-0.067677491895806019,0.0072738155816015043
6.4199999999999999,0.5608248731313783,-1.821769142245464,0.88788920796815241,-8.6944122723483694,-0.017212499999999999,64,9.018364011946011e-05,0.0054016072961731989,0.01895723885680423,0.024449029793096887,0,0,0,0.071979416235818508,0.045210216083876313,0,0.10521121103212568,-0.0076982943613940757,0.016018343768281634,0.13844300582843283,-0.060606804806664465,0.032036687536563267
6.4400000000000004,0.57048846938597852,-1.9762829106143389,0.10810645690360643,-6.7861289583247952,-0.017212499999999999,64,1.3369447933159162e-06,0.0031051231842030708,0.021176192338773388,0.024282652467769776,0,0,0,0.071539168884785967,0.045903674311258268,0,0.10354738593523917,-0.0039799413171240985,0.025443052747083698,0.13555560298569236,-0.053863556945506465,0.050886105494167395
6.46,0.56606298837381475,-2.0942557942426392,-0.53286641430634729,-5.0342750141073971,-0.017212499999999999,64,3.2482309701810623e-05,0.0015493435272268185,0.022776987834988122,0.024358813671916751,0,0,0,0.071741613518787828,0.045586630602851973,0,0.10170175355502556,-0.0015629121254509271,0.032242218123462979,0.13166189359126329,-0.048712454853753827,0.064484436246925958
6.4800000000000004,0.54972539854622193,-2.1784488009455591,-1.0900136661304722,-3.4015961178813807,-0.017212499999999999,64,0.00013591709770417501,0.00064797411725069673,0.023856132727214763,0.024640023942169634,0,0,0,0.07247678174997349,0.044408513904055723,0,0.10014270722451432,-0.00074357668067790567,0.036825742130541801,0.12780863269905512,-0.045895667265411534,0.073651484261083602
6.5,0.52280809278984308,-2.2308329244757292,-1.5946361279697903,-1.8457913162910162,-0.017212499999999999,64,0.00029089308987541735,0.00031541134985566644,0.02449703798620503,0.025103342425936113,0,0,0,0.073645740327137194,0.042441782852136178,0,0.099087367995841918,-0.0017049842927984796,0.039547901742291156,0.12452899566454664,-0.045851751437733138,0.079095803484582311
6.5200000000000005,0.49254612747536408,-2.2486234229590893,-1.4251996092602393,0.066009672734689273,-0.0034425000000000011,65,0.00023236012185331968,0.00026619156266515832,0.02470897496318146,0.025207526647699936,0,0,0,0.074896196745999469,0.040194025836988993,0,0.098653915407321588,-0.0040753085738230305,0.040448075786533547,0.12241163406864371,-0.048344642984635054,0.080896151573067093
6.54,0.46589152795280597,-2.2281584264728957,-1.2421453193843313,1.9828503778875388,-0.0034425000000000011,65,0.00017650419051304164,0.00065786195794159566,0.024464920411744778,0.025299286560199415,0,0,0,0.075940821463552993,0.038183656653609947,0,0.098877357700274782,-0.0074332264842843151,0.03941148662820583,0.12181389393699658,-0.053050109622178578,0.07882297325641166
6.5600000000000005,0.44261179778476867,-2.1691561332727796,-1.0966847186057773,3.9225227355821009,-0.0034425000000000011,65,0.00013758585603709735,0.0015019337125149158,0.023739904039690098,0.025379423608242111,0,0,0,0.076809069423018086,0.036405588229968068,0,0.099634863760934361,-0.011752623384734977,0.036332076281388452,0.12246065809885065,-0.059910834999438022,0.072664152562776904
6.5800000000000001,0.42139470258351419,-2.0710001255442538,-1.0460926953855061,5.9007468424012135,-0.0034425000000000011,65,0.00012518449606287445,0.0028581810517504711,0.022469094545075181,0.025452460092888526,0,0,0,0.077564144569063284,0.034767851202935331,0,0.10071453181152588,-0.016878710801234986,0.030934482437458301,0.12386491905398847,-0.068525272805405296,0.061868964874916603
6.6000000000000005,0.39970218711436206,-1.9327623909026155,-1.1559833471433214,7.9338008515309184,-0.0034425000000000011,65,0.00015286686596478895,0.0048108683255171612,0.020563406399092942,0.025527141590574891,0,0,0,0.078300038791243559,0.033077241802933879,0,0.10177342258962301,-0.022488662782612141,0.022840326193904786,0.12524680638800245,-0.078054567368158162,0.045680652387809571
6.6200000000000001,0.37487600145640787,-1.7527469255752868,-1.3758343661108083,10.079245132415954,-6.4434814453124951e-05,66,0.00021654218405243067,0.0073784771938351984,0.017933739411872023,0.025528758789759652,0,0,0,0.079097007721596974,0.031123357297849957,0,0.10232428619804979,-0.027906528437857202,0.011671166377302165,0.12555156467450257,-0.086936414173564361,0.023342332754604331
6.6400000000000006,0.3423678715672292,-1.528972022109607,-1.9428127043759302,12.31911850620226,-6.4434814453124951e-05,66,0.00043178949859846419,0.010548182162867587,0.014550926283593739,0.025530897945059791,0,0,0,0.080066801342739607,0.028536070555391327,0,0.10170170664322664,-0.03216737007427193,-0.0026968812283650204,0.12333661194371368,-0.092870810703935186,-0.0053937624567300408
6.6600000000000001,0.29392695766177579,-1.2588627472083225,-2.9991452112935963,14.729407008612821,-6.4434814453124951e-05,66,0.0010289758779865289,0.013979725218749893,0.01052534135836119,0.025534042455097612,0,0,0,0.081354653245090072,0.024625604467122343,0,0.099139367580648202,-0.034129065687838911,-0.019795016316848501,0.11692408191620632,-0.092883735842800158,-0.039590032633697002
6.6799999999999997,0.21764149523820719,-0.93779204945260375,-4.7714796977400953,17.442093155144303,-6.4434814453124951e-05,66,0.0026044520545031044,0.016731464190643985,0.0062023745217089366,0.025538290766856025,0,0,0,0.082994801568980245,0.018353825555605451,0,0.094223753493822948,-0.032422762355535109,-0.038156241413060926,0.10545270541866564,-0.083199350266675673,-0.076312482826121852
6.7000000000000002,0.096834546710105093,-0.55824743709799307,-7.4397105458896,20.562710888555955,-6.4434814453124951e-05,66,0.0063317284979032421,0.016904182977451061,0.0023054482203088591,0.025541359695663162,0,0,0,0.084601791809064714,0.008218079014932338,0,0.08790504221262796,-0.025787544735786441,-0.054707916155670833,0.091208292616191206,-0.059793168486505219,-0.10941583231134167
6.7199999999999998,-0.079540982613555536,-0.1180788324963622,-9.8925079276822423,23.113096350622357,-2.8575439453124982e-05,67,0.011194972221416976,0.014258699672249249,0.00010574246017126565,0.02555941435383749,0,0,0,0.084731254099518941,-0.0067538565814470493,0,0.084127507073887997,-0.014328231610536533,-0.064050873003010253,0.083523760048257054,-0.021902606639626017,-0.12810174600602051
6.7400000000000002,-0.27376068739608267,0.34049064197267231,-8.91425657590767,22.109232786652761,-2.8575439453124982e-05,67,0.0090903471025710909,0.015573128702176588,0.0008718072586268098,0.025535283063374489,0,0,0,0.081834684149263509,-0.022980088559234946,0,0.087658041261285624,-0.0022424578611501961,-0.060797114939573522,0.093481398373307739,0.018495172836934554,-0.12159422987914704
6.7599999999999998,-0.4232918506374741,0.75218932804609917,-6.0299173532383996,18.989059402846202,-2.8575439453124982e-05,67,0.0041594214364226835,0.017282872266850813,0.0040972296083090637,0.02553952331158256,0,0,0,0.077498045264122115,-0.034914939212893958,0,0.095599969713082544,0.0052645310064092232,-0.047097563675207857,0.11370189416204296,0.045444001225712405,-0.094195127350415714
6.7800000000000002,-0.52003388507572068,1.1020011727162426,-3.8006530535858141,16.065123423159836,-2.8575439453124982e-05,67,0.0016524436523503727,0.01556713900538983,0.0083247209134771887,0.02554430357121739,0,0,0,0.07376319910045924,-0.042237311212552468,0,0.10235602409899644,0.0076971704735091795,-0.029141858165659239,0.13094884909753363,0.057631652159570827,-0.058283716331318479
6.7999999999999998,-0.58100667288566143,1.3973739821594142,-2.4160979183068854,13.522387870490981,-2.8575439453124982e-05,67,0.00066778901181875291,0.012312877151417065,0.012565490158294718,0.025546156321530535,0,0,0,0.071052396353812594,-0.046653584775242306,0,0.105923206500991,0.0064539017275031182,-0.01112975637829291,0.14079401664816943,0.059561388230248542,-0.02225951275658582
6.8200000000000003,-0.61502497889899388,1.6439094331798856,-1.0679027567703059,11.18246943713269,0.0149175,68,0.000130458872747201,0.0086128300144285973,0.016295177946400088,0.025038466833575884,0,0,0,0.069424517962875743,-0.049043208557580584,0,0.10654023561814049,0.003497008178803121,0.0047115950832487567,0.14365595327340525,0.056037224915186826,0.0094231901664975134
6.8399999999999999,-0.62624256690227453,1.8463953481209892,-0.10287256525337718,9.1035024307054524,0.0149175,68,1.2106241847462629e-06,0.005551510860504527,0.019318313319165961,0.024871034803855233,0,0,0,0.068870015046392993,-0.049818882238661315,0,0.10524713126213042,0.00046912962640664052,0.017551959391632524,0.14162424747786787,0.050757141491474596,0.035103918783265048
6.8600000000000003,-0.62067177427214304,2.0093631624179995,0.62957436675427481,7.2226238106946088,0.0149175,68,4.534237673037058e-05,0.0032743169569803901,0.021634448077151664,0.024954107410862424,0,0,0,0.069146475628962589,-0.049434450619919759,0,0.10310840602475113,-0.0019301744931280798,0.027389432879509276,0.13707033642053967,0.0455741016336636,0.054778865759018552
6.8799999999999999,-0.60202312966490101,2.1363440916687466,1.2159295631706606,5.498681959417695,0.0149175,68,0.00016913248962364239,0.00173949702404696,0.023323664646190356,0.025232294159860957,0,0,0,0.07005628444280626,-0.048136441601645437,0,0.10089590937702399,-0.0032534077791543797,0.034564154970227461,0.13173553431124171,0.041629626043336677,0.069128309940454921
6.9000000000000004,-0.57265562499424405,2.2301168042327717,1.7081548813553411,3.8957363168997139,0.0149175,68,0.00033378337301981581,0.00084816063985720383,0.024488444744233905,0.025670388757110925,0,0,0,0.071439520563375186,-0.046058602906244292,0,0.099064581704121149,-0.0032105571796714194,0.039511403093076394,0.12668964284486711,0.039637488546901453,0.079022806186152789
6.9199999999999999,-0.54004520642388953,2.2890852296731357,1.5379828113810434,2.0055799978738835,0.0022949999999999984,69,0.00027059088925867773,0.00029498428252294615,0.025179666545477507,0.025745241717259129,0,0,0,0.072903262250216483,-0.04370485503094778,0,0.09787373397885793,-0.0020520718869308716,0.042447275507464778,0.12284420570749939,0.039600711257086037,0.084894551014929556
6.9400000000000004,-0.51156756773645706,2.3104594539061214,1.302963162962979,0.13327038893354892,0.0022949999999999984,69,0.00019421129385781987,0.00019463768885863805,0.025421756938567769,0.025810605921284226,0,0,0,0.074118145705760113,-0.041611302276421423,0,0.097442930625586177,-6.5142635491760581e-05,0.043475522165170616,0.12076771554541224,0.041481017005437902,0.086951044330341232
6.96,-0.48804171575679034,2.294406445969587,1.0507276088730326,-1.740426061747083,0.0022949999999999984,69,0.00012629626120191234,0.00049793518397258426,0.025240367283854728,0.025864598729029225,0,0,0,0.075076486764422481,-0.039856255909348742,0,0.097741855336980599,0.0028380766320397974,0.042705093798227699,0.12040722390953873,0.045532409173428337,0.085410187596455397
6.9800000000000004,-0.46933002581476002,2.2407047834529568,0.83005012575046877,-3.6345704937602656,0.0022949999999999984,69,7.8816808604577189e-05,0.0012137108419345022,0.024615008998915749,0.025907536649454829,0,0,0,0.075809078366626703,-0.038444552763722613,0,0.098676877048178346,0.0066486169494611239,0.040048967885303037,0.12154467572972998,0.051741786662644861,0.080097935770606074
7,-0.45427069135131515,2.1487776470997879,0.69515072207678741,-5.5654707507314942,0.0022949999999999984,69,5.5280016343410416e-05,0.0024043638436510987,0.023482446681642021,0.025942090541636532,0,0,0,0.076379409898868419,-0.037298602433611924,0,0.10008512305854762,0.01124553231221103,0.035238560489475115,0.12379083621822683,0.059789667058033985,0.070477120978950231
7.0200000000000005,-0.44054447366839067,2.017740813683865,0.70764784401519698,-7.5482983538684163,0.0022949999999999984,70,5.7285483375545988e-05,0.0041669024973612157,0.021749402300214715,0.025973590280951475,0,0,0,0.076884167385571439,-0.036246721305897928,0,0.10168728284297072,0.016364020074455476,0.02787768561083382,0.12649039830037001,0.068974761454808881,0.055755371221667641
7.04,-0.42452146467994994,1.8463654138472005,0.9374003297178306,-9.6037423332825078,0.0022949999999999984,70,0.00010052183553020086,0.0065919788173225517,0.019317875893735615,0.026010376546588367,0,0,0,0.077455054788787975,-0.035010205478772233,0,0.10301927937115526,0.02154697230930791,0.017550101485455369,0.12858350395352255,0.078104150097388053,0.035100202970910738
7.0600000000000005,-0.40104013601413313,1.6328778559723869,1.4701751419973355,-11.76730205795802,0.0022949999999999984,70,0.00024725686417238649,0.009689017797524492,0.016128037182849744,0.02606431184454662,0,0,0,0.07825571306244615,-0.033181973616530046,0,0.10338646907482682,0.026085906416003786,0.0040016869811830809,0.1285172250872075,0.085353786448537611,0.0080033739623661618
7.0800000000000001,-0.36287309073588681,1.3745442065888005,2.4329170451831548,-14.102490154319288,0.0022949999999999984,70,0.00067711870104054895,0.013250154607998509,0.01222471278635052,0.02615198609538958,0,0,0,0.079464871951342886,-0.030171743830224328,0,0.10192041456033323,0.028970572505956568,-0.012577162817063711,0.12437595716932356,0.088112888842137471,-0.025154325634127422
7.1000000000000005,-0.29946696526217664,1.0668769284280444,4.0390743200627028,-16.72652808589903,0.0022949999999999984,70,0.0018662675084203757,0.016577836862864143,0.0078532040689009396,0.026297308440185459,0,0,0,0.081216979454563937,-0.025075929659275645,0,0.097879917436407365,0.028892697231630335,-0.031144563078062605,0.11454285541825078,0.082861324122536315,-0.06228912615612521
7.1200000000000001,-0.19610980733342803,0.70293272262637352,6.4575621720124623,-19.745068945982091,2.1851806640624987e-05,71,0.0047703187426434597,0.017926465532682612,0.0035998190945401329,0.026296603369866205,0,0,0,0.083370721862152858,-0.01656269109123118,0,0.091495509046089218,0.024334610486757134,-0.049210248494138069,0.099620296230025565,0.065231912064745448,-0.098420496988276138
7.1400000000000006,-0.036889649705573319,0.2757512277959151,9.3824641734661967,-22.837489873683662,2.1851806640624987e-05,71,0.010070337731445307,0.015654394196538343,0.00057370838600057463,0.026298440313984223,0,0,0,0.084942170592669453,-0.0031349090905224376,0,0.085589857785429102,0.014414549100913922,-0.062063250144408028,0.086237544978188752,0.031964007292350285,-0.12412650028881606
7.1600000000000001,0.16150145188789033,-0.19190792483978747,9.7701728374504047,-23.230017050015697,2.1851806640624987e-05,71,0.010919800385617346,0.015112051473157031,0.00027878057146975391,0.026310632430244129,0,0,0,0.08389389177525873,0.013668025563378797,0,0.085872092942190573,0.0015258918046499193,-0.063315916702897754,0.087850294109122429,-0.010616241954078958,-0.12663183340579551
7.1799999999999997,0.33112061037835544,-0.63000916755751746,6.9958909169852381,-20.339842087927021,2.1851806640624987e-05,71,0.0055988168971970818,0.017783463612636809,0.0029153532418064224,0.026297633751640313,0,0,0,0.08038268300762566,0.02763375241431338,0,0.092736698154545161,-0.0083023328678240374,-0.052117425918253392,0.10509071330146466,-0.044238418149961455,-0.10423485183650678
7.2000000000000002,0.44363183989423,-1.0051240727235147,4.4080252993193128,-17.241781283140149,2.1851806640624987e-05,71,0.0022227896361158377,0.017034511083294665,0.0070464992953734804,0.026303800014783982,0,0,0,0.076771894237069996,0.036483917761832269,0,0.10014423733556228,-0.012697726165320604,-0.034570934015573054,0.12351658043405458,-0.061879370092473476,-0.069141868031146109
7.2199999999999998,0.51379618010172345,-1.3227539750667958,2.7461126342267264,-14.584205184686665,8.572631835937494e-05,72,0.00086267437682977812,0.013989866178552782,0.011457644765258011,0.026310185320640569,0,0,0,0.074025226258031609,0.041776379420041046,0,0.10475591656322375,-0.012676551506185955,-0.015835181934853847,0.13548660686841588,-0.067129482432412957,-0.031670363869707695
7.2400000000000002,0.55801827816023353,-1.5904139826706931,1.7692814596675139,-12.217942519974663,8.572631835937494e-05,72,0.00035809978432137381,0.010472035715721056,0.015483772259726915,0.026313907759769346,0,0,0,0.072106019344486336,0.045008021221695185,0,0.10625259311015327,-0.0096971944634651544,0.0012652576441000449,0.14039916687582021,-0.064402410148625494,0.0025305152882000898
7.2599999999999998,0.58765662373598093,-1.8125557990418342,1.259690336437949,-10.016726164612862,8.572631835937494e-05,72,0.00018152556693208142,0.007313322073204483,0.018821551269733533,0.026316398909870097,0,0,0,0.070740583566368712,0.04712504468634067,0,0.10546022441926649,-0.0049934768237435076,0.015442028838487649,0.14017986527216425,-0.057111998333827685,0.030884057676975298
7.2800000000000002,0.61062690430243383,-1.9917011966444464,1.0850644807956951,-7.909515677933264,8.572631835937494e-05,72,0.00013468564201702112,0.0047930391991850311,0.021390625750932455,0.026318350592134505,0,0,0,0.06963954151696683,0.048737401010996211,0,0.10339472943767934,0.00050553468543837465,0.026353830066821498,0.13714991735839185,-0.047726331640119461,0.052707660133642996
7.2999999999999998,0.63268822564269411,-2.129292163322333,1.1554382965523744,-5.8564269826044661,8.572631835937494e-05,72,0.00015272274531989444,0.0029344696178799827,0.023233047701074028,0.026320240064273907,0,0,0,0.068547471106528909,0.050261756882341309,0,0.10089205155659742,0.0061499046236943716,0.034179271581184278,0.13323663200666591,-0.037961947634952566,0.068358543162368557
7.3200000000000003,0.65018889357947662,-2.230545047846344,0.60385392456811959,-4.294769855668223,-0.017212499999999999,73,4.1713246586037815e-05,0.0014836972013087381,0.024493584121129452,0.026018994569024227,0,0,0,0.067657404824272974,0.05145362545481557,0,0.098508050937422431,0.010887491684500518,0.039533231911015335,0.12935869705057187,-0.029678642085814534,0.079066463822030669
7.3399999999999999,0.65708703223429366,-2.3020100194226476,0.089961964363663771,-2.8719263553160506,-0.017212499999999999,73,9.2582321420084573e-07,0.00057271877242871664,0.025326609093056097,0.025900253688699016,0,0,0,0.067300863687157014,0.051919107725024637,0,0.096626919007162748,0.013904801662086706,0.043071394380972197,0.12595297432716848,-0.024109504400851224,0.086142788761944394
7.3600000000000003,0.6538912890737465,-2.3460830909744068,-0.40770393799609012,-1.5480497907446871,-0.017212499999999999,73,1.9015161527225853e-05,0.00012144765246467837,0.025814795054069931,0.025955257868061833,0,0,0,0.067466439874178968,0.051703766697444732,0,0.095488185936613193,0.015139168668184273,0.045144899142328956,0.12350993199904742,-0.021425429361076186,0.090289798284657913
7.3799999999999999,0.64083938363872706,-2.3642634649373546,-0.89597413482202781,-0.27383397995526115,-0.017212499999999999,73,9.1833503117354527e-05,7.7867146859016733e-05,0.026010213183249423,0.026179913833225793,0,0,0,0.068135506940186774,0.05081882224140738,0,0.095182416331722336,0.014555587454041348,0.045974911583628209,0.12222932572325791,-0.021707647333324684,0.091949823167256417
7.4000000000000004,0.61811969233908659,-2.3570022486000859,-1.3741241000232922,1.0054252691205214,-0.017212499999999999,73,0.00021600416206408635,0.00042238618970703076,0.025932588963262296,0.026570979315033414,0,0,0,0.069272411080709931,0.04925782235407019,0,0.095681286673005655,0.012118411824329801,0.045645213061766464,0.12209016226530137,-0.025020998705410587,0.091290426123532928
7.4199999999999999,0.59212409206230654,-2.3194155992546293,-1.2294052163807214,2.7591661335750208,-0.0045900000000000003,74,0.0001729021164307944,0.00099558304573520813,0.02552181281878713,0.026690297980953133,0,0,0,0.070529348693382343,0.047440604685093202,0,0.096903306386830243,0.0082307743944983955,0.043900496172218528,0.12327726408027814,-0.030979055896096411,0.087800992344437057
7.4400000000000004,0.56864551813441133,-2.2463211423769982,-1.1299117570114954,4.5597389208582015,-0.0045900000000000003,74,0.00014604922660984857,0.0019702942451346639,0.024681716424676262,0.026798059896420773,0,0,0,0.071623645580658618,0.045771753229870961,0,0.09872829836997879,0.0033583889171806269,0.040332298779630751,0.12583295115929896,-0.039054975395509707,0.080664597559261503
7.46,0.54629361145067168,-2.1365904602693941,-1.1261790146927781,6.425455964279271,-0.0045900000000000003,74,0.00014508585291002026,0.0034287430430072173,0.02332682318105524,0.026900652076972478,0,0,0,0.072628755230775777,0.044159528005041679,0,0.10091606185070016,-0.0023643358460808603,0.034577570425820769,0.12920336847062455,-0.048888199697203399,0.069155140851641539
7.4800000000000004,0.52254608834367544,-1.9887641361411488,-1.2810636537264466,8.3721659452472466,-0.0045900000000000003,74,0.00018773775729541986,0.0054720331574067147,0.021349890066374558,0.027009660981076693,0,0,0,0.073656857735065626,0.042422485884213622,0,0.10307688300507972,-0.0086585993164499456,0.026180810679470597,0.13249690827509381,-0.059739684517113513,0.052361621358941193
7.5,0.49348275137184966,-1.8010235869014091,-1.6724850953703547,10.42156824640093,-0.0045900000000000003,74,0.00031998875647395406,0.0081718278282929841,0.018651279489296194,0.027143096074063133,0,0,0,0.074858517214530657,0.04026415776396941,0,0.10460574286092997,-0.015041437256528047,0.014718822159769754,0.13435296850732928,-0.070347032277025504,0.029437644319539508
7.5200000000000005,0.45509987553914211,-1.5707071262030059,-2.2356896242479634,12.631800258763519,0,75,0.00057178561989523486,0.011386839341259086,0.015184525410517416,0.027143150371671736,0,0,0,0.076348456233853126,0.037361922203058763,0,0.10469956179279469,-0.020573082590966262,-5.7534381693216876e-06,0.13305066735173626,-0.078508087384991293,-1.1506876338643375e-05
7.54,0.40072122626693502,-1.2945981972406599,-3.3031327158270498,15.01760697705142,0,75,0.0012481369872786065,0.014850362965440771,0.011044692773810911,0.027143192726530291,0,0,0,0.078266291137647298,0.033157015419923323,0,0.10247301717179269,-0.023982345384526038,-0.017589140444228202,0.12667974320593808,-0.081121706188975407,-0.035178280888456405
7.5600000000000005,0.31804557909372555,-0.96795104160786138,-5.1126878030093668,17.713747642523288,0,75,0.0029902586448246828,0.017576612708610193,0.0065756606798341912,0.027142532033269065,0,0,0,0.080737114019367534,0.026580414214674046,0,0.097351532812054789,-0.023885323963709078,-0.036570758240595518,0.11396595160474204,-0.074351062142092195,-0.073141516481191035
7.5800000000000001,0.18958780251945312,-0.58291474569026391,-7.8790831981771845,20.851465894034149,0,75,0.0071016878473436447,0.017527891034158475,0.0025077696693837628,0.027137348550885884,0,0,0,0.083476969902349873,0.016018598438133583,0,0.090167966633387317,-0.018849878656833328,-0.053848582783793057,0.096858963364424761,-0.053718355751800242,-0.10769716556758611
7.6000000000000005,0.0024383582622714006,-0.13583293461826962,-10.541814598482583,23.535883585949591,0,75,0.012712792374229872,0.014297196582501176,0.00013987892419467843,0.027149867880925726,0,0,0,0.084999747312507049,0.00020726024691214963,0,0.085021044662274947,-0.0085270212936528617,-0.063905882924759266,0.085042342012042846,-0.017261302834217871,-0.12781176584951853
7.6200000000000001,-0.20597266294308669,0.3324907159915691,-9.6312258763986716,22.629316519374765,-2.1851806640624987e-05,76,0.01061141605719214,0.015679634164975705,0.00083169555688567909,0.027122745779053527,0,0,0,0.083203314130828182,-0.017384145582878908,0,0.087508997458732585,0.003223546683131899,-0.060967484043129128,0.091814680786636987,0.023831238949142707,-0.12193496808625826
7.6400000000000006,-0.36837257800635909,0.75419795337969742,-6.5907094666532284,19.464665788264544,-2.1851806640624987e-05,76,0.0049690634363461295,0.018038476064032152,0.0041180926280833981,0.027125632128461679,0,0,0,0.079297741987544593,-0.030608301417700535,0,0.095200889941320074,0.010592407697734441,-0.047008950781161241,0.11110403789509556,0.051793116813169421,-0.094017901562322481
7.6600000000000001,-0.47494293437452018,1.1132040195245336,-4.2331088904789134,16.514417728357419,-2.1851806640624987e-05,76,0.0020498830611390844,0.016603541339380818,0.0084769191379336761,0.027130343538453582,0,0,0,0.075592099570775687,-0.038869454363059129,0,0.10205266900809352,0.012590233774629762,-0.028495416505548442,0.12851323844541135,0.064049921912318647,-0.056990833011096885
7.6799999999999997,-0.54376018430294937,1.4175286372121452,-2.7755158376398752,13.971514867058826,-2.1851806640624987e-05,76,0.00088124694820747675,0.013383243987711513,0.012867477123984738,0.027131968059903727,0,0,0,0.07274039698343826,-0.043975386828222517,0,0.10571877999101933,0.01057468867682753,-0.0098471070167145038,0.13869716299860041,0.06512476418187757,-0.019694214033429008
7.7000000000000002,-0.59012173904665521,1.6736683719012877,-1.9463819722565523,11.67255296114595,-2.1851806640624987e-05,76,0.00043337749324066379,0.0099541946014299418,0.016745328614165833,0.027132900708836439,0,0,0,0.0706242000770015,-0.047299285020850602,0,0.10632626252902064,0.0060087005155375073,0.006623550009199084,0.14202832498103979,0.059316686051925617,0.013247100018398168
7.7199999999999998,-0.61828882764605986,1.8864428608688444,-0.92161149413739274,9.6473119963757199,0.016065000000000003,77,9.7164131124556912e-05,0.0066830519587915338,0.019900049868528318,0.026680265958444409,0,0,0,0.069264078853015623,-0.04926953805997409,0,0.10480389722453679,0.00069303270962466773,0.020022807800409097,0.14034371559605793,0.050655603479223425,0.040045615600818193
7.7400000000000002,-0.62854188466328165,2.0611191534319548,-0.13334044369833764,7.8568658680329904,0.016065000000000003,77,2.0339206151219067e-06,0.0041763951694387264,0.022337073444576788,0.026515502534630635,0,0,0,0.068755283653504348,-0.049977104455201871,0,0.10221093745215137,-0.0039509692516047773,0.030373740420390698,0.13566659125079839,0.042075165951992316,0.060747480840781395
7.7599999999999998,-0.62451130878822425,2.2020892316040399,0.51978158736844393,6.2725593523490968,0.016065000000000003,77,3.0906653875683774e-05,0.002400914193669659,0.024148418843772366,0.02658023969131771,0,0,0,0.068956161136955491,-0.049699575865939045,0,0.099400718362315565,-0.007458978090255669,0.038067188429206436,0.12984527558767567,0.034781619685427707,0.076134376858412872
7.7800000000000002,-0.60823396069944913,2.31323040080746,1.0992206472994024,4.8696556249323333,0.016065000000000003,77,0.00013822288747267086,0.0012507099879766363,0.025452801374796132,0.026841734250245438,0,0,0,0.069755967873490823,-0.048570618135170135,0,0.096912782936979802,-0.0095686455054793326,0.043607379267737563,0.12406959800046879,0.02943332712421147,0.087214758535475126
7.7999999999999998,-0.5807879410294946,2.3978922047398106,1.6410034199738364,3.6192108436024553,0.016065000000000003,77,0.00030805565008318255,0.00061239553702462026,0.026362206902009033,0.027282658089116837,0,0,0,0.071062599279223843,-0.046638042236788364,0,0.095022223551363263,-0.010130652627951778,0.047469957959603439,0.11898184782350268,0.026376736980884809,0.094939915919206877
7.8200000000000003,-0.54993099732860062,2.4534896598412939,1.4336186941150186,1.9481578932579329,0.0022949999999999984,78,0.00023511347328327583,0.00020212951776357223,0.026916245527650925,0.027353488518697774,0,0,0,0.072467649881823984,-0.044423414103436247,0,0.093875662721226813,-0.0095006507269168941,0.049823163131374977,0.11528367556062964,0.025422112649602459,0.099646326262749954
7.8399999999999999,-0.52376282550817899,2.4760389528020967,1.1779096342244393,0.30993997776199156,0.0022949999999999984,78,0.00015872091344240732,0.00012411823351199505,0.027130713536547304,0.027413552683501707,0,0,0,0.073605186209999715,-0.04251207549616072,0,0.093525050254324477,-0.0080229265861571156,0.05073408739614043,0.11344491429864925,0.026466222323846489,0.10146817479228086
7.8600000000000003,-0.50292567522784037,2.4659090066822316,0.90548007025057708,-1.3249921059461023,0.0022949999999999984,78,9.3792475406184525e-05,0.0003324705475072428,0.027035111758643163,0.02746137478155659,0,0,0,0.074474973991429508,-0.040969235396525278,0,0.093918632321966872,-0.0056240322349396243,0.050328031594644759,0.11336229065250425,0.029721170926646029,0.10065606318928952
7.8799999999999999,-0.48745480274486969,2.4228541591439612,0.64670688770275997,-2.9873673421438625,0.0022949999999999984,78,4.7843746335929726e-05,0.00083369605589572813,0.026615334377958919,0.027496874180190575,0,0,0,0.075099865987597811,-0.039812185680327211,0,0.094991488390504017,-0.002289549050197931,0.048545083154769443,0.11488311079341021,0.035233087579931349,0.097090166309538886
7.9000000000000004,-0.47672460386370585,2.3460605249222191,0.43845224696424423,-4.7023626736571114,0.0022949999999999984,78,2.1991497654544974e-05,0.001684947289263064,0.025814550298505101,0.02752148908542271,0,0,0,0.075522727108800203,-0.039004072736698862,0,0.09666212296351219,0.0019276739339037369,0.045143859575709724,0.11780151881822418,0.042859420604506336,0.090287719151419449
7.9199999999999999,-0.46764446475141686,2.2353733207062438,0.48670279806870204,-6.383751867093995,0.0057374999999999995,79,2.7098040802929995e-05,0.0029950717706100955,0.024551410171448528,0.027573579982861553,0,0,0,0.075873771286007557,-0.038316717380780643,0,0.098761457254974067,0.007004885543022546,0.039778840347640711,0.12164914322394056,0.052326488466825735,0.079557680695281421
7.9400000000000004,-0.45638588775401717,2.0899668516723722,0.66635272221279651,-8.1767227855453477,0.0057374999999999995,79,5.0794718617679606e-05,0.004866875359295815,0.022720508234021448,0.027638178311934943,0,0,0,0.076300345225196214,-0.037460076328217448,0,0.10098032221507909,0.012809195628911266,0.032002328550889608,0.12566029920496197,0.06307846758603998,0.064004657101779217
7.96,-0.43966763976908663,1.9074484367482416,1.0455562566683954,-10.098603596785109,0.0057374999999999995,79,0.00012505613919267972,0.0074068511832115378,0.02020221640500678,0.027734123727410999,0,0,0,0.07691592017975768,-0.036179292736331185,0,0.10282852897491349,0.018910013853016001,0.021306219864962537,0.12874113777006929,0.073999320442363181,0.042612439729925074
7.9800000000000004,-0.41263716739305278,1.6849689959104364,1.7160031336461026,-12.179692093626697,0.0057374999999999995,79,0.00033685760729095199,0.010636498828375172,0.016915928084137832,0.027889284519803957,0,0,0,0.077865647007857822,-0.034087255918417415,0,0.10356345371890049,0.02461434068493594,0.0073481485055123677,0.12926126042994318,0.083315937288289288,0.014696297011024735
8,-0.36816248387093686,1.418825827648833,2.8207520306390288,-14.478512453143777,0.0057374999999999995,79,0.00091020669422464478,0.014347447989143619,0.012886947125805834,0.028144601809174098,0,0,0,0.079304170862037227,-0.030591640751761032,0,0.10225028309500832,0.028892661509413657,-0.0097644107806412177,0.12519639532797941,0.088376963770588346,-0.019528821561282435
8.0199999999999996,-0.29757879492217687,1.1041576435680822,4.371507344945849,-17.047790225249425,1.1766357421874992e-05,80,0.002186113122496522,0.017605169829413139,0.0083539516881505054,0.02814523464006017,0,0,0,0.081264182276234553,-0.024922533558507425,0,0.098154041802388056,0.030149741494556424,-0.029017704348664183,0.11504390132854156,0.085222016547620266,-0.058035408697328365
8.0400000000000009,-0.18689348281567653,0.73386665536611462,6.8711388181470126,-20.066387272510408,1.1766357421874992e-05,80,0.0054009188475506835,0.018833495653813408,0.0039089930706997485,0.02814340757206384,0,0,0,0.083519826081081439,-0.015793626923094967,0,0.091546447437183556,0.026652735963953199,-0.047897073264102329,0.099573068793285674,0.069099098851001364,-0.095794146528204657
8.0600000000000005,-0.017610328152421112,0.29948635653225919,10.000492871207772,-23.263460326846829,1.1766357421874992e-05,80,0.011440711009373385,0.016024985437775946,0.00067595153493170532,0.028141647982081033,0,0,0,0.084986820085172707,-0.0014968005246142925,0,0.085321916751928961,0.0175296493332203,-0.061628986005217018,0.085657013418685202,0.036556099191054889,-0.12325797201043404
8.0800000000000001,0.19555536971538778,-0.17871403122386198,10.584658512414887,-23.836652650570169,1.1766357421874992e-05,80,0.012816336709832985,0.015100560491982839,0.00024186390610857002,0.028158761107924393,0,0,0,0.083379892026555019,0.016516464683461407,0,0.085607825745696364,0.0052692107157075972,-0.063472715315542938,0.087835759464837723,-0.0059780432520462126,-0.12694543063108588
8.0999999999999996,0.38039508976106401,-0.62885510975208803,7.6701043016713912,-20.915397666980141,1.1766357421874992e-05,80,0.006729964072747131,0.018503752684115075,0.0029050362977937122,0.028138753054655918,0,0,0,0.07892403137872632,0.031559424439140581,0,0.093010726342642444,-0.0036686817482401227,-0.052161245762004281,0.10709742130655855,-0.038896787935620826,-0.10432249152400856
8.120000000000001,0.50457735775258428,-1.0149606970004736,4.9117824023364758,-17.772018355730033,2.745483398437498e-05,81,0.0027598688451281553,0.018213775342644657,0.0071730000270799968,0.028146644214852808,0,0,0,0.074407204266144486,0.041092188470514095,0,0.10089482190337537,-0.0068699583368085834,-0.034033639028712211,0.12738243954060624,-0.054832105144131262,-0.068067278057424421
8.1400000000000006,0.58367698544649438,-1.3430553227354984,3.1459846143379826,-15.105467707963816,2.745483398437498e-05,81,0.0011322006373404025,0.015259794821417719,0.011757250961122123,0.028149246419880244,0,0,0,0.070927563526570286,0.046843150323012409,0,0.10555541987958716,-0.0055886238922451537,-0.014562644575594112,0.14018327623260407,-0.058020398107502716,-0.029125289151188224
8.1600000000000001,0.63526695781733178,-1.621253245417801,2.1120193036590083,-12.753559872385548,2.745483398437498e-05,81,0.00051027697572508964,0.011688505528712766,0.01595178762737021,0.028150570131808064,0,0,0,0.068417631725148323,0.050438355138941425,0,0.10664273206554951,-0.0014124800150238717,0.0032530905002132585,0.14486783240595069,-0.053263315168989168,0.0065061810004265171
8.1799999999999997,0.671425531686066,-1.8543876366363516,1.5725525629821901,-10.582751844777224,2.745483398437498e-05,81,0.00028289192300646104,0.0084336359939650857,0.019434969813206641,0.028151497730178186,0,0,0,0.066549528937750485,0.052878731056668821,0,0.10507240694998823,0.0043964900154945044,0.018047442291907235,0.14359528496222598,-0.044085751025679812,0.03609488458381447
8.1999999999999993,0.70050831095042787,-2.0452698601747965,1.3860203944116487,-8.5192769894718214,2.745483398437498e-05,81,0.00021976040547258541,0.0058086557559935328,0.02212385604625447,0.02815227220772059,0,0,0,0.064983743174617845,0.054791542440556555,0,0.10196797146057322,0.01092759035245125,0.029468127957247996,0.13895219974652862,-0.032936361735654056,0.058936255914495993
8.2200000000000006,0.72153619075793463,-2.1991720647500532,0.73565487880241209,-6.9078632512963871,-0.016065000000000003,82,6.190966377032296e-05,0.0036398976313855103,0.024112619119712124,0.027814426414867956,0,0,0,0.063817311654193895,0.056145798892094222,0,0.098283848430862908,0.016969907507153256,0.037915133875773541,0.13275038520753191,-0.022205983877787709,0.075830267751547081
8.2400000000000002,0.7304476204353707,-2.3230174533049981,0.16369981650303167,-5.5114862570496896,-0.016065000000000003,82,3.0655372064142959e-06,0.0021063681384945999,0.02556181854966787,0.027671252225368884,0,0,0,0.063314444974159168,0.056712265495342119,0,0.094737151582739848,0.021631472810882492,0.044070415178677678,0.12615985819132053,-0.013449319873577135,0.088140830357355357
8.2599999999999998,0.72826572244635268,-2.420957785535446,-0.38000530012292499,-4.3140119162638531,-0.016065000000000003,82,1.6519219133650731e-05,0.0010934294960888284,0.026596352138190966,0.027706300853413444,0,0,0,0.063438034544205504,0.056573984950400925,0,0.091765686046147488,0.024809375543587781,0.048464458622965369,0.12009333754808948,-0.0069552338632253644,0.096928917245930737
8.2799999999999994,0.71524640813404405,-2.4967387142942368,-0.92315404359566133,-3.2906540822065229,-0.016065000000000003,82,9.7489660721765604e-05,0.00049571992630387067,0.02732224653378329,0.027915456120808927,0,0,0,0.064169191850159554,0.055743293922205735,0,0.089594541484556034,0.026474766288659447,0.051547598257659227,0.1150198911189525,-0.0027937613448868401,0.10309519651531845
8.3000000000000007,0.69126492033481501,-2.5535212303200794,-1.4770452893901722,-2.4079738585411268,-0.016065000000000003,82,0.00024957313256085737,0.00023043075093969021,0.027820716183315945,0.028300720066816491,0,0,0,0.065487419497333083,0.054188540186835825,0,0.088298790537109678,0.026620758891371575,0.053664781614491765,0.11111016157688627,-0.00094702240409267474,0.10732956322898353
8.3200000000000003,0.66403654886353203,-2.5871861194658647,-1.240966207334693,-0.96567920841653243,-0.0022949999999999984,83,0.00017616925475951811,8.9936573381859124e-05,0.028097112796698662,0.02836321862484004,0,0,0,0.066938428721569354,0.052385558699773155,0,0.087865105979022889,0.025645385859287509,0.054838739367561423,0.10879178323647644,-0.001094786981198137,0.10967747873512285
8.3399999999999999,0.64175564849581446,-2.5923104429293868,-0.98520788912119106,0.45242291924923395,-0.0022949999999999984,83,0.00011103655218882091,0.0001654107499459115,0.02813790918159377,0.028414356483728503,0,0,0,0.068088914844520093,0.050881231070952798,0,0.08824617174226701,0.023906927982729507,0.055012016571499199,0.10840342864001393,-0.0030673751054937845,0.1100240331429984
8.3599999999999994,0.62465583350083431,-2.5689862857574939,-0.72544141006818075,1.8857620398574488,-0.0022949999999999984,83,6.0202550620300667e-05,0.00044391011608400666,0.027949485149020178,0.028453597815724485,0,0,0,0.068948977599904426,0.049709541216228087,0,0.089387015319963126,0.0213612247669447,0.054211710622749647,0.10982505304002183,-0.0069870916823386864,0.10842342124549929
8.3800000000000008,0.61264698126868422,-2.5165296840908162,-0.47985090617399739,3.3711630929053249,-0.0022949999999999984,83,2.6340429058929826e-05,0.00095430032290507653,0.027500509095155203,0.028481149847119209,0,0,0,0.069540946193378028,0.048877978707488536,0,0.09124395778722097,0.01800010688480488,0.052304744712687749,0.11294696938106392,-0.012877764937878775,0.1046094894253755
8.4000000000000004,0.60518057904411737,-2.4336070855393483,-0.27721017569711059,4.935886461607911,-0.0022949999999999984,83,8.7908028952403327e-06,0.0017672928484033198,0.026722189261447621,0.028498272912746182,0,0,0,0.069903947105390607,0.048357400458324408,0,0.093766707604869118,0.013862139506864456,0.048998935021439101,0.11762946810434763,-0.020633121444595497,0.097997870042878202
8.4199999999999999,0.59870765039292206,-2.3201196362924392,-0.38289069466940728,6.436444570841461,-0.0068850000000000014,84,1.6771033641619529e-05,0.0029964194632381255,0.025529643105844036,0.028542833602723781,0,0,0,0.070215494481678048,0.047903907300902299,0,0.096829593603635508,0.0088941013096186239,0.043933754272188395,0.12344369272559297,-0.030115704681665051,0.087867508544376791
8.4399999999999995,0.58918050069080175,-2.1751755620098372,-0.5921217888276068,8.0830289802578275,-0.0068850000000000014,84,4.0108118677270583e-05,0.004753044308657888,0.023815277363216907,0.028608429790552066,0,0,0,0.070668688687660131,0.04723278987278412,0,0.10016092488365441,0.0031071376711855059,0.036652214420730994,0.12965316107964869,-0.041018514530413108,0.073304428841461988
8.4600000000000009,0.5739059429524398,-1.9957591725475714,-0.96999097406984536,9.8859254542125505,-0.0068850000000000014,84,0.0001076330364867777,0.0071591637023207004,0.021446819882519692,0.028713616621327168,0,0,0,0.071381876839521324,0.046147888996869731,0,0.10328526237804314,-0.0032004904583422811,0.026592507146277984,0.13518864791656499,-0.052548869913554293,0.053185014292555968
8.4800000000000004,0.54869053416460778,-1.7785669395859873,-1.6034337387448798,11.865541187700074,-0.0068850000000000014,84,0.00029411165942101465,0.010274772970260316,0.018318407745702078,0.028887292375383407,0,0,0,0.072522699721756095,0.044333486497996066,0,0.105440476593089,-0.0095148849278639883,0.01330499382306353,0.1383582534644219,-0.063363256353724043,0.02660998764612706
8.5,0.50721692804916529,-1.5196793184023987,-2.6237183924237621,14.065975372417428,-0.0068850000000000014,84,0.0007874892714845905,0.013975540496923552,0.014409961253589695,0.029172991021997836,0,0,0,0.074298479462315936,0.041288448137315831,0,0.10558820163105639,-0.015017344034965824,-0.0032956113931800241,0.13687792379979685,-0.071323136207247478,-0.0065912227863600481
8.5199999999999996,0.44235363882926915,-1.2142246344082146,-3.9847738976202929,16.532187300219782,-6.1633300781249958e-06,85,0.0018164254328379527,0.017471911139695897,0.0098850416455042479,0.029173378218038098,0,0,0,0.076818465292035093,0.036385758067908933,0,0.10269211551936012,-0.018239298753952388,-0.022514603952156612,0.12856576574668516,-0.072864355575813708,-0.045029207904313223
8.5400000000000009,0.34183954122352239,-0.85562686268422183,-6.2420147492829425,19.413339173863058,-6.1633300781249958e-06,85,0.0044571760413185321,0.019487230611748091,0.005227809523599301,0.029172216176665926,0,0,0,0.080081866639361732,0.028493764854007668,0,0.096405893294174899,-0.017384992561380624,-0.042295576267417173,0.11272991994898807,-0.063263749976768924,-0.084591152534834346
8.5600000000000005,0.18576651233900887,-0.43430118652057637,-9.4460224692105701,22.729185351664306,-6.1633300781249958e-06,85,0.010207235971336895,0.017547960514494202,0.0014097916767032836,0.029164988162534381,0,0,0,0.083537571990883561,0.015699492535363912,0,0.088550343948899629,-0.010973649757189993,-0.058512097873329581,0.093563115906915698,-0.037646792049743902,-0.11702419574665916
8.5800000000000001,-0.027482986384403746,0.043980681338943839,-11.258638770258372,24.491459728189522,-6.1633300781249958e-06,85,0.014500466578182811,0.014686477630997265,1.4684659081525554e-05,0.029201628868261602,0,0,0,0.084967901152494446,-0.0023357597778742747,0,0.085045828680373289,0.00049900882658127435,-0.06443762886900474,0.085123756208252133,0.0033337774310368234,-0.12887525773800948
8.5999999999999996,-0.2331836898028217,0.51497467846202793,-8.8421802542517796,22.133689209560348,-6.1633300781249958e-06,85,0.0089439411813104653,0.018238980588660192,0.0019695297641999982,0.029152451534170655,0,0,0,0.082699530423015005,-0.019641478249175053,0,0.090040146179429209,0.011265842898953715,-0.056134684997451591,0.097380761935843399,0.042173164047082483,-0.11226936999490318
8.620000000000001,-0.3778262417863672,0.9243295800405722,-5.7533498284183233,18.852865648574269,-1.2886962890624991e-05,86,0.0037866203970136022,0.019335509766477531,0.0060383634630060065,0.029160493626497141,0,0,0,0.079004842244208895,-0.031356576694015335,0,0.097997706330045703,0.016497123839360368,-0.038852856511187535,0.11699057041588251,0.064350824372736065,-0.07770571302237507
8.6400000000000006,-0.47050715793783615,1.272671448198949,-3.682070389140089,16.061710546215771,-1.2886962890624991e-05,86,0.0015509377947301487,0.016886420416434601,0.010725357036429973,0.029162715247594721,0,0,0,0.075763771537021324,-0.038533763409327654,0,0.10371427626085812,0.01642156581056893,-0.018945476399804734,0.13166478098469492,0.071376895030465515,-0.037890952799609467
8.6600000000000001,-0.53068294819803474,1.5693072303511437,-2.4488769344600945,13.649542842458375,-1.2886962890624991e-05,86,0.00068603161117828152,0.013314113870453852,0.015163266768453872,0.029163412250086007,0,0,0,0.073309237380630096,-0.043020410442840114,0,0.10595410087608101,0.012608302128975277,-9.604668512626782e-05,0.13859896437153194,0.06823701470079066,-0.00019209337025253564
8.6799999999999997,-0.57216504373132149,1.820101126138761,-1.7763316200739665,11.457821104023862,-1.2886962890624991e-05,86,0.00036095935309145928,0.0098702009341390291,0.018932696894780689,0.029163857182011178,0,0,0,0.071462107453377374,-0.046023550474968214,0,0.10530616410224469,0.0065271021352640915,0.015914105057682162,0.139150220751112,0.059077754745496397,0.031828210115364325
8.7000000000000011,-0.60433690721232491,2.0284919231755261,-1.4966247167892288,9.3985111895930515,-1.2886962890624991e-05,86,0.00025623357325183914,0.0070117532860326766,0.021896247989424682,0.029164234848709197,0,0,0,0.069944719998986396,-0.04829840726425038,0,0.10282242223295279,-0.00068562234604110928,0.02850139309133827,0.1357001244669192,0.046927162572168162,0.05700278618267654
8.7200000000000006,-0.62735781684684522,2.199878476951576,-0.82810577377717243,7.7805978421050472,0.015059256591796875,87,7.8447992011331779e-05,0.0046177725671199864,0.024121295253419196,0.028817515812550515,0,0,0,0.068814411722602081,-0.049895658521280251,0,0.099428409852398064,-0.0076738633949515606,0.037951984596581702,0.13004240798219405,0.034547931731377129,0.075903969193163404
8.7400000000000002,-0.63807965680618839,2.3413150769185211,-0.25391220425916972,6.4028703746587601,0.015059256591796875,87,7.3752603839037735e-06,0.0028857026482850411,0.025762960243379929,0.028656038152048875,0,0,0,0.068275493366516837,-0.050630593573043531,0,0.095843517825052155,-0.013455037486953647,0.04492473769699256,0.12341154228358747,0.023720518599136237,0.08984947539398512
8.7599999999999998,-0.63772017397390646,2.4575592778095388,0.2883306212399237,5.2601788090398927,0.015059256591796875,87,9.5102457993958454e-06,0.0016965411307898106,0.026955396255313509,0.028661447631902717,0,0,0,0.068293689783753081,-0.05060604643439854,0,0.092560245966823801,-0.017857930806852503,0.049989450625694487,0.11682680214989453,0.014890184820693535,0.099978901251388974
8.7799999999999994,-0.6264932670926201,2.5532184167640537,0.83781222594911831,4.3420946559793965,0.015059256591796875,87,8.0297790183134237e-05,0.00093205459803603571,0.027818164557277213,0.028830516945496383,0,0,0,0.068857523279003408,-0.049836146398788743,0,0.089846224309415773,-0.020836513115891329,0.053653943923195772,0.11083492533982814,0.0081631201670060854,0.10730788784639154
8.8000000000000007,-0.60400860791366118,2.6326274230636262,1.4167165834164377,3.6320089476041231,0.015059256591796875,87,0.0002296022615541615,0.00049258192869689951,0.0284469374280229,0.029169121618273963,0,0,0,0.069960572562597051,-0.048275441859330456,0,0.087810653633037125,-0.022407177502151918,0.056324572833940281,0.1056607347034772,0.0034610868550266211,0.11264914566788056
8.8200000000000003,-0.57811871322623221,2.6923095756868536,1.1678413470172684,2.3524887051699843,0.0011474999999999992,88,0.00015601914758772638,0.00017813062062527535,0.028864693638379752,0.029198843406592755,0,0,0,0.071186833537989228,-0.04644819405353251,0,0.086494864164706087,-0.022986997117380441,0.058098936622408053,0.10180289479142293,0.00047419981877162842,0.11619787324481611
8.8399999999999999,-0.55740352037383722,2.7272754688911007,0.90206511174334447,1.1549353762483952,0.0011474999999999992,88,9.3086345184218946e-05,4.2630448745584735e-05,0.029086904126499776,0.029222620920429581,0,0,0,0.072133674748829577,-0.044963684982773221,0,0.085868991477710738,-0.022928594445312474,0.059042746035082291,0.099604308206591913,-0.00089350390785172817,0.11808549207016458
8.8599999999999994,-0.54207587109982436,2.7388007060699966,0.63000978323250112,0.0013458113352895484,0.0011474999999999992,88,4.5405116403852699e-05,3.8369357578874677e-05,0.029156436605516867,0.029240211079499593,0,0,0,0.072814362094074145,-0.043852806897997518,0,0.085858379608415317,-0.022194174722868627,0.059338075966347548,0.098902397122756489,-0.00053554254773973547,0.1186761519326951
8.8800000000000008,-0.53222659581559884,2.727324385237436,0.35444434336052716,-1.1528644655697724,0.0011474999999999992,88,1.4371639204971909e-05,0.00014993603067662607,0.029087203150339368,0.029251510820220965,0,0,0,0.073242741710550591,-0.043133522771987613,0,0.086417522591594284,-0.020762127830184714,0.059044016098960955,0.099592303472637991,0.0016092671116181845,0.11808803219792191
8.9000000000000004,-0.52790821373870411,2.6923821755009625,0.077702287074348841,-2.3523428839909615,0.0011474999999999992,88,6.906814788013667e-07,0.00039059674510133019,0.028865172436543185,0.029256459863123318,0,0,0,0.073428325233490771,-0.042816831426492834,0,0.087537435169496816,-0.018620545091883309,0.058100970253751223,0.10164654510550288,0.0055757412427262162,0.11620194050750245
8.9199999999999999,-0.52418883766657964,2.6369909174476867,0.29059482925260455,-3.2097487274116765,0.0091800000000000007,89,9.6601967321423353e-06,0.0008018432889657747,0.028479099554792203,0.02929060304049012,0,0,0,0.073587068870338779,-0.042543428341778211,0,0.089194548953865749,-0.015547279781012387,0.056461177178016499,0.10480202903739272,0.011448868779753436,0.112922354356033
8.9399999999999995,-0.51640925304150387,2.5629817365837511,0.48528052689188012,-4.2185811762116439,0.0091800000000000007,89,2.6939897272593967e-05,0.0014352296472901266,0.027899849429638805,0.029362018974201525,0,0,0,0.07391580892814173,-0.041969669887889798,0,0.091332020246159565,-0.011296725557531809,0.054000889524459757,0.1087482315641774,0.019376218772826179,0.10800177904891951
8.9600000000000009,-0.5047974854970535,2.4670875424719139,0.67774500149898897,-5.4011538531664733,0.0091800000000000007,89,5.2546386129775914e-05,0.0023697713809962368,0.0270462969283372,0.029468614695463212,0,0,0,0.074398156932708154,-0.041108566564843046,0,0.093879241389716303,-0.0058517600214751317,0.050375539111184163,0.11336032584672445,0.029405046521892783,0.10075107822236833
8.9800000000000004,-0.48910600551782291,2.3456935024724945,0.90017036246264992,-6.7697652477934325,0.0091800000000000007,89,9.2695708080742863e-05,0.0037094002084336998,0.025810568745514385,0.029612664662028828,0,0,0,0.075034025647312264,-0.039936136457580471,0,0.09668636382532507,0.00074536762078678681,0.045126948460390691,0.11833870200333788,0.041426871699154044,0.090253896920781382
9,-0.46825786610957959,2.1950317575484082,1.2035884750580772,-8.3281156747181271,0.0091800000000000007,89,0.00016571668891987126,0.005576666661105757,0.024061678564638693,0.029804061914664323,0,0,0,0.07585025348682109,-0.038363251243670501,0,0.099471166142861597,0.0083390525097512061,0.037698770661904059,0.1230920787989021,0.055041356263172914,0.075397541323808118
9.0199999999999996,-0.44334262282999626,2.0095170677274146,1.331130810103913,-10.241051619174579,0.0011474999999999992,90,0.00020269903336960374,0.0079934032102409146,0.021636563999646117,0.029832666243256638,0,0,0,0.076782442797659223,-0.03646171249439871,0,0.10183017211533438,0.01628473609440776,0.027398419978109559,0.12687790143300953,0.069031184683214231,0.054796839956219118
9.0400000000000009,-0.41299333633901231,1.784576578129986,1.7630941576874235,-12.27706003485827,0.0011474999999999992,90,0.00035559956332736561,0.011104293755630526,0.018407649547256381,0.029867542866214271,0,0,0,0.077853501247228812,-0.034114987081160432,0,0.10315145602896944,0.023617245074373107,0.013684036473226212,0.12844941081071007,0.081349477229906653,0.027368072946452424
9.0600000000000005,-0.37001727878170504,1.5172669302636361,2.6189177400955579,-14.490242305915823,0.0011474999999999992,90,0.00078461014875969286,0.014758980458250753,0.01437337716132828,0.029916967768338729,0,0,0,0.079247293261383633,-0.030738681018291296,0,0.10253911763991976,0.029309895432342054,-0.0034509974459383274,0.12583094201845588,0.08935847188297541,-0.0069019948918766548
9.0800000000000001,-0.30409754655840127,1.203120805997397,4.1017343658469052,-16.984385460711053,0.0011474999999999992,90,0.001924621217095013,0.01834062800982075,0.0097273567175537607,0.029992605944469522,0,0,0,0.081099993001484863,-0.025451741299154909,0,0.099122571002845411,0.031975800989575934,-0.023184349653611276,0.11714514900420597,0.089403343278306777,-0.046368699307222552
9.0999999999999996,-0.19958715056498977,0.83477076011480777,6.535854730127185,-19.946521640423533,0.0011474999999999992,90,0.0048866922337460952,0.020232741111255538,0.0049908759119070755,0.030110309256908708,0,0,0,0.083312623761088056,-0.016852498985117485,0,0.092790409658441902,0.030002226314181053,-0.043301920183880925,0.10226819555579575,0.076856951613479593,-0.08660384036776185
9.120000000000001,-0.036182123867762817,0.40207118583626311,9.8614709755360472,-23.31498601526097,1.6809082031249989e-06,91,0.011124835758732446,0.017765880603669147,0.0012110365539563612,0.030101752916357954,0,0,0,0.084944367360946044,-0.0030748095304661419,0,0.08585742210395915,0.022149145560957678,-0.059356283749760617,0.086770476846972269,0.047373100652381497,-0.11871256749952123
9.1400000000000006,0.18349018209416532,-0.085848720393787659,11.405595099665149,-24.801050480018144,1.6809082031249989e-06,91,0.014881479360001747,0.015202187172472882,5.5925628678197063e-05,0.030139592161152827,0,0,0,0.083573092757343551,0.015509292923033302,0,0.084582190010501809,0.010071689883495012,-0.06426246335084014,0.085591287263660068,0.0046340868439567195,-0.12852492670168028
9.1600000000000001,0.38834447795911609,-0.55954383446471567,8.671712051191129,-22.153084638169879,1.6809082031249989e-06,91,0.0086024053569617748,0.01917454851825158,0.0023158872206363889,0.030092841095849747,0,0,0,0.078670662203768157,0.032185818436395335,0,0.091634571302218998,0.00049859210284602246,-0.054663577894001066,0.10459848040066985,-0.03118863423070329,-0.10932715578800213
9.1799999999999997,0.52927947646942963,-0.96898531262142384,5.5782295633849515,-18.86300544508509,1.6809082031249989e-06,91,0.003559614542384665,0.019951308029222747,0.0065886029786195706,0.030099525550226981,0,0,0,0.073369543090821956,0.042917480665155792,0,0.10021473210167012,-0.0029756897024094953,-0.036515787552584222,0.12705992111251826,-0.048868860069974783,-0.073031575105168445
9.2000000000000011,0.61894066604957065,-1.3178762232025658,3.5549671046978339,-16.107433880155575,1.6809082031249989e-06,91,0.0014457106461483544,0.017268872568243564,0.011385883457950594,0.030100466672342511,0,0,0,0.069231948363338056,0.049314676576208985,0,0.1054625635035705,-0.0015488036431997934,-0.016139978517029422,0.14169317864380296,-0.052412283862608572,-0.032279957034058844
9.2200000000000006,0.67030507918330051,-1.6147754221591697,1.696728043593817,-13.663892417442844,-0.017804739990234374,92,0.00032933256920962718,0.013002604879776676,0.015853525993680326,0.029185463442666627,0,0,0,0.066608735258314691,0.052804132293673263,0,0.10663900957567385,0.0023087292162485701,0.0028357373160054649,0.14666928389303299,-0.048186673861176123,0.0056714746320109298
9.2400000000000002,0.69016162629811972,-1.8672080651077039,0.34988336785536767,-11.641817486700404,-0.017804739990234374,92,1.4004151577501327e-05,0.0091961627593371304,0.019621528460514022,0.028831695371428656,0,0,0,0.065547165520919493,0.054116255341377636,0,0.10482105276427253,0.0065465931104865399,0.018839825265519972,0.14409494000762557,-0.041023069120404557,0.037679650531039943
9.2599999999999998,0.68604285827516187,-2.0827598977626511,-0.73096634144894979,-9.9687685411386262,-0.017804739990234374,92,6.112304274356176e-05,0.0062185349842218129,0.022625290760013881,0.028904948786979256,0,0,0,0.065769501214275952,0.053845823515156273,0,0.10139015067062637,0.010337298717252308,0.03159790502894104,0.13701080012697681,-0.033171226080651657,0.063195810057882079
9.2799999999999994,0.66174924415249459,-2.2681063232906435,-1.6854796977165654,-8.6190763033650661,-0.017804739990234374,92,0.00032498046638496368,0.0040748748570922366,0.024937613277243521,0.029337468600720722,0,0,0,0.067058075249378221,0.0522323132155635,0,0.097441253959245161,0.013225090314425071,0.041419186532634725,0.12782443266911211,-0.025782132586713358,0.082838373065269449
9.3000000000000007,0.61888291443067633,-2.4296331351850098,-2.5998290562135988,-7.5868882922556633,-0.017804739990234374,92,0.00077321414934031088,0.0026446245905430437,0.02668285372304496,0.030100692462928316,0,0,0,0.069234796250291081,0.049310678236875648,0,0.093680736705715667,0.014987286892556802,0.048831862568148816,0.11812667716114025,-0.019336104451762044,0.097663725136297633
9.3200000000000003,0.56751270385030006,-2.5661784996738692,-2.5136952628351947,-6.0911409063849078,-5.0427246093749966e-06,93,0.00072282881946522811,0.0014518074353560694,0.02792633217302665,0.030100968427847947,0,0,0,0.071675450509267921,0.045690587589715739,0,0.090542845565346974,0.016093046566076335,0.05411337144506731,0.10941024062142604,-0.01350449445756307,0.10822674289013462
9.3399999999999999,0.51906664024923987,-2.6742468195219953,-2.3174070729533796,-4.7405746603832135,-5.0427246093749966e-06,93,0.0006143485854142284,0.00074355267713220596,0.028743335290238568,0.030101236552785002,0,0,0,0.073804018409803024,0.042165944393140975,0,0.088219032765656152,0.016935014546588807,0.057583483223915093,0.10263404712150928,-0.0082959152999633606,0.11516696644783019
9.3599999999999994,0.47518110865141105,-2.7567976307618203,-2.0655775051355305,-3.5390432350648826,-5.0427246093749966e-06,93,0.0004880824556167309,0.00035209884003290057,0.029261298512069787,0.03010147980771942,0,0,0,0.075582839722621156,0.038887457354069351,0,0.086659502167469912,0.017358520797280765,0.05978346292928044,0.097736164612318682,-0.0041704157595078215,0.11956692585856088
9.3800000000000008,0.43655496949235828,-2.816735850479132,-1.7962043578307687,-2.4762609639495401,-5.0427246093749966e-06,93,0.0003690810077529278,0.00015512389756253532,0.029577484425255374,0.030101689330570836,0,0,0,0.077028161599081255,0.035939703959073234,0,0.085732615739786161,0.017283787901847619,0.061126420426670804,0.094437069880491054,-0.0013721281553779954,0.12225284085334161
9.4000000000000004,0.40331743091914257,-2.8566031532081801,-1.52858126359085,-1.5266160997991787,-5.0427246093749966e-06,93,0.00026729280605397696,7.5340302367809359e-05,0.029759231526469161,0.030101864634890948,0,0,0,0.078179945068508644,0.033360098757122585,0,0.0852970300217403,0.016681092056857257,0.061898366999953949,0.09241411497497197,2.0853565919284889e-06,0.1237967339999079
9.4199999999999999,0.37536008763480305,-2.8783163494228692,-1.268128008657363,-0.65414673201260776,-1.2886962890624991e-05,94,0.00018396550452208374,6.9769608003037527e-05,0.029848492826395824,0.030102227938920947,0,0,0,0.079081932067318672,0.031161643417830124,0,0.08523574269598902,0.015544519905878348,0.062277492466852803,0.091389553324659367,-7.26036060734285e-05,0.12455498493370561
9.4399999999999995,0.35257245037285401,-2.8829980270029845,-1.0105435378471914,0.18385457228737168,-1.2886962890624991e-05,94,0.00011682082387893725,0.00011886687133072339,0.029866834316715784,0.030102522011925443,0,0,0,0.079771439036751227,0.029351618592607178,0,0.085467061679482856,0.013872131047908605,0.062355395500831565,0.091162684322214471,-0.0016073564967899676,0.12471079100166313
9.4600000000000009,0.33496980125620968,-2.8708960144997393,-0.74827723855670603,1.0316570830910021,-1.2886962890624991e-05,94,6.4052380669783228e-05,0.00021993145418091047,0.02981876385596061,0.030102747690811303,0,0,0,0.080275720197524436,0.02794295522611679,0,0.085945667590582572,0.01165408718132227,0.062151222629802112,0.091615614983640709,-0.0046347808634722501,0.12430244525960422
9.4800000000000004,0.3227225323303996,-2.8413739825036588,-0.47403176239644462,1.9329793091814691,-1.2886962890624991e-05,94,2.5705442909956055e-05,0.00038467367329797871,0.029692523598880062,0.030102902715087997,0,0,0,0.080611916102454079,0.026957725836778329,0,0.086661396985361197,0.0088679118684577736,0.061615033974176267,0.092710877868268315,-0.0092219020998627818,0.12323006794835253
9.5,0.31610959253926241,-2.7929501370237091,-0.18505518110939445,2.928051302262209,-1.2886962890624991e-05,94,3.9175333650910518e-06,0.00064092788676659864,0.029458136841190696,0.030102982261322388,0,0,0,0.080788422008675739,0.026424058532862008,0,0.087638358348323842,0.0054811913706571645,0.060619507480422587,0.094488294687971944,-0.015461675791547679,0.12123901496084517
9.5199999999999996,0.3109454364233909,-2.7275018403238285,-0.32542964388729018,3.6460543711012519,-0.0068850000000000014,95,1.2115028168442947e-05,0.0010381347823046206,0.02908828764758636,0.030138537458059424,0,0,0,0.080923802114672483,0.026006504019289705,0,0.088864069682924235,0.0012989677447425435,0.059048622356381066,0.096804337251176001,-0.023408568529804618,0.11809724471276213
9.5400000000000009,0.3032958257758458,-2.6458807404430713,-0.43578371959386014,4.5481379229135523,-0.0068850000000000014,95,2.1724621029051322e-05,0.0016256392050732699,0.028543840265115569,0.03019120409121789,0,0,0,0.081120372125489892,0.025386713576633815,0,0.090283464617654102,-0.0038929121827554029,0.056736154710820462,0.099446557109818312,-0.033172537942144621,0.11347230942164092
9.5600000000000005,0.29358714371483274,-2.5442616673431573,-0.53593272583781082,5.6472178888611291,-0.0068850000000000014,95,3.2857215863585173e-05,0.0024830203760853047,0.02774216864497998,0.030258046236928869,0,0,0,0.081363016671624877,0.024597957600030418,0,0.091861201369013296,-0.010127038289642752,0.053331161421083843,0.10235938606640171,-0.044852034179315922,0.10666232284216769
9.5800000000000001,0.2816919527972192,-2.4186550636008759,-0.66196844663726795,6.94663095737116,-0.0068850000000000014,95,5.0128508622278679e-05,0.0037165671257580685,0.026573247290919637,0.030339942925299984,0,0,0,0.081649850988089884,0.02362841157637811,0,0.093512029592167742,-0.017362287789352528,0.048366323865611779,0.10537420819624559,-0.058352987155083164,0.096732647731223559
9.5999999999999996,0.26658346464961891,-2.2650904936059488,-0.86766523089808867,8.4419963013890555,-0.0068850000000000014,95,8.612209696720209e-05,0.0054553857523458767,0.024902461480937006,0.030443969330250086,0,0,0,0.081997508200955235,0.022392155966638842,0,0.095055719393051102,-0.025425516476735494,0.041269883965923404,0.10811393058514697,-0.073243188920109836,0.082539767931846808
9.620000000000001,0.248496435417421,-2.0782387301733758,-0.98158205202832272,10.263953274571646,-0.0011474999999999992,96,0.00011022076576726989,0.0077891532839531024,0.022565360046129402,0.030464734095849773,0,0,0,0.082389081705991421,0.020905482908640763,0,0.096253688650312433,-0.033735313448423135,0.031343357314514958,0.11011829559463344,-0.088376109805487033,0.062686714629029916
9.6400000000000006,0.22542521020267783,-1.8536166763037922,-1.3810404273070938,12.22436681883026,-0.0011474999999999992,96,0.00021818404554696611,0.010849339441634537,0.019423728484304861,0.030491251971486368,0,0,0,0.082849427907007236,0.018999270919738243,0,0.096693762267319891,-0.041371213103078584,0.017999696246622756,0.11053809662763253,-0.10174169712589541,0.035999392493245512
9.6600000000000001,0.19064689726794126,-1.5880370516085343,-2.174988435011965,14.370696387373885,-0.0011474999999999992,96,0.00054115803408677011,0.014542427145951145,0.015447682607868841,0.030531267787906755,0,0,0,0.083459957874747678,0.016106999458165471,0,0.095680511592324421,-0.047214968182306069,0.0011119716610127478,0.10790106530990118,-0.11053693582277761,0.0022239433220254956
9.6799999999999997,0.13460397338347777,-1.2769501737092419,-3.5484258218444866,16.796736690496722,-0.0011474999999999992,96,0.0014403952091648288,0.018367766133511241,0.010787507720268694,0.030595669062944763,0,0,0,0.084231137161706396,0.011406819558746721,0,0.092515888046016972,-0.04977009171726577,-0.018681499659069432,0.10080063893032754,-0.11094700299327825,-0.037362999318138863
9.7000000000000011,0.04274318272458108,-0.91312325081834089,-5.8192561418744431,19.682686122640803,-0.0011474999999999992,96,0.0038738709909934624,0.020922711934536386,0.0059031017143360721,0.030699684639865922,0,0,0,0.084922365184898235,0.003632064344527162,0,0.087103585681942194,-0.047367693927339749,-0.039427362749167215,0.08928480617898614,-0.098367452199206659,-0.07885472549833443
9.7200000000000006,-0.1053289650435891,-0.48578668211701626,-9.113588006038519,23.101168313772675,0,97,0.0095014303648720023,0.019431917526825271,0.0017568860799978742,0.030690233971695149,0,0,0,0.084528932638677057,-0.0089364168975040736,0,0.081362779144011008,-0.038884837897098096,-0.057037860686383481,0.078196625649344972,-0.068833258896692118,-0.11407572137276696
9.7400000000000002,-0.31605203166003792,0.0039010787097160105,-11.367923362045527,25.287791797396046,0,97,0.014783337114068432,0.01594521350283918,1.1555236620049846e-07,0.030728666169273812,0,0,0,0.080789942866880418,-0.026419408236487779,0,0.080868150201681324,-0.026180252005062066,-0.064499509206735472,0.080946357536482216,-0.025941095773636354,-0.12899901841347094
9.7599999999999998,-0.52591471843835236,0.49281100823850688,-9.0518702153285009,23.040436645219355,0,97,0.0093731775413286571,0.019484166210285855,0.0018070219060568548,0.030664365657671364,0,0,0,0.073513534426284388,-0.04267036742466019,0,0.088832309505694207,-0.016278813586811568,-0.05682491545167833,0.10415108458510404,0.010112740251037054,-0.11364983090335666
9.7799999999999994,-0.67284291251108874,0.91895153334088242,-5.7705926819294326,19.62708763242648,0,97,0.0038093514957281203,0.020889039057699267,0.0059733053780235447,0.030671695931450933,0,0,0,0.06647451281545512,-0.052973003935475424,0,0.098429889775784055,-0.012872991524257034,-0.039129182050528608,0.130385266736113,0.027227020886961356,-0.078258364101057215
9.8000000000000007,-0.76438173106948093,1.2820058353052532,-3.5618118702056578,16.771431839320222,0,97,0.0014512831741431242,0.018360559192670437,0.01086104749335446,0.030672889860168022,0,0,0,0.061353883459590544,-0.05882772292403457,0,0.10414516415409747,-0.014198913268973608,-0.018369149280689522,0.14693644484860441,0.030429896386087354,-0.036738298561379043
9.8200000000000003,-0.81538770800893345,1.5916508291741271,-1.6626796374562958,14.279596404770984,0.015527669677734376,98,0.00031624769042236649,0.014061621232044968,0.015502551015513202,0.029880419937980539,0,0,0,0.058274826734112564,-0.061879274148208638,0,0.10522006560721658,-0.017668580034873441,0.0013450179048301162,0.15216530448032059,0.026542114078461757,0.0026900358096602324
9.8399999999999999,-0.83450889599241618,1.8560915569484493,-0.31573265807783812,12.228867712457332,0.015527669677734376,98,1.1403790178552953e-05,0.010112062325408967,0.019459805609915871,0.029583271725503391,0,0,0,0.057081040708537152,-0.062982178365235397,0,0.10294156575417229,-0.021418571564208504,0.018152929026146254,0.14880209079980744,0.02014503523681839,0.036305858052292507
9.8599999999999994,-0.82993659063409431,2.0831686719746383,0.73834628262927682,10.535268042048511,0.015527669677734376,98,6.2363487183352998e-05,0.0069611182180967122,0.022630701822882477,0.029654183528162542,0,0,0,0.057368416790358617,-0.062720528975509296,0,0.098850419410529369,-0.024778297707945589,0.031620887796816488,0.14033242203070012,0.013163933559618118,0.063241775593632976
9.8800000000000008,-0.80593528636127543,2.2796929191901043,1.6459251777907149,9.1717379428005259,0.015527669677734376,98,0.00030990628484691074,0.0046451018176995491,0.025071836128399385,0.030026844230945843,0,0,0,0.058857123656311232,-0.061325679734558908,0,0.094181221724945086,-0.02742349035692327,0.041989280191978368,0.12950531979357896,0.0064786990207123668,0.083978560383956735
9.9000000000000004,-0.76445868369515224,2.4522254256045493,2.4983825902725409,8.1374557855491805,0.015527669677734376,98,0.00071404913292639029,0.0030527849932851406,0.026904043702078603,0.030670877828290134,0,0,0,0.061349356330193901,-0.058832444092276996,0,0.089744774949465006,-0.029222240370562754,0.049771337504581209,0.1181401935687361,0.00038796335115148795,0.099542675009162418
9.9199999999999999,-0.71473554538366069,2.6006075937448223,2.4505678268968376,6.7288757680638751,0,99,0.00068697931591984172,0.0017806710115632579,0.028203243831398949,0.030670894158882051,0,0,0,0.064197660647907689,-0.055710504999830018,0,0.085968179709846743,-0.030623380141216131,0.055289516783040032,0.1077386987717858,-0.005536255282602244,0.11057903356608006
9.9399999999999995,-0.66714594349672329,2.7225636356274006,2.295935948232807,5.4979857155411196,0,99,0.00060301725904639064,0.0010099564565154333,0.029057945055707152,0.030670918771268978,0,0,0,0.066775218017650989,-0.052593443115042209,0,0.083013197062978175,-0.031976907541472727,0.058919746244084074,0.099251176108305361,-0.011360371967903245,0.11783949248816815
9.9600000000000009,-0.62319732036225717,2.8218217152559166,2.0956259351301645,4.4611138707062397,0,99,0.00050238623952929306,0.00056660739242003408,0.029601948993285502,0.030670942625234829,0,0,0,0.06902140625696794,-0.049608925389596853,0,0.080854896470436782,-0.033144869193109175,0.061230330416605076,0.092688386683905624,-0.01668081299662149,0.12246066083321015
9.9800000000000004,-0.58331690932571179,2.9023366450584227,1.8951037488354598,3.6233854352564832,0,99,0.00041084327999388597,0.0003209328641003939,0.029939183446425072,0.030670959590519353,0,0,0,0.070944426028009405,-0.046817607964913174,0,0.079363445415791531,-0.03405996134117896,0.062662688780262793,0.08778246480357367,-0.021302314717444752,0.12532537756052559
10,-0.54721378681221589,2.9680303384047448,1.7209597787896755,2.9768225496321978,0,99,0.00033880643246089677,0.00018855824625220208,0.030143604814383693,0.030670969493096792,0,0,0,0.072588089978656928,-0.044226340491277431,0,0.078383639166813721,-0.034714184584355226,0.063530941277538625,0.084179188354970513,-0.025202028677433017,0.12706188255507725
10.02,-0.51422722345211636,3.0225689358762251,1.5845904306208551,2.5049294451574582,-8.4045410156249943e-06,100,0.00028723956747892074,0.00011913749762508199,0.03026432043971413,0.030670697504818132,0,0,0,0.074007211951153645,-0.041808283619601282,0,0.077774343084480335,-0.035139871331535275,0.064043664796611152,0.081541474217807025,-0.028471459043469267,0.1280873295932223
10.040000000000001,-0.48355043079498294,3.0692755728354442,1.4901751078444365,2.1908756716826643,-8.4045410156249943e-06,100,0.00025402988728223186,8.4344507302024259e-05,0.030332068047630535,0.030670442442214792,0,0,0,0.07525473475873419,-0.039518665164610077,0,0.077421467438473182,-0.035392592271519023,0.064331413725919703,0.079588200118212188,-0.031266519378427962,0.12866282745183941
10.06,-0.45434142621538465,3.111156519715923,1.4376854901193445,2.0203931686274332,-8.4045410156249943e-06,100,0.00023644927438816362,6.9022469621169281e-05,0.030364726760392556,0.030670198504401888,0,0,0,0.076376771396218318,-0.037304005027474017,0,0.077238198796065916,-0.035540305833670481,0.064470127252771639,0.078099626195913513,-0.033776606639866945,0.12894025450554328
