time_s,arm_angle_rad,pendulum_angle_rad,arm_speed_rad_s,pendulum_speed_rad_s,preceding_interval_torque_nm,decision_index,arm_kinetic_energy_j,pendulum_kinetic_energy_j,potential_energy_j,total_energy_j,origin_x_m,origin_y_m,origin_z_m,pivot_x_m,pivot_y_m,pivot_z_m,center_x_m,center_y_m,center_z_m,tip_x_m,tip_y_m,tip_z_m
0,0.26882279198843007,1.6561977739013756,0.34039922121886868,0.82466963123185089,0,-1,1.3255231651396042e-05,5.9821060973236438e-05,0.01648120023712351,0.016554276529748141,0,0,0,0.081947159284101706,0.022575718931322344,0,0.064878606236266789,0.084532524808252157,0.0055016999538035575,0.047810053188431872,0.14648933068518197,0.011003399907607115
0.02,0.27558774289877186,1.6499581447241045,0.33773271972269375,-1.4486952293061384,0.0011474999999999992,0,1.3048376548590426e-05,0.00016222437619929029,0.016386766705279773,0.016562039458027655,0,0,0,0.081792561687924981,0.023129566630764764,0,0.064296266894279405,0.085001316934806614,0.0051006061216436098,0.046799972100633837,0.14687306723884846,0.01020121224328722
0.040000000000000001,0.28265251164777044,1.5982377673534529,0.38319675439967654,-3.7240546042515645,0.0011474999999999992,0,1.6797855863129403e-05,0.00095079827877868003,0.015602550124386064,0.016570146259027873,0,0,0,0.081627116843649913,0.023706830150678641,0,0.063644589157929254,0.085624086874453248,0.0017697507831552182,0.045662061472208595,0.14754134359822785,0.0035395015663104365
0.059999999999999998,0.29175555723202445,1.5009391290475502,0.55487513245439435,-6.0083822391766404,0.0011474999999999992,0,3.5220922743250066e-05,0.0024194725203567093,0.014125899591322297,0.016580593034422258,0,0,0,0.081407933458493897,0.024448893022331962,0,0.062900787863901103,0.086072479648323263,-0.0045021254191203869,0.044393642269308316,0.14769606627431459,-0.0090042508382407738
0.080000000000000002,0.30624485173489291,1.3577295676537702,0.9368269182864789,-8.319420578289261,0.0011474999999999992,0,0.00010039889394729879,0.0045221233888554178,0.011974699629533583,0.016597221912336299,0,0,0,0.081045153414943685,0.025625828922168414,0,0.062039391757995846,0.0857341233283129,-0.013639060357060896,0.043033630101048014,0.14584241773445739,-0.027278120714121792
0.10000000000000001,0.33129560251224865,1.1677484091943757,1.6301964105780333,-10.693686860161321,0.0011474999999999992,0,0.00030401154147509835,0.0070923270776459589,0.0092296157237582825,0.016625954342879341,0,0,0,0.080377846087598695,0.02764781832836536,0,0.061079147727530959,0.083753070035877925,-0.025298438142379028,0.041780449367463224,0.13985832174339047,-0.050596876284758056
0.12,0.37440518978503989,0.92914851650951746,2.7671453440314764,-13.193426338547582,0.0011474999999999992,1,0.0008759395752557913,0.0097024217026929031,0.0060968828098554211,0.016675244087804117,0,0,0,0.079111652194458842,0.031086114055362015,0,0.060214354455480915,0.079178212137440709,-0.038604303390012654,0.041317056716502994,0.1272703102195194,-0.077208606780025307
0.14000000000000001,0.44583486857837906,0.63876206411035064,4.4706724672051656,-15.870077298932411,0.0011474999999999992,1,0.0022864194893513243,0.011475601033115873,0.0029941326441538683,0.016756153166621067,0,0,0,0.076691332884945076,0.03665295977585635,0,0.060109089028543276,0.07134904956908325,-0.051782820913379768,0.043526845172141476,0.10604513936231016,-0.10356564182675954
0.16,0.55561106476101163,0.29481444062674012,6.4697088391432462,-18.415888195464248,0.0011474999999999992,1,0.0047882815490815798,0.011438301933839257,0.00065517846242392974,0.016881761945344766,0,0,0,0.072214154236185782,0.04483431641000421,0,0.062328837065537407,0.060756491118918225,-0.06171721686024495,0.052443519894889025,0.07667866582783224,-0.1234344337204899
0.17999999999999999,0.69611441576364186,-0.08653120552146909,7.2092451357592244,-19.275340766773162,0.0011474999999999992,1,0.0059455192898380639,0.011046991027614427,5.6817807685339598e-05,0.01704932812513783,0,0,0,0.065223863397268614,0.054505482692426874,0,0.068798333127533806,0.050228101521066632,-0.064258673939494818,0.072372802857798985,0.045950720349706389,-0.12851734787898964
0.20000000000000001,0.82827223367779634,-0.45759088472714282,5.7683689053769553,-17.521607499332415,0.0011474999999999992,1,0.0038064160903833726,0.011822014370663608,0.0015623321667200352,0.017190762627767017,0,0,0,0.05747272663321653,0.062624960625485143,0,0.078467069947769086,0.043357848245534979,-0.057864202485898596,0.099461413262321649,0.024090735865584814,-0.11572840497179719
0.22,0.92484191032317409,-0.78250473466201953,3.9317332800158828,-14.940074638522548,0.0022949999999999984,2,0.0017683910308176635,0.011228179099504331,0.0044168165162764231,0.017413386646598417,0,0,0,0.051166671277542035,0.06787467679758008,0,0.087480607177381861,0.040499766026040579,-0.045740160906063441,0.12379454307722168,0.013124855254501071,-0.091480321812126883
0.23999999999999999,0.98901459342310005,-1.055781921209487,2.5801877119617833,-12.413035884622222,0.0022949999999999984,2,0.00076157523211690796,0.0090935264794047739,0.0077061145009617799,0.017561216212483462,0,0,0,0.046708640661746736,0.071016215666084459,0,0.093607267361542568,0.040170146476054019,-0.031769306400943852,0.1405058940613384,0.0093240772860235799,-0.063538612801887703
0.26000000000000001,1.0315494293845446,-1.2799604333523629,1.7496748568766627,-10.022703893259687,0.0022949999999999984,2,0.00035020706911212423,0.0064774319283964679,0.010831281607753087,0.017658920605261679,0,0,0,0.043646641779266949,0.072938128995692977,0,0.096669479079004084,0.041208924838582787,-0.018495575909985192,0.14969231637874122,0.0094797206814725976,-0.036991151819970383
0.28000000000000003,1.0616142194278719,-1.457189646289434,1.3121728153074561,-7.7082525409385365,0.0022949999999999984,2,0.0001969664595270904,0.0040665892491270426,0.013464371268598363,0.017727926977252496,0,0,0,0.041434378152006172,0.074217196842487621,0,0.097389092189948651,0.042978496386635603,-0.0073118787436359063,0.15334380622789115,0.011739795930783586,-0.014623757487271813
0.29999999999999999,1.0859024450509489,-1.5884772205418471,1.1554528646008684,-5.4227680680420542,0.0022949999999999984,2,0.00015272659647558567,0.0021765753161592204,0.01545436594147955,0.017783667854114355,0,0,0,0.039619730516191005,0.075201575474350302,0,0.0966755360512635,0.045141890880976414,0.0011403582291859857,0.153731341586336,0.015082206287602526,0.0022807164583719714
0.32000000000000001,1.1030727583269326,-1.6744302436767704,0.58511846189014882,-3.1812422719367568,-0.013770000000000003,3,3.9164970977412765e-05,0.00075121291578922084,0.016756836688737755,0.017547214575504389,0,0,0,0.038322719158190077,0.075870740053873814,0,0.095586334492136854,0.046946579740329827,0.0066724290211423575,0.15284994982608363,0.018022419426785834,0.013344858042284715
0.34000000000000002,1.1099758319066988,-1.715976728237508,0.11582647964148662,-0.97741028804596608,-0.013770000000000003,3,1.5347085763186081e-06,6.7783151815082246e-05,0.017382835468287151,0.017452153328678551,0,0,0,0.037798068935006028,0.076133474797782166,0,0.094962170675233742,0.047753151110680903,0.0093312753495036951,0.15212627241546145,0.019372827423579632,0.01866255069900739
0.35999999999999999,1.1079035625815314,-1.713600106809043,-0.32360584861836617,1.2153330353203997,-0.013770000000000003,3,1.1979616921306896e-05,0.00012159090362105205,0.017347117894153503,0.017480688414695862,0,0,0,0.037955756728432329,0.07605498360510024,0,0.095080605914810407,0.047546439179864827,0.0091795697169278889,0.15220545510118846,0.019037894754629407,0.018359139433855778
0.38,1.0967884983357106,-1.667268553980028,-0.79978013737145126,3.4223318128552611,-0.013770000000000003,3,7.3173096673400661e-05,0.00091195175537620878,0.016648624265848618,0.017633749117898227,0,0,0,0.038798750759727017,0.075628413572443681,0,0.095920522723972002,0.046323906328327329,0.0062128111869207371,0.15304229468821698,0.017019399084210976,0.012425622373841474
0.40000000000000002,1.075187058182739,-1.5764366945775228,-1.3855867453833199,5.6700454724133564,-0.013770000000000003,3,0.00021962291257791335,0.0024400642522825174,0.015271533494141353,0.017931220659001785,0,0,0,0.040423254532685547,0.074772725595538631,0,0.097161655530249552,0.044099096848762592,0.00036380179298908983,0.15390005652781358,0.013425468101986561,0.00072760358597817967
0.41999999999999998,1.0451894444375622,-1.4401662083942268,-1.6553305649434384,7.9613101712379333,0,4,0.00031345822838093078,0.0044099827472302913,0.01320778369871679,0.017931224674328013,0,0,0,0.042647735284890916,0.073526666421577083,0,0.097966137601287168,0.041440286157226718,-0.0084017002263133325,0.15328453991768343,0.0093539058928763519,-0.016803400452626665
0.44,1.0069791230575347,-1.2576983978724812,-2.2254823466058187,10.296517576622177,0,4,0.0005665764430775478,0.0068561271493209498,0.010508516135187825,0.017931219727586323,0,0,0,0.045425399565704093,0.071843810271283157,0,0.097291783133260784,0.039049736729138723,-0.019866479208342572,0.14915816670081747,0.0062556631869942897,-0.039732958416685143
0.46000000000000002,0.95331788737948409,-1.0276576963634518,-3.2247777119024361,12.729925916212416,0,4,0.0011896241537475893,0.0094040493096041854,0.0073374301973654866,0.017931103660717262,0,0,0,0.049213391093440334,0.069303983558552315,0,0.094234771339441997,0.037333890645479775,-0.033335243810034464,0.13925615158544366,0.0053637977324072356,-0.066670487620068927
0.47999999999999998,0.87411628334186708,-0.7473582201333322,-4.7992667378619407,15.330296248959035,0,4,0.0026348747930275761,0.011248204471490747,0.0040472336299985185,0.017930312894516843,0,0,0,0.054542366394509087,0.065193023154990495,0,0.088167294667031243,0.037061436842926662,-0.04730991492525264,0.12179222293955341,0.008929850530862829,-0.09461982985050528
0.5,0.75771467791695724,-0.41380897895438906,-6.8735532462327127,17.984821320771484,0,4,0.0054047151385483404,0.01124209469703696,0.0012817508528117859,0.017928560688397085,0,0,0,0.061744724536926594,0.058417368922770357,0,0.07956919162969682,0.039577650000892944,-0.059055934196348178,0.097393658722467052,0.020737931079015524,-0.11811186839269636
0.52000000000000002,0.60269168374070015,-0.03408971703573016,-8.3290662774356594,19.631134814370707,-0.0011474999999999992,5,0.0079360216185635907,0.010170547048530272,8.822967962349942e-06,0.018115391635056214,0,0,0,0.070024086974639063,0.048183267255014851,0,0.071270254161260621,0.046372229431467363,-0.064462525620275449,0.072516421347882179,0.044561191607919867,-0.1289250512405509
0.54000000000000004,0.44201126089009568,0.35184137423947348,-7.3717988496285498,18.540171572405942,-0.0011474999999999992,5,0.0062166606202521272,0.011139830465086403,0.00093029129928327717,0.018286782384621808,0,0,0,0.076830918470222151,0.036359454987968089,0,0.067322519308511061,0.056451588960204462,-0.060548711776744493,0.057814120146799985,0.076543722932440827,-0.12109742355348899
0.56000000000000005,0.31515060421986352,0.69782765078396469,-5.3046823857854069,15.979184718050625,-0.0011474999999999992,5,0.0032190593079252966,0.01166302466089764,0.003549853627858333,0.018431937596681269,0,0,0,0.080813725219395241,0.026346571241132773,0,0.067967516523060059,0.065750179786439711,-0.049422470150109019,0.05512130782672487,0.10515378833174666,-0.098844940300218037
0.57999999999999996,0.22678332469287538,0.99104490744907991,-3.635193226298763,13.369401197576169,-0.0011474999999999992,5,0.0015116985873077815,0.010155867053561619,0.0068668120920712221,0.018534377732940623,0,0,0,0.082823548322963958,0.019111772371856458,0,0.070690804787132078,0.071690719576661899,-0.035334131447200046,0.058558061251300197,0.12426966678146735,-0.070668262894400091
0.59999999999999998,0.16568814442884627,1.2337687368111849,-2.5644593628835448,10.926769996407645,-0.0011474999999999992,5,0.00075231868676939589,0.0076881846673167763,0.010164162030629009,0.018604665384715183,0,0,0,0.083835932860217649,0.014019142679104155,0,0.07379635580581799,0.07405685876085645,-0.021329077341874753,0.06375677875141833,0.13409457484260873,-0.042658154683749505
0.62,0.12145069893411775,1.4287224330946344,-1.9249476613864507,8.5815337267398633,-0.00027062622070312482,6,0.00042388500902984836,0.0051571471529204462,0.013035613821249773,0.018616645983200068,0,0,0,0.084373883611991732,0.010297949515805243,0,0.07663829069976974,0.073677752945976741,-0.0091329688190206707,0.068902697787547762,0.13705755637614822,-0.018265937638041341
0.64000000000000001,0.086491707163325188,1.5773687577243098,-1.6166334026487703,6.2882737167095861,-0.00027062622070312482,6,0.00029897391750107383,0.0030414392529121157,0.015285687428837676,0.018626100599250867,0,0,0,0.084682263496614063,0.0073426322997971905,0,0.079110621680558324,0.071600138479020817,0.00042391874293949878,0.073538979864502599,0.13585764465824446,0.00084783748587899757
0.66000000000000003,0.05528811097142438,1.680367151034674,-1.5335789475852877,4.0128634689582388,-0.00027062622070312482,6,0.00026904348660679387,0.0015190165560202986,0.016846481928788435,0.018634541971415529,0,0,0,0.084870120142889374,0.0046970955846698378,0,0.081327227970586585,0.068712331999701226,0.0070531852225128866,0.077784335798283796,0.1327275684147326,0.014106370445025773
0.68000000000000005,0.024241995511678369,1.7378980115463909,-1.5867610777432271,1.7401368441255136,-0.00027062622070312482,6,0.00028802705524300201,0.00064324285244916467,0.017711673117752347,0.018642943025444513,0,0,0,0.08497502506340858,0.0020603678004389612,0,0.083433346915993759,0.065643257801133878,0.010727969409413642,0.081891668768578924,0.12922614780182881,0.021455938818827285
0.70000000000000007,-0.0085405932339632229,1.7499646272790272,-1.6938464581928394,-0.53358206799905661,-0.00027062622070312482,6,0.0003282148956086033,0.00043142483456206097,0.017892174646180422,0.018651814376351085,0,0,0,0.084996899995199895,-0.00072594159957207593,0,0.085538943508408724,0.062739243909035652,0.011494625578408175,0.086080987021617539,0.1262044294176434,0.02298925115681635
0.71999999999999997,-0.03716919074322611,1.7176246608937706,-1.1602504276397756,-2.7028042213889987,0.016065000000000003,7,0.00015399750358577102,0.00063029550065759037,0.017407594510868155,0.018191887515111516,0,0,0,0.08494129093811463,-0.0031586537902352435,0,0.087312361704921557,0.060603260371052299,0.0094364360808195519,0.089683432471728469,0.12436517453233983,0.018872872161639104
0.73999999999999999,-0.054393751140270216,1.641645945318146,-0.54265654703485156,-4.9032866236625114,0.016065000000000003,7,3.3686842063884931e-05,0.0016205963924646387,0.016260893909065804,0.017915177143594328,0,0,0,0.084874287093010661,-0.0046211892899127487,0,0.088372156787756159,0.059621839519534002,0.0045659782070413034,0.091870026482501671,0.12386486832898076,0.0091319564140826068
0.76000000000000001,-0.0578407393932227,1.5210274664676398,0.23142959469791291,-7.1741662185316102,0.016065000000000003,7,6.1270016301146461e-06,0.0034232916655568255,0.014430408025872327,0.017859826693059268,0,0,0,0.084857853713259893,-0.0049137219273160879,0,0.088581884664336336,0.059398682873886256,-0.0032087664548406118,0.092305915615412765,0.12371108767508859,-0.0064175329096812237
0.78000000000000003,-0.043427171578861973,1.3538679878341195,1.2645347269552425,-9.5679286556479202,0.016065000000000003,7,0.00018292443715699279,0.0059911202237630402,0.011917408285211943,0.018091452946131976,0,0,0,0.084919861028491403,-0.0036901494416498163,0,0.087654406096713974,0.05923878903130958,-0.013882397701274451,0.090388951164936532,0.12216772750426898,-0.027764795402548902
0.80000000000000004,-0.0044698970075917333,1.136967596033335,2.720499093862021,-12.165530384262286,0.016065000000000003,7,0.00084665675459364787,0.0090682214207747601,0.0088025268744889081,0.018717405049857316,0,0,0,0.084999150852295355,-0.0003799399804435267,0,0.085260750318382289,0.058144389190828108,-0.027112441069958765,0.085522349784469223,0.11666871836209974,-0.054224882139917531
0.82000000000000006,0.062819235821439098,0.86836592041810512,4.1125713052353001,-14.728462418542057,7.564086914062495e-05,8,0.0019348044976850106,0.011412588284787776,0.0053746677409677547,0.018722060523440543,0,0,0,0.084832339250365568,0.0053361238095537365,0,0.081741707369888408,0.054470203441143082,-0.041671815575230399,0.078651075489411262,0.10360428307273244,-0.083343631150460798
0.83999999999999997,0.16438580310709056,0.54646241408493168,6.1318970506872557,-17.473895325911311,7.564086914062495e-05,8,0.0043013018014226422,0.012214931566615963,0.0022115465116940821,0.018727779879732686,0,0,0,0.083854119467107135,0.013909947821473808,0,0.078368921121536511,0.046976676990665142,-0.055106751139593603,0.072883722775965887,0.080043406159856473,-0.11021350227918721
0.85999999999999999,0.30822013151150496,0.17205230934368387,8.0847581334377114,-19.738870432397132,7.564086914062495e-05,8,0.0074772907831738358,0.01104135744656904,0.0002242122743875502,0.018742860504130425,0,0,0,0.080994377158121467,0.025785865678079781,0,0.07764442789865042,0.036308182716782864,-0.063547688267127297,0.074294478639179359,0.046830499755485949,-0.12709537653425459
0.88,0.47258713951261522,-0.22570115215692965,7.9013926478902539,-19.532428720911561,7.564086914062495e-05,8,0.0071419613274323482,0.01122405220885573,0.0003851528539528411,0.018751166390240919,0,0,0,0.075683458187687222,0.038691267189801384,0,0.082253891383580732,0.025838932743968743,-0.062864114619636258,0.088824324579474243,0.012986598298136098,-0.12572822923927252
0.90000000000000002,0.61110669355443259,-0.59386375061087548,5.839325915286814,-17.108290363055996,7.564086914062495e-05,8,0.0039006379115180544,0.012255460313278527,0.0026000528460489486,0.01875615107084553,0,0,0,0.069616149821256648,0.048770807703628925,0,0.090324864731764862,0.019210891276237856,-0.05345662229846692,0.11103357964227309,-0.010349025151153213,-0.10691324459693384
0.92000000000000004,0.70804610975855753,-0.90895495154660821,3.9487268550346446,-14.418632456736528,0.0011474999999999992,9,0.0017837105994211217,0.011232125041460896,0.0058530863806080299,0.018868922021490049,0,0,0,0.064568893334606872,0.055279815607002174,0,0.097659776936487336,0.016628425218372371,-0.03963979620876644,0.13075066053836781,-0.022022965170257432,-0.079279592417532879
0.94000000000000006,0.77333419181169227,-1.1719082882145457,2.6799225239815039,-11.906803703134543,0.0011474999999999992,9,0.00082158912869537051,0.0088348126300400731,0.0092877765764262672,0.01894417833516171,0,0,0,0.060824778979707755,0.059374626416253795,0,0.10234254032371123,0.016842844577707981,-0.025051407677428365,0.14386030166771469,-0.025688937260837832,-0.050102815354856729
0.95999999999999996,0.81871655125863396,-1.3861651262937933,1.9320367168181187,-9.535659013565617,0.0011474999999999992,9,0.00042701286292410733,0.0061712770778207344,0.012397995183910384,0.018996285124655225,0,0,0,0.058068517833366515,0.062072918705631974,0,0.10437035793618243,0.018758067659581476,-0.011841168943635823,0.15067219803899834,-0.024556783386469022,-0.023682337887271646
0.97999999999999998,0.85310232727750746,-1.5537873848438055,1.5587601767802568,-7.2337252081930439,0.0011474999999999992,9,0.00027795136434040948,0.0038301895827694173,0.014927596702760532,0.019035737649870359,0,0,0,0.055900186755745977,0.064032562971293935,0,0.10448257379764855,0.021620321719920378,-0.0010970238584754885,0.15306496083955112,-0.020791919531453179,-0.0021940477169509771
1,0.8828090481538049,-1.6756787175363206,1.4476475237520463,-4.9574077620346264,0.0011474999999999992,9,0.00023973744357213845,0.0020543919390917072,0.016775692914167657,0.019069822296831504,0,0,0,0.053973605202871228,0.06566467803472878,0,0.10352769774977272,0.024933296912316917,0.0067525183238517378,0.15308179029667418,-0.015798084210094945,0.013505036647703476
1.02,0.9047648454802012,-1.7531045648005996,0.76698420986617921,-2.7957725847221271,-0.018360000000000001,10,6.7295039521012587e-05,0.00066031345208980531,0.017939080649633728,0.018666689141244548,0,0,0,0.052518992014062481,0.066833789940619434,0,0.10239358587839627,0.02764158792435175,0.011693852572348489,0.15226817974273005,-0.011550614091915934,0.023387705144696978
1.04,0.91400906825899753,-1.7878177904707044,0.16523725974934111,-0.68038939044478441,-0.018360000000000001,10,3.1233897059168029e-06,3.8100063754516211e-05,0.018455732737449982,0.018496956190910414,0,0,0,0.051898930363677806,0.067316424645892492,0,0.10178200990297138,0.028858076851071418,0.013888263410847692,0.15166508944226498,-0.0096002709437496558,0.027776526821695385
1.0600000000000001,0.91149444212431341,-1.7803953833010997,-0.4183101879850657,1.4236832757621984,-0.018360000000000001,10,2.0017373392212642e-05,0.00017753571557192009,0.018345571852528362,0.018543124941492496,0,0,0,0.052068041738663896,0.067185705544414401,0,0.10193436307888752,0.028539959699266405,0.013420369744004254,0.15180068441911115,-0.01010578614588159,0.026840739488008507
1.0800000000000001,0.89702429131621952,-1.7307102976059703,-1.0401256093197961,3.5517166068294626,-0.018360000000000001,10,0.00012376042303848667,0.0010810699829135783,0.017603977416214868,0.018808807822166932,0,0,0,0.053034744058217793,0.066425265695210692,0,0.10279667980522597,0.026694727946314049,0.010270546280219462,0.15255861555223416,-0.013035809802582593,0.020541092560438925
1.1000000000000001,0.86920368204776333,-1.6379371143457249,-1.7658940799563267,5.7381838463174493,-0.018360000000000001,10,0.00035672989628795398,0.0027581896213456458,0.016204706081562638,0.019319625599196238,0,0,0,0.05486197428431807,0.064924292661736591,0,0.10401705397200747,0.023387533350087454,0.004327327903341136,0.15317213365969687,-0.018149225961561682,0.008654655806682272
1.1200000000000001,0.83196344743063921,-1.5003932557960598,-1.9996862301907508,8.0200335017401585,0,11,0.00045743976876055844,0.0047445620693360273,0.014117630402398287,0.019319632240494874,0,0,0,0.05724117350801685,0.062836677628795037,0,0.10480500181039992,0.019508331011777354,-0.0045372476962356138,0.15236883011278302,-0.02382001560524033,-0.0090744953924712275
1.1400000000000001,0.78720120936687976,-1.3168725215779098,-2.5369754608542756,10.342440617945067,0,11,0.00073627955185357125,0.0072122273335246886,0.011371128196357633,0.019319635081735891,0,0,0,0.059995608348482374,0.060212349056447831,0,0.1042210516453612,0.016146099912271228,-0.016202649522775937,0.14844649494224005,-0.027920149231905375,-0.032405299045551873
1.1599999999999999,0.72759486470940871,-1.0860746408824973,-3.5093923670349247,12.75930542298296,0,11,0.0014088801835175884,0.0098008303354589991,0.0081098351019912723,0.019319545620967861,0,0,0,0.063475973361725974,0.056531414326739214,0,0.1014317641964896,0.013912972940758987,-0.030054556991202547,0.13938755503125322,-0.02870546844522124,-0.060109113982405094
1.1799999999999999,0.64282287639968927,-0.80533167488128399,-5.0787804280123776,15.349038401523968,0,11,0.0029507273417096903,0.011704088758758313,0.0046640071989090285,0.019318823299377032,0,0,0,0.068034574209449958,0.050953868470792744,0,0.095914373988670337,0.013728229594890048,-0.044690251448738415,0.1237941737678907,-0.023497409281012648,-0.08938050289747683
1.2,0.52018787106719111,-0.47100654857844759,-7.2473810097028526,18.070751659126074,0,11,0.0060085875513627152,0.011654384325486968,0.0016535603355481363,0.019316532212397819,0,0,0,0.073756694271715939,0.042248669211096178,0,0.088304667302521997,0.016851173404896523,-0.057476723005656913,0.10285264033332807,-0.0085463224013031316,-0.11495344601131383
1.22,0.35466446799567264,-0.086796276688659191,-9.0408654610391483,20.038426709265849,-0.0011474999999999992,12,0.0093504006318916033,0.010107598162593868,5.7166222099520261e-05,0.019515165016584991,0,0,0,0.07970986041689393,0.029518437497931472,0,0.081651594764729121,0.024275091746874092,-0.064257194095737685,0.083593329112564313,0.01903174599581671,-0.12851438819147537
1.24,0.17664401058374479,0.31091255428870657,-8.3280695378541214,19.260540790857224,-0.0011474999999999992,12,0.007934122324381036,0.011044534501736038,0.00072809019307673215,0.019706747019193806,0,0,0,0.083677312676795651,0.01493677820648668,0,0.080209813778591571,0.034362050879107708,-0.061407534008338718,0.076742314880387491,0.053787323551728744,-0.12281506801667744
1.26,0.031573959971014337,0.67172088287564247,-6.1359300425931735,16.712600408420165,-0.0011474999999999992,12,0.0043069616550916196,0.012265085496272537,0.0032991041593902269,0.019871151310754384,0,0,0,0.08495763463443029,0.0026833407019332986,0,0.083690449445182849,0.042803872636130169,-0.050487495075644637,0.082423264255935422,0.082924404570327043,-0.10097499015128927
1.28,-0.071568714268816766,0.97916085669490549,-4.2876874735195107,14.059863581940968,-0.0011474999999999992,12,0.0021030831856944485,0.011171414093396776,0.0067164222913937959,0.01999091957048502,0,0,0,0.084782404465646027,-0.0060781488155199018,0,0.088610702387447893,0.047321712338329706,-0.035972892068493904,0.092439000309249772,0.10072157349217931,-0.071945784136987809
1.3,-0.1443762229246022,1.2354314275082805,-3.0927677878189184,11.594482770541404,-0.0011474999999999992,12,0.0010942204651715097,0.0087925035706941795,0.010187997894406074,0.020074721930271763,0,0,0,0.084115646776080188,-0.01222938949587063,0,0.092878611935228658,0.048043650485963312,-0.02122783768940675,0.10164157709437714,0.10831669046779725,-0.0424556753788135
1.3200000000000001,-0.19833790727259198,1.4436491749855218,-2.376170194192059,9.2423425070807603,-0.00018994262695312488,13,0.0006459000144081481,0.0061788449385877797,0.013260236865114051,0.020084981818109977,0,0,0,0.083333611617730882,-0.016748408125705227,0,0.095940106033146427,0.045976640224589638,-0.0081789123975787772,0.10854660044856196,0.10870168857488451,-0.016357824795157554
1.3400000000000001,-0.2418609415221856,1.6055233238850786,-2.0269645761648341,6.9512462580814809,-0.00018994262695312488,13,0.00047000504985649438,0.0039100986332122455,0.015713134020736354,0.020093237703805094,0,0,0,0.08252598511237122,-0.020358334441517648,0,0.097965054142810856,0.042226568297704256,0.0022394411346260395,0.11340412317325049,0.10481147103692616,0.004478882269252079
1.3600000000000001,-0.28109564563924572,1.7218371860720865,-1.9304833380712842,4.6817446492847319,-0.00018994262695312488,13,0.00042632649289317775,0.0022035004589274036,0.017470857190703119,0.020100684142523702,0,0,0,0.081663926261591926,-0.023579718987750419,0,0.099353061768767195,0.037683278185359007,0.0097051358762449691,0.11704219727594246,0.098946275358468436,0.019410271752489938
1.3800000000000001,-0.32013911274600093,1.7928109489693007,-1.9931574093764008,2.4154660487273945,-0.00018994262695312488,13,0.00045445763403977681,0.0011239019968145366,0.018529738544785176,0.02010809817563949,0,0,0,0.080681290137762929,-0.026749381706987551,0,0.10048115110887833,0.032970814639854809,0.014202593207548323,0.12028101207999373,0.092691010986697173,0.028405186415096647
1.4000000000000001,-0.36131448650178632,1.8184412202644573,-2.1299042937738135,0.1472751757392059,-0.00018994262695312488,13,0.00051895581714152044,0.00068869839819500536,0.018908263911865359,0.020115918127201884,0,0,0,0.079511801220099654,-0.030047852947180084,0,0.10161721464046632,0.028446883460709185,0.015810329221310555,0.12372262806083298,0.086941619868598455,0.031620658442621109
1.4199999999999999,-0.39816827154210949,1.8004546128839349,-1.5498594097939815,-1.9460939085133413,0.018360000000000001,14,0.0002747861347497308,0.00052161576294320927,0.018642866537665757,0.019439268435358696,0,0,0,0.078350684351691027,-0.032957097287559786,0,0.1027026849179897,0.024936226661891103,0.014683089269732226,0.12705468548428836,0.082829550611341993,0.029366178539464452
1.4399999999999999,-0.42291170172388692,1.7404662510314344,-0.90996638554921372,-4.059348943884947,0.018360000000000001,14,9.4724191169933057e-05,0.0011401282821940156,0.017750122476473316,0.018984974949837266,0,0,0,0.077511312540267122,-0.034885475893056551,0,0.10360311043626821,0.023087346597719778,0.010891277932693325,0.12969490833226929,0.081060169088496115,0.02178255586538665
1.46,-0.43378398015504205,1.6376735645714753,-0.15163414360088912,-6.2339592549783767,0.018360000000000001,14,2.6302935012315145e-06,0.002582031829023208,0.016200712828400625,0.018785374950925065,0,0,0,0.077127454282459762,-0.035726122038462003,0,0.10417667367272268,0.022669172856761378,0.0043103670931049342,0.1312258930629856,0.081064467751984753,0.0086207341862098684
1.48,-0.42765957906980828,1.4903763703886881,0.80641578670754521,-8.5189903245233438,0.018360000000000001,14,7.4392344958163761e-05,0.0048575353892500979,0.013965948143581954,0.018897875877790217,0,0,0,0.077344807560348769,-0.035253095515892161,0,0.1040092286275027,0.023248278220704015,-0.0051814978611028116,0.13067364969465661,0.08174965195730019,-0.010362995722205623
1.5,-0.39935420407021816,1.2957496739362533,2.0943169023125305,-10.980360321226891,0.018360000000000001,14,0.00050175880438812386,0.00785441551711606,0.011061518961213289,0.019417693282717474,0,0,0,0.078311544369543823,-0.033049992714930664,0,0.10244799606747539,0.024141027699788493,-0.017517673457300001,0.12658444776540695,0.081332048114507643,-0.035035346914600002
1.52,-0.34773356174551057,1.0517709450529464,3.1583094509854943,-13.445463065901119,7.6761474609374946e-05,15,0.0011410891243274995,0.010627289376304409,0.0076531655361324943,0.019421544036764403,0,0,0,0.079912533779844405,-0.028965271358736271,0,0.098997425922533439,0.023688200074298615,-0.031994200067395118,0.11808231806522246,0.076341671507333508,-0.063988400134790235
1.54,-0.2688142437163174,0.75649448566183786,4.8478440524562352,-16.12157469664626,7.6761474609374946e-05,15,0.0026884841965735774,0.012596178421214375,0.0041420007636908977,0.019426663381478852,0,0,0,0.081947352264496204,-0.022575018423881099,0,0.093705290595475235,0.020106316147863214,-0.046907404163732173,0.10546322892645427,0.062787650719607527,-0.093814808327464347
1.5600000000000001,-0.14980887985981628,0.40592243646986415,7.0856031626407923,-18.896365949416317,7.6761474609374946e-05,15,0.0057433311464944337,0.012456187745334206,0.0012340266447891522,0.019433545536617792,0,0,0,0.084047967743717256,-0.01268617823266982,0,0.087849177057261515,0.012497443809557335,-0.059258636405074956,0.091650386370805789,0.03768106585178449,-0.11851727281014991
1.5800000000000001,0.0092530903642739915,0.0084530475355677481,8.4652976035275103,-20.441238590953308,7.6761474609374946e-05,15,0.0081977499576654355,0.01125881260776169,5.4254280014112631e-07,0.019457105108227266,0,0,0,0.084996361189508138,0.00078650145751715784,0,0.084991316337159992,0.0013316931901358375,-0.064497695621813872,0.084986271484811846,0.0018768849227545172,-0.12899539124362774
1.6000000000000001,0.16944640649470358,-0.39028523453463215,7.1847852347679266,-19.008361307813772,7.6761474609374946e-05,15,0.0059052431986195437,0.01240498969733936,0.0011419693777809127,0.019452202273739817,0,0,0,0.083782653301087251,0.014334120336798288,0,0.087920857839757144,-0.0098536043373345251,-0.059649637369262182,0.092059062378427023,-0.034041329011467336,-0.11929927473852436
1.6200000000000001,0.29110769895442906,-0.74388383421583981,4.9993150669297677,-16.29806035185603,0.0011474999999999992,16,0.0028591123521067622,0.012721919089289503,0.0040114386860850247,0.01959247012748129,0,0,0,0.081423755790825961,0.02439614709161958,0,0.09395942424994165,-0.017442476173626292,-0.047461949175649741,0.10649509270905734,-0.059281099438872165,-0.094923898351299482
1.6400000000000001,0.37317557769191234,-1.0429249673501282,3.319868471642061,-13.64244788618978,0.0011474999999999992,16,0.0012608167279061552,0.010889996655564834,0.0075368191961626418,0.019687632579633629,0,0,0,0.079149816240336054,0.030988813935370868,0,0.099464018541083624,-0.020896533549256538,-0.032488365629618411,0.11977822084183118,-0.072781881033883944,-0.064976731259236822
1.6600000000000001,0.42812385242217404,-1.2909581599379507,2.2667996127909289,-11.187862312444103,0.0011474999999999992,16,0.00058780931751373222,0.0081714697776561571,0.010991538207894178,0.019750817303064067,0,0,0,0.077328432152273668,0.035289000848298432,0,0.10306489129112663,-0.021107042862712901,-0.01781490737387794,0.12880135042997959,-0.077503086573724234,-0.035629814747755881
1.6799999999999999,0.46696272193447241,-1.49122173149508,1.6827104738450576,-8.8519377704019515,0.0011474999999999992,16,0.0003239134652600861,0.0054927254463587281,0.013978744640051265,0.019795383551670077,0,0,0,0.075899875798777647,0.038264982081926122,0,0.10484436222380618,-0.019147377866799313,-0.0051271464489837573,0.13378884864883472,-0.076559737815524748,-0.010254292897967515
1.7,0.49764240221420908,-1.6453856756023342,1.4316072742457759,-6.5697528866305639,0.0011474999999999992,16,0.00023445419036905739,0.0032785916431477642,0.016317534878389967,0.019830580711906787,0,0,0,0.074690385233643478,0.040575193821470956,0,0.10539418717966433,-0.015944038238790141,0.0048065531701918379,0.13609798912568516,-0.072463270299051238,0.0096131063403836758
1.72,0.51882707076854651,-1.7549256491185146,0.71484802120150592,-4.3992421030099678,-0.017212499999999999,17,5.8457150928034515e-05,0.0014411752999680799,0.01796627253770541,0.019465904988601523,0,0,0,0.073814117965170817,0.042148261992920266,0,0.10525656984352083,-0.01291680456789264,0.011809346490423926,0.13669902172187087,-0.067981871128705545,0.023618692980847851
1.74,0.52707580408662946,-1.8218311781354908,0.12525003448303307,-2.300277413334745,-0.017212499999999999,17,1.79459277330757e-06,0.00036396537674368633,0.018958151405298791,0.019323911374815785,0,0,0,0.073463940933669633,0.042755694152876299,0,0.10489103809629774,-0.011243158056536154,0.016022219696308144,0.13631813525892583,-0.065242010265948613,0.032044439392616288
1.76,0.52424449589734023,-1.847176472661701,-0.40268489966379117,-0.23733076528238728,-0.017212499999999999,17,1.8549871044563576e-05,2.4366701038095284e-05,0.019329726474578836,0.019372643046661496,0,0,0,0.07358470086440759,0.042547524001939938,0,0.10464549120472325,-0.011171206274820634,0.017600435247106843,0.13570628154503889,-0.064889936551581207,0.035200870494213686
1.78,0.51102538524182606,-1.8313297014225691,-0.92207739941597744,1.8247329463271957,-0.017212499999999999,17,9.7262395359393828e-05,0.00040521761072622256,0.01909770138555246,0.019600181391638077,0,0,0,0.074140695730374212,0.04157111060118638,0,0.10462127004550116,-0.012789981833048303,0.01661493962602981,0.13510184436062811,-0.067151074267282979,0.03322987925205962
1.8,0.48706731080193283,-1.7739663097725877,-1.4861277158566017,3.9197908578359129,-0.017212499999999999,17,0.00025265184485028858,0.0015099091986909138,0.018250012786154336,0.020012573829695537,0,0,0,0.075115287250271001,0.039783082099169698,0,0.10468270853234789,-0.016043797711616362,0.013014495354036421,0.13425012981442477,-0.071870677522402421,0.026028990708072842
1.8200000000000001,0.45728026416119372,-1.6730324334208504,-1.5209507938037679,6.1751884029182982,-0.00017201293945312489,18,0.00026463088797069097,0.0030173476844750423,0.016735722068852151,0.020017700641297886,0,0,0,0.076266811304513432,0.037528302565420446,0,0.10459547406292707,-0.020042560740715455,0.006582747489178341,0.13292413682134069,-0.077613424046851356,0.013165494978356682
1.8400000000000001,0.42480187703825006,-1.5268350927867234,-1.7704854055244468,8.4498719030008882,-0.00017201293945312489,18,0.00035858730363171428,0.0051462039023652669,0.014518504984567516,0.020023296190564498,0,0,0,0.077445234449446065,0.035031923456617875,0,0.10400259931805117,-0.023678565311022609,-0.0028345863720373983,0.13055996418665627,-0.082389054078663093,-0.0056691727440747967
1.8600000000000001,0.38436264532973313,-1.3346982590236003,-2.3361860218234884,10.776620161770008,-0.00017201293945312489,18,0.00062434559001962398,0.0077721758660768726,0.01163373969954996,0.020030261155646455,0,0,0,0.078798196746663024,0.031872310701833099,0,0.10231270491132062,-0.026262816622121342,-0.015087242186756885,0.12582721307597822,-0.084397943946075776,-0.03017448437351377
1.8800000000000001,0.32835337524588215,-1.0950272193382737,-3.3541040544100076,13.216361992575369,-0.00017201293945312489,18,0.0012869547274350587,0.01052244785998957,0.0082304087171348132,0.020039811304559441,0,0,0,0.080458844231924245,0.027411209109832271,0,0.09894905153651859,-0.026862234406481365,-0.029542436641459346,0.11743925884111292,-0.081135677922794996,-0.059084873282918692
1.9000000000000001,0.24600478075715837,-0.80467578145844598,-4.9976391037821699,15.858827132772484,-0.00017201293945312489,18,0.0028571957040538485,0.012539151476393803,0.0046568274702862124,0.020053174650733863,0,0,0,0.082440915146303001,0.02070013308749653,0,0.093760010839803565,-0.024379606431879672,-0.04472074638852272,0.10507910653330414,-0.069459345951255871,-0.089441492777045439
1.9199999999999999,0.12342650279555913,-0.45894474865862378,-7.3263885870559484,18.705613721393217,-0.0011474999999999992,19,0.0061403072870715265,0.012479280898701695,0.0015714276434585089,0.020191015829231732,0,0,0,0.084353372207443975,0.010464635551820228,0,0.087871170041997987,-0.017891641990693947,-0.057825570661491216,0.091388967876552013,-0.046247919533208122,-0.11565114132298243
1.9399999999999999,-0.043931565112079449,-0.061980207139479049,-9.1030346240173703,20.638423149175804,-0.0011474999999999992,19,0.0094794381116464679,0.010885380955375631,2.9159292346607205e-05,0.020393978359368705,0,0,0,0.084917988938704225,-0.0037329819991674187,0,0.084742531570030782,-0.0077242915997894372,-0.064376149794654239,0.084567074201357326,-0.011715601200411456,-0.12875229958930848
1.96,-0.22092629131560199,0.34531649216920801,-8.1572132365978263,19.612013390924652,-0.0011474999999999992,19,0.0076119133683377384,0.012071634895001149,0.00089644726645623249,0.020579995529795121,0,0,0,0.082934065351416869,-0.018626347046238469,0,0.087718384033000488,0.0026758974150870724,-0.060692459792489668,0.09250270271458412,0.023978141876412614,-0.12138491958497934
1.98,-0.36117285807976446,0.71150164513420577,-5.8528282841732633,16.924550623644237,-0.0011474999999999992,19,0.0039186977852455384,0.013137181575617277,0.0036843648222002687,0.020740244183063083,0,0,0,0.079516056052635398,-0.030036591514919733,0,0.09439889836693055,0.0093628497664985794,-0.048851151791538108,0.1092817406812257,0.048762291047916892,-0.097702303583076217
2,-0.4585530071913545,1.022714711485242,-4.0035949292842616,14.234130426181522,-0.0011474999999999992,19,0.0018336247711797601,0.011746461061019394,0.0072732651054489396,0.020853350937648094,0,0,0,0.076218985660549465,-0.037625340196162406,0,0.10058799140795445,0.011739818761596375,-0.033607776480424144,0.12495699715535943,0.061104977719355157,-0.067215552960848288
2.02,-0.52551542363698389,1.2821890923994781,-2.7946454239087344,11.744998592002528,-0.00017089233398437489,20,0.00089343638254476675,0.0091078322585709595,0.010863715242792855,0.020864983883908582,0,0,0,0.073530566621352489,-0.042641010451710037,0,0.10454932223047528,0.010848028660321279,-0.018357818370740509,0.13556807783959807,0.064337067772352596,-0.036715636741481018
2.04,-0.57378625221641888,1.4934468316051834,-2.1046587251602773,9.3971462276121205,-0.00017089233398437489,20,0.00050672645055246934,0.0063540695735931386,0.014012430778830801,0.020873226802976409,0,0,0,0.071387399803004167,-0.046139344916958272,0,0.10629433627683438,0.007869125173814405,-0.0049840690671474662,0.14120127275066457,0.061877595264587082,-0.0099681381342949325
2.0600000000000001,-0.61212200162736097,1.6585163277653452,-1.7795588058806748,7.1168924061310159,-0.00017089233398437489,20,0.00036227210466330647,0.0040012138745802797,0.016516277685033637,0.020879763664277223,0,0,0,0.06956659655306166,-0.048841464392701719,0,0.10648614784289859,0.0037443366563744904,0.0056506867356168698,0.14340569913273549,0.0563301377054507,0.01130137347123374
2.0800000000000001,-0.64665037116723834,1.7782913442212207,-1.7075733622493936,4.8628404860485155,-0.00017089233398437489,20,0.00033355614729089941,0.002237789315863872,0.018314312477922163,0.020885657941076934,0,0,0,0.06783905067767626,-0.051213896582389361,0,0.105867765216349,-0.00084022722790763615,0.0132875997193432,0.14389647975502173,0.049533442126574088,0.0265751994386864
2.1000000000000001,-0.6815045082382355,1.8530673811361353,-1.7978253538076245,2.6149516401390067,-0.00017089233398437489,20,0.00036974746731956604,0.0011061470501767981,0.01941571770555027,0.020891612223046634,0,0,0,0.0660131942569607,-0.053546785001461775,0,0.10503773494918042,-0.0054368081758905881,0.017965671532238662,0.14406227564140017,0.042673168649680598,0.035931343064477324
2.1200000000000001,-0.71184205555941049,1.8850232595805796,-1.2411027056978772,0.5869252911990297,0.018360000000000001,21,0.00017620801187840502,0.00027883783832343106,0.019879552279409941,0.020334598129611779,0,0,0,0.064358589461980795,-0.05552451676929946,0,0.10442886716944945,-0.0090789697811545916,0.019935747024337171,0.14449914487691812,0.037366577206990277,0.039871494048674343
2.1400000000000001,-0.73119107331563615,1.8766767811747371,-0.69103772143591613,-1.4213672155602293,0.018360000000000001,21,5.4627800630590834e-05,0.00016586593852386283,0.019758847740770899,0.019979341479925354,0,0,0,0.063272264583265944,-0.056759321124421405,0,0.10434334350798839,-0.01097547239323686,0.019423070594507728,0.14541442243271085,0.034808376337947686,0.038846141189015457
2.1600000000000001,-0.7392225153155032,1.8280459482235623,-0.10155183359619646,-3.4480739654798382,0.018360000000000001,21,1.1797384794367071e-06,0.00078120761064801839,0.019049496564342152,0.019831883913469607,0,0,0,0.062814369640457196,-0.057265652590990444,0,0.10483895319933742,-0.011169125157561854,0.016410196076886475,0.14686353675821762,0.034927402275866735,0.03282039215377295
2.1800000000000002,-0.73465289174749338,1.7383661067571783,0.57885313136039618,-5.5329553636194113,0.018360000000000001,21,3.8330720286299525e-05,0.0021587844997300338,0.017718682264839899,0.019915797484856234,0,0,0,0.063075395378738436,-0.056978017671869059,0,0.10570604582476875,-0.0097853415836707675,0.010757739826876906,0.14833669627079907,0.037407334504527524,0.021515479653753812
2.2000000000000002,-0.71500033641492555,1.6060690460717275,1.4211966116583969,-7.7168868105123405,0.018360000000000001,21,0.00023105668231583948,0.0043241946678655892,0.015721416216878767,0.020276667567060196,0,0,0,0.064182906755422181,-0.055727502011347879,0,0.10644394303607276,-0.0070542966263985943,0.0022746186581666943,0.14870497931672333,0.041618908758550691,0.0045492373163333885
2.2200000000000002,-0.68288542470448177,1.4288507107718944,1.845098956454245,-10.015032635348975,0,22,0.00038944804924302126,0.0068496897357518075,0.013037542221120987,0.020276680006115815,0,0,0,0.065939187702068802,-0.053637892624443587,0,0.10623153047869169,-0.0041049183909803444,-0.0091247781977532062,0.14652387325531457,0.045428055842482898,-0.018249556395506412
2.2400000000000002,-0.63858094309120184,1.2048718801006961,2.6634054627005956,-12.404103088587613,0,22,0.00081149300135749738,0.0097129921282565531,0.009752179435502056,0.020276664565116106,0,0,0,0.068250104367015701,-0.050664812778608639,0,0.10415039979706807,-0.0023038542448335503,-0.023078918469665071,0.14005069522712044,0.046057104288941539,-0.046157836939330142
2.2600000000000002,-0.5726288975836441,0.93151573004787735,4.0404765860524252,-14.969416767612056,0,22,0.001867563576542215,0.012283039786117604,0.0061257067497946628,0.020276310112454482,0,0,0,0.071440751565050004,-0.046056693496394276,0,0.099488125817159434,-0.0025510628511157749,-0.038481877549292123,0.12753550006926886,0.040954567794162726,-0.076963755098584247
2.2800000000000002,-0.47219772743525995,0.60437357375603717,6.1115656618283527,-17.775658548670101,0,22,0.0042728256354180698,0.013311345641195935,0.0026900537575557174,0.020274225034169722,0,0,0,0.075698519295651773,-0.038661792204265945,0,0.092369444951584792,-0.0060206673238012362,-0.053074355430021591,0.10904037060751781,0.026620457556663472,-0.10614871086004318
2.3000000000000003,-0.32657340840998877,0.22173702237812165,8.3266862772192454,-20.303127090291795,0,22,0.0079314868882612317,0.011973257152631136,0.00037179730441439196,0.020276541345306761,0,0,0,0.080507507791189759,-0.027267951687861003,0,0.085058088451610933,-0.013832549125651407,-0.062920840535107075,0.089608669112032108,-0.00039714656344181157,-0.12584168107021415
2.3199999999999998,-0.15307503390816651,-0.19181821908593477,8.5216637317744919,-20.506476620425222,0.0011474999999999992,23,0.0083072827373147362,0.01189113641770493,0.00027852080452905902,0.020476939959548725,0,0,0,0.084006084503523343,-0.012960623688190931,0,0.082131133102187975,-0.025113381892573589,-0.063317020028333934,0.080256181700852608,-0.037266140096956252,-0.12663404005666787
2.3399999999999999,-0.0021143817554277189,-0.58027090667637893,6.4111758878815568,-18.117197546383576,0.0011474999999999992,23,0.0047020321015220443,0.013452834311244275,0.0024857135865120864,0.020640579999278406,0,0,0,0.084999809999136963,-0.0001797223152998834,0,0.084925040951998612,-0.035541801809835294,-0.053942263054230014,0.084850271904860261,-0.070903881304370697,-0.10788452610846003
2.3599999999999999,0.10410596844434213,-0.91446446291528893,4.3130325915295575,-15.325860975689562,0.0011474999999999992,23,0.0021280199061366376,0.012717285903574455,0.0059192292285703656,0.020764535038281458,0,0,0,0.084539798627599166,0.0088330316429289565,0,0.089849927948878888,-0.041989526415817109,-0.039358863283340276,0.095160057270158624,-0.092812084474563183,-0.078717726566680551
2.3799999999999999,0.17518658045639371,-1.1949602481171091,2.9066132104317823,-12.761634066111835,0.0011474999999999992,23,0.00096646179895032382,0.010268169795988808,0.0096118969972283867,0.020846528592167519,0,0,0,0.08369899311007066,0.014814808549567753,0,0.094156150976595215,-0.044264833370387877,-0.02367474941714073,0.10461330884311978,-0.1033444752903435,-0.04734949883428146
2.3999999999999999,0.22422929089018001,-1.4261102965362795,2.0791541744078454,-10.374733248327647,0.0011474999999999992,23,0.00049451969805287539,0.0074119559589545534,0.012996353281534376,0.020902828938541805,0,0,0,0.082872090250035682,0.018900176125897374,0,0.097064133311768289,-0.043328041516622388,-0.00929972272538916,0.11125617637350091,-0.10555625915914216,-0.01859944545077832
2.4199999999999999,0.2542360200800669,-1.60999158962517,0.98050127467650339,-8.0442818751158569,-0.017212499999999999,24,0.00010997818079761635,0.0044953024101250802,0.015780942168039647,0.020386222758962343,0,0,0,0.082267736514600495,0.021378015080083298,0,0.098477418181624823,-0.041000733151350346,0.0025274471969064056,0.11468709984864917,-0.10337948138278398,0.0050548943938128112
2.4399999999999999,0.26528449042645325,-1.7488936508005581,0.16028297713860529,-5.8668041798661648,-0.017212499999999999,24,2.9389013434882703e-06,0.0023168960100227779,0.017876169722454861,0.020196004633821128,0,0,0,0.08202652584759379,0.022285624455554966,0,0.098669895379086839,-0.038973497261618965,0.011426646799417524,0.11531326491057989,-0.1002326189787929,0.022853293598835048
2.46,0.26176752832851197,-1.8453406166413417,-0.49019620472554426,-3.7912913979439322,-0.017212499999999999,24,2.7488440090169932e-05,0.00092613980826945547,0.019302898442469459,0.020256526690829085,0,0,0,0.082104396089112269,0.021997003042282064,0,0.098171110746296419,-0.037972434681964332,0.017486486758704799,0.11423782540348056,-0.097941872406210717,0.034972973517409599
2.48,0.24633968750483162,-1.9009434327941435,-1.0403625005859909,-1.7756639936670195,-0.017212499999999999,24,0.0001238168029634754,0.00028938977715166656,0.020108871886994801,0.020522078467109944,0,0,0,0.082433977908793116,0.020727741944857613,0,0.097313242581361162,-0.038446912900836225,0.020909751473814128,0.11219250725392921,-0.097621567746530052,0.041819502947628255
2.5,0.22048490654323061,-1.9165030450757232,-1.5404805470295007,0.21944213205029484,-0.017212499999999999,24,0.00027147050029016081,0.00036384746772617137,0.020331792626272882,0.020967110594289216,0,0,0,0.08294227865847241,0.018589739399472845,0,0.096214026245861256,-0.04062512978311128,0.021856577583557933,0.1094857738332501,-0.099839998965695398,0.043713155167115866
2.52,0.19063790547860299,-1.8901498679683355,-1.4495585867816723,2.4166391897622272,-0.0022949999999999984,25,0.00024037082395729218,0.0008417098771509279,0.019953530356087903,0.021035611057196122,0,0,0,0.083460102702119718,0.016106249003154945,0,0.095063951744505076,-0.044023110267751041,0.020249959038769555,0.10666780078689042,-0.10415246953865703,0.04049991807753911
2.54,0.16204229478639764,-1.8197874813454256,-1.4278999928277185,4.6215076970975115,-0.0022949999999999984,25,0.00023324148035083411,0.0019399170349377326,0.018928080989546198,0.021101239504834765,0,0,0,0.083886487251112044,0.013713396977737406,0,0.093971628843776078,-0.04797861872137027,0.015894499615809535,0.10405677043644013,-0.10967063442047795,0.031788999231619069
2.5600000000000001,0.13254238583326905,-1.7051741561773861,-1.5535743528854615,6.844111572362797,-0.0022949999999999984,25,0.00027610501344290945,0.0036724535890252062,0.017220389674917947,0.021168948277386062,0,0,0,0.084254474305103175,0.011233145577740472,0,0.092701604798839793,-0.052124756642159785,0.0086413085071268478,0.10114873529257642,-0.11548265886206005,0.017282617014253696
2.5800000000000001,0.098340090677939709,-1.5457716194634017,-1.9140780655850997,9.1052051346122127,-0.0022949999999999984,25,0.00041911142443284597,0.0060224520018569323,0.014805897460116088,0.021247460886405868,0,0,0,0.08458932325260847,0.0083454413703357884,0,0.090920057743528085,-0.055822829966676812,-0.0016139251609068673,0.0972507922344477,-0.11999110130368941,-0.0032278503218137345
2.6000000000000001,0.053691461268432349,-1.3404518736891919,-2.6197686253050589,11.44477435700783,-0.0022949999999999984,25,0.0007851200705599788,0.008846087613060289,0.011718747813291831,0.021349955496912099,0,0,0,0.084877511576710168,0.004561581802996823,0,0.088247523084219029,-0.058144339760069545,-0.01472618156094193,0.091617534591727889,-0.12085026132313592,-0.029452363121883859
2.6200000000000001,-0.0088850927782951963,-1.0872472228044892,-3.7354898843383024,13.905644261364634,-5.5469970703124957e-05,26,0.0015962662657475393,0.011631450513790944,0.0081255954039444987,0.021353312183482982,0,0,0,0.084996644864941295,-0.00075522294923351606,0,0.084489267400566587,-0.05785807210880918,-0.029987617210565334,0.083981889936191878,-0.11496092126838484,-0.059975234421130667
2.6400000000000001,-0.10029966579064351,-0.78265753113515046,-5.5318168636469069,16.598244083641056,-5.5469970703124957e-05,26,0.0035006266456414446,0.013438211071497624,0.0044184526222175386,0.021357290339356606,0,0,0,0.084572807335177164,-0.0085111843739285372,0,0.080018500569329937,-0.053765815425412464,-0.045733211764281606,0.07546419380348271,-0.099020446476896382,-0.091466423528563212
2.6600000000000001,-0.23472197468638129,-0.42196951388998727,-7.9555624647544567,19.442880780896083,-5.5469970703124957e-05,26,0.007240223728149575,0.012789470245630045,0.00133204343480181,0.021361737408581431,0,0,0,0.082669218399076649,-0.019768670397519592,0,0.076525466555573893,-0.045460796004711965,-0.058842323161732032,0.070381714712071136,-0.071152921611904341,-0.11768464632346406
2.6800000000000002,-0.41310027009049466,-0.012485152636068975,-9.4973136233254642,21.08456081039218,-5.5469970703124957e-05,26,0.010318385888216269,0.011066386351144595,1.1835647957004512e-06,0.021385955804156566,0,0,0,0.077849852758564736,-0.034123312053049484,0,0.077526575957593671,-0.034860844544524268,-0.064494972966379113,0.077203299156622607,-0.035598377035999051,-0.12898994593275823
2.7000000000000002,-0.59319483914662141,0.39883832416754483,-8.1035391035881492,19.602777668379595,-5.5469970703124957e-05,26,0.007512070768845247,0.012669844308199195,0.0011918979555267488,0.021373813032571191,0,0,0,0.070478511383022829,-0.047516096569826964,0,0.084480919646285832,-0.026746947556884216,-0.059437572394126961,0.098483327909548821,-0.0059777985439414677,-0.11887514478825392
2.7200000000000002,-0.73122556447597342,0.76355204144792621,-5.7245928717479835,16.822784136329254,-0.0011474999999999992,27,0.0037488616841259933,0.013568517501988462,0.0042158377080464219,0.021533216894160878,0,0,0,0.063270306850785191,-0.056761503424482038,0,0.093054214484988046,-0.023562295131160579,-0.046593791590016899,0.1228381221191909,0.0096369131621608789,-0.093187583180033798
2.7400000000000002,-0.82643564585792817,1.0727957551671476,-3.9207989433565471,14.143776635560265,-0.0011474999999999992,27,0.0017585687493552912,0.011953047639250786,0.007932041945682507,0.021643658334288586,0,0,0,0.057587645879160126,-0.06251930135643273,0,0.099266535512425022,-0.024128131193586741,-0.03080970971082863,0.14094542514568992,0.014263038969259248,-0.061619419421657259
2.7600000000000002,-0.89267468850479559,1.330828667140965,-2.8028088593040597,11.68885484823987,-0.0011474999999999992,27,0.00089866363796556564,0.0092445113634512972,0.01157663348149812,0.021719808482914982,0,0,0,0.053323164987056346,-0.066193958000433609,0,0.10211340379762671,-0.026890522574546535,-0.015329793231829257,0.15090364260819708,0.012412912851340538,-0.030659586463658513
2.7800000000000002,-0.94191514327689829,1.5411922559154085,-2.1920231543034121,9.3619127483782556,-0.0011474999999999992,27,0.00054966803354024015,0.0064902511882806765,0.014736381795606667,0.021776301017427585,0,0,0,0.050000430166978728,-0.068738322521844281,0,0.10213783168729051,-0.030813444401991436,-0.001909183674793297,0.15427523320760231,0.0071114337178614095,-0.0038183673495865941
2.8000000000000003,-0.9827399115143165,1.7056782812395959,-1.940589612035021,7.0922688833857812,-0.0011474999999999992,27,0.00043080190084331756,0.0041643556238237988,0.017227975982753586,0.021823133507420704,0,0,0,0.047153322406681963,-0.070721737719116495,0,0.10033121032158857,-0.035265678880220183,0.0086735303378932451,0.15350909823649517,0.000190379958676129,0.01734706067578649
2.8199999999999998,-1.0137492230452547,1.8263432189843449,-1.1889816040191321,4.9930057299222739,0.018360000000000001,28,0.00016171878761531738,0.0020675524197655659,0.019024484414393854,0.021253755621774739,0,0,0,0.044937972486541175,-0.072149695971631581,0,0.097908900272838578,-0.039157095470818103,0.016303960305784286,0.15087982805913597,-0.0061644949700046248,0.032607920611568572
2.8399999999999999,-1.0311595564152765,1.9060329525272781,-0.56793062923856619,2.9889426018377092,0.018360000000000001,28,3.6897826899032919e-05,0.00071526208446514574,0.020181922637251961,0.020934082548616138,0,0,0,0.043675075066305892,-0.072921106806963287,0,0.095929006582359463,-0.041624346768547101,0.021220024792949193,0.14818293809841304,-0.010327586730130914,0.042440049585898386
2.8599999999999999,-1.0369137827540922,1.9462947327012561,-0.014781755378694639,1.0438818754425827,0.018360000000000001,28,2.4995522995561323e-08,7.3310211987839e-05,0.020755092745940226,0.020828427953451061,0,0,0,0.043254749765106813,-0.073171214440912444,0,0.094910148971104225,-0.042635417218681006,0.02365448838744574,0.14656554817710163,-0.012099619996449568,0.04730897677489148
2.8799999999999999,-1.0319040553634233,1.947917968805422,0.51513822778167451,-0.88170820287611007,0.018360000000000001,28,3.0356924144328041e-05,0.00011203122040612998,0.020778018158807837,0.020920406303358296,0,0,0,0.043620773279924668,-0.072953602642099935,0,0.095089525930560442,-0.042179155472052948,0.023751861021100235,0.14655827858119619,-0.011404708302005968,0.047503722042200471
2.8999999999999999,-1.0162040293338099,1.9108836216014762,1.0609755061420345,-2.8285627552573906,0.018360000000000001,28,0.00012877184613045221,0.00082846900824458467,0.020251424704769837,0.021208665559144874,0,0,0,0.044760723737331927,-0.072259792488701832,0,0.096452657207047071,-0.040239656894647501,0.021515225555427443,0.14814459067676222,-0.0082195213005931689,0.043030451110854885
2.9199999999999999,-0.99576394650622468,1.832334652338333,1.0035270473440732,-5.0282106158745261,0.0011474999999999992,29,0.00011520421546496597,0.0020044707350326207,0.019112445452363794,0.02123212040286138,0,0,0,0.046228266913440966,-0.071329848858522477,0,0.098514365142391702,-0.03744367436817049,0.016677563083434384,0.15080046337134242,-0.0035574998778185041,0.033355126166868768
2.9399999999999999,-0.97498519385876359,1.7096357528202768,1.1080754745732599,-7.2462655823165134,0.0011474999999999992,29,0.00014045877987735415,0.0038279981692002857,0.017287511670071219,0.021255968619148857,0,0,0,0.047700326227505543,-0.07035395424416134,0,0.10057284126385527,-0.034506129586716769,0.0089264002296603005,0.153445356300205,0.0013416950707278025,0.017852800459320601
2.96,-0.94980277754286868,1.5422098907713648,1.4592656051564759,-9.5062989843294421,0.0011474999999999992,29,0.00024360090583754781,0.0062894513389023321,0.014751828935176563,0.021284881179916441,0,0,0,0.049456697666140255,-0.069130565280200035,0,0.10189316477527267,-0.031616992376730123,-0.0018435740096136523,0.1543296318844051,0.0058965805267397892,-0.0036871480192273045
2.98,-0.91427070756346263,1.3288156662073316,2.1641131115107934,-11.853027618845468,0.0011474999999999992,29,0.00053575979389034151,0.0092429688442727826,0.011546947563505142,0.021325676201668267,0,0,0,0.051881315964981432,-0.067330001141703261,0,0.10148436498623273,-0.029108236468302288,-0.015455880209373338,0.15108741400748402,0.0091135282050986838,-0.030911760418746676
3,-0.85986004541020633,1.0669911513678185,3.3784661957660949,-14.366404349946144,0.0011474999999999992,29,0.0013057179123565597,0.01222755522513176,0.0078547230792007702,0.02138799621668909,0,0,0,0.055466199652113621,-0.064408855727701539,0,0.098268535269849799,-0.027549283140557095,-0.031138111284400395,0.14107087088758596,0.0093102894465873498,-0.06227622256880079
3.02,-0.77486842223414343,0.7525388509204789,5.2483229053837466,-17.128533883316727,5.3228759765624965e-05,30,0.0031510210253248702,0.01413937518435179,0.0041008567901901971,0.021391252999866859,0,0,0,0.060733613070691549,-0.059467875726139124,0,0.091576715356307847,-0.027968296882245579,-0.047082157703915238,0.12241981764192415,0.0035312819616479668,-0.094164315407830476
3.04,-0.64558888277469717,0.38058831930027015,7.7000270094013654,-20.016801461290992,5.3228759765624965e-05,30,0.006782576540766634,0.013526141168026907,0.001086606582029262,0.021395324290822804,0,0,0,0.067893375405146672,-0.051141857378235948,0,0.082309125316084947,-0.032004227839060179,-0.059884783460630045,0.096724875227023235,-0.012866598299884416,-0.11976956692126009
3.0600000000000001,-0.47449781253662715,-0.0383300858008635,8.9655234792537897,-21.387563148319582,5.3228759765624965e-05,30,0.0091952070085930624,0.012213058904452198,1.1154147373375476e-05,0.021419420060418637,0,0,0,0.075609393724506688,-0.038835802819209619,0,0.074480101030183779,-0.041034421870623568,-0.064452624246630244,0.07335080833586087,-0.043233040922037516,-0.12890524849326049
3.0800000000000001,-0.30862703144885834,-0.45158645157292199,7.2671665171296258,-19.534677596041977,5.3228759765624965e-05,30,0.0060414394822834476,0.013842465873014329,0.0015222946037418198,0.021406199959039598,0,0,0,0.080983878186261418,-0.025818820149510584,0,0.072434088017162404,-0.0526362797221369,-0.058034256694946398,0.06388429784806339,-0.079453739294763209,-0.1160685133898928
3.1000000000000001,-0.1879530081585136,-0.81322310180954815,4.8639894116422262,-16.61887370025957,5.3228759765624965e-05,30,0.0027064215821698588,0.013957751320841198,0.0047507445594472779,0.021414917462458334,0,0,0,0.083503045456810546,-0.015882109413986368,0,0.074747403015832659,-0.061916473596662441,-0.044321846077780849,0.065991760574854758,-0.10795083777933852,-0.088643692155561699
3.1200000000000001,-0.10876753827212,-1.1183400432080504,3.1777790341612788,-13.93909303937901,0.0011474999999999992,31,0.0011552011089258928,0.011804477364186742,0.0085469781323888241,0.02150665660550146,0,0,0,0.084497704449822519,-0.009227022418442813,0,0.078200560034807146,-0.066893973199257925,-0.028197850270179986,0.071903415619791772,-0.12456092398007303,-0.056395700540359972
3.1400000000000001,-0.056433737146964036,-1.3723541895130111,2.1494003474591228,-11.491973757218936,0.0011474999999999992,31,0.00052849981038401617,0.0088461815800833388,0.01219210097551619,0.021566782365983545,0,0,0,0.084864683334131052,-0.0047943219121853158,0,0.081298036086010481,-0.067927835852290216,-0.012715677134232977,0.077731388837889909,-0.13106134979239512,-0.025431354268465954
3.1600000000000001,-0.019638926465093694,-1.5788710673012165,1.5964208000596161,-9.1745006702696212,0.0011474999999999992,31,0.00029154457302934693,0.006008941792565438,0.015308500707842307,0.021608987073437093,0,0,0,0.084983608810943329,-0.0016692014463679269,0,0.083717020770911407,-0.066154661097093614,0.00052081510296596593,0.0824504327308795,-0.1306401207478193,0.0010416302059319319
3.1800000000000002,0.0096647909042772533,-1.739727577345902,1.3813035316254147,-6.917332077685872,0.0011474999999999992,31,0.00021826718667971483,0.0036852686696314998,0.017739065443723639,0.021642601300034855,0,0,0,0.084996030183114274,0.00082149443767370314,0,0.0856105258405266,-0.062757379684364442,0.010844314660735802,0.086225021497938925,-0.12633625380640259,0.021688629321471604
3.2000000000000002,0.037197597401488605,-1.8557054082988031,1.4044382305049756,-4.6821432894076018,0.0011474999999999992,31,0.00022563968890587448,0.0019943733440919618,0.019454178315703206,0.021674191348701043,0,0,0,0.084941201177044665,0.0031610666871845542,0,0.087243195001954321,-0.058695939171847504,0.018129027844475044,0.089545188826863992,-0.12055294503087957,0.036258055688950089
3.2200000000000002,0.059162974202089241,-1.9294188685218563,0.80595893110875116,-2.7017871544465519,-0.018360000000000001,32,7.4308078422897483e-05,0.00068068723846802497,0.020515892153483206,0.021270887470374127,0,0,0,0.084851282442290163,0.0050259196072661707,0,0.088422439923712404,-0.055264995445169669,0.02263851577252465,0.091993597405134658,-0.11555591049760551,0.0452770315450493
3.2400000000000002,0.069812613258330408,-1.9641575540250438,0.26472939004014706,-0.7784131916352317,-0.018360000000000001,32,8.017048747522845e-06,6.0781448481823801e-05,0.021006553258537616,0.021075351755766962,0,0,0,0.084792947573633454,0.0059292530537201652,0,0.088948577789690425,-0.053499503292653086,0.024722533378090439,0.093104208005747383,-0.11292825963902633,0.049445066756180878
3.2600000000000002,0.069849903464207996,-1.960671643505675,-0.26162818511140806,1.1275351438686643,-0.018360000000000001,32,7.8303155433455941e-06,0.00010921051761242148,0.020957624358208263,0.021074665191364028,0,0,0,0.084792726411611619,0.0059324149960689309,0,0.088956562269502243,-0.053581795482283028,0.024514714399457446,0.093120398127392867,-0.11309600596063499,0.049029428798914892
3.2800000000000002,0.059198591503139039,-1.9188956381754192,-0.81063381582769733,3.0574202426842976,-0.018360000000000001,32,7.5172611746839225e-05,0.00082909393821059617,0.020365961861039141,0.021270228410996576,0,0,0,0.084851103378777659,0.0050289417777488188,0,0.088438304811714288,-0.055496316433305326,0.022001706851168614,0.092025506244650904,-0.11602157464435947,0.044003413702337228
3.3000000000000003,0.036984596981787222,-1.8379526691522372,-1.4264989661207412,5.0504151049872528,-0.018360000000000001,32,0.00023278400121221667,0.0022505154242817788,0.019194796322454272,0.021678095747948267,0,0,0,0.084941872558714382,0.0031429741041132113,0,0.087242229881635824,-0.059026376355180474,0.017027337421229499,0.089542587204557267,-0.12119572681447416,0.034054674842458998
3.3200000000000003,0.0082072210543106296,-1.714692146851081,-1.4856622718656685,7.2789006567212482,-0.00013727416992187491,33,0.00025249361232861301,0.0040660262369085192,0.017363531384496724,0.021682051233733856,0,0,0,0.084997137280778137,0.0006976059579423291,0,0.085521026081915211,-0.063133626908034771,0.0092492838281376302,0.086044914883052284,-0.12696485977401187,0.01849856765627526
3.3399999999999999,-0.024116196099615659,-1.5465806799431245,-1.7968162143874289,9.5406433531771864,-0.00013727416992187491,33,0.00036933249706241824,0.0064989908970201644,0.014818180031638862,0.021686503425721444,0,0,0,0.084975283584080019,-0.0020496779759709986,0,0.083420395710833276,-0.066512017679844007,-0.0015617565764574327,0.081865507837586532,-0.13097435738371702,-0.0031235131529148653
3.3599999999999999,-0.066053347297943071,-1.3325670119822099,-2.4681110741698662,11.878720856613159,-0.00013727416992187491,33,0.00069685048664478474,0.0093931455892034988,0.011602280792320133,0.021692276868168416,0,0,0,0.084814638010631577,-0.0056104526667221421,0,0.08067753318542753,-0.068152117128659706,-0.015220859699625666,0.07654042836022347,-0.13069378159059727,-0.030441719399251332
3.3799999999999999,-0.12625264570528161,-1.0704209667300013,-3.6537342210007901,14.370286786491157,-0.00013727416992187491,33,0.0015271584938249582,0.012272868538073599,0.0079003794424934385,0.021700406474391996,0,0,0,0.084323460822745597,-0.01070298812831677,0,0.077197478816795118,-0.066845016625255341,-0.030944191970381254,0.070071496810844638,-0.12298704512219391,-0.061888383940762508
3.3999999999999999,-0.21696932534153796,-0.75598190463296433,-5.5475408782245985,17.122917222123327,-0.00013727416992187491,33,0.0035205557705727314,0.014054328994573484,0.0041366594658021564,0.021711544230948371,0,0,0,0.083007119708040158,-0.018298034806369035,0,0.073481976227071297,-0.061507851244461925,-0.046930090614160057,0.063956832746102435,-0.1047176676825548,-0.093860181228320114
3.4199999999999999,-0.35252817639243572,-0.3842621653559064,-8.0306919073669061,20.001436190443016,-4.9866943359374964e-05,34,0.0073776175145451334,0.013230345194351881,0.0011074260330503764,0.021715388741947391,0,0,0,0.079772738471554222,-0.029348086764711175,0,0.071424260491438851,-0.052040569442800548,-0.05979635561905209,0.06307578251132348,-0.074733052120889917,-0.11959271123810418
3.4399999999999999,-0.53063086381675917,0.034485179267032429,-9.3345929564746637,21.391776668115259,-4.9866943359374964e-05,34,0.0099678381149145359,0.011762955992890921,9.0288388983246221e-06,0.02173982294670378,0,0,0,0.073311477972653208,-0.043016592118218573,0,0.074436920173259341,-0.041098545452120945,-0.064461651210931351,0.075562362373865474,-0.03918049878602331,-0.1289233024218627
3.46,-0.70397588916565734,0.44815946619995106,-7.6363139578405397,19.569572683374879,-4.9866943359374964e-05,34,0.0066707975026487924,0.013555024816029135,0.0014996641838665792,0.021725486502544508,0,0,0,0.06479335891134419,-0.055016548792029267,0,0.082883015965582132,-0.033712238219422444,-0.05813037638520821,0.10097267301982008,-0.012407927646815614,-0.11626075277041642
3.48,-0.83168742776987215,0.81064025905756187,-5.1967905150701643,16.666308759346343,-4.9866943359374964e-05,34,0.0030894461339887511,0.013922417055208513,0.0047222838524010602,0.021734147041598324,0,0,0,0.057258515485727024,-0.062820875546037713,0,0.091806292219941327,-0.031332068808796742,-0.044442729135231653,0.12635406895415563,0.00015673792844422829,-0.088885458270463305
3.5,-0.91671351795895695,1.1164736311190424,-3.4334905033805017,13.965562954227027,-4.9866943359374964e-05,34,0.001348596124772735,0.011869237244265276,0.0085214985978900662,0.021739331966928076,0,0,0,0.051716686905644058,-0.067456536343808715,0,0.09771174482033429,-0.032193652443910363,-0.028306071194826428,0.14370680273502451,0.0030692314559879891,-0.056612142389652856
3.52,-0.97362733996431439,1.3709186362378283,-2.3541361381220125,11.509755801524278,-0.00018097778320312488,35,0.00063397678437197554,0.0089449966494491405,0.012170731758080561,0.021749705191901676,0,0,0,0.047795812614768243,-0.070289119332183708,0,0.10007095619115081,-0.034742608143461674,-0.012806440035335709,0.15234609976753336,0.00080390304526035961,-0.025612880070671418
3.54,-1.0140985600137782,1.5777550671921787,-1.7603839783648758,9.1895507810909436,-0.00018097778320312488,35,0.00035450716804789716,0.006110946181591281,0.015291553743760705,0.021757007093399883,0,0,0,0.04491276518895089,-0.072165390063950757,0,0.099672235313752924,-0.038085352231311577,0.00044883513320040239,0.15443170543855494,-0.0040053143986723966,0.00089767026640080478
3.5600000000000001,-1.0463074675344413,1.7389267711205711,-1.5080939476407464,6.9345869650466092,-0.00018097778320312488,35,0.00026017586095446632,0.003775568879413941,0.017727076789967613,0.02176282153033602,0,0,0,0.042565504136408243,-0.073574301611455437,0,0.097608176769914443,-0.04173004270114479,0.010793394452801617,0.15265084940342064,-0.0098857837908341434,0.021586788905603234
3.5800000000000001,-1.076006669611749,1.8553097685394899,-1.4941593362546235,4.7061197439469877,-0.00018097778320312488,35,0.00025539008463632636,0.002064389261226483,0.019448412048680509,0.021768191394543317,0,0,0,0.040361956381650188,-0.074805831838472114,0,0.094844357507356647,-0.045409510137890546,0.018104536394327683,0.14932675863306311,-0.016013188437308978,0.036209072788655365
3.6000000000000001,-1.107088264675077,1.9272185635479318,-1.6326176408958366,2.4851984804007294,-0.00018097778320312488,35,0.0003049152713385688,0.00098430843010441122,0.020484591440997922,0.021773815142440901,0,0,0,0.038017751575673817,-0.076024013082251526,0,0.092080888153079299,-0.048988359313516611,0.0225055701707353,0.14614402473048477,-0.021952705544781695,0.0450111403414706
3.6200000000000001,-1.13436399683186,1.9574278750470384,-1.0989458572159136,0.54249179270374936,0.018360000000000001,36,0.00013815378845900581,0.00022283291878989224,0.020912031200188044,0.021273017907436943,0,0,0,0.035930256991339157,-0.077032568648178451,0,0.0900695595627867,-0.051780404675713314,0.024321063541403513,0.14420886213423423,-0.026528240703248177,0.048642127082807025
3.6400000000000001,-1.15106867479347,1.9490583244274164,-0.56891058607773426,-1.3793006994417594,0.018360000000000001,36,3.7025270186201034e-05,0.00013517194928282022,0.020794114908781632,0.020966312128250654,0,0,0,0.034638499599552459,-0.077621996531214044,0,0.089376033101021379,-0.053195595291860798,0.023820229819833637,0.14411356660249028,-0.028769194052507552,0.047640459639667274
3.6600000000000001,-1.1568904757518146,1.9021217804333439,-0.0041078522194618605,-3.3211569543351365,0.018360000000000001,36,1.9303667534259398e-09,0.00073362499911038329,0.020125796326381715,0.02085942325585885,0,0,0,0.034186015332467172,-0.077822338410563852,0,0.090027639853156372,-0.053292072794759351,0.020981635772943059,0.14586926437384556,-0.028761807178954858,0.041963271545886117
3.6800000000000002,-1.1507136914033005,1.8158031537263239,0.63943030113418065,-5.3242523331850062,0.018360000000000001,36,4.6773151355352975e-05,0.0020566568687453339,0.01886941181840391,0.020972841838504598,0,0,0,0.034666051935999934,-0.077609695548755742,0,0.09179934296544015,-0.052089873313956016,0.015645310135932341,0.14893263399488038,-0.02657005107915629,0.031290620271864682
3.7000000000000002,-1.1303836568432519,1.6884792038736842,1.4239894183296924,-7.4282880384346255,0.018360000000000001,36,0.00023196567784501069,0.0041453019829270294,0.016968875861250537,0.021346143522022576,0,0,0,0.036236587372063929,-0.076888944170321258,0,0.094178174930871147,-0.049581957155389052,0.0075730371272958678,0.15211976248967837,-0.022274970140456846,0.015146074254591736
3.7200000000000002,-1.0990356790716291,1.5172928627232602,1.7622487203275439,-9.6992429639943829,0,37,0.00035525861151370215,0.006617129119347016,0.01437377040474923,0.021346158135609947,0,0,0,0.038628702225358691,-0.075715410349443193,0,0.096001121340434314,-0.04644498727815053,-0.0034493271969536611,0.15337354045550994,-0.017174564206857867,-0.0068986543939073223
3.7400000000000002,-1.0574446816032481,1.2999812644143951,2.4698815097221423,-12.050909884971897,0,37,0.00069785058050670235,0.0095249174145004174,0.011123400741016949,0.021346168736024067,0,0,0,0.041743468496084978,-0.074043790002378748,0,0.095881830964863496,-0.043522350890841062,-0.017254838850590606,0.15002019343364204,-0.013000911779303376,-0.034509677701181213
3.7600000000000002,-0.99674380493993053,1.034193619693859,3.704244568761117,-14.563686107794304,0,37,0.0015696741705865111,0.012353747363642045,0.0074225674456678686,0.021345988979896424,0,0,0,0.046158351578247318,-0.071375111765789298,0,0.092707142801308928,-0.041271964917249292,-0.032973634702396074,0.13925593402437053,-0.011168818068709285,-0.065947269404792147
3.7800000000000002,-0.90446791501963886,0.71562883710480207,5.6499107188393038,-17.339676837842163,0,37,0.0036516855791567972,0.013967388604521441,0.0037253876992613764,0.021344461882939612,0,0,0,0.052538834686559753,-0.066818192506070878,0,0.085804815482697083,-0.04066130618239884,-0.048676912592331908,0.11907079627883443,-0.014504419858726796,-0.097353825184663817
3.8000000000000003,-0.76689513588633984,0.33981357053312333,8.0949606054305043,-20.162322066642126,0,37,0.0074961744611304936,0.012977890701171297,0.00086837689483462537,0.021342442057136417,0,0,0,0.061205831940713086,-0.058981744094636496,0,0.076123758844509837,-0.043501290930813286,-0.060811684952282431,0.091041685748306594,-0.028020837766990072,-0.12162336990456486
3.8200000000000003,-0.58956414765003429,-0.079938034298773886,9.1597602730386019,-21.296287064914665,0.0011474999999999992,38,0.0095979486365231955,0.01191354004615088,4.8493733332014008e-05,0.021559982416006089,0,0,0,0.070650562771208847,-0.047259898223668217,0,0.067786883295335026,-0.051540918161741681,-0.064294029335151145,0.064923203819461192,-0.055821938099815144,-0.12858805867030229
3.8399999999999999,-0.42164024065247707,-0.48945101959239601,7.3222076744268989,-19.297709118536584,0.0011474999999999992,38,0.0061333011713302519,0.013816189368945419,0.001782957617726844,0.021732448158002515,0,0,0,0.077555605399972569,-0.03478689510496371,0,0.065145228130318658,-0.06245519719073192,-0.05692712530697059,0.052734850860664748,-0.090123499276500138,-0.11385425061394118
3.8599999999999999,-0.29940715182492711,-0.8467118598691723,4.9789802043080469,-16.42992263109344,0.0011474999999999992,38,0.0028359006066047648,0.013913267727479514,0.0051259954817301024,0.021875163815814381,0,0,0,0.081218479186825343,-0.025071071747717923,0,0.066967093357293117,-0.071238858072394662,-0.042728017831591476,0.052715707527760877,-0.11740664439707141,-0.085456035663182953
3.8799999999999999,-0.21754661045807991,-1.1483580278611321,3.3312946114449269,-13.780277341330773,0.0011474999999999992,38,0.0012695104816924348,0.011740475424538554,0.0089598875347736903,0.021969873441004678,0,0,0,0.082996542694073833,-0.018345950529497824,0,0.070299001032693126,-0.075789256991821083,-0.026444072652167475,0.057601459371312412,-0.13323256345414436,-0.052888145304334951
3.8999999999999999,-0.16177182191952041,-1.3994161526008817,2.3390568182909988,-11.353335670828937,0.0011474999999999992,38,0.00062588097321608584,0.0088120073864543999,0.012596042573984738,0.022033930933655223,0,0,0,0.083890193284480066,-0.013690707457709282,0,0.073653555305923074,-0.076415993295354506,-0.010999989067343108,0.063416917327366068,-0.13914127913299973,-0.021999978134686217
3.9199999999999999,-0.12815579741302308,-1.6025480700284609,1.0902710791267483,-8.9982079595017641,-0.018360000000000001,39,0.00013598130049286046,0.0056126211615236052,0.015667977146769672,0.021416579608786138,0,0,0,0.084302938715738532,-0.01086344898687501,0,0.076063653072819815,-0.074802258241250558,0.0020476433349034644,0.067824367429901111,-0.13874106749562609,0.0040952866698069287
3.9399999999999999,-0.11607325045961883,-1.7606153424006399,0.15863173929542962,-6.8352495660838741,-0.018360000000000001,39,2.878660034520944e-06,0.0031406288107883457,0.018051169521487883,0.02119467699231075,0,0,0,0.084428040123183237,-0.0098440865984692639,0,0.077092287386637315,-0.07275934238981481,0.012169935106557433,0.069756534650091392,-0.13567459818116037,0.024339870213114866
3.96,-0.12054395134957274,-1.8768492786500062,-0.58081667370934398,-4.8065343228836293,-0.018360000000000001,39,3.8591206550983278e-05,0.0014768010109404352,0.019761345606020709,0.021276737823512127,0,0,0,0.084383186565832227,-0.01022143947768377,0,0.076987349815068135,-0.071277837034281699,0.019433679944022706,0.069591513064304042,-0.13233423459087965,0.038867359888045412
3.98,-0.13852785379830904,-1.9534587879794669,-1.20236541728396,-2.8653005170994339,-0.018360000000000001,39,0.00016538006538275519,0.00058537877151416538,0.020856161326972017,0.021606920163868937,0,0,0,0.084185729834967971,-0.011737243805671949,0,0.075923406275049399,-0.070999004960217063,0.024083763706133271,0.067661082715130841,-0.13026076611476217,0.048167527412266542
4,-0.16817342309823871,-1.9917463403437807,-1.7535962202040762,-0.96691559292575624,-0.018360000000000001,39,0.00035177859316657301,0.00040818925804786215,0.021391251456609139,0.022151219307823575,0,0,0,0.083800832509021053,-0.01422745482491513,0,0.073947194534087837,-0.072266160672419644,0.026356487668234528,0.064093556559154621,-0.13030486651992415,0.052712975336469056
4.0200000000000005,-0.20189723699219603,-1.989522115175566,-1.6169825074885791,1.1897750647800232,-0.0022949999999999984,40,0.000299103055635762,0.00056910787877872764,0.021360407993223668,0.022228618927638156,0,0,0,0.083273470767763286,-0.017044913208651889,0,0.071456793659873175,-0.074775668635233064,0.026225484171014557,0.059640116551983056,-0.13250642406181423,0.052450968342029114
4.04,-0.23301179220847792,-1.9441181692370515,-1.5044276005348614,3.3520705295246289,-0.0022949999999999984,40,0.00025891236473403511,0.0013167858643397946,0.020724329518268619,0.022300027747342448,0,0,0,0.08270290552402354,-0.019627262108721098,0,0.068835135823610588,-0.07806153791393175,0.023523825680719576,0.054967366123197622,-0.13649581371914241,0.047047651361439152
4.0600000000000005,-0.26271789273129881,-1.8553541038796473,-1.4886804066451476,5.5273588547277193,-0.0022949999999999984,40,0.00025352053995900478,0.0026656263675137962,0.019449058249027363,0.022368205156500162,0,0,0,0.082083453845565271,-0.022075022192128268,0,0.066006035958796755,-0.081857068052766963,0.01810728104411893,0.049928618072028239,-0.14163911391340564,0.03621456208823786
4.0800000000000001,-0.29372471893826479,-1.7228517353687858,-1.6483151472721536,7.7289506169738029,-0.0022949999999999984,40,0.0003108069385536454,0.0046424812139272313,0.017486087429272545,0.022439375581753421,0,0,0,0.081359631832146201,-0.024609150902410754,0,0.062901092848870147,-0.085634415113844453,0.0097698242833526329,0.044442553865594085,-0.14665967932527818,0.019539648566705266
4.0999999999999996,-0.33041565507994558,-1.5458548526608711,-2.0739445820478104,9.9826265723664438,-0.0022949999999999984,40,0.00049204463534511297,0.0072244019090781592,0.014807161035028743,0.022523607579452015,0,0,0,0.080402143592624029,-0.027577079354258471,0,0.059482515404294473,-0.088569141925331468,-0.0016085582949849516,0.038562887215964924,-0.14956120449640445,-0.0032171165899699031
4.1200000000000001,-0.37839090221949911,-1.3229664551174416,-2.7996362262375056,12.325857537717095,-5.6590576171874966e-05,41,0.00089663030893633879,0.010168936558005841,0.011460772792559039,0.022526339659501217,0,0,0,0.0789871238319651,-0.031401182601198493,0,0.055887182260948659,-0.089507209006439492,-0.015821896056069325,0.032787240689932225,-0.1476132354116805,-0.03164379211213865
4.1399999999999997,-0.44604902456911555,-1.0517210684529239,-4.0750369753652,14.83590380810989,-5.6590576171874966e-05,41,0.0018996487831481096,0.012977822973924524,0.0076525078753623063,0.02252997963243494,0,0,0,0.076683481675451665,-0.036669382843602216,0,0.052523125408396543,-0.087193828400240481,-0.031996993393806038,0.028362769141341421,-0.13771827395687875,-0.063993986787612075
4.1600000000000001,-0.54644730613131676,-0.7276341261259951,-6.0989875079459877,17.623401517455562,-5.6590576171874966e-05,41,0.0042552560121634992,0.014432888897016761,0.0038458234294232352,0.022533968338603494,0,0,0,0.07262196728842811,-0.044170690136769178,0,0.050329145516733238,-0.080822790623718915,-0.048165377890659042,0.028036323745038366,-0.11747489111066864,-0.096330755781318084
4.1799999999999997,-0.69418200604717661,-0.34576411196547419,-8.666249881203882,20.489749113489871,-5.6590576171874966e-05,41,0.0085915717403340329,0.01304951222423089,0.00089874961447912753,0.022539833579044051,0,0,0,0.065329068476396079,-0.054379341776140996,0,0.051343942629967436,-0.071180487472855047,-0.060682680876320394,0.037358816783538792,-0.087981633169569085,-0.12136536175264079
4.2000000000000002,-0.88300678826831125,0.080216168727917037,-9.7120410052092048,21.579212817423326,-5.6590576171874966e-05,41,0.010790242896111999,0.011726910309392026,4.8831594920015155e-05,0.02256598480042404,0,0,0,0.053960619606787143,-0.065675349497750071,0,0.057953986772018518,-0.062394292477099329,-0.064292594313115806,0.061947353937249885,-0.059113235456448587,-0.12858518862623161
4.2199999999999998,-1.0612802538622466,0.49511121132582803,-7.7921965845753025,19.549034365399631,-0.0011474999999999992,42,0.0069459236858573879,0.013978432677883491,0.0018235831046401686,0.022747939468381047,0,0,0,0.041459161829017856,-0.074203355048375746,0,0.068212398819072123,-0.059255691548556609,-0.056754573969418243,0.09496563580912637,-0.044308028048737472,-0.11350914793883649
4.2400000000000002,-1.1919529897731369,0.85715957512458729,-5.3585494357546715,16.661473575377794,-0.0011474999999999992,42,0.003284767913257252,0.014370481794344865,0.0052453938658241989,0.022900643573426315,0,0,0,0.031436915909863535,-0.078972908760385485,0,0.076740530457365605,-0.060938801326608075,-0.042220889118993382,0.12204414500486768,-0.042904693892830671,-0.084441778237986764
4.2599999999999998,-1.2808111590502185,1.163403130359324,-3.6570272740483691,14.010295717843281,-0.0011474999999999992,42,0.0015299125421018096,0.012304563401294381,0.0091689728051346717,0.023003448748530862,0,0,0,0.024304731033222577,-0.08145108992151491,0,0.081053251718600949,-0.064517522388895993,-0.025556010851449752,0.13780177240397934,-0.047583954856277075,-0.051112021702899503
4.2800000000000002,-1.3427974515513099,1.4191071222754745,-2.6380638452604002,11.588523114584413,-0.0011474999999999992,42,0.00079612417201084301,0.0093873393445904445,0.01289116969041075,0.023074633207012037,0,0,0,0.019212434437416256,-0.082800255814749646,0,0.081321745732825829,-0.068388813972276863,-0.0097464760006339204,0.14343105702823541,-0.05397737212980408,-0.019492952001267841
4.2999999999999998,-1.3895697833928844,1.6277478441338147,-2.107237574717721,9.2892577196739161,-0.0011474999999999992,42,0.00050796900058115648,0.0065700386995529375,0.016050271459186121,0.023128279159320215,0,0,0,0.015320074062948066,-0.083607986046225186,0,0.078660919879133276,-0.072001601357360362,0.0036713874413273895,0.14200176569531847,-0.060395216668495552,0.007342774882654779
4.3200000000000003,-1.4219948935669624,1.7918991219706593,-1.1779857316830595,7.1537498427000417,0.018360000000000001,43,0.00015874142205859093,0.0038578948159232089,0.018516230121892435,0.022532866359874233,0,0,0,0.012601497967063537,-0.084060705736902386,0,0.074835915109522505,-0.074731175676131092,0.014145217982893459,0.13707033225198148,-0.065401645615359799,0.028290435965786918
4.3399999999999999,-1.4380016351348959,1.9148718291758504,-0.44799256855243441,5.1647514131743062,0.018360000000000001,43,2.2958939626184134e-05,0.0019075090918668591,0.020308479914265012,0.022238947945758054,0,0,0,0.011254403114769242,-0.084251637435306101,0,0.071439319903123091,-0.07621208668491164,0.021757559948458259,0.13162423669147694,-0.068172535934517178,0.043515119896916518
4.3600000000000003,-1.4406866044209941,1.99920890516049,0.1647960987936895,3.2837336091117106,0.018360000000000001,43,3.1067339206105948e-06,0.00069202359806574292,0.021494510127295266,0.02218964045928162,0,0,0,0.011028149760939457,-0.084281551438320668,0,0.069203143425843952,-0.076669416498590923,0.026795065100642477,0.12737813709074844,-0.069057281558861178,0.053590130201284954
4.3799999999999999,-1.4318482271530768,2.0466716497754289,0.71104059996890767,1.4702191741110817,0.018360000000000001,43,5.783610068353242e-05,0.00015129041674009547,0.022142785083846279,0.022351911601269907,0,0,0,0.011772621471239498,-0.084180789873313205,0,0.068553592244604861,-0.076240012925385597,0.029548526519904347,0.12533456301797022,-0.068299235977457989,0.059097053039808695
4.4000000000000004,-1.412463317470023,2.0581721333786867,1.2242607132568799,-0.32009856096137224,0.018360000000000001,43,0.00017145811017681516,0.00023880232088597432,0.022297562124991639,0.022707822556054427,0,0,0,0.013402144423861242,-0.083936776950523706,0,0.069679217191531861,-0.074951044064579669,0.030205921359971279,0.12595628995920249,-0.065965311178635633,0.060411842719942557
4.4199999999999999,-1.3891212677789089,2.0309141467347622,1.1148694916412663,-2.4073677872434036,0.0034425000000000011,44,0.00014218646880849949,0.00071676595121648781,0.021929225848461197,0.022788178268486184,0,0,0,0.015357572007944629,-0.083601106344478454,0,0.072198467742176753,-0.073159400637408029,0.028641462149427439,0.12903936347640887,-0.062717694930337603,0.057282924298854877
4.4400000000000004,-1.3674557145670199,1.9617730670661508,1.0676508208678293,-4.5103389563960512,0.0034425000000000011,44,0.00013039732520147765,0.0017592718294242742,0.020973091755374613,0.022862760910000366,0,0,0,0.017165090277308878,-0.083248781827554921,0,0.075569158674553411,-0.071206430160746514,0.024580410106076346,0.13397322707179793,-0.059164078493938121,0.049160820212152692
4.46,-1.3455437021628307,1.8503089597829021,1.151572463194712,-6.6423114046749578,0.0034425000000000011,44,0.0001517025038894574,0.0034110232599314223,0.019375470353801029,0.02293819611762191,0,0,0,0.018984972021064982,-0.082852705673136476,0,0.079415547931509081,-0.069005568352084476,0.017794726273364883,0.13984612384195316,-0.055158431031032476,0.035589452546729766
4.4800000000000004,-1.320007629603049,1.6957548387937855,1.4441052707307021,-8.8237450255029746,0.0034425000000000011,44,0.00023856565043626042,0.0057090047290394262,0.017078550422502316,0.023026120801978002,0,0,0,0.021094285162344809,-0.08234094445347151,0,0.083089347107815459,-0.066458912446005824,0.0080388651992113289,0.14508440905328612,-0.050576880438540125,0.016077730398422658
4.5,-1.2857575419408249,1.4968003642940158,2.0417789839406835,-11.090151420802183,0.0034425000000000011,44,0.00047690037610764215,0.0086039570638133112,0.014063211358250997,0.023144068798171949,0,0,0,0.023901547070782753,-0.081570313519215787,0,0.085629640788178626,-0.063482888401884804,-0.0047683853285295777,0.14735773450557452,-0.045395463284553815,-0.0095367706570591553
4.5200000000000005,-1.2366904206027272,1.2513583267451764,2.9523460460672633,-13.481638017784697,4.8746337890624968e-05,45,0.00099711379879016595,0.011732339785280349,0.010417011927750972,0.023146465511821486,0,0,0,0.027873595009183783,-0.080299830020143917,0,0.085724499899922466,-0.060218682981168281,-0.020255131125760398,0.14357540479066117,-0.040137535942192652,-0.040510262251520796
4.54,-1.1634584569902198,0.95603366699514769,4.4953324890638413,-16.099725933130223,4.8746337890624968e-05,45,0.0023117126229603322,0.014410677558645009,0.0064272011933713211,0.023149591374976665,0,0,0,0.033674145986809602,-0.078045191344880666,0,0.082053642249019065,-0.057170897979350807,-0.037201320109703867,0.13043313851122851,-0.036296604613820949,-0.074402640219407734
4.5600000000000005,-1.0513476848946965,0.60508616480389676,6.8424660276973075,-19.040046161029036,4.8746337890624968e-05,45,0.0053559375687290221,0.015099860605733121,0.0026962061105355694,0.023152004284997713,0,0,0,0.042194134572797144,-0.073787905564887027,0,0.074044228213065555,-0.055575068014810491,-0.05304822413126245,0.10589432185333397,-0.037362230464733949,-0.1060964482625249
4.5800000000000001,-0.88821662611743368,0.19563481103603264,9.2977217402111503,-21.682206694108899,4.8746337890624968e-05,45,0.0098892486230239048,0.012985497605885214,0.00028967875888167617,0.023164424987790797,0,0,0,0.05361773092406371,-0.065955583012772337,0,0.0633466514174576,-0.058046583996034261,-0.063269628105327574,0.073075571910851497,-0.050137584979296185,-0.12653925621065515
4.6000000000000005,-0.69831881944079399,-0.24210904574413128,9.1078006215524798,-21.482508061163575,4.8746337890624968e-05,45,0.0094893668458599385,0.01323461502040744,0.0004429039468395456,0.023166885813106924,0,0,0,0.06510355293389522,-0.05464912986849383,0,0.055161320533716564,-0.066493319426565528,-0.062618824554708019,0.045219088133537907,-0.078337508984637233,-0.12523764910941604
4.6200000000000001,-0.53984494760716695,-0.64642113111786159,6.619511854754828,-18.77334780715498,0.0011474999999999992,46,0.0050125894403971099,0.015264435925588495,0.0030638336204717813,0.023340858986457384,0,0,0,0.072912013070870113,-0.043690254633651046,0,0.052942735600705886,-0.077015769262238437,-0.051486775312301301,0.032973458130541658,-0.11034128389082584,-0.1029735506246026
4.6399999999999997,-0.43103851933885617,-0.99264925449869779,4.3918289408454383,-15.897102941395065,0.0011474999999999992,46,0.0022064853020427248,0.014374467893743505,0.0068872052003642083,0.023468158396150438,0,0,0,0.077225248151375575,-0.035514237257168638,0,0.054656057039184393,-0.084590650516275678,-0.035247514439499625,0.03208686592699321,-0.13366706377538271,-0.07049502887899925
4.6600000000000001,-0.35875190278954905,-1.2844593467121594,2.957239494080051,-13.328588642675962,0.0011474999999999992,46,0.0010004219260537394,0.011654247018717773,0.010896776284542768,0.02355144522931428,0,0,0,0.07958854020406736,-0.029843998863851244,0,0.057864259341055102,-0.087778721645407509,-0.018217396005170038,0.036139978478042852,-0.14571344442696377,-0.036434792010340077
4.6799999999999997,-0.30868239687369864,-1.5271380820072382,2.1347277265113354,-10.963596169867527,0.0011474999999999992,46,0.0005213089583885912,0.008564473503573266,0.014523101727714408,0.023608884189676264,0,0,0,0.080982448592194528,-0.025823303816757685,0,0.061405789847658307,-0.087216136106386635,-0.002815062318576251,0.041829131103122093,-0.14860896839601559,-0.005630124637152502
4.7000000000000002,-0.27050708341969437,-1.723685136394149,1.7432275105863089,-8.7027175864152113,0.0011474999999999992,46,0.00034763088053696222,0.0058064361837588813,0.017498596530765506,0.023652663595061352,0,0,0,0.08190901897676417,-0.022713709742446055,0,0.064874371608064724,-0.084143184293573647,0.0098229550236387398,0.047839724239365278,-0.14557265884470122,0.01964591004727748
4.7199999999999998,-0.24443189874937662,-1.8771165868243544,0.89908084313124181,-6.6676919612057848,-0.018360000000000001,47,9.2471455758507217e-05,0.0033161704861884153,0.01976521611716929,0.023173858059116214,0,0,0,0.082473372022118199,-0.020570437703201438,0,0.067590659658841368,-0.08023992510762748,0.019450119423926656,0.052707947295564522,-0.13990941251205352,0.038900238847853312
4.7400000000000002,-0.23347992192895936,-1.9913570756387937,0.21653672094970666,-4.7775081340056635,-0.018360000000000001,47,5.3638091665500918e-06,0.0015815357932427523,0.021385855711561982,0.022972755313971284,0,0,0,0.082693708357652398,-0.019665975644740593,0,0.06907109179718883,-0.076947887372337459,0.026333569960762738,0.055448475236725261,-0.13422979909993432,0.052667139921525476
4.7599999999999998,-0.23515030884808699,-2.0689334794692593,-0.37177372672551567,-2.9947378275750696,-0.018360000000000001,47,1.5811300625492316e-05,0.00054606488772138649,0.022441540168163594,0.023003416356510473,0,0,0,0.082660743218805816,-0.019804078633318175,0,0.069459208866339578,-0.074906295778000204,0.030817448896379523,0.05625767451387334,-0.13000851292268223,0.061634897792759047
4.7800000000000002,-0.24799681363082521,-2.1115831037628521,-0.90629298236988842,-1.2773449621093658,-0.018360000000000001,47,9.3960958993374025e-05,0.00014158465162395701,0.023003732873430948,0.023239278484048279,0,0,0,0.082399516257216782,-0.020864316920921937,0,0.068826393966152324,-0.074468693959608964,0.033205287433872514,0.055253271675087867,-0.12807307099829598,0.066410574867745029
4.7999999999999998,-0.27121500826705902,-2.1201498863052004,-1.4125396791570961,0.4216258607013792,-0.018360000000000001,47,0.00022825038507200083,0.00032234426861034514,0.023114974842986611,0.023665569496668957,0,0,0,0.081892918853942329,-0.022771689475785888,0,0.067155720682486555,-0.075770487622617011,0.033677772863517717,0.052418522511030782,-0.12876928576944816,0.067355545727035435
4.8200000000000003,-0.29806101070115476,-2.0913042334379659,-1.2767062285284778,2.4650315816454795,-0.0034425000000000011,48,0.00018646278245110595,0.00083339037022145813,0.022738134671561605,0.023757987824234168,0,0,0,0.08125215478950272,-0.024961717530304114,0,0.064819106674758875,-0.078452450588296752,0.032077194493550822,0.04838605856001503,-0.1319431836462894,0.064154388987101643
4.8399999999999999,-0.3226761264731916,-2.021423320251035,-1.2000909695498139,4.5272238525415425,-0.0034425000000000011,48,0.00016475497663657944,0.0018781822664346052,0.02179978666594886,0.023842723909020043,0,0,0,0.080613167012030446,-0.026953984942684975,0,0.06220161775782225,-0.082018692374099839,0.028091686484662152,0.043790068503614055,-0.13708339980551471,0.056183372969324304
4.8600000000000003,-0.34690257992600854,-1.9100013222616825,-1.2495977411334638,6.6216971660056734,-0.0034425000000000011,48,0.00017862846624834151,0.0035087056072552595,0.020238791634119558,0.023926125707623161,0,0,0,0.079936575799939596,-0.028898855502952226,0,0.05925697734054014,-0.086100300369626168,0.02146156827267906,0.038577378881140677,-0.14330174523630013,0.04292313654535812
4.8799999999999999,-0.3739991734804029,-1.7562153633286943,-1.500765210050413,8.7677054017920248,-0.0034425000000000011,48,0.00025765330250824696,0.0057762436394600903,0.017985524593539703,0.02401942153550804,0,0,0,0.079124267142518592,-0.031053990873305709,0,0.05596368528251626,-0.090066182695719227,0.011891117029985139,0.03280310342251392,-0.14907837451813272,0.023782234059970278
4.9000000000000004,-0.40888679783418991,-1.5587381358605077,-2.0466993401956604,10.998008383998755,-0.0034425000000000011,48,0.00047920165076381296,0.0086575934687403606,0.015002770196888494,0.024139565316392667,0,0,0,0.077992938915012258,-0.033794991927786691,0,0.052350368191363197,-0.092973566562363427,-0.00077773446785383616,0.026707797467714137,-0.15215214119694015,-0.0015554689357076723
4.9199999999999999,-0.45741422141479743,-1.3154635410855526,-2.8906416818715099,13.355639997385504,-4.3143310546874976e-05,49,0.00095586977181988516,0.011835394614574826,0.011350421480467322,0.024141685866862033,0,0,0,0.076261783431897753,-0.037538518721259184,0,0.048700179458158063,-0.093531593165368826,-0.016290598536921001,0.02113857548441838,-0.14952466760947847,-0.032581197073842001
4.9400000000000004,-0.52859287097243912,-1.0230818713434005,-4.349501072172151,15.93008767850622,-4.3143310546874976e-05,49,0.0021641586299240706,0.014702279082435269,0.0072780245952666963,0.024144462307626034,0,0,0,0.073398993172453256,-0.042867094621284532,0,0.04562881110928857,-0.090416466036811791,-0.03358756118218359,0.017858629046123876,-0.13796583745233904,-0.067175122364367179
4.96,-0.63702665659077307,-0.67590105069610829,-6.6367785357586184,18.846176875740358,-4.3143310546874976e-05,49,0.0050387737472060504,0.015769034146990088,0.0033387133613644918,0.024146521255560629,0,0,0,0.068328769530350594,-0.050558671407269336,0,0.044327537109231693,-0.082995731814501789,-0.050319260272831755,0.020326304688112792,-0.11543279222173425,-0.10063852054566351
4.9800000000000004,-0.79749889430551357,-0.26877783370980879,-9.3231834932969839,21.72379375784584,-4.3143310546874976e-05,49,0.0099434860774837985,0.013664499886786155,0.00054523130452592929,0.024153217268795883,0,0,0,0.05937239049848448,-0.060826961509642015,0,0.047115263237483496,-0.072790980886385206,-0.062184202750059765,0.034858135976482518,-0.084755000263128405,-0.12436840550011953
5,-0.99405506191962378,0.17603188425136729,-9.7237850263192183,22.132952699207227,-4.3143310546874976e-05,49,0.010816354288588367,0.013117711894729491,0.00023467719503121877,0.024168743378349077,0,0,0,0.046350093833515897,-0.071250745972405591,0,0.055818487164385408,-0.06509135896039589,-0.063503239912371653,0.065286880495254912,-0.058931971948386175,-0.12700647982474331
5.0200000000000005,-1.166249765675289,0.59554639435793888,-7.2850478579793485,19.563451176010531,-0.0011474999999999992,50,0.0060712067773153093,0.015664521868445008,0.0026143689612022234,0.02435009760696254,0,0,0,0.033456166864915572,-0.078138882118359787,0,0.066717586402306447,-0.063897577763361274,-0.053395816508655186,0.09997900593969733,-0.049656273408362775,-0.10679163301731037
5.04,-1.2864229826410392,0.95688619055571955,-4.8594860204243746,16.614377226572156,-0.0011474999999999992,50,0.0027014123471959446,0.015351983390238267,0.0064377803583003127,0.024491176095734524,0,0,0,0.023847261576306136,-0.081586200520132282,0,0.074452219726968874,-0.066794609952324294,-0.037156386517582768,0.1250571778776316,-0.052003019384516312,-0.074312773035165536
5.0600000000000005,-1.3663850163681532,1.2624819889216514,-3.2676379114676584,13.996155435500395,-0.0011474999999999992,50,0.0012214566509343714,0.012784305345323583,0.010577680809076968,0.024583442805334921,0,0,0,0.017254214742056219,-0.083230355481849358,0,0.077433282435127704,-0.070754828362667083,-0.019572711480305097,0.1376123501281992,-0.058279301243484793,-0.039145422960610195
5.0800000000000001,-1.4215668647007234,1.5182907511145629,-2.3431184443959507,11.613204270944177,-0.0011474999999999992,50,0.00062805646683701131,0.0096297920667353602,0.014388902935307264,0.024646751468879638,0,0,0,0.012637477220184627,-0.084055304231852701,0,0.076332720224469366,-0.07447890462379872,-0.0033850537915933406,0.1400279632287541,-0.064902505015744738,-0.0067701075831866813
5.1000000000000005,-1.4632083034357013,1.7278205715216313,-1.8864746600295037,9.353874696829342,-0.0011474999999999992,50,0.00040711036367390574,0.0067267450733055839,0.017560644251036615,0.024694499688016104,0,0,0,0.0091273497204747821,-0.084508529078905104,0,0.072465455033659448,-0.077667692489666623,0.010086494440352593,0.1358035603468441,-0.070826855900428143,0.020172988880705185
5.1200000000000001,-1.4916963698472561,1.8944642486553569,-0.99978058324947239,7.3415709920626462,0.018360000000000001,51,0.00011434563811672544,0.0040413436651954796,0.020015690791639455,0.02417138009495166,0,0,0,0.0067164872680705607,-0.084734224483250256,0,0.06767613488980713,-0.07990223717688863,0.020513977198604552,0.1286357825115437,-0.075070249870527017,0.041027954397209104
5.1399999999999997,-1.5043382132715379,2.0226059058979935,-0.28614727371225346,5.497927862151375,0.018360000000000001,51,9.3667608339787012e-06,0.0021139311660860515,0.021815947909205585,0.023939245836125615,0,0,0,0.0056447823070760747,-0.084812360141112222,0,0.063544658737126558,-0.080958768547735371,0.028160329210013525,0.12144453516717703,-0.07710517695435852,0.05632065842002705
5.1600000000000001,-1.5037994414915774,2.1152737180411965,0.32751135353852223,3.7880760717227639,0.018360000000000001,51,1.2270518826067133e-05,0.00088513030833980045,0.02305172731312188,0.023949128140287747,0,0,0,0.0056904759918316346,-0.084809306582393357,0,0.060739875314198097,-0.081115640193264879,0.033409137415570334,0.11578927463656456,-0.077421973804136401,0.066818274831140667
5.1799999999999997,-1.4916172301819834,2.1747552532713605,0.88337866634444684,2.1720172007566583,0.018360000000000001,51,8.9269688625527981e-05,0.00027349839789492816,0.02381002451670923,0.024172792603229687,0,0,0,0.0067231930851933287,-0.084733692677347719,0,0.059646410562499926,-0.080534501086058419,0.036629903655747649,0.11256962803980652,-0.076335309494769119,0.073259807311495298
5.2000000000000002,-1.46869257044636,2.2024662283984107,1.4045550452459479,0.60265359283738684,0.018360000000000001,51,0.00022567722581908389,0.00021497584665068999,0.024153039822264247,0.02459369289473402,0,0,0,0.0086637474434759498,-0.084557314764813013,0,0.060446891386059666,-0.079251610791176444,0.038086815419063232,0.11223003532864338,-0.073945906817539875,0.076173630838126463
5.2199999999999998,-1.4417827362832796,2.1952504252423415,1.2855543032103678,-1.3257104573129397,0.0045900000000000003,52,0.00018905625868679784,0.00046378354573101621,0.024064372771013785,0.024717212575431597,0,0,0,0.010935759460316764,-0.084293589109884826,0,0.062828593731369661,-0.077561314932277539,0.037710213944163191,0.11472142800242256,-0.070829040754670239,0.075420427888326383
5.2400000000000002,-1.4171375271845177,2.1493160327957073,1.1867384986119762,-3.2722088585763736,0.0045900000000000003,52,0.00016110917329387818,0.00117993048658686,0.023489293311782466,0.024830332971663205,0,0,0,0.013009661347939797,-0.083998504222467685,0,0.066377475133106378,-0.075732914368794771,0.035267640637879981,0.11974528891827295,-0.067467324515121857,0.070535281275759962
5.2599999999999998,-1.3938149859311719,2.0641269526230266,1.1630923241591991,-5.2538829201234032,0.0045900000000000003,52,0.0001547528249178875,0.0024052929553648999,0.022377335598344563,0.02493738137862735,0,0,0,0.014965004247423759,-0.083672269288424292,0,0.070886677869715004,-0.073670531670960021,0.030544748548864093,0.12680835149200625,-0.063668794053495736,0.061089497097728186
5.2800000000000002,-1.3696942095728613,1.9388168544723197,1.2779990437509579,-7.2872821848695857,0.0045900000000000003,52,0.00018684060464694877,0.0042119676523111283,0.02064929202848316,0.025048100285441237,0,0,0,0.016978695444662847,-0.083286997190422138,0,0.075947031512863195,-0.071265847998413109,0.023205113950404178,0.13491536758106354,-0.059244698806404081,0.046410227900808357
5.2999999999999998,-1.341274810041827,1.7721510414398072,1.60697872994167,-9.393913823785665,0.0045900000000000003,52,0.0002954135851233505,0.0066601470556668877,0.018223008295544959,0.025178568936335195,0,0,0,0.019338487223792677,-0.082770906192304122,0,0.08087804904574486,-0.068392882744226016,0.012899797381689422,0.14241761086769705,-0.05401485929614791,0.025799594763378845
5.3200000000000003,-1.3050628048310857,1.5621181259710308,2.0776518327654361,-11.625789326030727,0,53,0.00049380530262126934,0.0096307046527283422,0.015054095537827737,0.025178605493177349,0,0,0,0.022322454704605033,-0.08201651063024358,0,0.084556169250631558,-0.065078344602722715,-0.00055973692733717354,0.14678988379665808,-0.048140178575201836,-0.0011194738546743471
5.3399999999999999,-1.2551566337882003,1.3062197027628528,3.003438724027319,-13.994733562336638,0,53,0.0010319241069147252,0.012931951016941622,0.01121476254385115,0.025178637667707497,0,0,0,0.026386093175230826,-0.080800829741705243,0,0.085566154079028428,-0.061475154422340833,-0.016866791777730421,0.14474621498282603,-0.042149479102976423,-0.033733583555460842
5.3600000000000003,-1.180543215360579,1.0006712617581925,4.5894285082213262,-16.614663124266034,0,53,0.0024095027393775379,0.015779238476446498,0.0069894935704720596,0.025178234786296098,0,0,0,0.032335913180081138,-0.078609088016655282,0,0.082551638525808685,-0.057952807985646532,-0.034813058229391527,0.13276736387153623,-0.037296527954637781,-0.069626116458783055
5.3799999999999999,-1.0655807611475208,0.63898199661454269,7.0522854963809909,-19.614909240764522,0,53,0.0056894459666053977,0.016489230595057594,0.0029961241754827214,0.025174800737145713,0,0,0,0.041139667363867129,-0.074380963755455373,0,0.074800483242077886,-0.055763367283072997,-0.051774362149665645,0.10846129912028862,-0.03714577081069062,-0.10354872429933129
5.4000000000000004,-0.89592536455389271,0.21634480523701383,9.7554719553449374,-22.444900538709277,0,53,0.01088696372491094,0.013937046934516879,0.00035400412116203157,0.025178014780589848,0,0,0,0.053107708522255971,-0.066366944298461572,0,0.063918211902783212,-0.057716236200014252,-0.062996414707942441,0.07472871528331046,-0.049065528101566933,-0.12599282941588488
5.4199999999999999,-0.69527672553158348,-0.23816106370011525,9.660945027137382,-22.34696616749196,3.4178466796874982e-05,54,0.010677004557628784,0.014073670180311356,0.00042864496749128625,0.025179319705431427,0,0,0,0.065269499217769728,-0.054450826181625181,0,0.055521788035254295,-0.06613528116638602,-0.062679387667807993,0.045774076852738863,-0.077819736151146859,-0.12535877533561599
5.4400000000000004,-0.5282555692453037,-0.65801516750462241,6.9138234022784806,-19.461086651551589,3.4178466796874982e-05,54,0.0054682299712932028,0.016536693462051458,0.0031706961970810583,0.025175619630425718,0,0,0,0.073413448141840337,-0.042842334576039635,0,0.053532173985956708,-0.076910340058937737,-0.051032890770128028,0.033650899830073078,-0.11097834554183583,-0.10206578154025606
5.46,-0.41564794306443009,-1.016797068586893,4.4948778748665994,-16.47988331223257,3.4178466796874982e-05,54,0.0023112450783504034,0.015674485558810174,0.0071967023411654138,0.025182432978325991,0,0,0,0.077762665165256567,-0.034321537063426999,0,0.055614143891950255,-0.084503673151877207,-0.033932966610748329,0.033465622618643935,-0.13468580924032741,-0.067865933221496658
5.4800000000000004,-0.34251303174877895,-1.3198262470416289,2.9480169967104075,-13.876251197785876,3.4178466796874982e-05,54,0.0009941917902707906,0.012776495414847345,0.011414561385661564,0.025185248590779696,0,0,0,0.080062658198008688,-0.028547692766120941,0,0.059078645833742185,-0.087397836044138991,-0.01601817284377521,0.03809463346947569,-0.14624797932215705,-0.03203634568755042
5.5,-0.29342686535823898,-1.5734546035693819,2.04947874547873,-11.51632964170628,3.4178466796874982e-05,54,0.00048050404034950751,0.0094801250229278895,0.01522624822456084,0.025186877287838236,0,0,0,0.081366958146754251,-0.024584916553536281,0,0.062711410911609991,-0.086327860760049738,0.00017145865002055725,0.044055863676465738,-0.14807080496656319,0.0003429173000411145
5.5200000000000005,-0.26408157413201772,-1.7818532501073392,0.94197747659683517,-9.3637811902179973,-0.017212499999999999,55,0.00010150589002476741,0.00621289795077371,0.018367222952750901,0.024681626793549377,0,0,0,0.082053274235421414,-0.022186937311101086,0,0.065590893620938978,-0.083069257939111005,0.013512329904650445,0.049128513006456542,-0.14395157856712093,0.02702465980930089
5.54,-0.25400452004487928,-1.9494273320276632,0.099452790508336997,-7.425613733247113,-0.017212499999999999,55,1.1314728906575911e-06,0.0037076669116457481,0.020799322094251414,0.02450812047878782,0,0,0,0.082272683321342369,-0.021358969523507337,0,0.067212960092592408,-0.079367565806318707,0.023842346645648205,0.052153236863842448,-0.13737616208913006,0.047684693291296411
5.5600000000000005,-0.2590638197281866,-2.0800250731734478,-0.58513447435227017,-5.6599002113445538,-0.017212499999999999,55,3.9167114598700253e-05,0.0019669628665599623,0.022589057158414746,0.024595187139573409,0,0,0,0.082163569409925169,-0.021774936551466954,0,0.067736703347306457,-0.076211963649201922,0.031444007638526776,0.053309837284687751,-0.13064899074693689,0.062888015277053552
5.5800000000000001,-0.27678152028460018,-2.1767255603540043,-1.1742352249792201,-4.0295321234704833,-0.017212499999999999,55,0.00015773221967559919,0.00090778394074159238,0.023834635423682086,0.024900151584099278,0,0,0,0.081764891859430616,-0.023227192237022905,0,0.067277334220280094,-0.074226623058638252,0.036734435200824339,0.052789776581129572,-0.1252260538802536,0.073468870401648678
5.6000000000000005,-0.30563920230774794,-2.2418375476276111,-1.7034391773063091,-2.4937301091217305,-0.017212499999999999,55,0.00033194296508383208,0.00043643861184171188,0.024628487240965492,0.025396868817891036,0,0,0,0.081060658818465983,-0.025576739274509843,0,0.065860623706944843,-0.073750388267822778,0.040106214920852409,0.050660588595423703,-0.12192403726113572,0.080212429841704819
5.6200000000000001,-0.33820045251532432,-2.2728268960846334,-1.5435970590076591,-0.60717964079539488,-0.0034425000000000011,56,0.00027257002325518394,0.00024394347930682025,0.024992456966940843,0.025508970469502849,0,0,0,0.080185027488274233,-0.028202151809830187,0,0.063845083901997335,-0.074660267291847118,0.041652127790268619,0.047505140315720423,-0.12111838277386405,0.083304255580537237
5.6399999999999997,-0.36717565033742355,-2.2661364243837392,-1.3526432919088347,1.277588423521566,-0.0034425000000000011,56,0.00020930363580055246,0.00048475526490673112,0.024914662628466762,0.025608721529174046,0,0,0,0.079334321099275892,-0.030513365853622059,0,0.061555649892807499,-0.076737660380113551,0.04132170671282178,0.043776978686339098,-0.12296195490660504,0.082643413425643561
5.6600000000000001,-0.39241570350513788,-2.2216030490020042,-1.1783700547760343,3.1802372168891102,-0.0034425000000000011,56,0.00015884501914764318,0.0011508455636296054,0.024385917796314067,0.025695608379091316,0,0,0,0.078538974862121705,-0.032505836823669317,0,0.058914666437393834,-0.079921107946113942,0.039075933555530351,0.03929035801266597,-0.12733637906855858,0.078151867111060702
5.6799999999999997,-0.41477101734349014,-2.1386912688681488,-1.0736197478429852,5.1180726222183566,-0.0034425000000000011,56,0.00013185942837509935,0.0022869663247496786,0.023353736218748773,0.02577256197187355,0,0,0,0.077792732700339137,-0.034253331794346496,0,0.055880367895961527,-0.084018497655981433,0.034691879964104534,0.033968003091583911,-0.13378366351761639,0.069383759928209068
5.7000000000000002,-0.43622688585831426,-2.0165430195424365,-1.0993667784707619,7.1065500259441716,-0.0034425000000000011,56,0.00013825964081262609,0.0039751692473412696,0.021732994762670207,0.025846423650824103,0,0,0,0.077039948681938961,-0.035914430346090882,0,0.052450124067829507,-0.088661997497049977,0.027807996783342701,0.027860299453720046,-0.14140956464800908,0.055615993566685402
5.7199999999999998,-0.45875279625730025,-1.853466900580222,-1.1960895273343952,9.2103976123953402,-7.3399658203124945e-05,57,0.00016365812904745841,0.0062628836288189859,0.019421544320554446,0.025848086078420891,0,0,0,0.076211467007859829,-0.037640567165093217,0,0.048782452722427899,-0.093176537388488107,0.017990419302388906,0.021353438436995963,-0.14871250761188298,0.035980838604777812
5.7400000000000002,-0.48607359383920512,-1.6476285842715273,-1.5946107312997948,11.390064472599594,-7.3399658203124945e-05,57,0.00029088382424189959,0.0092077422339094332,0.016351497840140079,0.025850123898291409,0,0,0,0.075154783280105136,-0.039708419133987566,0,0.045111993394622241,-0.096569392504761625,0.0049508063206765143,0.015069203509139345,-0.15343036587553566,0.0099016126413530286
5.7599999999999998,-0.525298707379389,-1.3969786678879892,-2.4104340788347609,13.704501875918869,-7.3399658203124945e-05,57,0.00066466180696267169,0.012628820088600872,0.012559577216059863,0.02585305911162341,0,0,0,0.073539805894769356,-0.042625074181280274,0,0.041682279272135365,-0.097587942143744499,-0.011154870811842235,0.0098247526495013754,-0.15255081010620875,-0.02230974162368447
5.7800000000000002,-0.58649127524401745,-1.0978688544716384,-3.8306308345990705,16.258985171245367,-7.3399658203124945e-05,57,0.001678613867855784,0.015909988208895217,0.0082687969666607394,0.025857399043411739,0,0,0,0.070795452619534432,-0.047042575273843756,0,0.039016591683891461,-0.09486731340893903,-0.029379387671335629,0.0072377307482484887,-0.1426920515440343,-0.058758775342671259
5.7999999999999998,-0.68433218752147518,-0.74392740022453552,-6.1124221476740903,19.210670102279288,-7.3399658203124945e-05,57,0.0042740233223327023,0.017576360373843213,0.0040118866917265381,0.025862270387902453,0,0,0,0.065861517411117815,-0.053733234820779463,0,0.038250030129347565,-0.087576990113396147,-0.047460046331436724,0.010638542847577308,-0.12142074540601282,-0.094920092662873448
5.8200000000000003,-0.8359617760787057,-0.32755035112673525,-9.0287211677355153,22.344667715548979,-2.5213623046874981e-05,58,0.0093252973402627535,0.015729476710954628,0.00080738318876927122,0.025862157239986656,0,0,0,0.056989474942943978,-0.063065043770123244,0,0.041593267913884673,-0.076978008897004319,-0.061070747584228376,0.026197060884825363,-0.090890974023885393,-0.12214149516845675
5.8399999999999999,-1.0316099335891873,0.13474004761189917,-9.8930833243456764,23.226447525593564,-2.5213623046874981e-05,58,0.011196274568010289,0.014551728463636204,0.00013764049143124603,0.025885643523077741,0,0,0,0.043642228635896722,-0.072940769667533101,0,0.051077433458629799,-0.068492106590525931,-0.063915390369388189,0.058512638281362876,-0.064043443513518761,-0.12783078073877638
5.8600000000000003,-1.2067447186203015,0.57595194694299856,-7.3413447936996548,20.576587956649828,-2.5213623046874981e-05,58,0.0061654027187390808,0.017249928939652596,0.0024498739300167966,0.025865205588408477,0,0,0,0.030265373593089402,-0.079429258848806639,0,0.063091949076173548,-0.06692116567034162,-0.054094487215355098,0.095918524559257701,-0.054413072491876588,-0.1081889744307102
5.8799999999999999,-1.3255816668993705,0.95567432324871504,-4.6798767914900061,17.452402243139488,-2.5213623046874981e-05,58,0.0025054113768405344,0.016944171124417689,0.0064227439191500658,0.025872326420408289,0,0,0,0.020634988345912111,-0.082457245018033878,0,0.071736504639249327,-0.069669051658665271,-0.037220251787503968,0.12283802093258654,-0.056880858299296656,-0.074440503575007935
5.9000000000000004,-1.4002490273834134,1.2770579015946666,-2.9287387444002455,14.750862744111553,-2.5213623046874981e-05,58,0.0009812314767819717,0.014104454192107612,0.010789073567073339,0.025874759235962923,0,0,0,0.014426347361508643,-0.083766822201902194,0,0.075268010552142106,-0.073288652633472978,-0.01867484893359948,0.13610967374277558,-0.062810483065043748,-0.03734969786719896
5.9199999999999999,-1.4417343805412539,1.5465557727155135,-1.3229667418523292,12.262517860538122,0.015206055908203125,59,0.00020022027773458533,0.010225626472507406,0.014817801904476872,0.025243648654718863,0,0,0,0.010939835526579169,-0.084293060204570794,0,0.074884601260247916,-0.075994094450874752,-0.0015633626211481852,0.13882936699391668,-0.067695128697178711,-0.0031267252422963704
5.9400000000000004,-1.4562983263768661,1.7696339115400743,-0.19356133818190702,10.089298997600602,0.015206055908203125,59,4.2859533351768596e-06,0.0068322154128721991,0.018185546154902071,0.025022047521109446,0,0,0,0.0097110791661384928,-0.084443442264210147,0,0.072526218222012259,-0.077219639303940171,0.012740681935533764,0.13534135727788604,-0.069995836343670195,0.025481363871067527
5.96,-1.4513355915765658,1.9516482956479484,0.6533000667662241,8.1457935774235253,0.015206055908203125,59,4.8824253458479389e-05,0.004217991686972844,0.020830646659511572,0.025097462599942895,0,0,0,0.010130028269966077,-0.084394209085989352,0,0.069581741772309802,-0.077258085114935426,0.023975393558917639,0.12903345527465354,-0.0701219611438815,0.047950787117835278
5.9800000000000004,-1.4313193821154735,2.0966601479037958,1.3252035744839696,6.3821053607640055,0.015206055908203125,59,0.00020089790302944941,0.0023923327483007196,0.022808588921085511,0.02540181957241568,0,0,0,0.011817138415884264,-0.084174552209440548,0,0.067060845139261416,-0.076418971552090195,0.03237643952210971,0.12230455186263857,-0.068663390894739856,0.064752879044219419
6,-1.3990692455840035,2.2078745140375897,1.8846660986976467,4.7599075981340579,0.015206055908203125,59,0.00040633014526997763,0.0012666998346331398,0.024219190421290823,0.02589222040119394,0,0,0,0.01452516387090322,-0.083749743966912579,0,0.065610045455579122,-0.074889821044207813,0.038367781266101006,0.11669492704025503,-0.066029898121503061,0.076735562532202012
6.0200000000000005,-1.3624582793883353,2.2841346899176456,1.7577319761152859,2.8720777522866836,0.0022949999999999984,60,0.00035343984904002279,0.00049987553622233465,0.025122940096473503,0.02597625548173586,0,0,0,0.017580904593404802,-0.083161961218321437,0,0.065299935489002453,-0.073073890696958951,0.042206337480774306,0.11301896638460011,-0.06298582017559648,0.084412674961548612
6.04,-1.3293414743898471,2.3229393369028717,1.5433653883440606,1.0114202188447108,0.0022949999999999984,60,0.00027248821208674642,0.00021882914672821809,0.025560952338311037,0.026052269697126002,0,0,0,0.020324819859373813,-0.082534245605590917,0,0.066058118106333857,-0.071271998745222054,0.044066736061463795,0.1117914163532939,-0.060009751884853191,0.088133472122927589
6.0600000000000005,-1.3009913814022551,2.3246459501622088,1.2887572489171373,-0.84110129038337322,0.0022949999999999984,60,0.00018999949581835102,0.00034747669791502383,0.025579862078202849,0.026117338271936224,0,0,0,0.022656192711285036,-0.081924946944316762,0,0.067979320395502155,-0.069390919723161082,0.044147052659713082,0.11330244807971927,-0.056856892502005402,0.088294105319426164
6.0800000000000001,-1.2777524231864359,2.2892117654800197,1.040148948896821,-2.7059962857155249,0.0022949999999999984,60,0.00012376597726829934,0.00086579018993870318,0.025181113269385838,0.026170669436592839,0,0,0,0.02455375431882369,-0.081376367262558785,0,0.07104244589725052,-0.067349298347853734,0.042453420274319732,0.11753113747567734,-0.053322229433148682,0.084906840548639465
6.1000000000000005,-1.2590150042659936,2.2161991138988242,0.8475099872563131,-4.6017074395870576,0.0022949999999999984,60,8.2167458815397636e-05,0.0018110029147727874,0.024320494437603739,0.026213664811191924,0,0,0,0.02607413800776125,-0.080902035370886805,0,0.075116296820219461,-0.065096104021788254,0.038798056564745748,0.12415845563267766,-0.049290172672689696,0.077596113129491495
6.1200000000000001,-1.2425983747784459,2.1051192824879728,0.81725332782157445,-6.5165315389073939,0.0034425000000000011,61,7.6405320480799787e-05,0.0032743508065655896,0.022919418206392022,0.026270174333438413,0,0,0,0.027398703605397975,-0.080463103598752347,0,0.07994544418737487,-0.062570274385815472,0.032847172130445218,0.13249218476935176,-0.044677445172878603,0.065694344260890436
6.1400000000000006,-1.2251828242150704,1.9550683361820518,0.95896464027379025,-8.5020681181802971,0.0034425000000000011,61,0.00010519991621860961,0.0053461046836779406,0.020878828551469199,0.026330133151365748,0,0,0,0.028795787091590041,-0.079973762233471399,0,0.085056028160506544,-0.059716394338079237,0.024180039719118231,0.14131626922942303,-0.039459026442687076,0.048360079438236461
6.1600000000000001,-1.2025896410682131,1.7644023781171505,1.3494346057283841,-10.583487289876514,0.0034425000000000011,61,0.00020831181019706301,0.0080920037603807952,0.018107625347868722,0.02640794091844658,0,0,0,0.030595146113395408,-0.079302818577273712,0,0.089647695792921422,-0.056520256516719131,0.012409723699748227,0.14870024547244742,-0.033737694456164542,0.024819447399496455
6.1799999999999997,-1.1688706476323165,1.5308046863446112,2.092838930404251,-12.805057326985308,0.0034425000000000011,61,0.00050105086592267326,0.011444310738428821,0.014578733615357758,0.026524095219709252,0,0,0,0.033251259407572321,-0.07822629831335709,0,0.092563753394834289,-0.053014634637539686,-0.0025787732952864502,0.15187624738209626,-0.027802970961722281,-0.0051575465905729003
6.2000000000000002,-1.1154398244968129,1.2507411491263385,3.3566360548935243,-15.248567254129334,0.0034425000000000011,61,0.0012888984953565896,0.015011083276315482,0.010408114581022095,0.026708096352694166,0,0,0,0.037381514029439671,-0.076338865650904225,0,0.092367559089645168,-0.049413372361011121,-0.020292921419376091,0.14735360414985066,-0.02248787907111801,-0.040585842838752183
6.2199999999999998,-1.0307867305747149,0.91896542178767682,5.2606229866194685,-17.998869966317312,1.9610595703124988e-05,62,0.003165807932344878,0.017569582224201196,0.0059734730438289847,0.02670886320037506,0,0,0,0.043702258903217862,-0.072904818542782995,0,0.08768174801825121,-0.046541636270975489,-0.039128469912381142,0.13166123713328456,-0.020178453999167983,-0.078256939824762284
6.2400000000000002,-0.89848575318848534,0.52768854415920785,8.0943221050987031,-21.173711841307995,1.9610595703124988e-05,62,0.0074949919671442201,0.017145028963575837,0.0020656854079202595,0.026705706338640313,0,0,0,0.052937609461936146,-0.066502702986085682,0,0.078348040780990211,-0.04627544260376884,-0.055726276724769541,0.10375847210004427,-0.026048182221451999,-0.11145255344953908
6.2599999999999998,-0.70904332172617168,0.07614409793558341,10.463112724903567,-23.572116077205294,1.9610595703124988e-05,62,0.012523681518045166,0.014161176098154175,4.4002020208159192e-05,0.0267288596364075,0,0,0,0.064513735545377732,-0.055344176983500859,0,0.067708429203351697,-0.051620178669089738,-0.06431310728759701,0.070903122861325676,-0.047896180354678609,-0.12862621457519402
6.2800000000000002,-0.50765110726195661,-0.38745297793147415,9.076235590186629,-22.178175834239983,1.9610595703124988e-05,62,0.0094237059628070885,0.016142906869421974,0.0011256623601618844,0.026692275192390948,0,0,0,0.074280545873907422,-0.041320703099951422,0,0.062433595672131859,-0.062617483210402169,-0.059718899251775891,0.050586645470356302,-0.08391426332085293,-0.11943779850355178
6.2999999999999998,-0.35642075202131307,-0.79936753809891314,6.0822973299908787,-18.982358587830596,1.9610595703124988e-05,62,0.0042319984456246724,0.017866969926767461,0.00459888779339695,0.026697856165789083,0,0,0,0.079657894749467328,-0.029658385055204645,0,0.06352337134182795,-0.072993251908078399,-0.044966837438850875,0.047388847934188578,-0.11632811876095216,-0.08993367487770175
6.3200000000000003,-0.25846417891614548,-1.1493359403420342,3.8760633464342273,-16.091168956212211,5.6590576171874966e-05,63,0.001718667792855205,0.016013078050057718,0.0089734354966003287,0.026705181339513252,0,0,0,0.082176611778038491,-0.021725664010141279,0,0.067133310917151912,-0.0786264562772159,-0.02638652949116408,0.052090010056265346,-0.13552724854429052,-0.052773058982328161
6.3399999999999999,-0.19563938535483513,-1.4455911077206309,2.5255514673716282,-13.583810107494191,5.6590576171874966e-05,63,0.00072966355181161113,0.01268963319885884,0.013289492382875438,0.026708789133545886,0,0,0,0.083378504090941052,-0.016523469840107042,0,0.070938256204836611,-0.079297770232279408,-0.0080546534876170684,0.05849800831873217,-0.14207207062445179,-0.016109306975234137
6.3600000000000003,-0.15353580639824652,-1.6941681112813978,1.7656722168105716,-11.301644363673812,5.6590576171874966e-05,63,0.00035664026436035883,0.0092998176084876181,0.017054640075599852,0.02671109794844783,0,0,0,0.08400010368716504,-0.012999330003716482,0,0.074210880533440257,-0.076256110137353089,0.0079373091896018134,0.064421657379715475,-0.13951289027098968,0.015874618379203627
6.3799999999999999,-0.12229838198948742,-1.898488462591609,1.415865476901556,-9.1460350398076411,5.6590576171874966e-05,63,0.0002293264727564803,0.0064099129301568719,0.020073589570975305,0.026712828973888658,0,0,0,0.084365123901603653,-0.010369468118812401,0,0.076915233847738934,-0.070981149474712471,0.020759894542028975,0.069465343793874215,-0.13159283083061254,0.041519789084057949
6.4000000000000004,-0.094925394884364009,-2.0604790684825502,1.3636472158800841,-7.0618767364504773,5.6590576171874966e-05,63,0.00021272291058358086,0.004173147210901112,0.022328496958639536,0.026714367080124229,0,0,0,0.084617327179263152,-0.0080565464708852695,0,0.079222275335919884,-0.064720387314727734,0.030337312940195101,0.07382722349257663,-0.1213842281585702,0.060674625880390201
6.4199999999999999,-0.073881720638449694,-2.1850953746364912,0.75509439099038234,-5.4296502136531943,-0.017212499999999999,64,6.5224790798427187e-05,0.0023480973336112618,0.023938806526163849,0.026352128650573538,0,0,0,0.084768118888490104,-0.0062742346231878304,0,0.080877505896029114,-0.058838406111960131,0.03717688806559568,0.07698689290356811,-0.11140257760073242,0.07435377613119136
6.4400000000000004,-0.064326727142979934,-2.2787763215615797,0.20703014061688174,-3.9639267207666498,-0.017212499999999999,64,4.9031746222716151e-06,0.0011214841487171613,0.02506126607412941,0.026187653397468841,0,0,0,0.084824198701075479,-0.0054640017130731661,0,0.081674415851562487,-0.054361827944181401,0.041944385296166363,0.07852463300204951,-0.10325965417528964,0.083888770592332726
6.46,-0.065430505853790621,-2.3445507760800979,-0.31466690290317134,-2.6327440791096168,-0.017212499999999999,64,1.1326933155555465e-05,0.00039715854158857791,0.025798162996039365,0.026206648470783498,0,0,0,0.084818115981714098,-0.005557625510278291,0,0.081801545735640566,-0.05159523717109718,0.045074256694017011,0.078784975489567047,-0.097632848831916072,0.090148513388034021
6.4800000000000004,-0.076839065140584362,-2.3846988654281152,-0.82466774316708191,-1.3933456144154639,-0.017212499999999999,64,7.7797962175666738e-05,9.9623330083136989e-05,0.026225596334974878,0.026403017627233683,0,0,0,0.084749193156365532,-0.00652489535127163,0,0.081349339037627061,-0.05068420793799025,0.046889722795510028,0.077949484918888604,-0.09484352052470886,0.093779445591020055
6.5,-0.09835458547160128,-2.4005549171912755,-1.3250098406425064,-0.19446652530439912,-0.017212499999999999,64,0.0002008391680874364,0.00018297302455054444,0.026389542817203918,0.026773355009841897,0,0,0,0.084589202278271727,-0.0083466674742455806,0,0.080313648816863106,-0.051677213193793127,0.047586063613676184,0.076038095355454485,-0.095007758913340665,0.095172127227352368
6.5200000000000005,-0.12332639402379143,-2.3877439185788294,-1.1718313828544487,1.4785221573200407,-0.0045900000000000003,65,0.00015708707593803229,0.0004735926087351504,0.026257297812973028,0.026887977497646209,0,0,0,0.084354419386569429,-0.010456190986911118,0,0.078923718476942614,-0.054267902409084898,0.047024370595366252,0.073493017567315799,-0.098079613831258669,0.094048741190732504
6.54,-0.14532096441559689,-2.3411967160916314,-1.032973580305611,3.1838087266739787,-0.0045900000000000003,65,0.00012206429139777451,0.0011051944194350103,0.025761670436354484,0.026988929147187268,0,0,0,0.084104055627993529,-0.012308851568012818,0,0.077401197129963392,-0.058108216429141601,0.044919259413670067,0.070698338631933241,-0.10390758129027038,0.089838518827340133
6.5600000000000005,-0.16499396637879415,-2.260009749077823,-0.94701344737796689,4.9459930468882574,-0.0045900000000000003,65,0.0001025941265021922,0.0021335860490777491,0.02484304183828925,0.027079222013869191,0,0,0,0.083845644441002912,-0.01396094224158669,0,0.075669846180140832,-0.063062576081144961,0.041017506958415093,0.067494047919278766,-0.11216420992070322,0.082035013916830185
6.5800000000000001,-0.18388362500829269,-2.1428575241251711,-0.9640640454946251,6.7829216605824572,-0.0045900000000000003,65,0.00010632171636730638,0.0036525978677696756,0.023407002532324393,0.027165922116461374,0,0,0,0.083566984267651703,-0.015542172962943541,0,0.073650939864283532,-0.068858651207608784,0.034918121527031908,0.063734895460915361,-0.12217512945227403,0.069836243054063815
6.6000000000000005,-0.20465720955824407,-1.988091397743176,-1.1470234981912928,8.7103030937823522,-0.0045900000000000003,65,0.00015050635444932965,0.0057702233689856117,0.021340551995571711,0.027261281719006651,0,0,0,0.083226110169153059,-0.017274680492327471,0,0.071242529725770096,-0.075009281525606736,0.026141148469128902,0.059258949282387133,-0.13274388255888597,0.052282296938257804
6.6200000000000001,-0.22961396151588864,-1.7930927355695898,-1.400775972449025,10.804476845916843,-3.8660888671874979e-05,66,0.00022446445265672711,0.0085038929978029192,0.01853391256056295,0.027262270011022598,0,0,0,0.082769118096760491,-0.019346138877939355,0,0.06845004023921103,-0.08060784353672748,0.01422032178288714,0.054130962381661568,-0.14186954819551559,0.02844064356577428
6.6400000000000006,-0.26311605516400344,-1.555142067851123,-2.0210313151009673,13.015658122743439,-3.8660888671874979e-05,66,0.00046725751173361534,0.011848201209899833,0.014948166011334701,0.027263624732968152,0,0,0,0.082074657894778233,-0.022107702989119387,0,0.065300868152689595,-0.084380253663354041,-0.0010096584635801039,0.048527078410600943,-0.1466528043375887,-0.0020193169271602077
6.6600000000000001,-0.31388320881531062,-1.2711540983123992,-3.160019251481168,15.426545509463438,-3.8660888671874979e-05,66,0.0011423249518436717,0.015419966497151641,0.010703336306284027,0.02726562775527934,0,0,0,0.080847051828596986,-0.026244127164456312,0,0.06181974498062337,-0.084859209055239748,-0.019039006514254053,0.042792438132649761,-0.14347429094602318,-0.038078013028508106
6.6799999999999997,-0.39463069970722797,-0.93578630722368317,-5.0683091725004576,18.183817193850857,-3.8660888671874979e-05,66,0.0029385724677807304,0.018151514085447847,0.0061778349522525521,0.02726792150548113,0,0,0,0.078466781951684744,-0.032679720472286206,0,0.058502648031002094,-0.08061530010911068,-0.038260469961550497,0.038538514110319444,-0.12855087974593515,-0.076520939923100995
6.7000000000000002,-0.52333106594692969,-0.54046787290006648,-7.9360928966229949,21.40255934074148,-3.8660888671874979e-05,66,0.0072048292378518834,0.017897610018893988,0.0021644732832941981,0.027266912540040069,0,0,0,0.073623534343889643,-0.042480291791772144,0,0.057037403478120835,-0.071226082461333745,-0.055306688399192158,0.040451272612352027,-0.099971873130895339,-0.11061337679838432
6.7199999999999998,-0.71053679485816212,-0.083350682432229206,-10.401388290015076,23.902822494938132,-1.8489990234374986e-05,67,0.012376356897352255,0.014860712003271897,5.2720174726159326e-05,0.027289789075350311,0,0,0,0.064431008587062938,-0.055440464756834638,0,0.060928543380437267,-0.059510909815218963,-0.064276078088998642,0.057426078173811596,-0.06358135487360328,-0.12855215617799728
6.7400000000000002,-0.91098809451557394,0.38714145998230176,-9.0198961742857495,22.512284599285437,-1.8489990234374986e-05,67,0.0093070764943534775,0.016819484366966654,0.0011238756450651847,0.027250436506385315,0,0,0,0.052102054383746266,-0.067159332404314057,0,0.071342430344993962,-0.052232693338553217,-0.05972648808585973,0.090582806306241659,-0.037306054272792377,-0.11945297617171946
6.7599999999999998,-1.0604645901760463,0.80510702827006586,-5.9655342044573558,19.256309917799463,-1.8489990234374986e-05,67,0.0040710729689568273,0.018523532003246454,0.0046615475979441302,0.027256152570147411,0,0,0,0.041519673012874063,-0.074169513635347628,0,0.082093329702179807,-0.051456610771255809,-0.044700698275806451,0.12266698639148554,-0.028743707907163983,-0.089401396551612902
6.7800000000000002,-1.1556929447763737,1.1602171102199428,-3.7240480776496252,16.336812955115789,-1.8489990234374986e-05,67,0.0015865025137248019,0.016548639262033565,0.0091245806788681719,0.027259722454626538,0,0,0,0.034279185458275317,-0.07778134380632136,0,0.088396142264210331,-0.053931341890600323,-0.025744560487308138,0.14251309907014534,-0.030081339974879287,-0.051489120974616276
6.7999999999999998,-1.2152574700405081,1.4613203340189669,-2.3526927383960179,13.826205136310595,-1.8489990234374986e-05,67,0.00063319959789720297,0.013100942849903686,0.013526709541805133,0.027260851989606025,0,0,0,0.029588123610713439,-0.079684019358947644,0,0.089692251218421004,-0.057366265165851034,-0.0070471052420780977,0.14979637882612856,-0.035048510972754424,-0.014094210484156195
6.8200000000000003,-1.2485667542247849,1.714745110244654,-1.0573483532374217,11.56899119265951,0.013770000000000003,68,0.00012789288751365705,0.0093097378433180614,0.017364327364662761,0.026801958095494481,0,0,0,0.026917984132060264,-0.080625195381258785,0,0.087465507070559695,-0.060410456626369124,0.0092526646477351336,0.14801303000905913,-0.040195717871479471,0.018505329295470267
6.8399999999999999,-1.2599708190262373,1.9258967098996926,-0.12997339720043155,9.5867910864005523,0.013770000000000003,68,1.9324984194416239e-06,0.0061771253370837796,0.020465774902759852,0.026644832738263072,0,0,0,0.025996798749565349,-0.080926920457747548,0,0.083574824717595309,-0.062430672917108285,0.022425649434080243,0.14115285068562528,-0.043934425376469015,0.044851298868160486
6.8600000000000003,-1.2552212459396928,2.0996936724623181,0.57639827784639641,7.8272035239915745,0.013770000000000003,68,3.8006296793776365e-05,0.0038238031532189299,0.022848396480004547,0.026710205930017251,0,0,0,0.026380872404705061,-0.080802534435292769,0,0.079317917393821047,-0.063519345992010118,0.032545516819591169,0.13225496238293702,-0.046236157548727473,0.065091033639182339
6.8799999999999999,-1.23780081800963,2.2402615706048525,1.1483898445470115,6.2595775873326591,0.013770000000000003,68,0.00015086513749390366,0.0021894839945096212,0.024609732118203661,0.026950081250207186,0,0,0,0.027784413120653474,-0.080330731277269349,0,0.075583947552838787,-0.063798054547927335,0.040026555038241846,0.12338348198502411,-0.047265377818585329,0.080053110076483691
6.9000000000000004,-1.2098127111409509,2.3511917303020429,1.6403498573671711,4.859329305908191,0.013770000000000003,68,0.00030781032023361805,0.001157607206012536,0.025870064747500549,0.027335482273746704,0,0,0,0.030021543165824956,-0.079521738826200908,0,0.072903391515664218,-0.063332715795923658,0.045379649794005036,0.11578523986550346,-0.047143692765646415,0.090759299588010073
6.9199999999999999,-1.1783728990849751,2.4314136821204979,1.4880467255577927,3.1734610052451719,0.0022949999999999984,69,0.00025330475559210401,0.00045384633137789126,0.026700500681525279,0.027407651768495276,0,0,0,0.032506443473824941,-0.078538723778038472,0,0.071361889498785525,-0.062456817947352944,0.04890681567076656,0.1102173355237461,-0.046374912116667409,0.097813631341533119
6.9400000000000004,-1.1507710398528841,2.4784887785254917,1.2632207185299793,1.5410967291013158,0.0022949999999999984,69,0.00018254447231719117,0.00013481562016641363,0.027153650178074216,0.02747101027055782,0,0,0,0.034661601083284366,-0.077611683465463252,0,0.070914477346134014,-0.061421044646196618,0.050831507722027769,0.10716735360898368,-0.045230405826929977,0.10166301544405554
6.96,-1.1280903962351478,2.4932451925120613,1.0011106982351623,-0.063313278454462996,0.0022949999999999984,69,0.00011465009295820484,0.00011813432248226483,0.027290283829499697,0.027523068244940167,0,0,0,0.036412818319511236,-0.076805642123676479,0,0.071607527639824281,-0.06012016797289773,0.051411840933994625,0.10680223696013731,-0.04343469382211898,0.10282368186798925
6.9800000000000004,-1.1107847066652812,2.4759308275365548,0.73031529182474009,-1.6714376092574845,0.0022949999999999984,69,6.1014210339011402e-05,0.00037206958695130331,0.02712969955435084,0.027562783351641154,0,0,0,0.03773647413044539,-0.076164023792091154,0,0.073429531593891331,-0.058479425834364912,0.05072978064199303,0.10912258905733727,-0.040794827876638663,0.10145956128398606
7,-1.0987446964292709,2.4261521201852005,0.4799000664806139,-3.3145138903149398,0.0022949999999999984,69,2.6345826443338843e-05,0.00091581303803246565,0.026648248230609732,0.027590407095085537,0,0,0,0.038650732459855057,-0.075704166862311531,0,0.076332503601407739,-0.056465753504503266,0.048684880354271716,0.11401427474296041,-0.037227340146695008,0.097369760708543432
7.0200000000000005,-1.0889093598226578,2.3446291133398596,0.51241560459105895,-4.8544311740551827,0.0068850000000000014,70,3.0036885568538688e-05,0.0018290662326503882,0.025799013889320745,0.027658117007539673,0,0,0,0.039393427017310002,-0.075320368479129679,0,0.080272718389975489,-0.053940024573156053,0.045077870749748311,0.12115200976264096,-0.032559680667182428,0.090155741499496622
7.04,-1.0777626868219117,2.2312453018455294,0.61856374495195232,-6.5034593190649801,0.0068850000000000014,70,4.3770260336881063e-05,0.003189103259694793,0.024501984232659382,0.027734857752691057,0,0,0,0.040230533891055097,-0.074876592756619662,0,0.085100762519801559,-0.050768214061882831,0.039568910264438421,0.12997099114854804,-0.026659835367146001,0.079137820528876843
7.0600000000000005,-1.0633287284523907,2.0836640211189597,0.85133449771530922,-8.2765217607309864,0.0068850000000000014,70,8.2910716972041189e-05,0.0051140734347644443,0.022637257236061765,0.027834241387798251,0,0,0,0.041307071261570252,-0.074288127340723556,0,0.090425938015621626,-0.046976138171965318,0.03164873104001769,0.13954480476967301,-0.019664149003207086,0.06329746208003538
7.0800000000000001,-1.0424053139916085,1.8992511093087927,1.2810075016674671,-10.19008213389626,0.0068850000000000014,70,0.00018772129967357999,0.0077060556781815672,0.020084553333478548,0.027978330311333698,0,0,0,0.042852277561659075,-0.073407644750247442,0,0.095577926857850687,-0.042628641201690173,0.020806461661053974,0.14830357615404227,-0.011849637653132905,0.041612923322107948
7.1000000000000005,-1.010143711537858,1.6749388268712817,2.004882515950634,-12.273100068775678,0.0068850000000000014,70,0.00045982021833500242,0.010976199605194886,0.016764518331716868,0.028200538155246757,0,0,0,0.045197816391944354,-0.071987202983586518,0,0.099527442204091807,-0.037875856100719474,0.0067050557752160534,0.15385706801623927,-0.0037645092178524298,0.013410111550432107
7.1200000000000001,-0.96182681848048213,1.4067806944369874,2.9180486787132573,-14.577389568880502,1.400756835937499e-05,71,0.00097408144644893708,0.014520902517361361,0.012706310481772135,0.028201294445582434,0,0,0,0.04862191382725517,-0.069720223004340526,0,0.10081724661184406,-0.033319923873352496,-0.010531640835150643,0.15301257939643295,0.0030803752576355342,-0.021063281670301286
7.1400000000000006,-0.88896694313955393,1.090011070695466,4.5043829844362611,-17.160139547534708,1.400756835937499e-05,71,0.0023210303790208286,0.017718263907253493,0.0081627817754738874,0.028202076061748207,0,0,0,0.053568228239331439,-0.065995794739505134,0,0.097970017428903419,-0.029955238111161603,-0.029829673056940675,0.1423718066184754,0.0060853185171819285,-0.059659346113881351
7.1600000000000001,-0.77515308344985379,0.71728816508029025,7.0508493246909723,-20.196479581708786,1.400756835937499e-05,71,0.0056871289335714142,0.018771195809168539,0.0037419359115880768,0.028200260654328031,0,0,0,0.060716682412436961,-0.059485161820636158,0,0.09038833899500455,-0.029199213287675031,-0.048606626267464849,0.12005999557757213,0.0010867352452860954,-0.097213252534929698
7.1799999999999997,-0.60216205474845075,0.28042899622233897,10.166678687773766,-23.359909820276386,1.400756835937499e-05,71,0.011824108401510821,0.015782862318345216,0.0005932091534176161,0.028200179873273654,0,0,0,0.070049596407607079,-0.048146173712262562,0,0.080161159711842261,-0.03343449729235131,-0.061980423235569078,0.090272723016077444,-0.018722820872440055,-0.12396084647113816
7.2000000000000002,-0.3874167129269061,-0.19795033176447241,10.568075296804487,-23.751885239298854,1.400756835937499e-05,71,0.012776208899891679,0.015139617046008337,0.00029655403961571515,0.028212379985515731,0,0,0,0.078700489218559336,-0.032112816705474868,0,0.073908283502351124,-0.04385731541328404,-0.063240426267347452,0.069116077786142927,-0.055601814121093204,-0.1264808525346949
7.2199999999999998,-0.20376316392267319,-0.64557352258675849,7.597936847703938,-20.775835960042784,1.8489990234374986e-05,72,0.0066039163766720768,0.018537025794525312,0.003056084931508744,0.028197027102706135,0,0,0,0.08324152125775057,-0.017200265657700192,0,0.075388719054397119,-0.055204283418363045,-0.051519686835249982,0.067535916851043654,-0.093208301179025899,-0.10303937367049996
7.2400000000000002,-0.080707801393112219,-1.0290880227304307,4.8743673940428529,-17.654461158920927,1.8489990234374986e-05,72,0.002717982939357618,0.018129539469734827,0.0073560331655413598,0.028203555574633804,0,0,0,0.084723315895256474,-0.0068527179799392221,0,0.080267801299079608,-0.061938301789586439,-0.033256230183735309,0.075812286702902743,-0.11702388559923366,-0.066512460367470619
7.2599999999999998,-0.0020147865103637419,-1.355024751453346,3.1409233480008347,-15.005616502709959,1.8489990234374986e-05,72,0.0011285605944539607,0.015142264978478428,0.011934565239249632,0.02820539081218202,0,0,0,0.084999827477059378,-0.00017125673751527121,0,0.0848728872664158,-0.063175469950692328,-0.013809525827176225,0.084745947055772236,-0.1261796831638694,-0.027619051654352449
7.2800000000000002,0.049714052442650682,-1.6313316422286972,2.1297065207667032,-12.663249602865347,1.8489990234374986e-05,72,0.00051885944596870477,0.01158279279336407,0.01610460068356008,0.028206252922892854,0,0,0,0.084894983433659837,0.0042239540478823355,0,0.088094348113283122,-0.060078358050192168,0.003902143576113147,0.091293712792906406,-0.12438067014826668,0.0078042871522262941
7.2999999999999998,0.086403918691468268,-1.862712325011759,1.6072905139600917,-10.497055537260142,1.8489990234374986e-05,72,0.00029552822779785695,0.0083551500940678199,0.01955618936630461,0.028206867688170288,0,0,0,0.084682907768766955,0.0073351981450068288,0,0.090013549698371442,-0.054205642327080937,0.018562306176964864,0.095344191627975944,-0.1157464827991687,0.037124612353929727
7.3200000000000003,0.11024136788498276,-2.0540561739241809,0.81195197677708031,-8.6766348009713159,-0.0149175,73,7.541728489882953e-05,0.0055335094909242134,0.022242275292721134,0.027851202068544176,0,0,0,0.084484013624036694,0.0093515475710485088,0,0.090767568723741657,-0.04741552233023183,0.029971097913358533,0.097051123823446606,-0.10418259223151216,0.059942195826717067
7.3399999999999999,0.11993991248956298,-2.2112846654454534,0.17738351809789699,-7.0828184975688595,-0.0149175,73,3.5994548853727743e-06,0.0034421347009339115,0.024260765451032017,0.027706499606851301,0,0,0,0.084389345317958053,0.010170466892253913,0,0.090577339736955365,-0.041174353692933104,0.038544365660176765,0.09676533415595269,-0.09251917427812012,0.077088731320353529
7.3600000000000003,0.11788423483560037,-2.3387832799534465,-0.37372960923565202,-5.7013504752816857,-0.0149175,73,1.5978103127489745e-05,0.0019858424720893557,0.025735338344198624,0.027737158919415469,0,0,0,0.084410074198120924,0.0099969682338056712,0,0.089866717200965382,-0.036076564258296487,0.044807417364078415,0.095323360203809854,-0.082150096750398638,0.089614834728156831
7.3799999999999999,0.10521402666760792,-2.4406481081709561,-0.89040724652719094,-4.5163403526420574,-0.0149175,73,9.0695883960265064e-05,0.0010440354193665125,0.02679143599561631,0.027926167298943087,0,0,0,0.084529959217571407,0.0089267012202558105,0,0.08889864677185981,-0.032441881830373928,0.049293051289569775,0.093267334326148213,-0.073810464881003665,0.098586102579139551
7.4000000000000004,0.082301947766520972,-2.5205973447331989,-1.4013124562644887,-3.5054419629462612,-0.0149175,73,0.00022463642106354886,0.00050677232620022065,0.027536552319248578,0.028267961066512349,0,0,0,0.084712284010596509,0.0069877705820981439,0,0.08779750788666725,-0.030414195918568358,0.052457833500036424,0.090882731762737978,-0.067816162419234868,0.10491566700007285
7.4199999999999999,0.056297473966710823,-2.5760073404522821,-1.1918696625785012,-2.0470331943917097,-0.0022949999999999984,74,0.00016250537769852655,0.00015820870140100278,0.028006939897820035,0.028327653976919564,0,0,0,0.084865335835810893,0.0047827579360691548,0,0.086810297788726565,-0.029728679090100362,0.054455742005691622,0.088755259741642237,-0.064240116116269882,0.10891148401138324
7.4400000000000004,0.034831536515291348,-2.6028356209224084,-0.95125691887365804,-0.64187038991515033,-0.0022949999999999984,74,0.00010351561424679552,5.2773805498210075e-05,0.028220635647036474,0.02837692506678148,0,0,0,0.084948442685634423,0.0029600819727643533,0,0.086100889037690004,-0.030112827421848468,0.055363386200460725,0.087253335389745584,-0.06318573681646128,0.11072677240092145
7.46,0.018333574050094802,-2.6017934594467782,-0.69750753573766255,0.74663800338722597,-0.0022949999999999984,74,5.565549046662186e-05,0.00014662451104108102,0.02821250866084362,0.028414788662351323,0,0,0,0.084985715302779388,0.001558266496761884,0,0.085593451368433895,-0.031586824129438883,0.055328867910480882,0.086201187434088403,-0.06473191475563965,0.11065773582096176
7.4800000000000004,0.0069281766437181425,-2.5728111451982763,-0.44444075705275421,2.158725177721748,-0.0022949999999999984,74,2.2596332867378597e-05,0.00043749993508025514,0.027980862966984231,0.028440959234931864,0,0,0,0.084997960023816585,0.00058889030360338853,0,0.085238643467937192,-0.034150349987124455,0.054344983719776731,0.085479326912057799,-0.068889590277852297,0.10868996743955346
7.5,0.00043392641628822379,-2.5150438442547092,-0.2102651577288932,3.6303905135774013,-0.0022949999999999984,74,5.0576041275451478e-06,0.00096350356136458025,0.027487292344840288,0.028455853510332415,0,0,0,0.084999991997584401,3.6883744227012508e-05,0,0.085016402982425923,-0.037782855261009808,0.052248608328407609,0.085032813967267432,-0.075602594266246631,0.10449721665681522
7.5200000000000005,-0.0048495382418116493,-2.4294199796228444,-0.32307874020429994,4.9548090603909891,-0.0080325000000000014,75,1.1940622483221636e-05,0.0018056087039474301,0.026680738699291665,0.028498288025722317,0,0,0,0.084999000486059642,-0.00041220913482569788,0,0.084794595899041716,-0.042561167329640694,0.048822879286831738,0.084590191312023791,-0.084710125524455698,0.097645758573663477
7.54,-0.012801996062858373,-2.3158833370410896,-0.48368489335288667,6.4241043582888322,-0.0080325000000000014,75,2.6763028304861325e-05,0.0030529500397848811,0.025482449809597671,0.028562162877687414,0,0,0,0.084993034723243974,-0.0010881399420320465,0,0.084386116802206854,-0.048493619645807159,0.04373330704042503,0.083779198881169734,-0.095899099349582281,0.087466614080850061
7.5600000000000005,-0.024826780552389661,-2.171415079087371,-0.7397212280348624,8.0494473199985208,-0.0080325000000000014,75,6.2595969503601647e-05,0.0048279341924037213,0.023768226301415007,0.028658756463322332,0,0,0,0.084973805661604368,-0.0021100595688022489,0,0.083652868594157131,-0.055305263780115597,0.03645237131080109,0.082331931526709881,-0.10850046799142896,0.072904742621602181
7.5800000000000001,-0.043456417115265933,-1.9928030883312884,-1.1568164493678874,9.840514040911156,-0.0080325000000000014,75,0.00015308728370264462,0.007249442815739162,0.021405894695971352,0.028808424795413158,0,0,0,0.084919753071775544,-0.0036926329669584954,0,0.082363524026661805,-0.062478421115504446,0.026418682874496058,0.07980729498154808,-0.1212642092640504,0.052837365748992116
7.6000000000000005,-0.072758507222003804,-1.7765725674439601,-1.8249214466879771,11.815815599345573,-0.0080325000000000014,75,0.00038097682357542362,0.010374126030778866,0.018288766600133857,0.029043869454488148,0,0,0,0.084775112719436066,-0.0061790179969725143,0,0.080185249291628749,-0.069151190864866721,0.013179097010422422,0.075595385863821432,-0.13212336373276093,0.026358194020844845
7.6200000000000001,-0.11601584638146112,-1.5183209213476969,-2.5825736753814281,14.040034355326657,-9.5251464843749935e-06,76,0.00076298437827402731,0.013892021817956811,0.014389360465816941,0.02904436666204778,0,0,0,0.084428605074794591,-0.0098392400684387364,0,0.07697263562383351,-0.073817463574150352,-0.0033831104917731013,0.069516666172872416,-0.13779568707986195,-0.0067662209835462027
7.6400000000000006,-0.1800213296032393,-1.2133745586785665,-3.939604736056848,16.507253646572895,-9.5251464843749935e-06,76,0.0017754788698062765,0.01739653919557636,0.0098729464121952229,0.029044964477577859,0,0,0,0.0836263892844369,-0.015219297462360719,0,0.072807487367031576,-0.074666568639800451,-0.022565976842527938,0.061988585449626266,-0.13411383981724018,-0.045131953685055876
7.6600000000000001,-0.27956030586336617,-0.85526878373709181,-6.1889308152392166,19.38895083773869,-9.5251464843749935e-06,76,0.0043816881190682135,0.019438760038442075,0.0052237047626309064,0.029044152920141196,0,0,0,0.081700032875964126,-0.023454309370910548,0,0.068267281117089046,-0.070245551140573986,-0.042313010692189491,0.054834529358213979,-0.11703679291023743,-0.084626021384378983
7.6799999999999997,-0.43445883023039711,-0.43443377814437412,-9.3816019636614563,22.704477905035503,-9.5251464843749935e-06,76,0.010068486971386034,0.017558389698450597,0.0014106390400318574,0.029037515709868487,0,0,0,0.077103326945346842,-0.035778163367603893,0,0.065676267117061107,-0.060403919612043555,-0.058508498810602036,0.054249207288775372,-0.085029675856483217,-0.11701699762120407
7.7000000000000002,-0.64636663711166709,0.043372635339694376,-11.191995805937561,24.469764936964875,-9.5251464843749935e-06,76,0.014329310181866683,0.014730935878948262,1.4281489547503244e-05,0.029074527550362449,0,0,0,0.067853579073368364,-0.051194646272185021,0,0.069537978066339198,-0.048962137434190645,-0.064439341277830853,0.071222377059310032,-0.046729628596196275,-0.12887868255566171
7.7199999999999998,-0.85085306165247698,0.51399321986566182,-8.7880108050542809,22.117264131806849,-9.5251464843749935e-06,77,0.0088346911312175355,0.018229534974505485,0.0019621955659340157,0.029026421671657036,0,0,0,0.056044071472140237,-0.063906666732240366,0,0.079886496401893298,-0.042997634307958027,-0.056165836026444038,0.10372892133164638,-0.022088601883675694,-0.11233167205288808
7.7400000000000002,-0.99451273503648896,0.92301962092226653,-5.7083618388556561,18.835916608318357,-9.5251464843749935e-06,77,0.003727633402171244,0.019283788081406222,0.0060224924774853464,0.029033913961062814,0,0,0,0.046317479429312428,-0.071271951701319516,0,0.089444609689500368,-0.043244937974479897,-0.038920266405515859,0.13257173994968829,-0.015217924247640284,-0.077840532811031718
7.7599999999999998,-1.0863471170395795,1.2710048164317671,-3.6418116166828871,16.042969669452663,-9.5251464843749935e-06,77,0.0015172081261681811,0.016817430876600883,0.01070117039110725,0.029035809393876316,0,0,0,0.039586286566111163,-0.075219185823204235,0,0.094118582386348917,-0.046519977425472085,-0.019048205950105125,0.14865087820658668,-0.017820769027739936,-0.03809641190021025
7.7800000000000002,-1.1457400997242813,1.5672485197593566,-2.4104748783933228,13.629103805797357,-9.5251464843749935e-06,77,0.0006646843075886436,0.013239609823461347,0.015132003541118546,0.029036297672168539,0,0,0,0.035051620521117682,-0.077436321573558509,0,0.093811753555309713,-0.050838494571556689,-0.00022883307374046202,0.15257188658950177,-0.024240667569554869,-0.00045766614748092403
7.7999999999999998,-1.1864565755954137,1.8176178397424732,-1.737917368722826,11.435818747718441,-9.5251464843749935e-06,77,0.00034551623087025041,0.0097949403941256091,0.018896140353310137,0.029036596978305997,0,0,0,0.03187050667730066,-0.078798926414844858,0,0.089852848439231262,-0.05534776160378458,0.015758836023233663,0.14783519020116187,-0.031896596792724302,0.031517672046467327
7.8200000000000003,-1.2122041442084013,2.0273498598213262,-0.87891038491335427,9.5802335976754627,0.014032781982421881,78,8.8368889681554114e-05,0.0067061394831929334,0.021880685464266771,0.028675193837141261,0,0,0,0.029831286585434838,-0.079593305878432122,0,0.084042503554021361,-0.059275135503587664,0.028435293341262199,0.13825372052260787,-0.038956965128743207,0.056870586682524399
7.8399999999999999,-1.2228742416244289,2.2024706806491725,-0.21150787867694865,7.972059013952137,0.014032781982421881,78,5.1175642674717457e-06,0.0043672182123581458,0.024153094387409538,0.028525430164035158,0,0,0,0.028980336228483675,-0.079907071727626441,0,0.077915498483020859,-0.062159487879655341,0.038087047177240645,0.12685066073755805,-0.044411904031684241,0.076174094354481289
7.8600000000000003,-1.221327242656935,2.3478087678457795,0.35504214495461839,6.6008002766495295,0.014032781982421881,78,1.4420158156137994e-05,0.0026992142172150308,0.025833496021272124,0.028547130396643292,0,0,0,0.029103917658687757,-0.079862143578270706,0,0.072313319719665481,-0.064115472836440118,0.045224329006422551,0.11552272178064318,-0.048368802094609538,0.090448658012845101
7.8799999999999999,-1.2089357983648261,2.4680363304372097,0.88112919066657125,5.4598287528322871,0.014032781982421881,78,8.8815626681045757e-05,0.0015769121821095971,0.027055289653866842,0.028721017462657487,0,0,0,0.03009126524272146,-0.079495381979660829,0,0.067718896453011115,-0.065252252341088571,0.050413734513535695,0.10534652766330077,-0.051009122702516313,0.10082746902707139
7.9000000000000004,-1.1860828427459562,2.5676747020858226,1.4064132792663959,4.5400130448291227,0.014032781982421881,78,0.00022627476524424679,0.00087675476381764421,0.027938682355683007,0.029041711884744897,0,0,0,0.031899954198142018,-0.078787009856679052,0,0.064359047759817198,-0.065644696170524278,0.054165827198789512,0.096818141321492385,-0.052502382484369489,0.10833165439757902
7.9199999999999999,-1.1601731085402007,2.6445969426418641,1.176546929937025,3.1702429569521078,0.0011474999999999992,79,0.00015835388264142121,0.00037854964289695859,0.028534556022147564,0.029071459547685943,0,0,0,0.033930369442946189,-0.077934139050002876,0,0.062126714429609833,-0.065658230006798712,0.056696721127028386,0.090323059416273471,-0.053382320963594548,0.11339344225405677
7.9400000000000004,-1.1392335867054748,2.6951351456206671,0.91403944553395322,1.8976688140267246,0.0011474999999999992,79,9.5574070437170097e-05,0.00011664886361974242,0.02888327513858294,0.029095498072639853,0,0,0,0.035554715453075592,-0.077206620241083143,0,0.060850653926629458,-0.065557491037689625,0.058177859066356342,0.086146592400183325,-0.053908361834296092,0.11635571813271268
7.96,-1.1236925611973967,2.7209499704567737,0.63886491061619644,0.69179076351828694,0.0011474999999999992,79,4.6690473369278632e-05,1.8688686382334102e-05,0.029047956590216757,0.029113335749968369,0,0,0,0.036750243645977614,-0.076644762325688523,0,0.060499654909716302,-0.065257204664773291,0.058877321569048409,0.084249066173454984,-0.053869647003858045,0.11775464313809682
7.9800000000000004,-1.1137089641130122,2.7229788183587118,0.35900986558234205,-0.48829690834046802,0.0011474999999999992,79,1.4744259728494027e-05,4.953804621671518e-05,0.029060509163970911,0.02912479146991612,0,0,0,0.03751358988655637,-0.076274049150567957,0,0.06104089183253536,-0.064702701278418664,0.05893063695196616,0.08456819377851435,-0.053131353406269358,0.11786127390393232
8,-1.1093438391233124,2.7012887297364117,0.077562822770258943,-1.68757985635269,0.0011474999999999992,79,6.882043582336143e-07,0.00020574393490457047,0.028923363692727553,0.029129795831990359,0,0,0,0.037846177189894033,-0.076109571488158737,0,0.062461651341904206,-0.06386930291017609,0.058348129853582884,0.087077125493914387,-0.05162903433219343,0.11669625970716577
8.0199999999999996,-1.1063493620855813,2.6588349874364816,0.21929495194796728,-2.5750727249246852,0.0080325000000000014,80,5.5013271925143401e-06,0.00051205689007197748,0.028636289067707946,0.029153847284972438,0,0,0,0.038073915532283301,-0.07599590091603993,0,0.064844511150325482,-0.062583843370510872,0.057128818670183254,0.091615106768367663,-0.049171785824981828,0.11425763734036651
8.0400000000000009,-1.1006691026217588,2.5974829501698302,0.34691681233391169,-3.5828106668575987,0.0080325000000000014,80,1.3767684359738638e-05,0.0010069599069201388,0.028178744255052617,0.029199471846332495,0,0,0,0.038504975413904484,-0.07577840634623173,0,0.068271490008908836,-0.060653267564591634,0.055185458099951651,0.098038004603913209,-0.045528128782951531,0.1103709161999033
8.0600000000000005,-1.0925014878338997,2.5145307323474366,0.47089711393938583,-4.7390117844844371,0.0080325000000000014,80,2.536660018152476e-05,0.0017569870406784279,0.02748272183346831,0.029265075474328262,0,0,0,0.039122613039758398,-0.075461388464176354,0,0.072722059896924221,-0.058041908323457049,0.052229195690911959,0.10632150675409005,-0.040622428182737744,0.10445839138182392
8.0800000000000001,-1.0816961588605505,2.4068093712563581,0.61630212486408276,-6.0618306015216294,0.0080325000000000014,80,4.3450775944456284e-05,0.0028549766660858227,0.026453439471750866,0.029351866913781145,0,0,0,0.039935698439511697,-0.075034258776564083,0,0.078108275028080154,-0.054717559016262393,0.047857456132139251,0.11628085161664861,-0.03440085925596071,0.095714912264278501
8.0999999999999996,-1.0674293236077435,2.2708918256048243,0.82567456995046529,-7.5593292941584114,0.0080325000000000014,80,7.798804330388973e-05,0.0044184776856860336,0.024970001647394286,0.029466467376384208,0,0,0,0.04100209929395339,-0.074456885870205367,0,0.084211929011498973,-0.050661991578734841,0.041556751815300233,0.12742175872904454,-0.026867097287264323,0.083113503630600466
8.120000000000001,-1.0503733532203463,2.1017541299595024,0.91497843397178769,-9.3738975475281094,0.0022949999999999984,81,9.5770536889007454e-05,0.006534450057090955,0.022875394733490626,0.029505615327470588,0,0,0,0.042266008427084903,-0.073746759465359482,0,0.090522243459132221,-0.046089972220599976,0.032660188300588797,0.13877847849117952,-0.018433184975840469,0.065320376601177593
8.1400000000000006,-1.0291694161387144,1.8950906617201086,1.254484992622003,-11.316120671425482,0.0022949999999999984,81,0.00018002845184490887,0.0093495729312702506,0.020024708535773067,0.029554309918888227,0,0,0,0.043820111711180498,-0.072834042930621831,0,0.096207488130580429,-0.041315530507242224,0.020552278864139767,0.14859486454998036,-0.0097970180838626159,0.041104557728279534
8.1600000000000001,-0.99788323361915188,1.64801591037393,1.9432228969062553,-13.423861827353717,0.0022949999999999984,81,0.00043197184816230256,0.012836864273388121,0.016357362287842896,0.029626198409393317,0,0,0,0.04607699478287855,-0.071427659570915403,0,0.10011646723371111,-0.036567543683814249,0.0049757147801685921,0.15415593968454366,-0.0017074277967130957,0.0099514295603371841
8.1799999999999997,-0.9480876247025769,1.3565510366533324,3.140217364446015,-15.772514900113208,0.0022949999999999984,81,0.0011280533196242047,0.016655346240796065,0.011957209538479814,0.029740609098900084,0,0,0,0.049575194348813773,-0.069045637843945976,0,0.10077078427807576,-0.032286888127103806,-0.013713347186205342,0.15196637420733772,0.0044718615897383629,-0.027426694372410684
8.1999999999999993,-0.86706723569231703,1.0145500254666935,5.1238351666932047,-18.510653178679114,0.0022949999999999984,81,0.0030033123813248321,0.019754977970233581,0.0071677031244029672,0.029925993475961383,0,0,0,0.055000556241202682,-0.064806934915626904,0,0.096763804723123098,-0.029363167980256691,-0.034056136916399221,0.13852705320504349,0.0060805989551135226,-0.068112273832798442
8.2200000000000006,-0.73669767686738274,0.61274234127418925,8.0857972255104453,-21.755831338328996,1.6809082031249989e-06,82,0.0074792129415718689,0.019678026046132672,0.0027627073208779697,0.02991994630858251,0,0,0,0.062958755793553076,-0.057106874095223845,0,0.087880727902254041,-0.029631086272043486,-0.052765769109420789,0.11280270001095502,-0.0021552984488631272,-0.10553153821884158
8.2400000000000002,-0.54216643108270735,0.14518932249494165,11.062848455483094,-24.677237621632841,1.6809082031249989e-06,82,0.014000518920330728,0.0157731964256481,0.00015977774330666033,0.029933493089285487,0,0,0,0.07281039048605821,-0.043859400785552519,0,0.077625556567521597,-0.035865809528782329,-0.063821365344433154,0.082440722648984985,-0.027872218272012143,-0.12764273068886631
8.2599999999999998,-0.32343430481444696,-0.34591592162198559,10.055834404118897,-23.697704062016832,1.6809082031249989e-06,82,0.011567684423891032,0.017423767138694712,0.00089953110282003609,0.029890982665405779,0,0,0,0.080592707916784731,-0.027015096347039462,0,0.073642113792309782,-0.047750436133577656,-0.06067936160881738,0.06669151966783482,-0.068485775920115843,-0.12135872321763476
8.2799999999999994,-0.15562607807617804,-0.78683313971220947,6.725061751050224,-20.337462631431436,1.6809082031249989e-06,82,0.0051737180719773745,0.020255351949256067,0.0044632611553178754,0.02989233117655132,0,0,0,0.083972748067554503,-0.013174884514978547,0,0.076893373080963612,-0.058296689685178316,-0.045542893495931554,0.06981399809437272,-0.10341849485537809,-0.091085786991863107
8.3000000000000007,-0.04805425601280211,-1.1625042116835793,4.2182269618333992,-17.325575706824733,1.6809082031249989e-06,82,0.0020354952481280507,0.018703193591288865,0.0091564415976312166,0.029895130437048133,0,0,0,0.084901877394694444,-0.0040830399038304863,0,0.082058250641788885,-0.063212819582193519,-0.025609235484067204,0.079214623888883312,-0.12234259926055654,-0.051218470968134408
8.3200000000000003,0.012664138972918126,-1.4809720167275753,2.0023505201787977,-14.621588128516271,-0.018360000000000001,83,0.00045865952422251505,0.014497555166362558,0.013823652366457464,0.028779867057042538,0,0,0,0.084993183923421006,0.0010764230392972022,0,0.085806706069903704,-0.063158394404711077,-0.0057858801968337405,0.086620228216386402,-0.12739321184871935,-0.011571760393667481
8.3399999999999999,0.036376397010566122,-1.750629017131458,0.44768588552777433,-12.414038926241464,-0.018360000000000001,83,2.292751630594634e-05,0.010419157974068021,0.017902101885031892,0.028344187375405859,0,0,0,0.084943768405051356,0.0030913118815481719,0,0.087251700006344565,-0.060326555660424837,0.011536790201460638,0.08955963160763776,-0.12374442320239785,0.023073580402921276
8.3599999999999994,0.032836796995742823,-1.9800139702683284,-0.76097753869354112,-10.581843106101509,-0.018360000000000001,83,6.624511870518491e-05,0.0071145936737967604,0.021228215466532231,0.028409054259034176,0,0,0,0.084954178269945432,0.0027906261803283504,0,0.086896926514533998,-0.056351863726714899,0.025664014044054672,0.08883967475912255,-0.11549435363375815,0.051328028088109344
8.3800000000000008,0.0070744667987559413,-2.1760622068040414,-1.7958605138180259,-9.0751300197759548,-0.018360000000000001,83,0.00036893971631527667,0.0046867226266000114,0.02382635328578292,0.028882015628698209,0,0,0,0.084997872965450513,0.00060132466200745382,0,0.085373111082808401,-0.052438977600840368,0.036699257924664122,0.085748349200166274,-0.1054792798636882,0.073398515849328244
8.4000000000000004,-0.038511047424671443,-2.3450413707402982,-2.7560853370503677,-7.87276203827546,-0.018360000000000001,83,0.00086895148042929766,0.0030465196700891874,0.025803490724066791,0.029718961874585274,0,0,0,0.084936976006937878,-0.0032726299511034568,0,0.083161508189774205,-0.049352654164251587,0.045096885508268729,0.081386040372610532,-0.095432678377399716,0.090193771016537458
8.4199999999999999,-0.09346020441668354,-2.4861176840445829,-2.7109053839684423,-6.25463399377628,-1.0645751953124993e-05,84,0.00084069589442817771,0.001654248135098822,0.027224615549744056,0.029719559579271054,0,0,0,0.084629040722623144,-0.0079325573662341001,0,0.080959993824530507,-0.04707603972838012,0.051132923673734523,0.07729094692643787,-0.086219522090526149,0.10226584734746905
8.4399999999999995,-0.14602760833027037,-2.5960252560574695,-2.5275602351734818,-4.7563580405529517,-1.0645751953124993e-05,84,0.00073082472993092466,0.00082204469182663013,0.028167271418802209,0.029720140840559763,0,0,0,0.084095336655165137,-0.012368280108990104,0,0.079225252637515939,-0.045481320191698024,0.055136728758079373,0.074355168619866741,-0.078594360274405944,0.11027345751615875
8.4600000000000009,-0.19401336844980566,-2.6771737109731184,-2.2611014162388514,-3.3779308908465837,-1.0645751953124993e-05,84,0.0005848578054857233,0.00037251526647586841,0.028763301568576042,0.029720674640537632,0,0,0,0.08340526129691099,-0.016387873199228801,0,0.077835357318624246,-0.044735621016167737,0.057668287328304625,0.072265453340337488,-0.073083368833106677,0.11533657465660925
8.4800000000000004,-0.2362017630461869,-2.731860622843862,-1.953307210113254,-2.1067304230299562,-1.0645751953124993e-05,84,0.00043646689859226277,0.00016988553770160296,0.029114788341177554,0.029721140777471421,0,0,0,0.08263987444799091,-0.019890981655521649,0,0.07662707659279229,-0.044871994078145155,0.059161180518083382,0.070614278737593683,-0.069853006500768658,0.11832236103616676
8.5,-0.27203288946863979,-2.7619672310705976,-1.6279621390125387,-0.9138728558306306,-1.0645751953124993e-05,84,0.0003031787843080421,0.00012777413531764342,0.029290578629409363,0.029721531549035049,0,0,0,0.081874266928968611,-0.022838660530862948,0,0.075452053903807409,-0.045861638729877308,0.059907826322669729,0.069029840878646206,-0.068884616928891668,0.11981565264533946
8.5199999999999996,-0.30200718476541499,-2.7693413081496523,-1.3683937186323132,0.17399036447000205,-0.0011474999999999992,85,0.0002142063545465689,0.0002100313434138797,0.029331692173039357,0.029755929870999804,0,0,0,0.081153019122611206,-0.025282157488733036,0,0.074175286112758823,-0.047679933494731777,0.060082450616035322,0.067197553102906427,-0.070077709500730515,0.12016490123207064
8.5400000000000009,-0.3267195619353202,-2.754946781730915,-1.1014910530964945,1.270835866573518,-0.0011474999999999992,85,0.00013879446723798899,0.00039476829875387601,0.029250723994403684,0.029784286760395549,0,0,0,0.080503521624081684,-0.027279717852665086,0,0.072697696990776425,-0.050315013729073432,0.059738549075788655,0.064891872357471167,-0.073350309605481778,0.11947709815157731
8.5600000000000005,-0.34601281972117154,-2.7181423900163519,-0.82682265986008363,2.4221801861569685,-0.0011474999999999992,85,7.8205076840038497e-05,0.00069772507012792707,0.029030491859771575,0.029806422006739542,0,0,0,0.079962257206317555,-0.02882771968905478,0,0.070973573120808403,-0.053760509259112618,0.058803142455706649,0.061984889035299251,-0.078693298829170463,0.1176062849114133
8.5800000000000001,-0.35978251831732061,-2.6574356010964131,-0.55132831449602993,3.6665873996833702,-0.0011474999999999992,85,3.4772090433633291e-05,0.0011610319385979334,0.028626410728865345,0.029822214757896912,0,0,0,0.079557740252661338,-0.029926008185023119,0,0.068987758461176052,-0.0580261096299996,0.057086861743396798,0.058417776669690773,-0.086126211074976075,0.1141737234867936
8.5999999999999996,-0.36819688991379262,-2.5706823007269266,-0.29640056389415392,5.0298165258028416,-0.0011474999999999992,85,1.0050050809869948e-05,0.0018583857740202944,0.027963421735695441,0.029831857560525605,0,0,0,0.079303118277795528,-0.030594369276354991,0,0.066757379840186523,-0.063113953851315269,0.054270904415967734,0.054211641402577525,-0.095633538426275533,0.10854180883193547
8.620000000000001,-0.37578887841188141,-2.4584293025789012,-0.46698827655157615,6.2288789741378086,-0.0080325000000000014,86,2.4947220311404862e-05,0.0029041505867503279,0.026963740839597634,0.029892838646659366,0,0,0,0.079068562972369541,-0.031195550155181336,0,0.06412567431844142,-0.069069949761690036,0.050024893134546528,0.049182785664513284,-0.10694434936819872,0.10004978626909306
8.6400000000000006,-0.38719839754089491,-2.3201950505281026,-0.68679538307040278,7.6276597074715653,-0.0080325000000000014,86,5.3959130188617837e-05,0.0044000468359486102,0.025530481557650052,0.029984487523787282,0,0,0,0.078707498064982701,-0.032095634412654096,0,0.060877293586919623,-0.075820296976173943,0.04393731548441239,0.043047089108856539,-0.1195449595396938,0.08787463096882478
8.6600000000000001,-0.40398480282206278,-2.1520099352550002,-1.0162438182349032,9.2236316561089229,-0.0080325000000000014,86,0.00011814246825147287,0.0064776809958766992,0.02352351537489572,0.030119338839023894,0,0,0,0.078157664067475333,-0.033412266422912347,0,0.056966856613072929,-0.082981606897343185,0.035412994286848964,0.035776049158670525,-0.132550947371774,0.070825988573697929
8.6799999999999997,-0.42909879274587431,-1.9499248474706636,-1.5347975218359475,11.019039886249628,-0.0080325000000000014,86,0.00026947121772475855,0.009245301674735109,0.020806341485278067,0.030321114377737934,0,0,0,0.077293990737145574,-0.035364374671780288,0,0.052364313397002538,-0.089851814851138634,0.023872160572876607,0.027434636056859495,-0.14433925503049699,0.047744321145753214
8.7000000000000011,-0.46735137975385554,-1.7098050696178166,-2.3524657075348188,13.032310131206263,-0.0080325000000000014,86,0.00063307739841779139,0.012705363884255024,0.017290058122327891,0.030628499405000707,0,0,0,0.075884998082133351,-0.038294478271346362,0,0.047106552495143006,-0.095322341993662629,0.008937215946007002,0.018328106908152661,-0.15235020571597888,0.017874431892014004
8.7200000000000006,-0.52331878475984317,-1.4267116066951848,-3.3428243960220825,15.316164734200694,0,87,0.0012783133731258012,0.016344904320394954,0.013005389688534633,0.030628607382055389,0,0,0,0.07362405604674839,-0.042479387604169319,0,0.041723717947536536,-0.097768138515825109,-0.0092613417918168874,0.0098233798483246815,-0.15305688942748091,-0.018522683583633775
8.7400000000000002,-0.60590766967407217,-1.0951127843436943,-5.0653293986225165,17.911090874043154,0,87,0.0029351181767452829,0.019461612696740297,0.0082315638142981644,0.030628294687783744,0,0,0,0.069868768417989419,-0.048408214176453204,0,0.037213610093770763,-0.095540208888983208,-0.029537530520310211,0.0045584517695521076,-0.14267220360151323,-0.059075061040620422
8.7599999999999998,-0.73305934797156924,-0.70683339044299487,-7.8385116328962896,21.010086033088509,0,87,0.0070287390629834613,0.01995683649627664,0.0036382001255915223,0.030623775684851622,0,0,0,0.06316611221949843,-0.056877431966235376,0,0.035136796594073261,-0.088005822173486389,-0.04904723018352225,0.0071074809686480916,-0.1191342123807374,-0.0980944603670445
8.7799999999999994,-0.92416415177134337,-0.25299353086415621,-11.143936140408288,24.211534700827439,0,87,0.014206511125915113,0.015932932907940189,0.00048340497900624597,0.030622849012861549,0,0,0,0.051212662164797383,-0.067839982561866352,0,0.038327404157119591,-0.077567113087757489,-0.062446801822093757,0.025442146149441795,-0.087294243613648639,-0.12489360364418751
8.8000000000000007,-1.1558747743885249,0.23956997945541847,-11.213474202969019,24.274464102109828,0,87,0.014384361298339136,0.015802591802119691,0.00043370718303586855,0.030620660283494697,0,0,0,0.034265041940107002,-0.077787575491480063,0,0.048271268377433882,-0.071617902079429752,-0.062657886582416458,0.062277494814760768,-0.065448228667379441,-0.12531577316483292
8.8200000000000003,-1.3487467935859176,0.6950994371829009,-7.9272075989070512,21.098983551781533,0,88,0.0071887051282518311,0.019894607032668793,0.0035232757170423966,0.030606587877963019,0,0,0,0.018719490293068432,-0.082913091144690282,0,0.059015044536313538,-0.073815465834907765,-0.049535356281675179,0.09931059877955864,-0.064717840525125248,-0.099070712563350358
8.8399999999999999,-1.4773811951297664,1.0850105099524594,-5.1239833860966577,17.984845426007119,0,88,0.0030034861400791918,0.019511930382381047,0.0080955408759104293,0.030610957398370667,0,0,0,0.0079287428944509984,-0.084629398178846182,0,0.064717943230571659,-0.079308942423092985,-0.030115269810098422,0.12150714356669233,-0.073988486667339801,-0.060230539620196845
8.8599999999999994,-1.560882752365534,1.4179610977316841,-3.3771413323637489,15.37863366773893,0,88,0.0013046940402285201,0.016432566175604121,0.012873967648919118,0.030611227864751761,0,0,0,0.00084264002404031701,-0.084995823178494412,0,0.064587657639895574,-0.08436386149887784,-0.0098195393776795946,0.12833267525575082,-0.083731899819261268,-0.019639078755359189
8.8800000000000008,-1.6173642404715418,1.7022305664251256,-2.3706529823772975,13.088009942211009,0,88,0.00064290407574236206,0.012792108209974451,0.017176082908915324,0.030611095194632135,0,0,0,-0.003956842185351494,-0.084907852404357886,0,0.059917521261491642,-0.087884500248956651,0.0084531214276050062,0.12379188470833477,-0.09086114809355543,0.016906242855210012
8.9000000000000004,-1.6589984706547918,1.9427094002624878,-1.8621132144195629,10.984103922836521,0,88,0.00039666361953391506,0.0095099505970042495,0.020704404188688526,0.030611018405226689,0,0,0,-0.0074874651394280511,-0.084669580522085078,0,0.052369329114563712,-0.089962811663318612,0.023439195500715784,0.11222612336855547,-0.095256042804552132,0.046878391001431569
8.9199999999999999,-1.6875860913020455,2.1452411573946044,-1.0277236650683736,9.3176980474775686,0.015666624755859379,89,0.00012082670169152013,0.0066048265847881895,0.023437413590139927,0.030163066876619637,0,0,0,-0.0099045779431073556,-0.084420965025098549,0,0.04387392967131952,-0.090730457224965297,0.035047288439262338,0.097652437285746393,-0.097039949424832059,0.070094576878524675
8.9399999999999995,-1.7009524593282173,2.3173678064769714,-0.32214808442004661,7.9446302197862302,0.015666624755859379,89,1.1871929606887933e-05,0.0044427513269739184,0.025499008196612803,0.029953631453193609,0,0,0,-0.011032061269299525,-0.08428103952936522,0,0.035911874560720577,-0.09042581870141618,0.043803636580924246,0.082855810390740678,-0.09657059787346714,0.087607273161848492
8.9600000000000009,-1.7007303083789063,2.4650417299909506,0.34341983422197353,6.8744136103781965,0.015666624755859379,89,1.3491522277311031e-05,0.0029167411213641484,0.027026870153425215,0.029957102797066676,0,0,0,-0.011013337884291289,-0.084283488232550247,0,0.029030169891388465,-0.089515980271666962,0.050293026475642273,0.06907367766706822,-0.094748472310783677,0.10058605295128455
8.9800000000000004,-1.6870654157590592,2.5944395733517185,1.0307221320046041,6.1190891865684929,0.015666624755859379,89,0.00012153277355629176,0.0018948925856688051,0.028154759921344578,0.030171185280569675,0,0,0,-0.009860620670709112,-0.084426110652975034,0,0.023469460881396148,-0.088318926377484883,0.055083587841252876,0.05679954243350141,-0.092211742101994731,0.11016717568250575
9,-1.65906656355128,2.7119813593900872,1.7827983276107402,5.6910621408473361,0.015666624755859379,89,0.00036359227071316053,0.0012544586287907204,0.028991784477311218,0.030609835376815098,0,0,0,-0.0074932305190474387,-0.084669070482605496,0,0.019267550394059883,-0.08703740521344247,0.058638738011005852,0.046028331307167207,-0.089405739944279444,0.1172774760220117
9.0199999999999996,-1.6254276235487333,2.815005976485633,1.5777495300601576,4.6450950651694214,-7.283935546874995e-06,90,0.00028476481345023589,0.00075576896958288271,0.029569078328276616,0.030609612111309734,0,0,0,-0.0046413506739446143,-0.084873186955136043,0,0.016020151932769486,-0.086003075939970225,0.061090716650852091,0.036681654539483591,-0.087132964924804421,0.12218143330170418
9.0400000000000009,-1.595948260598397,2.8991396426082066,1.3731265523040621,3.8021714165134872,-7.283935546874995e-06,90,0.00021569065872449253,0.00046611912693094229,0.029927602863728846,0.030609412649384281,0,0,0,-0.0021376889659428778,-0.084973115076975303,0,0.013342870537018534,-0.085362563212495871,0.062613501799731755,0.028823430039979947,-0.085752011348016438,0.12522700359946351
9.0600000000000005,-1.570308219403634,2.9684109199825457,1.1971071219291716,3.1571294679108983,-7.283935546874995e-06,90,0.00016393671767504447,0.0003006961176191806,0.030144601800015065,0.03060923463530929,0,0,0,4.1489126609869645e-05,-0.084999989874425128,0,0.011155957238786167,-0.08499456481995879,0.063535175841042582,0.022270425350962467,-0.084989139765492439,0.12707035168208516
9.0800000000000001,-1.547784345927514,3.0266507570482837,1.0628032389432602,2.6964494117492599,-7.283935546874995e-06,90,0.00012921589644527485,0.00020830404759109158,0.030271555208743976,0.030609075152780343,0,0,0,0.0019558457429649065,-0.084977495064456482,0,0.0093513256379702103,-0.084807280375745586,0.064074393513183711,0.016746805532975514,-0.084637065687034677,0.12814878702636742
9.0999999999999996,-1.5274892207960433,3.0773913474943893,0.97452566516920469,2.4047922303695786,-7.283935546874995e-06,90,0.00010864175404073926,0.00015981391874098701,0.030340474109826272,0.030608929782607999,0,0,0,0.0036799534627075473,-0.084920303476331893,0,0.0078142136229566624,-0.084741148617368367,0.064367117354002162,0.011948473783205776,-0.084561993758404827,0.12873423470800432
9.120000000000001,-1.512361066682687,3.1200529481637087,0.54507799918185462,1.8844359873730916,-0.0052674060058593751,91,3.3988148923537246e-05,0.0001270210006693008,0.030368237324036335,0.030529246473629174,0,0,0,0.0049641708081559462,-0.084854917407227809,0,0.0063510032123754896,-0.084773785127011309,0.06448503790365416,0.0077378356165950339,-0.084692652846794808,0.12897007580730832
