rank,run-dir,plan-id,bbar,hbar,done,return-cost,predicted-q,physical-q,residual-q,error
0,/home/victor-xia/repos/Burst-Coast-MPC/artifacts/MonteCarloData/monte-carlo-data-epoch-305_20260614T212202,mpc-738-7-lambda-0.547,0.5470837464228594,0.2808857370599757,True,14.972502708435059,54.28804016113281,19.173797607421875,35.11424255371094,39.31553649902344
1,/home/victor-xia/repos/Burst-Coast-MPC/artifacts/MonteCarloData/monte-carlo-data-epoch-467_20260614T025519,mpc-1627-19-lambda-0.017,0.016512416693307583,0.1048154174511246,False,43.411834716796875,54.949092864990234,3.5547738075256348,51.394317626953125,11.53725814819336
2,/home/victor-xia/repos/Burst-Coast-MPC/artifacts/MonteCarloData/monte-carlo-data-epoch-108_20260614T020648,mpc-420-4-lambda-0.675,0.6752647434778921,0.24846216297143428,True,15.261706352233887,56.73133087158203,20.562959671020508,36.168373107910156,41.46962356567383
3,/home/victor-xia/repos/Burst-Coast-MPC/artifacts/MonteCarloData/monte-carlo-data-epoch-453_20260614T025300,mpc-1606-17-lambda-0.597,0.5970544702563636,0.29953394679566725,True,19.274974822998047,57.51972961425781,23.543537139892578,33.976192474365234,38.244754791259766
4,/home/victor-xia/repos/Burst-Coast-MPC/artifacts/MonteCarloData/monte-carlo-data-epoch-488_20260614T025820,mpc-369-5-lambda-0.472,0.47184261134886013,0.30331682846067914,True,17.411645889282227,57.92950439453125,19.876699447631836,38.05280303955078,40.517860412597656
5,/home/victor-xia/repos/Burst-Coast-MPC/artifacts/MonteCarloData/monte-carlo-data-epoch-75_20260614T205118,mpc-146-1-lambda-0.129,0.12856135230115837,0.3350574696465026,True,13.051362037658691,57.95974349975586,10.896766662597656,47.0629768371582,44.908382415771484
6,/home/victor-xia/repos/Burst-Coast-MPC/artifacts/MonteCarloData/monte-carlo-data-epoch-53_20260613T234112,mpc-1183-14-lambda-0.74,0.7402000973903425,0.32852846668445324,True,21.587234497070312,58.21836471557617,29.005125045776367,29.213239669799805,36.63113021850586
7,/home/victor-xia/repos/Burst-Coast-MPC/artifacts/MonteCarloData/monte-carlo-data-epoch-66_20260614T020112,mpc-0-0-lambda-0.138,0.13764025312014436,0.44789135796734064,False,122.04662322998047,60.33463668823242,15.999222755432129,44.33541488647461,-61.71198654174805
8,/home/victor-xia/repos/Burst-Coast-MPC/artifacts/MonteCarloData/monte-carlo-data-epoch-184_20260614T210609,mpc-1178-13-lambda-0.27,0.2700885760282798,0.26947256056331087,True,11.53707218170166,61.08538055419922,11.962084770202637,49.123294830322266,49.548309326171875
9,/home/victor-xia/repos/Burst-Coast-MPC/artifacts/MonteCarloData/monte-carlo-data-epoch-335_20260614T212559,mpc-468-4-lambda-0.452,0.45206127255095213,0.3680158050838843,True,23.599227905273438,61.62411880493164,25.71253204345703,35.91158676147461,38.0248908996582
10,/home/victor-xia/repos/Burst-Coast-MPC/artifacts/MonteCarloData/monte-carlo-data-epoch-351_20260614T212809,mpc-1139-13-lambda-0.331,0.3311106295407226,0.40555157533173786,True,21.697826385498047,61.955204010009766,22.918895721435547,39.03630828857422,40.25737762451172
11,/home/victor-xia/repos/Burst-Coast-MPC/artifacts/MonteCarloData/monte-carlo-data-epoch-271_20260614T022745,mpc-2062-17-lambda-0.213,0.2133203531265449,0.42481210430037386,True,19.56281280517578,62.006072998046875,18.428979873657227,43.57709503173828,42.443260192871094
12,/home/victor-xia/repos/Burst-Coast-MPC/artifacts/MonteCarloData/monte-carlo-data-epoch-98_20260614T020519,mpc-1147-10-lambda-0.518,0.5178030072263631,0.37604181503564504,True,23.486101150512695,62.104820251464844,27.42664337158203,34.67817687988281,38.61872100830078
13,/home/victor-xia/repos/Burst-Coast-MPC/artifacts/MonteCarloData/monte-carlo-data-epoch-222_20260614T022125,mpc-2143-19-lambda-0.382,0.38197460570349684,0.35866510574864735,True,19.161029815673828,62.186439514160156,20.945327758789062,41.241111755371094,43.02540969848633
14,/home/victor-xia/repos/Burst-Coast-MPC/artifacts/MonteCarloData/monte-carlo-data-epoch-481_20260614T025716,mpc-2241-18-lambda-0.16,0.16039918697330874,0.3338226490704398,True,14.333224296569824,62.70621871948242,12.323016166687012,50.383201599121094,48.37299346923828
15,/home/victor-xia/repos/Burst-Coast-MPC/artifacts/MonteCarloData/monte-carlo-data-epoch-378_20260614T213220,mpc-1427-15-lambda-0.036,0.03629530325408564,0.6227154090529088,True,22.210168838500977,62.715309143066406,15.92553424835205,46.78977584838867,40.50514221191406
16,/home/victor-xia/repos/Burst-Coast-MPC/artifacts/MonteCarloData/monte-carlo-data-epoch-121_20260614T020847,mpc-113-2-lambda-0.075,0.07543098834252322,0.08490063925774394,False,53.56655502319336,62.779502868652344,3.2775959968566895,59.50190734863281,9.212947845458984
17,/home/victor-xia/repos/Burst-Coast-MPC/artifacts/MonteCarloData/monte-carlo-data-epoch-458_20260614T025355,mpc-1679-13-lambda-0.82,0.8202367103294894,0.3110588310478927,True,22.97458839416504,62.783447265625,31.007354736328125,31.776092529296875,39.808860778808594
18,/home/victor-xia/repos/Burst-Coast-MPC/artifacts/MonteCarloData/monte-carlo-data-epoch-365_20260614T024001,mpc-811-9-lambda-0.592,0.5918991586953622,0.2225393266550558,False,97.94812774658203,62.78706741333008,16.836952209472656,45.95011520385742,-35.16106033325195
19,/home/victor-xia/repos/Burst-Coast-MPC/artifacts/MonteCarloData/monte-carlo-data-epoch-122_20260614T205732,mpc-2575-28-lambda-0.016,0.01582504021708865,0.1373340982152048,True,5.367228984832764,63.11753845214844,4.0983428955078125,59.019195556640625,57.750308990478516
20,/home/victor-xia/repos/Burst-Coast-MPC/artifacts/MonteCarloData/monte-carlo-data-epoch-220_20260614T022118,mpc-476-6-lambda-0.079,0.07904578008348759,0.09043756771125436,True,4.298386096954346,63.516902923583984,3.4141697883605957,60.10273361206055,59.2185173034668
21,/home/victor-xia/repos/Burst-Coast-MPC/artifacts/MonteCarloData/monte-carlo-data-epoch-517_20260614T030227,mpc-371-3-lambda-0.211,0.2108243254623666,0.28466363339066114,True,11.911503791809082,63.959014892578125,11.679795265197754,52.27922058105469,52.04751205444336
22,/home/victor-xia/repos/Burst-Coast-MPC/artifacts/MonteCarloData/monte-carlo-data-epoch-53_20260613T234112,mpc-1150-13-lambda-0.143,0.1434535385146788,0.16340363466883615,False,28.03194808959961,64.03358459472656,5.3627777099609375,58.670806884765625,36.00163650512695
23,/home/victor-xia/repos/Burst-Coast-MPC/artifacts/MonteCarloData/monte-carlo-data-epoch-286_20260614T022956,mpc-379-4-lambda-0.041,0.04095569605534019,0.014671309846596037,False,34.414485931396484,64.6561050415039,2.598635196685791,62.05746841430664,30.241619110107422
24,/home/victor-xia/repos/Burst-Coast-MPC/artifacts/MonteCarloData/monte-carlo-data-epoch-394_20260614T213444,mpc-727-5-lambda-0.377,0.37669845119886625,0.43120657255679923,True,24.737401962280273,64.77310180664062,25.860509872436523,38.91259002685547,40.03569793701172
25,/home/victor-xia/repos/Burst-Coast-MPC/artifacts/MonteCarloData/monte-carlo-data-epoch-93_20260614T205338,mpc-1183-14-lambda-0.143,0.14295634074447014,0.5043805465974263,True,21.005706787109375,65.15502166748047,18.215347290039062,46.939674377441406,44.149314880371094
26,/home/victor-xia/repos/Burst-Coast-MPC/artifacts/MonteCarloData/monte-carlo-data-epoch-140_20260614T021100,mpc-1763-22-lambda-0.803,0.8027200886689363,0.36824196282424576,True,27.551990509033203,65.5545883178711,36.53349685668945,29.02109146118164,38.00259780883789
27,/home/victor-xia/repos/Burst-Coast-MPC/artifacts/MonteCarloData/monte-carlo-data-epoch-47_20260614T015842,mpc-164-2-lambda-0.055,0.05470255128658589,0.6083537918132524,True,21.349435806274414,65.58407592773438,16.185619354248047,49.39845657348633,44.234642028808594
28,/home/victor-xia/repos/Burst-Coast-MPC/artifacts/MonteCarloData/monte-carlo-data-epoch-292_20260614T023057,mpc-1526-17-lambda-0.284,0.2836184273479177,0.20628618534431822,True,10.204421997070312,66.33134460449219,10.392462730407715,55.938880920410156,56.126922607421875
29,/home/victor-xia/repos/Burst-Coast-MPC/artifacts/MonteCarloData/monte-carlo-data-epoch-27_20260613T233717,mpc-2218-24-lambda-0.032,0.03199205446697091,0.6780908896558392,True,23.236576080322266,67.55616760253906,16.79046630859375,50.76570129394531,44.3195915222168
30,/home/victor-xia/repos/Burst-Coast-MPC/artifacts/MonteCarloData/monte-carlo-data-epoch-265_20260614T211652,mpc-1624-19-lambda-0.731,0.7312777605906343,0.1101355516184352,True,5.564927101135254,67.62721252441406,8.679035186767578,58.948177337646484,62.062286376953125
31,/home/victor-xia/repos/Burst-Coast-MPC/artifacts/MonteCarloData/monte-carlo-data-epoch-7_20260614T015328,mpc-143-2-lambda-0.715,0.7151377292343035,0.41867734826580133,True,31.796672821044922,68.0313491821289,38.958412170410156,29.07293701171875,36.234676361083984
32,/home/victor-xia/repos/Burst-Coast-MPC/artifacts/MonteCarloData/monte-carlo-data-epoch-449_20260614T025217,mpc-1399-14-lambda-0.457,0.45737897156641416,0.3902758917414795,True,25.248920440673828,68.1191177368164,27.297636032104492,40.82147979736328,42.87019729614258
33,/home/victor-xia/repos/Burst-Coast-MPC/artifacts/MonteCarloData/monte-carlo-data-epoch-265_20260614T211652,mpc-1594-18-lambda-0.941,0.9410362618461138,0.15158931095709322,False,13.897583961486816,69.17327880859375,14.062094688415527,55.111183166503906,55.27569580078125
34,/home/victor-xia/repos/Burst-Coast-MPC/artifacts/MonteCarloData/monte-carlo-data-epoch-301_20260614T212132,mpc-2788-30-lambda-0.219,0.21886345032704382,0.3818835403503519,True,17.708370208740234,69.2957763671875,16.252639770507812,53.04313659667969,51.587406158447266
35,/home/victor-xia/repos/Burst-Coast-MPC/artifacts/MonteCarloData/monte-carlo-data-epoch-26_20260613T233709,mpc-1478-16-lambda-0.813,0.8129780956454954,0.16021940308191857,False,59.66644287109375,70.23040771484375,13.742162704467773,56.488243103027344,10.56396484375
36,/home/victor-xia/repos/Burst-Coast-MPC/artifacts/MonteCarloData/monte-carlo-data-epoch-447_20260614T025152,mpc-932-9-lambda-0.231,0.23135876444911996,0.5609146391811991,True,29.645463943481445,70.5137939453125,27.52165985107422,42.99213409423828,40.86833190917969
37,/home/victor-xia/repos/Burst-Coast-MPC/artifacts/MonteCarloData/monte-carlo-data-epoch-116_20260614T205651,mpc-559-4-lambda-0.198,0.19806922104430735,0.45537859972671973,True,20.86733627319336,70.60002136230469,19.108068466186523,51.49195098876953,49.73268508911133
38,/home/victor-xia/repos/Burst-Coast-MPC/artifacts/MonteCarloData/monte-carlo-data-epoch-196_20260614T210738,mpc-119-1-lambda-0.051,0.051480258137481215,0.6692184597363665,True,24.167482376098633,70.76763153076172,17.97883415222168,52.788795471191406,46.60015106201172
39,/home/victor-xia/repos/Burst-Coast-MPC/artifacts/MonteCarloData/monte-carlo-data-epoch-318_20260614T212339,mpc-1195-12-lambda-0.017,0.01740959498959583,0.21881065485852144,False,78.04361724853516,70.86691284179688,5.780193328857422,65.08671569824219,-7.176704406738281
40,/home/victor-xia/repos/Burst-Coast-MPC/artifacts/MonteCarloData/monte-carlo-data-epoch-275_20260614T211801,mpc-1465-15-lambda-0.979,0.9788509703039878,0.1286868767808768,True,7.142910003662109,70.8687744140625,12.788915634155273,58.079856872558594,63.72586441040039
41,/home/victor-xia/repos/Burst-Coast-MPC/artifacts/MonteCarloData/monte-carlo-data-epoch-288_20260614T023010,mpc-2597-25-lambda-0.308,0.30790854107590115,0.5266068274736776,True,31.197786331176758,71.01197814941406,30.24106216430664,40.77091598510742,39.81419372558594
42,/home/victor-xia/repos/Burst-Coast-MPC/artifacts/MonteCarloData/monte-carlo-data-epoch-116_20260614T020814,mpc-819-8-lambda-0.141,0.14080145389974474,0.07639280132131429,True,3.194758415222168,71.32820129394531,2.7122488021850586,68.61595153808594,68.1334457397461
43,/home/victor-xia/repos/Burst-Coast-MPC/artifacts/MonteCarloData/monte-carlo-data-epoch-8_20260614T204142,mpc-793-8-lambda-0.408,0.408459360534567,0.11128226895344871,False,36.165313720703125,72.21172332763672,6.1676435470581055,66.04408264160156,36.046409606933594
44,/home/victor-xia/repos/Burst-Coast-MPC/artifacts/MonteCarloData/monte-carlo-data-epoch-296_20260614T212048,mpc-2004-21-lambda-0.92,0.9195567594500511,0.33608491649484507,True,27.095247268676758,72.38656616210938,36.67129898071289,35.715267181396484,45.29132080078125
45,/home/victor-xia/repos/Burst-Coast-MPC/artifacts/MonteCarloData/monte-carlo-data-epoch-42_20260613T233930,mpc-1600-17-lambda-0.374,0.3740169396280807,0.5214441240711071,True,32.5672607421875,72.62161254882812,33.34077072143555,39.28084182739258,40.054351806640625
46,/home/victor-xia/repos/Burst-Coast-MPC/artifacts/MonteCarloData/monte-carlo-data-epoch-284_20260614T211856,mpc-0-0-lambda-0.048,0.048189619900423177,0.49368151637358576,False,193.79774475097656,73.42243194580078,13.089120864868164,60.33331298828125,-120.37531280517578
47,/home/victor-xia/repos/Burst-Coast-MPC/artifacts/MonteCarloData/monte-carlo-data-epoch-248_20260614T211446,mpc-610-8-lambda-0.094,0.09408015357570147,0.6154346228325001,True,26.26609230041504,73.48204040527344,20.80508041381836,52.67695999145508,47.21595001220703
48,/home/victor-xia/repos/Burst-Coast-MPC/artifacts/MonteCarloData/monte-carlo-data-epoch-140_20260614T021100,mpc-1686-21-lambda-0.117,0.11729649882358877,0.3844470848201037,False,43.31720733642578,73.56234741210938,13.168148040771484,60.39419937133789,30.245140075683594
49,/home/victor-xia/repos/Burst-Coast-MPC/artifacts/MonteCarloData/monte-carlo-data-epoch-8_20260614T204142,mpc-815-9-lambda-0.15,0.1497658696283576,0.6438787597272494,True,30.376794815063477,74.00003051757812,26.21217918395996,47.78784942626953,43.62323760986328
50,/home/victor-xia/repos/Burst-Coast-MPC/artifacts/MonteCarloData/monte-carlo-data-epoch-406_20260614T024600,mpc-637-5-lambda-0.776,0.7755023730427968,0.37434077600068105,True,29.58850860595703,74.98553466796875,36.80547332763672,38.18006134033203,45.39702606201172
51,/home/victor-xia/repos/Burst-Coast-MPC/artifacts/MonteCarloData/monte-carlo-data-epoch-137_20260614T205958,mpc-1639-14-lambda-0.266,0.26616748101311993,0.42545980251346965,True,21.634159088134766,75.48896026611328,20.70380973815918,54.78514862060547,53.854801177978516
52,/home/victor-xia/repos/Burst-Coast-MPC/artifacts/MonteCarloData/monte-carlo-data-epoch-279_20260614T022857,mpc-154-1-lambda-0.848,0.8477340787619216,0.06020852728821611,False,59.58769989013672,75.67469024658203,5.358851909637451,70.31584167480469,16.086990356445312
53,/home/victor-xia/repos/Burst-Coast-MPC/artifacts/MonteCarloData/monte-carlo-data-epoch-45_20260613T233949,mpc-98-1-lambda-0.178,0.1778430866026995,0.5711459121432586,True,26.701675415039062,75.87650299072266,23.355154037475586,52.52134704589844,49.174827575683594
54,/home/victor-xia/repos/Burst-Coast-MPC/artifacts/MonteCarloData/monte-carlo-data-epoch-467_20260614T025519,mpc-1624-18-lambda-0.62,0.6201342646464149,0.01710865118313245,False,45.894012451171875,75.88855743408203,2.1628453731536865,73.72571563720703,29.994544982910156
55,/home/victor-xia/repos/Burst-Coast-MPC/artifacts/MonteCarloData/monte-carlo-data-epoch-49_20260614T204733,mpc-1544-13-lambda-0.157,0.157126950690976,0.4758241045071273,False,180.87339782714844,75.927001953125,19.014144897460938,56.91285705566406,-104.94639587402344
56,/home/victor-xia/repos/Burst-Coast-MPC/artifacts/MonteCarloData/monte-carlo-data-epoch-467_20260614T025519,mpc-1648-20-lambda-0.397,0.3971694347763326,0.5618883811123156,True,38.7974853515625,76.0199966430664,38.79522705078125,37.224769592285156,37.222511291503906
57,/home/victor-xia/repos/Burst-Coast-MPC/artifacts/MonteCarloData/monte-carlo-data-epoch-116_20260614T020814,mpc-752-7-lambda-0.471,0.4713113336597884,0.33484818504039193,False,21.866296768188477,76.29412078857422,21.826351165771484,54.467769622802734,54.427825927734375
58,/home/victor-xia/repos/Burst-Coast-MPC/artifacts/MonteCarloData/monte-carlo-data-epoch-32_20260613T233806,mpc-1936-18-lambda-0.063,0.06302276282803668,0.05377972392675069,False,49.31898880004883,76.50260162353516,2.5131304264068604,73.98947143554688,27.183612823486328
59,/home/victor-xia/repos/Burst-Coast-MPC/artifacts/MonteCarloData/monte-carlo-data-epoch-201_20260614T210809,mpc-1288-14-lambda-0.784,0.7837763029123922,0.020330078707826882,True,1.8898199796676636,76.54840850830078,2.4475460052490234,74.10086059570312,74.6585922241211
60,/home/victor-xia/repos/Burst-Coast-MPC/artifacts/MonteCarloData/monte-carlo-data-epoch-366_20260614T024007,mpc-1600-15-lambda-0.068,0.06795565145525799,0.12782489858308707,False,164.2627410888672,76.92543029785156,4.428082466125488,72.49734497070312,-87.33731079101562
61,/home/victor-xia/repos/Burst-Coast-MPC/artifacts/MonteCarloData/monte-carlo-data-epoch-148_20260614T021217,mpc-2083-16-lambda-0.989,0.9894497657273221,0.2954706897532366,True,21.752283096313477,77.81179809570312,31.89142608642578,45.920372009277344,56.05951690673828
62,/home/victor-xia/repos/Burst-Coast-MPC/artifacts/MonteCarloData/monte-carlo-data-epoch-267_20260614T022730,mpc-372-4-lambda-0.798,0.7981105906025069,0.3817489211251126,True,30.846282958984375,78.32364654541016,38.850502014160156,39.47314453125,47.47736358642578
63,/home/victor-xia/repos/Burst-Coast-MPC/artifacts/MonteCarloData/monte-carlo-data-epoch-305_20260614T212202,mpc-675-6-lambda-0.326,0.3255312616025172,0.3155752477794641,False,30.044389724731445,78.44099426269531,15.82542896270752,62.61556625366211,48.3966064453125
64,/home/victor-xia/repos/Burst-Coast-MPC/artifacts/MonteCarloData/monte-carlo-data-epoch-216_20260614T022047,mpc-659-6-lambda-0.039,0.038756320903729116,0.17522708455076344,False,149.71316528320312,78.98414611816406,5.066104888916016,73.91804504394531,-70.72901916503906
65,/home/victor-xia/repos/Burst-Coast-MPC/artifacts/MonteCarloData/monte-carlo-data-epoch-37_20260613T233900,mpc-183-1-lambda-0.921,0.9212394702621709,0.4036171954279435,True,34.38844299316406,78.99130249023438,45.06705856323242,33.92424392700195,44.60285949707031
66,/home/victor-xia/repos/Burst-Coast-MPC/artifacts/MonteCarloData/monte-carlo-data-epoch-447_20260614T025152,mpc-910-8-lambda-0.251,0.2505746674372614,0.10803454194409749,False,34.76504135131836,79.32208251953125,5.128537654876709,74.19354248046875,44.55704116821289
67,/home/victor-xia/repos/Burst-Coast-MPC/artifacts/MonteCarloData/monte-carlo-data-epoch-214_20260614T022034,mpc-254-2-lambda-0.234,0.2344712363478652,0.6788526235628491,True,38.31739807128906,79.49851989746094,34.876914978027344,44.621604919433594,41.181121826171875
68,/home/victor-xia/repos/Burst-Coast-MPC/artifacts/MonteCarloData/monte-carlo-data-epoch-183_20260614T021655,mpc-1951-19-lambda-0.336,0.3357536111202728,0.6373419746469506,True,40.93748474121094,79.56739044189453,39.46176528930664,40.10562515258789,38.629905700683594
69,/home/victor-xia/repos/Burst-Coast-MPC/artifacts/MonteCarloData/monte-carlo-data-epoch-2_20260614T015300,mpc-147-2-lambda-0.547,0.5467761216263718,0.2780388857444099,False,61.587677001953125,79.66448211669922,19.036527633666992,60.627952575683594,18.076805114746094
70,/home/victor-xia/repos/Burst-Coast-MPC/artifacts/MonteCarloData/monte-carlo-data-epoch-193_20260614T021758,mpc-1837-16-lambda-0.585,0.5850602181425673,0.5661981704914206,True,47.808448791503906,79.68487548828125,51.24723815917969,28.437637329101562,31.876426696777344
71,/home/victor-xia/repos/Burst-Coast-MPC/artifacts/MonteCarloData/monte-carlo-data-epoch-453_20260614T025300,mpc-1603-16-lambda-0.959,0.9585781707524755,0.013623275471638795,False,20.983383178710938,79.94819641113281,1.6895473003387451,78.25865173339844,58.964813232421875
72,/home/victor-xia/repos/Burst-Coast-MPC/artifacts/MonteCarloData/monte-carlo-data-epoch-348_20260614T023808,mpc-748-5-lambda-0.087,0.08689049975893502,0.7068742390132053,True,29.78653907775879,80.0853271484375,23.107284545898438,56.97804260253906,50.298789978027344
73,/home/victor-xia/repos/Burst-Coast-MPC/artifacts/MonteCarloData/monte-carlo-data-epoch-36_20260614T204553,mpc-359-6-lambda-0.654,0.6538560125347737,0.4150263396003664,True,31.57765769958496,80.37437438964844,36.80133819580078,43.573036193847656,48.796714782714844
74,/home/victor-xia/repos/Burst-Coast-MPC/artifacts/MonteCarloData/monte-carlo-data-epoch-286_20260614T022956,mpc-382-5-lambda-0.185,0.18543736133626482,0.5792448320657062,True,31.21986198425293,80.74321746826172,26.939733505249023,53.80348205566406,49.523353576660156
75,/home/victor-xia/repos/Burst-Coast-MPC/artifacts/MonteCarloData/monte-carlo-data-epoch-93_20260614T205338,mpc-1164-13-lambda-0.099,0.09879355638235351,0.09421070185880497,False,25.294160842895508,80.8702392578125,3.3456826210021973,77.5245590209961,55.576080322265625
76,/home/victor-xia/repos/Burst-Coast-MPC/artifacts/MonteCarloData/monte-carlo-data-epoch-2_20260614T015300,mpc-203-3-lambda-0.51,0.5101402816233531,0.5819935658348115,True,46.359588623046875,80.94476318359375,48.28398895263672,32.66077423095703,34.585174560546875
77,/home/victor-xia/repos/Burst-Coast-MPC/artifacts/MonteCarloData/monte-carlo-data-epoch-296_20260614T212048,mpc-1985-20-lambda-0.275,0.27486948731937016,0.09598697103623263,False,31.34284019470215,81.05742645263672,4.580542087554932,76.47688293457031,49.71458435058594
78,/home/victor-xia/repos/Burst-Coast-MPC/artifacts/MonteCarloData/monte-carlo-data-epoch-193_20260614T210711,mpc-2366-25-lambda-0.105,0.10480231267842212,0.63993275206387,True,27.216941833496094,81.0770492553711,21.953290939331055,59.123756408691406,53.860107421875
79,/home/victor-xia/repos/Burst-Coast-MPC/artifacts/MonteCarloData/monte-carlo-data-epoch-326_20260614T023545,mpc-174-2-lambda-0.298,0.2980707424643764,0.6835547243439232,True,42.144954681396484,81.24212646484375,39.86506652832031,41.37705993652344,39.097171783447266
80,/home/victor-xia/repos/Burst-Coast-MPC/artifacts/MonteCarloData/monte-carlo-data-epoch-339_20260614T023659,mpc-446-4-lambda-0.078,0.07833516737724526,0.7604378045797096,True,33.3353385925293,81.35590362548828,25.46828269958496,55.88761901855469,48.020565032958984
81,/home/victor-xia/repos/Burst-Coast-MPC/artifacts/MonteCarloData/monte-carlo-data-epoch-324_20260614T212424,mpc-1809-18-lambda-0.775,0.77496662672499,0.026140504075081235,False,104.40428161621094,81.37071990966797,2.3172168731689453,79.05350494384766,-23.03356170654297
82,/home/victor-xia/repos/Burst-Coast-MPC/artifacts/MonteCarloData/monte-carlo-data-epoch-138_20260614T210009,mpc-1438-16-lambda-0.447,0.4472575130755146,0.0885451616678195,False,167.6829376220703,81.81947326660156,5.276752471923828,76.542724609375,-85.86346435546875
83,/home/victor-xia/repos/Burst-Coast-MPC/artifacts/MonteCarloData/monte-carlo-data-epoch-34_20260614T204540,mpc-693-9-lambda-0.447,0.4473329085840083,0.4203406802079641,True,27.040945053100586,82.14774322509766,28.97947883605957,53.16826629638672,55.10679626464844
84,/home/victor-xia/repos/Burst-Coast-MPC/artifacts/MonteCarloData/monte-carlo-data-epoch-160_20260614T210323,mpc-1338-14-lambda-0.564,0.5638399849132871,0.4993895184081913,True,39.86951446533203,82.59142303466797,42.73899841308594,39.85242462158203,42.72190856933594
85,/home/victor-xia/repos/Burst-Coast-MPC/artifacts/MonteCarloData/monte-carlo-data-epoch-138_20260614T210009,mpc-1418-15-lambda-0.316,0.31627057981151774,0.10060147407633613,False,172.3218994140625,82.74993896484375,4.82461404800415,77.92532348632812,-89.57196044921875
86,/home/victor-xia/repos/Burst-Coast-MPC/artifacts/MonteCarloData/monte-carlo-data-epoch-138_20260614T210009,mpc-1362-14-lambda-0.409,0.4093206894860731,0.27686493547730423,False,193.8315887451172,82.75975036621094,16.612804412841797,66.14694213867188,-111.07183837890625
87,/home/victor-xia/repos/Burst-Coast-MPC/artifacts/MonteCarloData/monte-carlo-data-epoch-266_20260614T022715,mpc-2717-32-lambda-0.649,0.649145167409293,0.5722163759674935,True,50.30224609375,82.79523468017578,55.18098068237305,27.614253997802734,32.49298858642578
88,/home/victor-xia/repos/Burst-Coast-MPC/artifacts/MonteCarloData/monte-carlo-data-epoch-365_20260614T024001,mpc-807-8-lambda-0.52,0.5200173258853624,0.021696841132185847,False,100.54856872558594,83.3162612915039,2.240057945251465,81.07620239257812,-17.23230743408203
89,/home/victor-xia/repos/Burst-Coast-MPC/artifacts/MonteCarloData/monte-carlo-data-epoch-77_20260614T020235,mpc-1783-13-lambda-0.26,0.259851667286212,0.5049381547843877,True,27.085649490356445,83.63739776611328,25.28571128845215,58.3516845703125,56.55175018310547
90,/home/victor-xia/repos/Burst-Coast-MPC/artifacts/MonteCarloData/monte-carlo-data-epoch-239_20260614T022324,mpc-1499-15-lambda-0.207,0.20682198291444245,0.7462360028220583,True,41.47035598754883,83.68489837646484,36.949493408203125,46.73540496826172,42.214542388916016
91,/home/victor-xia/repos/Burst-Coast-MPC/artifacts/MonteCarloData/monte-carlo-data-epoch-26_20260613T233709,mpc-1510-17-lambda-0.147,0.14717410164131256,0.04851079079755339,False,50.842918395996094,83.71392822265625,2.148409605026245,81.56552124023438,32.871009826660156
92,/home/victor-xia/repos/Burst-Coast-MPC/artifacts/MonteCarloData/monte-carlo-data-epoch-138_20260614T210009,mpc-1456-17-lambda-0.815,0.815282231005861,0.35957993499936225,False,163.31787109375,83.78800964355469,36.26026916503906,47.527740478515625,-79.52986145019531
93,/home/victor-xia/repos/Burst-Coast-MPC/artifacts/MonteCarloData/monte-carlo-data-epoch-447_20260614T025152,mpc-839-7-lambda-0.669,0.6690386173451304,0.354042155704669,False,61.58428955078125,83.80384826660156,31.86904525756836,51.9348030090332,22.219558715820312
94,/home/victor-xia/repos/Burst-Coast-MPC/artifacts/MonteCarloData/monte-carlo-data-epoch-180_20260614T210545,mpc-836-9-lambda-0.091,0.09096558380592157,0.6013106098570303,True,24.90009117126465,83.98960876464844,19.712825775146484,64.27677917480469,59.089515686035156
95,/home/victor-xia/repos/Burst-Coast-MPC/artifacts/MonteCarloData/monte-carlo-data-epoch-46_20260614T015831,mpc-2313-23-lambda-0.077,0.07662158099737151,0.6026847448992767,True,23.384737014770508,84.07994842529297,18.23902702331543,65.8409194946289,60.695213317871094
96,/home/victor-xia/repos/Burst-Coast-MPC/artifacts/MonteCarloData/monte-carlo-data-epoch-489_20260614T025823,mpc-2476-23-lambda-0.177,0.17724057652717312,0.2007122687601943,False,105.15198516845703,84.18960571289062,8.421102523803711,75.76850128173828,-20.962379455566406
97,/home/victor-xia/repos/Burst-Coast-MPC/artifacts/MonteCarloData/monte-carlo-data-epoch-52_20260613T234101,mpc-1446-11-lambda-0.032,0.03217433152615516,0.8351951990166814,False,116.49173736572266,84.43343353271484,21.4880428314209,62.94538879394531,-32.05830383300781
98,/home/victor-xia/repos/Burst-Coast-MPC/artifacts/MonteCarloData/monte-carlo-data-epoch-90_20260614T020433,mpc-1236-13-lambda-0.584,0.5842887490128058,0.48284226017534276,True,35.927738189697266,84.88299560546875,40.251834869384766,44.631160736083984,48.955257415771484
99,/home/victor-xia/repos/Burst-Coast-MPC/artifacts/MonteCarloData/monte-carlo-data-epoch-143_20260614T021119,mpc-1394-13-lambda-0.269,0.26867282341588083,0.2907888109556364,False,58.61151885986328,85.1831283569336,13.490355491638184,71.6927719116211,26.571609497070312
100,/home/victor-xia/repos/Burst-Coast-MPC/artifacts/MonteCarloData/monte-carlo-data-epoch-453_20260614T025300,mpc-1277-13-lambda-0.099,0.0994249069728101,0.8328019077208607,False,137.4713592529297,85.25636291503906,30.34363555908203,54.91272735595703,-52.214996337890625
101,/home/victor-xia/repos/Burst-Coast-MPC/artifacts/MonteCarloData/monte-carlo-data-epoch-46_20260614T204651,mpc-383-4-lambda-0.569,0.5691195257783768,0.5908538888471032,True,51.847923278808594,85.97916412353516,54.35405349731445,31.625110626220703,34.13124084472656
102,/home/victor-xia/repos/Burst-Coast-MPC/artifacts/MonteCarloData/monte-carlo-data-epoch-327_20260614T023548,mpc-1494-17-lambda-0.922,0.9216657755289355,0.43103890876621637,True,39.79416275024414,86.08775329589844,50.24955749511719,35.83819580078125,46.2935905456543
103,/home/victor-xia/repos/Burst-Coast-MPC/artifacts/MonteCarloData/monte-carlo-data-epoch-32_20260613T233806,mpc-1947-19-lambda-0.272,0.27230945042981075,0.7483120305405374,True,46.32788848876953,86.1780776977539,42.444183349609375,43.73389434814453,39.850189208984375
104,/home/victor-xia/repos/Burst-Coast-MPC/artifacts/MonteCarloData/monte-carlo-data-epoch-279_20260614T211828,mpc-368-5-lambda-0.726,0.7263691246194366,0.5317727784455201,True,50.363365173339844,86.27533721923828,56.29245376586914,29.98288345336914,35.91197204589844
105,/home/victor-xia/repos/Burst-Coast-MPC/artifacts/MonteCarloData/monte-carlo-data-epoch-121_20260614T020847,mpc-130-3-lambda-0.483,0.4832594174112109,0.6314879171666391,True,49.373477935791016,86.29020690917969,51.08746337890625,35.20274353027344,36.91672897338867
106,/home/victor-xia/repos/Burst-Coast-MPC/artifacts/MonteCarloData/monte-carlo-data-epoch-45_20260614T204640,mpc-1892-15-lambda-0.814,0.8139059896530865,0.49873541273341304,True,48.628265380859375,86.42528533935547,56.420169830322266,30.005115509033203,37.797019958496094
107,/home/victor-xia/repos/Burst-Coast-MPC/artifacts/MonteCarloData/monte-carlo-data-epoch-471_20260614T025604,mpc-341-2-lambda-0.366,0.3660875313848782,0.6656318033009992,True,48.489418029785156,86.47931671142578,46.58723831176758,39.8920783996582,37.989898681640625
108,/home/victor-xia/repos/Burst-Coast-MPC/artifacts/MonteCarloData/monte-carlo-data-epoch-79_20260614T205138,mpc-1631-17-lambda-0.871,0.8711375213152233,0.17254879871037648,False,125.01715850830078,86.57591247558594,15.625412940979004,70.95050048828125,-38.441246032714844
109,/home/victor-xia/repos/Burst-Coast-MPC/artifacts/MonteCarloData/monte-carlo-data-epoch-69_20260614T205023,mpc-1660-13-lambda-0.128,0.1278284933119102,0.8467606810439959,True,42.0721321105957,86.78001403808594,34.2630729675293,52.51694107055664,44.707881927490234
110,/home/victor-xia/repos/Burst-Coast-MPC/artifacts/MonteCarloData/monte-carlo-data-epoch-66_20260614T204948,mpc-2422-20-lambda-0.513,0.5134471074778905,0.62577319992679,True,52.91647720336914,86.83599853515625,53.57954788208008,33.25645065307617,33.91952133178711
111,/home/victor-xia/repos/Burst-Coast-MPC/artifacts/MonteCarloData/monte-carlo-data-epoch-365_20260614T024001,mpc-775-7-lambda-0.581,0.5814472846486979,0.15975829712021117,False,109.6654281616211,87.90614318847656,11.401859283447266,76.50428771972656,-21.75928497314453
112,/home/victor-xia/repos/Burst-Coast-MPC/artifacts/MonteCarloData/monte-carlo-data-epoch-72_20260614T205059,mpc-967-11-lambda-0.076,0.0763950852856934,0.7188888367907962,False,143.5728302001953,88.65971374511719,23.147846221923828,65.51187133789062,-54.913116455078125
113,/home/victor-xia/repos/Burst-Coast-MPC/artifacts/MonteCarloData/monte-carlo-data-epoch-26_20260613T233709,mpc-1520-18-lambda-0.254,0.2540513551304554,0.7762880182557854,True,48.44011306762695,88.671142578125,43.844966888427734,44.826175689697266,40.23102951049805
114,/home/victor-xia/repos/Burst-Coast-MPC/artifacts/MonteCarloData/monte-carlo-data-epoch-279_20260614T022857,mpc-166-2-lambda-0.684,0.6838053774066678,0.5917696886703764,True,56.07158279418945,88.70613861083984,61.267547607421875,27.43859100341797,32.63455581665039
115,/home/victor-xia/repos/Burst-Coast-MPC/artifacts/MonteCarloData/monte-carlo-data-epoch-66_20260614T020112,mpc-233-3-lambda-0.764,0.7638265417558919,0.471410163799029,True,42.97319030761719,88.98187255859375,49.5852165222168,39.39665603637695,46.00868225097656
116,/home/victor-xia/repos/Burst-Coast-MPC/artifacts/MonteCarloData/monte-carlo-data-epoch-359_20260614T212926,mpc-1822-21-lambda-0.089,0.08880881026444082,0.8479350681153441,True,37.326568603515625,90.14532470703125,29.47052001953125,60.6748046875,52.818756103515625
117,/home/victor-xia/repos/Burst-Coast-MPC/artifacts/MonteCarloData/monte-carlo-data-epoch-257_20260614T022606,mpc-1376-16-lambda-0.578,0.5779349647122408,0.022169376980810594,False,99.9930191040039,90.75521087646484,2.1901183128356934,88.56509399414062,-9.237808227539062
118,/home/victor-xia/repos/Burst-Coast-MPC/artifacts/MonteCarloData/monte-carlo-data-epoch-528_20260614T030346,mpc-1728-23-lambda-0.296,0.29633625242398975,0.6364912170770072,True,40.22348403930664,91.91635131835938,37.55719757080078,54.359153747558594,51.692867279052734
119,/home/victor-xia/repos/Burst-Coast-MPC/artifacts/MonteCarloData/monte-carlo-data-epoch-39_20260613T233910,mpc-624-9-lambda-0.266,0.2661674105029377,0.7278574582168476,True,44.08672332763672,92.08715057373047,40.184452056884766,51.9026985168457,48.00042724609375
120,/home/victor-xia/repos/Burst-Coast-MPC/artifacts/MonteCarloData/monte-carlo-data-epoch-138_20260614T210009,mpc-1682-19-lambda-0.073,0.07294706655563064,0.9248738193868008,True,39.5908317565918,92.6855697631836,30.224058151245117,62.461509704589844,53.0947380065918
121,/home/victor-xia/repos/Burst-Coast-MPC/artifacts/MonteCarloData/monte-carlo-data-epoch-525_20260614T030332,mpc-1110-10-lambda-0.041,0.04098931786291824,0.6667656707971457,False,154.5745086669922,93.63520812988281,18.515796661376953,75.11941528320312,-60.939300537109375
122,/home/victor-xia/repos/Burst-Coast-MPC/artifacts/MonteCarloData/monte-carlo-data-epoch-453_20260614T025300,mpc-1247-12-lambda-0.297,0.2973639048467992,0.14812006896125735,False,144.99655151367188,93.69367218017578,7.226180553436279,86.46749114990234,-51.302879333496094
123,/home/victor-xia/repos/Burst-Coast-MPC/artifacts/MonteCarloData/monte-carlo-data-epoch-179_20260614T210541,mpc-526-6-lambda-0.374,0.37438787759378245,0.7454446657637875,True,58.456298828125,94.07722473144531,54.88399887084961,39.1932258605957,35.62092590332031
124,/home/victor-xia/repos/Burst-Coast-MPC/artifacts/MonteCarloData/monte-carlo-data-epoch-528_20260614T030346,mpc-1472-18-lambda-0.167,0.16746834950665915,0.2269411605723238,False,166.00677490234375,94.96556091308594,9.735677719116211,85.2298812866211,-71.04121398925781
125,/home/victor-xia/repos/Burst-Coast-MPC/artifacts/MonteCarloData/monte-carlo-data-epoch-27_20260614T204434,mpc-233-2-lambda-0.239,0.2387733253710636,0.7796471805358578,True,50.08458709716797,95.32491302490234,44.02024459838867,51.30466842651367,45.240325927734375
126,/home/victor-xia/repos/Burst-Coast-MPC/artifacts/MonteCarloData/monte-carlo-data-epoch-84_20260614T205214,mpc-648-5-lambda-0.332,0.3322042261259023,0.7365656707231565,True,54.508750915527344,95.58744812011719,50.490318298339844,45.097129821777344,41.078697204589844
127,/home/victor-xia/repos/Burst-Coast-MPC/artifacts/MonteCarloData/monte-carlo-data-epoch-189_20260614T021734,mpc-1018-11-lambda-0.73,0.7299383991541952,0.6006626132965304,True,60.77239990234375,95.7088851928711,65.79154205322266,29.917343139648438,34.936485290527344
128,/home/victor-xia/repos/Burst-Coast-MPC/artifacts/MonteCarloData/monte-carlo-data-epoch-290_20260614T211944,mpc-1468-11-lambda-0.156,0.15618999934164013,0.0658833899533155,False,75.21382141113281,95.96017456054688,2.518921136856079,93.44125366210938,20.746353149414062
129,/home/victor-xia/repos/Burst-Coast-MPC/artifacts/MonteCarloData/monte-carlo-data-epoch-525_20260614T030332,mpc-1399-12-lambda-0.707,0.7071046981769892,0.6095392774958033,True,60.36565399169922,95.9675064086914,65.17959594726562,30.78791046142578,35.60185241699219
130,/home/victor-xia/repos/Burst-Coast-MPC/artifacts/MonteCarloData/monte-carlo-data-epoch-372_20260614T213122,mpc-179-1-lambda-0.276,0.2755343201874628,0.796684124154191,True,55.15958786010742,96.59867858886719,49.271209716796875,47.32746887207031,41.439090728759766
131,/home/victor-xia/repos/Burst-Coast-MPC/artifacts/MonteCarloData/monte-carlo-data-epoch-98_20260614T020519,mpc-878-8-lambda-0.753,0.7532775082662151,0.5572734410475592,False,160.08651733398438,96.64216613769531,61.4456672668457,35.19649887084961,-63.44435119628906
132,/home/victor-xia/repos/Burst-Coast-MPC/artifacts/MonteCarloData/monte-carlo-data-epoch-52_20260613T234101,mpc-1709-13-lambda-0.784,0.7843176497510904,0.5594464236111559,True,55.317195892333984,96.84661865234375,62.28253173828125,34.5640869140625,41.529422760009766
133,/home/victor-xia/repos/Burst-Coast-MPC/artifacts/MonteCarloData/monte-carlo-data-epoch-370_20260614T024041,mpc-126-2-lambda-0.057,0.057447539571474006,0.20133303104692868,False,91.6866226196289,97.14575958251953,5.6872782707214355,91.45848083496094,5.459136962890625
134,/home/victor-xia/repos/Burst-Coast-MPC/artifacts/MonteCarloData/monte-carlo-data-epoch-212_20260614T022023,mpc-341-4-lambda-0.049,0.04926232086627787,0.9678243163489069,True,36.75017166137695,97.74156951904297,27.41728973388672,70.32427978515625,60.991397857666016
135,/home/victor-xia/repos/Burst-Coast-MPC/artifacts/MonteCarloData/monte-carlo-data-epoch-316_20260614T212322,mpc-1099-9-lambda-0.3,0.299805501498072,0.8078003528479473,False,132.0832061767578,98.48648071289062,53.475440979003906,45.01103973388672,-33.59672546386719
136,/home/victor-xia/repos/Burst-Coast-MPC/artifacts/MonteCarloData/monte-carlo-data-epoch-187_20260614T210626,mpc-659-5-lambda-0.831,0.830511210713378,0.5780759305292729,True,64.08595275878906,98.93183135986328,70.39329528808594,28.538536071777344,34.84587860107422
137,/home/victor-xia/repos/Burst-Coast-MPC/artifacts/MonteCarloData/monte-carlo-data-epoch-425_20260614T024906,mpc-1103-9-lambda-0.695,0.6945749761772244,0.5185856662875508,True,46.47422790527344,99.64647674560547,51.631553649902344,48.014923095703125,53.17224884033203
138,/home/victor-xia/repos/Burst-Coast-MPC/artifacts/MonteCarloData/monte-carlo-data-epoch-72_20260614T205059,mpc-1205-13-lambda-0.714,0.7141243125411771,0.6148047875331863,True,66.63904571533203,100.7257080078125,69.42539978027344,31.300308227539062,34.08666229248047
139,/home/victor-xia/repos/Burst-Coast-MPC/artifacts/MonteCarloData/monte-carlo-data-epoch-275_20260614T211801,mpc-1380-14-lambda-0.91,0.9098709793066897,0.4247288329985956,False,47.335487365722656,101.20109558105469,49.56637954711914,51.63471603393555,53.86560821533203
140,/home/victor-xia/repos/Burst-Coast-MPC/artifacts/MonteCarloData/monte-carlo-data-epoch-172_20260614T021552,mpc-2232-24-lambda-0.78,0.7801004971547892,0.632387454617335,True,66.46502685546875,101.24307250976562,73.49227142333984,27.75080108642578,34.778045654296875
141,/home/victor-xia/repos/Burst-Coast-MPC/artifacts/MonteCarloData/monte-carlo-data-epoch-168_20260614T210424,mpc-1363-12-lambda-0.531,0.5305106801730395,0.7209050523272617,True,70.20320892333984,101.61605072021484,68.2341537475586,33.38189697265625,31.412841796875
142,/home/victor-xia/repos/Burst-Coast-MPC/artifacts/MonteCarloData/monte-carlo-data-epoch-22_20260613T233639,mpc-1437-15-lambda-0.672,0.672416251665503,0.23799687554765384,False,104.29779052734375,101.66714477539062,19.412811279296875,82.25433349609375,-2.630645751953125
143,/home/victor-xia/repos/Burst-Coast-MPC/artifacts/MonteCarloData/monte-carlo-data-epoch-161_20260614T210331,mpc-574-5-lambda-0.585,0.584753084677893,0.6379634044597289,True,59.54859924316406,103.54939270019531,60.56249237060547,42.986900329589844,44.00079345703125
144,/home/victor-xia/repos/Burst-Coast-MPC/artifacts/MonteCarloData/monte-carlo-data-epoch-284_20260614T211856,mpc-184-2-lambda-0.338,0.33752781764205025,0.3388640872396009,False,146.45774841308594,103.64140319824219,17.984752655029297,85.65664672851562,-42.81634521484375
145,/home/victor-xia/repos/Burst-Coast-MPC/artifacts/MonteCarloData/monte-carlo-data-epoch-336_20260614T212603,mpc-1839-18-lambda-0.155,0.15543024932528132,0.8799026177633906,True,49.9862174987793,103.70050048828125,40.75254821777344,62.94795227050781,53.71428298950195
146,/home/victor-xia/repos/Burst-Coast-MPC/artifacts/MonteCarloData/monte-carlo-data-epoch-183_20260614T021655,mpc-1779-18-lambda-0.888,0.8884292605205554,0.8563820936032908,False,186.0850830078125,103.83003234863281,136.1259765625,-32.29594421386719,-82.25505065917969
147,/home/victor-xia/repos/Burst-Coast-MPC/artifacts/MonteCarloData/monte-carlo-data-epoch-318_20260614T212339,mpc-1239-13-lambda-0.419,0.419201498734988,0.7887865479805048,True,69.97430419921875,103.95845031738281,65.09611511230469,38.862335205078125,33.98414611816406
148,/home/victor-xia/repos/Burst-Coast-MPC/artifacts/MonteCarloData/monte-carlo-data-epoch-408_20260614T024616,mpc-327-3-lambda-0.278,0.27779991137840865,0.7964129514412881,True,54.56282043457031,104.07786560058594,48.59422302246094,55.483642578125,49.515045166015625
149,/home/victor-xia/repos/Burst-Coast-MPC/artifacts/MonteCarloData/monte-carlo-data-epoch-143_20260614T021119,mpc-1452-14-lambda-0.103,0.10282402673396564,0.975465541485305,True,45.25766372680664,104.22927856445312,36.026451110839844,68.20282745361328,58.971614837646484
150,/home/victor-xia/repos/Burst-Coast-MPC/artifacts/MonteCarloData/monte-carlo-data-epoch-27_20260613T233717,mpc-1964-22-lambda-0.096,0.09631261219003368,0.8962406383991577,False,114.7071762084961,105.6998062133789,33.17205810546875,72.52774810791016,-9.007369995117188
151,/home/victor-xia/repos/Burst-Coast-MPC/artifacts/MonteCarloData/monte-carlo-data-epoch-129_20260614T020924,mpc-2176-21-lambda-0.374,0.37442078856455446,0.6575799876254397,True,46.20504379272461,105.93159484863281,44.81931686401367,61.11227798461914,59.7265510559082
152,/home/victor-xia/repos/Burst-Coast-MPC/artifacts/MonteCarloData/monte-carlo-data-epoch-365_20260614T024001,mpc-856-10-lambda-0.893,0.8929013573192516,0.6651838097212366,True,84.1686782836914,106.40333557128906,90.65471649169922,15.748619079589844,22.234657287597656
153,/home/victor-xia/repos/Burst-Coast-MPC/artifacts/MonteCarloData/monte-carlo-data-epoch-290_20260614T211944,mpc-1481-12-lambda-0.88,0.8802162532935208,0.6059927875202284,True,72.22918701171875,106.57644653320312,79.16486358642578,27.411582946777344,34.347259521484375
154,/home/victor-xia/repos/Burst-Coast-MPC/artifacts/MonteCarloData/monte-carlo-data-epoch-529_20260614T030357,mpc-1794-20-lambda-0.338,0.33771762137325795,0.8689060711836996,True,69.2510757446289,106.63592529296875,63.08884048461914,43.54708480834961,37.384849548339844
155,/home/victor-xia/repos/Burst-Coast-MPC/artifacts/MonteCarloData/monte-carlo-data-epoch-307_20260614T212219,mpc-1350-9-lambda-0.689,0.6893546638837911,0.6638481049384816,True,71.0882568359375,106.6637191772461,73.67693328857422,32.986785888671875,35.575462341308594
156,/home/victor-xia/repos/Burst-Coast-MPC/artifacts/MonteCarloData/monte-carlo-data-epoch-528_20260614T030346,mpc-1518-19-lambda-0.931,0.9310561799237841,0.3983348876972833,False,152.11129760742188,106.85208892822266,47.24300765991211,59.60908126831055,-45.25920867919922
157,/home/victor-xia/repos/Burst-Coast-MPC/artifacts/MonteCarloData/monte-carlo-data-epoch-215_20260614T210955,mpc-760-6-lambda-0.722,0.7224773530424667,0.6854469824887761,True,77.7437744140625,107.57766723632812,80.48167419433594,27.095993041992188,29.833892822265625
158,/home/victor-xia/repos/Burst-Coast-MPC/artifacts/MonteCarloData/monte-carlo-data-epoch-184_20260614T210609,mpc-1092-12-lambda-0.194,0.19379720369317918,0.42829553599491227,False,30.78373908996582,107.97219848632812,17.231327056884766,90.74087524414062,77.18846130371094
159,/home/victor-xia/repos/Burst-Coast-MPC/artifacts/MonteCarloData/monte-carlo-data-epoch-234_20260614T211234,mpc-764-8-lambda-0.305,0.30495359277311346,0.10831904561810693,False,361.4494323730469,108.37481689453125,5.022505283355713,103.35231018066406,-253.07461547851562
160,/home/victor-xia/repos/Burst-Coast-MPC/artifacts/MonteCarloData/monte-carlo-data-epoch-445_20260614T025133,mpc-2280-22-lambda-0.122,0.12151235237939169,0.9742864255522994,True,48.964820861816406,108.77925109863281,39.42184066772461,69.35740661621094,59.814430236816406
161,/home/victor-xia/repos/Burst-Coast-MPC/artifacts/MonteCarloData/monte-carlo-data-epoch-365_20260614T024001,mpc-769-6-lambda-0.667,0.6666281116815521,0.029394500799911405,False,112.01168060302734,108.83988952636719,2.7242517471313477,106.11563873291016,-3.1717910766601562
162,/home/victor-xia/repos/Burst-Coast-MPC/artifacts/MonteCarloData/monte-carlo-data-epoch-43_20260614T204625,mpc-312-3-lambda-0.63,0.630131001021326,0.7163814977105927,True,75.98812103271484,109.95072174072266,76.01824951171875,33.932472229003906,33.96260070800781
163,/home/victor-xia/repos/Burst-Coast-MPC/artifacts/MonteCarloData/monte-carlo-data-epoch-101_20260614T020547,mpc-2144-18-lambda-0.528,0.5279488731630474,0.8263276827777762,True,81.3130111694336,110.40167236328125,79.14412689208984,31.257545471191406,29.088661193847656
164,/home/victor-xia/repos/Burst-Coast-MPC/artifacts/MonteCarloData/monte-carlo-data-epoch-22_20260613T233639,mpc-1485-16-lambda-0.857,0.8574637929005884,0.7225320428343123,True,89.42062377929688,111.4227294921875,95.08895874023438,16.333770751953125,22.002105712890625
165,/home/victor-xia/repos/Burst-Coast-MPC/artifacts/MonteCarloData/monte-carlo-data-epoch-286_20260614T022956,mpc-184-2-lambda-0.692,0.6917802533059668,0.2143626022319781,False,141.54827880859375,111.58180236816406,18.400989532470703,93.18081665039062,-29.966476440429688
166,/home/victor-xia/repos/Burst-Coast-MPC/artifacts/MonteCarloData/monte-carlo-data-epoch-209_20260614T021953,mpc-681-7-lambda-0.853,0.8533017601862153,0.7286579431475779,True,91.35308074951172,112.0737075805664,96.31253051757812,15.761177062988281,20.720626831054688
167,/home/victor-xia/repos/Burst-Coast-MPC/artifacts/MonteCarloData/monte-carlo-data-epoch-317_20260614T212330,mpc-1235-11-lambda-0.849,0.8487996037703155,0.6893087294132155,True,89.51605987548828,112.56623840332031,93.2221908569336,19.34404754638672,23.05017852783203
168,/home/victor-xia/repos/Burst-Coast-MPC/artifacts/MonteCarloData/monte-carlo-data-epoch-304_20260614T212156,mpc-613-6-lambda-0.333,0.33305942468283956,0.9066391215776606,True,75.36612701416016,113.38623809814453,66.57592010498047,46.81031799316406,38.020111083984375
169,/home/victor-xia/repos/Burst-Coast-MPC/artifacts/MonteCarloData/monte-carlo-data-epoch-26_20260613T233709,mpc-1421-15-lambda-0.381,0.3805770211212515,0.2826461736327964,False,73.57173156738281,114.23580932617188,15.711442947387695,98.52436828613281,40.66407775878906
170,/home/victor-xia/repos/Burst-Coast-MPC/artifacts/MonteCarloData/monte-carlo-data-epoch-248_20260614T211446,mpc-376-5-lambda-0.107,0.10675642222480662,0.383675270649205,False,107.60424041748047,115.00466918945312,12.895088195800781,102.10958099365234,7.400428771972656
171,/home/victor-xia/repos/Burst-Coast-MPC/artifacts/MonteCarloData/monte-carlo-data-epoch-489_20260614T025823,mpc-2516-24-lambda-0.594,0.5941733379322423,0.8531933371782859,True,95.82283020019531,115.0087890625,92.39830017089844,22.610488891601562,19.185958862304688
172,/home/victor-xia/repos/Burst-Coast-MPC/artifacts/MonteCarloData/monte-carlo-data-epoch-269_20260614T211717,mpc-180-1-lambda-0.49,0.4904797543722989,0.8774855553007792,True,92.17794036865234,115.39424896240234,85.20269012451172,30.191558837890625,23.21630859375
173,/home/victor-xia/repos/Burst-Coast-MPC/artifacts/MonteCarloData/monte-carlo-data-epoch-366_20260614T024007,mpc-1816-20-lambda-0.239,0.23939611266653882,0.9247939447595722,True,62.729618072509766,116.54605102539062,53.83872985839844,62.70732116699219,53.81643295288086
174,/home/victor-xia/repos/Burst-Coast-MPC/artifacts/MonteCarloData/monte-carlo-data-epoch-359_20260614T212926,mpc-1769-20-lambda-0.514,0.5139172469169173,0.26444314186293344,False,52.39137649536133,116.58305358886719,18.291872024536133,98.29118347167969,64.19168090820312
175,/home/victor-xia/repos/Burst-Coast-MPC/artifacts/MonteCarloData/monte-carlo-data-epoch-129_20260614T020924,mpc-2062-20-lambda-0.943,0.9427540981542294,0.5653629355603077,False,125.93659973144531,116.626708984375,78.10014343261719,38.52656555175781,-9.309890747070312
176,/home/victor-xia/repos/Burst-Coast-MPC/artifacts/MonteCarloData/monte-carlo-data-epoch-176_20260614T021621,mpc-0-0-lambda-0.366,0.3660221021097066,0.8464201105361581,True,99.93070983886719,116.86932373046875,66.34025573730469,50.52906799316406,16.938613891601562
177,/home/victor-xia/repos/Burst-Coast-MPC/artifacts/MonteCarloData/monte-carlo-data-epoch-29_20260613T233734,mpc-2365-23-lambda-0.299,0.2994292233830406,0.9821784465789556,True,77.6733627319336,117.47076416015625,67.54048156738281,49.93028259277344,39.797401428222656
178,/home/victor-xia/repos/Burst-Coast-MPC/artifacts/MonteCarloData/monte-carlo-data-epoch-113_20260614T020738,mpc-358-4-lambda-0.394,0.394323443080709,0.8125199690749166,True,66.02345275878906,118.15908813476562,61.71640396118164,56.442684173583984,52.13563537597656
179,/home/victor-xia/repos/Burst-Coast-MPC/artifacts/MonteCarloData/monte-carlo-data-epoch-33_20260614T204532,mpc-1067-11-lambda-0.73,0.7302029245830083,0.7997474190018599,True,104.4815673828125,118.72354125976562,102.5997314453125,16.123809814453125,14.241973876953125
180,/home/victor-xia/repos/Burst-Coast-MPC/artifacts/MonteCarloData/monte-carlo-data-epoch-370_20260614T024041,mpc-166-3-lambda-0.554,0.5544488708468259,0.8065127611182777,True,83.73734283447266,118.89826965332031,80.95610046386719,37.942169189453125,35.160926818847656
181,/home/victor-xia/repos/Burst-Coast-MPC/artifacts/MonteCarloData/monte-carlo-data-epoch-131_20260614T205906,mpc-1738-15-lambda-0.795,0.7951237851085979,0.7607520052969353,True,101.91853332519531,119.3567886352539,102.21002960205078,17.146759033203125,17.438255310058594
182,/home/victor-xia/repos/Burst-Coast-MPC/artifacts/MonteCarloData/monte-carlo-data-epoch-324_20260614T212424,mpc-1814-19-lambda-0.432,0.43208428666433696,0.9807108962586766,True,102.71549224853516,119.65457153320312,91.76284790039062,27.8917236328125,16.93907928466797
183,/home/victor-xia/repos/Burst-Coast-MPC/artifacts/MonteCarloData/monte-carlo-data-epoch-94_20260614T205344,mpc-488-4-lambda-0.743,0.7429077474485855,0.7935479329108628,True,101.84452056884766,120.02310943603516,100.94478607177734,19.078323364257812,18.1785888671875
184,/home/victor-xia/repos/Burst-Coast-MPC/artifacts/MonteCarloData/monte-carlo-data-epoch-257_20260614T022606,mpc-1380-17-lambda-0.878,0.8777801981858894,0.7422644433724386,True,97.47422790527344,120.0354232788086,101.72213745117188,18.31328582763672,22.561195373535156
185,/home/victor-xia/repos/Burst-Coast-MPC/artifacts/MonteCarloData/monte-carlo-data-epoch-472_20260614T025607,mpc-1789-18-lambda-0.608,0.6080231891320051,0.8232559467426153,True,92.53352355957031,120.17121887207031,89.52259826660156,30.64862060546875,27.6376953125
186,/home/victor-xia/repos/Burst-Coast-MPC/artifacts/MonteCarloData/monte-carlo-data-epoch-159_20260614T021350,mpc-2910-24-lambda-0.597,0.5971357757735052,0.06838627388732495,False,150.81051635742188,121.12809753417969,4.92243766784668,116.20565795898438,-29.682418823242188
187,/home/victor-xia/repos/Burst-Coast-MPC/artifacts/MonteCarloData/monte-carlo-data-epoch-242_20260614T022357,mpc-777-9-lambda-0.755,0.7553861486457444,0.39183554948885946,False,161.09719848632812,122.35284423828125,40.68388748168945,81.66896057128906,-38.744354248046875
188,/home/victor-xia/repos/Burst-Coast-MPC/artifacts/MonteCarloData/monte-carlo-data-epoch-235_20260614T022253,mpc-1423-12-lambda-0.405,0.4045851297019709,0.21980190186539408,False,115.85699462890625,122.38084411621094,12.250391006469727,110.13045501708984,6.5238494873046875
189,/home/victor-xia/repos/Burst-Coast-MPC/artifacts/MonteCarloData/monte-carlo-data-epoch-212_20260614T022023,mpc-280-3-lambda-0.445,0.4446204041568376,0.30161343329998375,False,52.7139778137207,122.45926666259766,18.878358840942383,103.5809097290039,69.74528503417969
190,/home/victor-xia/repos/Burst-Coast-MPC/artifacts/MonteCarloData/monte-carlo-data-epoch-160_20260614T210323,mpc-1202-13-lambda-0.841,0.8414632690216762,0.6742338820564501,False,127.95893096923828,122.46697998046875,90.33296203613281,32.13401794433594,-5.491950988769531
191,/home/victor-xia/repos/Burst-Coast-MPC/artifacts/MonteCarloData/monte-carlo-data-epoch-366_20260614T024007,mpc-1626-16-lambda-0.488,0.48782711164662684,0.027136817953000582,False,158.24342346191406,122.5586929321289,2.217514991760254,120.34117889404297,-35.684730529785156
192,/home/victor-xia/repos/Burst-Coast-MPC/artifacts/MonteCarloData/monte-carlo-data-epoch-148_20260614T021217,mpc-1888-14-lambda-0.767,0.7672400561580636,0.37227658399628916,False,84.64305114746094,122.58191680908203,37.277374267578125,85.3045425415039,37.938865661621094
193,/home/victor-xia/repos/Burst-Coast-MPC/artifacts/MonteCarloData/monte-carlo-data-epoch-235_20260614T022253,mpc-1467-13-lambda-0.859,0.8588561093419724,0.785761670259092,True,105.44843292236328,122.75504302978516,108.62564086914062,14.129402160644531,17.306610107421875
194,/home/victor-xia/repos/Burst-Coast-MPC/artifacts/MonteCarloData/monte-carlo-data-epoch-156_20260614T210300,mpc-491-4-lambda-0.444,0.44439374463426484,0.9949677048801452,True,106.37104034423828,122.96957397460938,94.79024505615234,28.17932891845703,16.598533630371094
195,/home/victor-xia/repos/Burst-Coast-MPC/artifacts/MonteCarloData/monte-carlo-data-epoch-242_20260614T022357,mpc-856-10-lambda-0.878,0.8783103261839142,0.4464058450596345,False,98.54044342041016,123.09115600585938,51.06882858276367,72.02232360839844,24.55071258544922
196,/home/victor-xia/repos/Burst-Coast-MPC/artifacts/MonteCarloData/monte-carlo-data-epoch-366_20260614T213027,mpc-974-9-lambda-0.539,0.5385854230281361,0.5289107162552539,True,43.0743408203125,123.14581298828125,45.199459075927734,77.94635009765625,80.07147216796875
197,/home/victor-xia/repos/Burst-Coast-MPC/artifacts/MonteCarloData/monte-carlo-data-epoch-237_20260614T211259,mpc-555-5-lambda-0.877,0.8769535226196343,0.5222037497207963,True,55.36925506591797,123.71336364746094,63.47249984741211,60.24086380004883,68.34410858154297
198,/home/victor-xia/repos/Burst-Coast-MPC/artifacts/MonteCarloData/monte-carlo-data-epoch-148_20260614T021217,mpc-1634-11-lambda-0.047,0.04709545910352582,0.5941934944862824,False,147.03677368164062,123.84916687011719,16.331256866455078,107.51791381835938,-23.187606811523438
199,/home/victor-xia/repos/Burst-Coast-MPC/artifacts/MonteCarloData/monte-carlo-data-epoch-286_20260614T022956,mpc-64-1-lambda-0.947,0.9471349451965252,0.598819348549504,False,237.88783264160156,124.07028198242188,87.42810821533203,36.642173767089844,-113.81755065917969
200,/home/victor-xia/repos/Burst-Coast-MPC/artifacts/MonteCarloData/monte-carlo-data-epoch-366_20260614T024007,mpc-1631-17-lambda-0.738,0.7381358885419448,0.42569000412533037,False,155.6867218017578,124.18312072753906,46.072776794433594,78.11034393310547,-31.50360107421875
201,/home/victor-xia/repos/Burst-Coast-MPC/artifacts/MonteCarloData/monte-carlo-data-epoch-264_20260614T211644,mpc-1369-13-lambda-0.473,0.47279491857007244,0.5888360350623876,False,104.84976196289062,124.70100402832031,48.79069137573242,75.91030883789062,19.851242065429688
202,/home/victor-xia/repos/Burst-Coast-MPC/artifacts/MonteCarloData/monte-carlo-data-epoch-256_20260614T211547,mpc-911-10-lambda-0.747,0.7466833828880257,0.787799823474962,True,103.2088623046875,124.73578643798828,101.62311553955078,23.1126708984375,21.52692413330078
203,/home/victor-xia/repos/Burst-Coast-MPC/artifacts/MonteCarloData/monte-carlo-data-epoch-283_20260614T211850,mpc-621-6-lambda-0.299,0.2985250037057294,0.6061546859912651,False,139.74432373046875,125.06651306152344,36.656185150146484,88.41032409667969,-14.677810668945312
204,/home/victor-xia/repos/Burst-Coast-MPC/artifacts/MonteCarloData/monte-carlo-data-epoch-110_20260614T020707,mpc-1749-17-lambda-0.55,0.5504093764481709,0.9599642083966077,True,114.17898559570312,126.33638763427734,105.194091796875,21.142295837402344,12.157402038574219
205,/home/victor-xia/repos/Burst-Coast-MPC/artifacts/MonteCarloData/monte-carlo-data-epoch-43_20260614T204625,mpc-73-1-lambda-0.047,0.046977695889648466,0.21851406409503174,False,281.9981994628906,127.40901184082031,6.262691020965576,121.14632415771484,-154.5891876220703
206,/home/victor-xia/repos/Burst-Coast-MPC/artifacts/MonteCarloData/monte-carlo-data-epoch-76_20260614T205120,mpc-103-2-lambda-0.885,0.8846682351622475,0.4035989851559945,False,172.0455322265625,127.79512023925781,45.66730880737305,82.1278076171875,-44.25041198730469
207,/home/victor-xia/repos/Burst-Coast-MPC/artifacts/MonteCarloData/monte-carlo-data-epoch-143_20260614T021119,mpc-1233-11-lambda-0.997,0.9965545161955752,0.3336167328689449,False,129.51303100585938,128.07681274414062,37.70864486694336,90.3681640625,-1.43621826171875
208,/home/victor-xia/repos/Burst-Coast-MPC/artifacts/MonteCarloData/monte-carlo-data-epoch-528_20260614T030346,mpc-1453-17-lambda-0.191,0.1912223891437168,0.09458802288019838,False,171.580322265625,128.55552673339844,4.685477256774902,123.87004852294922,-43.02479553222656
209,/home/victor-xia/repos/Burst-Coast-MPC/artifacts/MonteCarloData/monte-carlo-data-epoch-79_20260614T205138,mpc-1666-18-lambda-0.566,0.5657607334031959,0.923918548993999,True,115.15798950195312,128.6053466796875,105.63387298583984,22.971473693847656,13.447357177734375
210,/home/victor-xia/repos/Burst-Coast-MPC/artifacts/MonteCarloData/monte-carlo-data-epoch-216_20260614T022047,mpc-694-7-lambda-0.238,0.2379197313450907,0.8299702496341151,False,142.7388916015625,128.95962524414062,47.68663787841797,81.27298736572266,-13.779266357421875
211,/home/victor-xia/repos/Burst-Coast-MPC/artifacts/MonteCarloData/monte-carlo-data-epoch-145_20260614T021136,mpc-1053-8-lambda-0.501,0.501442649103865,0.574184721393266,False,202.48922729492188,129.17823791503906,46.93466567993164,82.24357604980469,-73.31098937988281
212,/home/victor-xia/repos/Burst-Coast-MPC/artifacts/MonteCarloData/monte-carlo-data-epoch-242_20260614T022357,mpc-946-11-lambda-0.9,0.8997574517237192,0.5358308274757859,True,56.96087646484375,129.4678955078125,66.2468032836914,63.221092224121094,72.50701904296875
213,/home/victor-xia/repos/Burst-Coast-MPC/artifacts/MonteCarloData/monte-carlo-data-epoch-98_20260614T020519,mpc-990-9-lambda-0.513,0.5127230671784653,0.7823555733029556,False,98.23780822753906,129.6546630859375,71.68627166748047,57.96839141845703,31.416854858398438
214,/home/victor-xia/repos/Burst-Coast-MPC/artifacts/MonteCarloData/monte-carlo-data-epoch-330_20260614T212521,mpc-415-5-lambda-0.127,0.1269850727049029,0.7046258420219194,True,32.93424987792969,130.66896057128906,26.63221549987793,104.0367431640625,97.73471069335938
215,/home/victor-xia/repos/Burst-Coast-MPC/artifacts/MonteCarloData/monte-carlo-data-epoch-406_20260614T024600,mpc-585-4-lambda-0.117,0.11672711789905403,0.25833515402531176,False,39.9401969909668,131.34915161132812,8.475116729736328,122.87403869628906,91.40895080566406
216,/home/victor-xia/repos/Burst-Coast-MPC/artifacts/MonteCarloData/monte-carlo-data-epoch-187_20260614T021727,mpc-700-6-lambda-0.029,0.029276588703202718,0.4481405385770082,False,105.77481842041016,131.60458374023438,10.985282897949219,120.61930084228516,25.82976531982422
217,/home/victor-xia/repos/Burst-Coast-MPC/artifacts/MonteCarloData/monte-carlo-data-epoch-529_20260614T030357,mpc-1548-18-lambda-0.056,0.05612650592299514,0.34876779456196266,False,205.52578735351562,131.70765686035156,10.525188446044922,121.18246459960938,-73.81813049316406
218,/home/victor-xia/repos/Burst-Coast-MPC/artifacts/MonteCarloData/monte-carlo-data-epoch-76_20260614T020230,mpc-662-4-lambda-0.244,0.24429661596261665,0.771370716488394,True,47.77320098876953,131.8301239013672,42.17222213745117,89.65789794921875,84.05692291259766
219,/home/victor-xia/repos/Burst-Coast-MPC/artifacts/MonteCarloData/monte-carlo-data-epoch-49_20260614T204733,mpc-1750-16-lambda-0.98,0.9804698476482552,0.737887122104412,True,112.5813980102539,132.1157989501953,116.02848815917969,16.087310791015625,19.534400939941406
220,/home/victor-xia/repos/Burst-Coast-MPC/artifacts/MonteCarloData/monte-carlo-data-epoch-385_20260614T213311,mpc-2795-25-lambda-0.73,0.7299790362872765,0.8854225653606971,True,125.22119140625,132.2064208984375,119.3316650390625,12.874755859375,6.9852294921875
221,/home/victor-xia/repos/Burst-Coast-MPC/artifacts/MonteCarloData/monte-carlo-data-epoch-481_20260614T025716,mpc-1928-16-lambda-0.966,0.96617843148013,0.8210460546075888,False,171.87002563476562,132.2779998779297,131.14064025878906,1.137359619140625,-39.59202575683594
222,/home/victor-xia/repos/Burst-Coast-MPC/artifacts/MonteCarloData/monte-carlo-data-epoch-284_20260614T211856,mpc-252-3-lambda-0.872,0.8723942833659435,0.828713450788273,True,128.92539978027344,132.6104278564453,126.54044342041016,6.069984436035156,3.685028076171875
223,/home/victor-xia/repos/Burst-Coast-MPC/artifacts/MonteCarloData/monte-carlo-data-epoch-193_20260614T210711,mpc-2137-23-lambda-0.312,0.3120699617009559,0.37251224382149695,False,122.80239868164062,133.19027709960938,20.447595596313477,112.74268341064453,10.38787841796875
224,/home/victor-xia/repos/Burst-Coast-MPC/artifacts/MonteCarloData/monte-carlo-data-epoch-360_20260614T023922,mpc-1535-15-lambda-0.264,0.2639892760487567,0.70266301474727,False,207.58909606933594,133.68014526367188,41.909332275390625,91.77081298828125,-73.90895080566406
225,/home/victor-xia/repos/Burst-Coast-MPC/artifacts/MonteCarloData/monte-carlo-data-epoch-138_20260614T210009,mpc-1528-18-lambda-0.699,0.6990395889407475,0.7683369137012503,False,133.82701110839844,135.01690673828125,92.408935546875,42.60797119140625,1.1898956298828125
226,/home/victor-xia/repos/Burst-Coast-MPC/artifacts/MonteCarloData/monte-carlo-data-epoch-429_20260614T024928,mpc-1429-15-lambda-0.038,0.03822729827157027,0.08755297898876395,False,107.14505004882812,135.5625,3.178419589996338,132.3840789794922,28.417449951171875
227,/home/victor-xia/repos/Burst-Coast-MPC/artifacts/MonteCarloData/monte-carlo-data-epoch-325_20260614T023534,mpc-1492-14-lambda-0.971,0.971499606921187,0.4282019834999887,False,201.44264221191406,135.7273712158203,57.137847900390625,78.58952331542969,-65.71527099609375
228,/home/victor-xia/repos/Burst-Coast-MPC/artifacts/MonteCarloData/monte-carlo-data-epoch-69_20260614T205023,mpc-1493-12-lambda-0.791,0.7913026191689432,0.8330154230667238,False,191.53543090820312,136.35035705566406,126.86034393310547,9.490013122558594,-55.18507385253906
229,/home/victor-xia/repos/Burst-Coast-MPC/artifacts/MonteCarloData/monte-carlo-data-epoch-76_20260614T205120,mpc-184-3-lambda-0.741,0.740788408170685,0.9120062016239102,True,135.10595703125,137.27676391601562,127.38999938964844,9.886764526367188,2.170806884765625
230,/home/victor-xia/repos/Burst-Coast-MPC/artifacts/MonteCarloData/monte-carlo-data-epoch-304_20260614T212156,mpc-456-4-lambda-0.706,0.7058481397844159,0.33692803306494207,False,123.0618667602539,137.4398956298828,30.038822174072266,107.40107727050781,14.378028869628906
231,/home/victor-xia/repos/Burst-Coast-MPC/artifacts/MonteCarloData/monte-carlo-data-epoch-90_20260614T020433,mpc-1185-12-lambda-0.105,0.1053690520372543,0.25380110188746896,False,46.434844970703125,137.5402069091797,8.565291404724121,128.97491455078125,91.10536193847656
232,/home/victor-xia/repos/Burst-Coast-MPC/artifacts/MonteCarloData/monte-carlo-data-epoch-193_20260614T021758,mpc-1557-14-lambda-0.682,0.6823299626341751,0.7359525666528947,False,225.98670959472656,137.63902282714844,85.84215545654297,51.79686737060547,-88.34768676757812
233,/home/victor-xia/repos/Burst-Coast-MPC/artifacts/MonteCarloData/monte-carlo-data-epoch-80_20260614T020310,mpc-891-7-lambda-0.972,0.9717912424378352,0.8805026088343,True,141.9996795654297,137.96315002441406,142.90396118164062,-4.9408111572265625,-4.036529541015625
234,/home/victor-xia/repos/Burst-Coast-MPC/artifacts/MonteCarloData/monte-carlo-data-epoch-46_20260614T015831,mpc-2035-20-lambda-0.912,0.9119904938141834,0.18410705566295574,False,207.8805694580078,138.36953735351562,17.85556983947754,120.51396942138672,-69.51103210449219
235,/home/victor-xia/repos/Burst-Coast-MPC/artifacts/MonteCarloData/monte-carlo-data-epoch-119_20260614T205716,mpc-602-7-lambda-0.492,0.49228333688105674,0.21899082008151494,False,139.83583068847656,138.98130798339844,14.235980987548828,124.74533081054688,-0.854522705078125
236,/home/victor-xia/repos/Burst-Coast-MPC/artifacts/MonteCarloData/monte-carlo-data-epoch-264_20260614T022644,mpc-2691-29-lambda-0.741,0.7406022083009542,0.9529330941828524,True,137.97714233398438,139.0618896484375,131.00021362304688,8.061676025390625,1.084747314453125
237,/home/victor-xia/repos/Burst-Coast-MPC/artifacts/MonteCarloData/monte-carlo-data-epoch-145_20260614T021136,mpc-1253-10-lambda-0.836,0.8362905309241846,0.9318379325594961,True,140.21939086914062,139.46763610839844,136.68353271484375,2.7841033935546875,-0.7517547607421875
238,/home/victor-xia/repos/Burst-Coast-MPC/artifacts/MonteCarloData/monte-carlo-data-epoch-437_20260614T025016,mpc-1785-18-lambda-0.818,0.817712146458742,0.9284744880557485,True,141.72256469726562,139.6947021484375,136.21981811523438,3.474884033203125,-2.027862548828125
239,/home/victor-xia/repos/Burst-Coast-MPC/artifacts/MonteCarloData/monte-carlo-data-epoch-279_20260614T022857,mpc-0-0-lambda-0.436,0.4363997071992138,0.7658804347903967,False,127.96025085449219,139.731689453125,63.936180114746094,75.7955093383789,11.771438598632812
240,/home/victor-xia/repos/Burst-Coast-MPC/artifacts/MonteCarloData/monte-carlo-data-epoch-46_20260614T015831,mpc-2072-21-lambda-0.786,0.7856248576516686,0.7752163790125977,False,180.7415313720703,140.0213623046875,102.62850952148438,37.392852783203125,-40.72016906738281
241,/home/victor-xia/repos/Burst-Coast-MPC/artifacts/MonteCarloData/monte-carlo-data-epoch-203_20260614T210829,mpc-95-1-lambda-0.845,0.8450023914769281,0.813305115683962,True,116.63675689697266,140.2437744140625,116.10526275634766,24.138511657714844,23.607017517089844
242,/home/victor-xia/repos/Burst-Coast-MPC/artifacts/MonteCarloData/monte-carlo-data-epoch-307_20260614T212219,mpc-1063-7-lambda-0.928,0.9275405022932941,0.571353064702012,False,222.17300415039062,140.78054809570312,79.83076477050781,60.94978332519531,-81.3924560546875
243,/home/victor-xia/repos/Burst-Coast-MPC/artifacts/MonteCarloData/monte-carlo-data-epoch-401_20260614T024506,mpc-731-6-lambda-0.868,0.8677100355764021,0.8135898583817169,False,199.21990966796875,140.98934936523438,123.35476684570312,17.63458251953125,-58.230560302734375
244,/home/victor-xia/repos/Burst-Coast-MPC/artifacts/MonteCarloData/monte-carlo-data-epoch-394_20260614T213444,mpc-528-3-lambda-0.593,0.5925110497452619,0.34866680711232706,False,108.42327880859375,141.02098083496094,28.373899459838867,112.64707946777344,32.59770202636719
245,/home/victor-xia/repos/Burst-Coast-MPC/artifacts/MonteCarloData/monte-carlo-data-epoch-359_20260614T212926,mpc-1747-19-lambda-0.107,0.10680105224010544,0.10882267076962353,False,58.37623977661133,141.5253143310547,4.397963523864746,137.12734985351562,83.14907836914062
246,/home/victor-xia/repos/Burst-Coast-MPC/artifacts/MonteCarloData/monte-carlo-data-epoch-41_20260614T015747,mpc-2099-20-lambda-0.929,0.9294784906298427,0.9390119760126362,True,187.13394165039062,141.9148712158203,165.33291625976562,-23.418045043945312,-45.21907043457031
247,/home/victor-xia/repos/Burst-Coast-MPC/artifacts/MonteCarloData/monte-carlo-data-epoch-49_20260614T204733,mpc-1659-15-lambda-0.51,0.5097450379628875,0.4532782921033931,False,144.90463256835938,143.1056365966797,34.6840705871582,108.42156982421875,-1.7989959716796875
248,/home/victor-xia/repos/Burst-Coast-MPC/artifacts/MonteCarloData/monte-carlo-data-epoch-501_20260614T030005,mpc-799-6-lambda-0.294,0.293960437076599,0.9684333827402779,False,300.1887512207031,143.249755859375,72.19454956054688,71.05520629882812,-156.93899536132812
249,/home/victor-xia/repos/Burst-Coast-MPC/artifacts/MonteCarloData/monte-carlo-data-epoch-106_20260614T205523,mpc-0-0-lambda-0.885,0.8854226802267249,0.4069983832410387,False,220.7847137451172,143.4098358154297,49.2628288269043,94.14700317382812,-77.3748779296875
250,/home/victor-xia/repos/Burst-Coast-MPC/artifacts/MonteCarloData/monte-carlo-data-epoch-317_20260614T212330,mpc-853-8-lambda-0.192,0.19164859364444475,0.966514902484721,False,325.01580810546875,143.4251708984375,54.946903228759766,88.478271484375,-181.59063720703125
251,/home/victor-xia/repos/Burst-Coast-MPC/artifacts/MonteCarloData/monte-carlo-data-epoch-7_20260614T015328,mpc-0-0-lambda-0.743,0.7430039814107474,0.39786021211994566,False,92.45829010009766,143.51702880859375,39.9224967956543,103.59452819824219,51.058738708496094
252,/home/victor-xia/repos/Burst-Coast-MPC/artifacts/MonteCarloData/monte-carlo-data-epoch-457_20260614T025349,mpc-717-10-lambda-0.151,0.15093043242866389,0.28654038786554703,False,176.8381805419922,143.60328674316406,11.25400161743164,132.3492889404297,-33.234893798828125
253,/home/victor-xia/repos/Burst-Coast-MPC/artifacts/MonteCarloData/monte-carlo-data-epoch-316_20260614T212322,mpc-1261-10-lambda-0.471,0.47094748832474076,0.3820202220847858,False,70.63984680175781,144.11842346191406,25.971355438232422,118.14706420898438,73.47857666015625
254,/home/victor-xia/repos/Burst-Coast-MPC/artifacts/MonteCarloData/monte-carlo-data-epoch-159_20260614T021350,mpc-2924-25-lambda-0.328,0.3276463004640377,0.4910779904401414,True,145.08837890625,144.1722412109375,28.901269912719727,115.2709732055664,-0.9161376953125
255,/home/victor-xia/repos/Burst-Coast-MPC/artifacts/MonteCarloData/monte-carlo-data-epoch-99_20260614T020526,mpc-1798-18-lambda-0.643,0.6425372406667251,0.2668420977958215,False,84.02885437011719,144.30606079101562,21.373273849487305,122.93278503417969,60.27720642089844
256,/home/victor-xia/repos/Burst-Coast-MPC/artifacts/MonteCarloData/monte-carlo-data-epoch-285_20260614T022947,mpc-1221-11-lambda-0.591,0.5908829281328319,0.32884214272240175,False,61.63977813720703,145.121826171875,26.62542152404785,118.49640655517578,83.48204803466797
257,/home/victor-xia/repos/Burst-Coast-MPC/artifacts/MonteCarloData/monte-carlo-data-epoch-453_20260614T025300,mpc-1444-14-lambda-0.831,0.8313035739006663,0.33749386959199423,False,94.25328826904297,145.31948852539062,34.61707305908203,110.7024154663086,51.066200256347656
258,/home/victor-xia/repos/Burst-Coast-MPC/artifacts/MonteCarloData/monte-carlo-data-epoch-145_20260614T021136,mpc-1168-9-lambda-0.01,0.01027658193414749,0.42065406685779855,False,154.93194580078125,145.9593048095703,10.043543815612793,135.91575622558594,-8.972640991210938
259,/home/victor-xia/repos/Burst-Coast-MPC/artifacts/MonteCarloData/monte-carlo-data-epoch-93_20260614T205338,mpc-944-10-lambda-0.27,0.2698552989505825,0.5987700039422474,False,93.10302734375,146.4659423828125,34.092247009277344,112.37369537353516,53.3629150390625
260,/home/victor-xia/repos/Burst-Coast-MPC/artifacts/MonteCarloData/monte-carlo-data-epoch-2_20260614T015300,mpc-106-1-lambda-0.688,0.6880037579623498,0.20496621742021046,False,72.69628143310547,146.4947967529297,15.813612937927246,130.68118286132812,73.79851531982422
261,/home/victor-xia/repos/Burst-Coast-MPC/artifacts/MonteCarloData/monte-carlo-data-epoch-7_20260614T015328,mpc-80-1-lambda-0.829,0.828756654737763,0.3124609758389442,False,53.69712829589844,147.6370391845703,30.081188201904297,117.55584716796875,93.93991088867188
262,/home/victor-xia/repos/Burst-Coast-MPC/artifacts/MonteCarloData/monte-carlo-data-epoch-129_20260614T020924,mpc-1968-19-lambda-0.215,0.21528593822553632,0.46928292476114053,False,159.1935577392578,147.843994140625,20.983869552612305,126.86012268066406,-11.349563598632812
263,/home/victor-xia/repos/Burst-Coast-MPC/artifacts/MonteCarloData/monte-carlo-data-epoch-3_20260614T204116,mpc-180-1-lambda-0.796,0.7960361922802726,0.5419498290279967,False,202.35153198242188,148.601318359375,66.60675048828125,81.99456787109375,-53.750213623046875
264,/home/victor-xia/repos/Burst-Coast-MPC/artifacts/MonteCarloData/monte-carlo-data-epoch-26_20260613T233709,mpc-1319-14-lambda-0.212,0.21177146981763834,0.5073715836307696,False,103.467041015625,148.71812438964844,23.309642791748047,125.40847778320312,45.25108337402344
265,/home/victor-xia/repos/Burst-Coast-MPC/artifacts/MonteCarloData/monte-carlo-data-epoch-266_20260614T022715,mpc-2599-31-lambda-0.096,0.09585462732277943,0.5883807005904848,False,74.96469116210938,148.9067840576172,19.439455032348633,129.4673309326172,73.94209289550781
266,/home/victor-xia/repos/Burst-Coast-MPC/artifacts/MonteCarloData/monte-carlo-data-epoch-184_20260614T210609,mpc-889-10-lambda-0.064,0.06365067290636758,0.40015354703681205,False,157.74237060546875,148.91896057128906,12.04007339477539,136.87889099121094,-8.823410034179688
267,/home/victor-xia/repos/Burst-Coast-MPC/artifacts/MonteCarloData/monte-carlo-data-epoch-93_20260614T205338,mpc-1067-12-lambda-0.076,0.07551777180288644,0.481370332322136,False,44.424224853515625,149.12965393066406,14.693902969360352,134.4357452392578,104.70542907714844
268,/home/victor-xia/repos/Burst-Coast-MPC/artifacts/MonteCarloData/monte-carlo-data-epoch-265_20260614T211652,mpc-1424-17-lambda-0.67,0.6696309194914756,0.8468207674981506,False,152.9845733642578,149.2078399658203,112.00814819335938,37.19969177246094,-3.7767333984375
269,/home/victor-xia/repos/Burst-Coast-MPC/artifacts/MonteCarloData/monte-carlo-data-epoch-222_20260614T022125,mpc-2011-18-lambda-0.494,0.4941637730441069,0.6587080203265618,False,82.93202209472656,150.03665161132812,59.037071228027344,90.99958038330078,67.10462951660156
270,/home/victor-xia/repos/Burst-Coast-MPC/artifacts/MonteCarloData/monte-carlo-data-epoch-90_20260614T020433,mpc-994-10-lambda-0.881,0.8808960825364257,0.01720363666013455,False,257.5805969238281,150.04489135742188,1.8027145862579346,148.24217224121094,-107.53570556640625
271,/home/victor-xia/repos/Burst-Coast-MPC/artifacts/MonteCarloData/monte-carlo-data-epoch-116_20260614T020814,mpc-696-6-lambda-0.199,0.198694138799219,0.2795123748737602,False,33.605018615722656,150.48548889160156,11.232807159423828,139.252685546875,116.8804702758789
272,/home/victor-xia/repos/Burst-Coast-MPC/artifacts/MonteCarloData/monte-carlo-data-epoch-45_20260614T204640,mpc-1666-13-lambda-0.53,0.5301995776002403,0.6912660157224815,False,175.072509765625,151.34072875976562,68.43669891357422,82.9040298461914,-23.731781005859375
273,/home/victor-xia/repos/Burst-Coast-MPC/artifacts/MonteCarloData/monte-carlo-data-epoch-317_20260614T212330,mpc-687-7-lambda-0.235,0.2346313517534382,0.8241444746095041,False,401.154052734375,152.4501953125,48.037288665771484,104.41290283203125,-248.703857421875
274,/home/victor-xia/repos/Burst-Coast-MPC/artifacts/MonteCarloData/monte-carlo-data-epoch-372_20260614T213122,mpc-0-0-lambda-0.839,0.8389667901083199,0.892875906796057,False,201.95947265625,152.49008178710938,137.7965545654297,14.693527221679688,-49.469390869140625
275,/home/victor-xia/repos/Burst-Coast-MPC/artifacts/MonteCarloData/monte-carlo-data-epoch-279_20260614T211828,mpc-295-4-lambda-0.455,0.45537476436996244,0.3610560449698498,False,71.59700775146484,153.00082397460938,24.049972534179688,128.9508514404297,81.40381622314453
276,/home/victor-xia/repos/Burst-Coast-MPC/artifacts/MonteCarloData/monte-carlo-data-epoch-286_20260614T022956,mpc-227-3-lambda-0.713,0.7128375007984583,0.7579393718133113,False,127.25482940673828,153.1607208251953,91.54540252685547,61.615318298339844,25.90589141845703
277,/home/victor-xia/repos/Burst-Coast-MPC/artifacts/MonteCarloData/monte-carlo-data-epoch-29_20260613T233734,mpc-2225-22-lambda-0.35,0.35019783615308436,0.6951004644881261,False,130.34324645996094,153.2130126953125,47.97868728637695,105.23432922363281,22.869766235351562
278,/home/victor-xia/repos/Burst-Coast-MPC/artifacts/MonteCarloData/monte-carlo-data-epoch-467_20260614T025519,mpc-1450-17-lambda-0.395,0.3948095815333051,0.8645217003792903,False,123.1337890625,153.36965942382812,69.35379791259766,84.01586151123047,30.235870361328125
279,/home/victor-xia/repos/Burst-Coast-MPC/artifacts/MonteCarloData/monte-carlo-data-epoch-52_20260613T234101,mpc-1614-12-lambda-0.441,0.4411907943259254,0.47506492557984664,False,85.78941345214844,153.77972412109375,32.329898834228516,121.4498291015625,67.99031066894531
280,/home/victor-xia/repos/Burst-Coast-MPC/artifacts/MonteCarloData/monte-carlo-data-epoch-351_20260614T023825,mpc-2926-32-lambda-0.739,0.7393083993638608,0.40135144763336944,True,154.39942932128906,154.23927307128906,42.65604019165039,111.58323669433594,-0.16015625
281,/home/victor-xia/repos/Burst-Coast-MPC/artifacts/MonteCarloData/monte-carlo-data-epoch-351_20260614T212809,mpc-979-12-lambda-0.652,0.6515766464689563,0.7972431828060137,False,138.71011352539062,154.24021911621094,100.05094146728516,54.18927764892578,15.530105590820312
282,/home/victor-xia/repos/Burst-Coast-MPC/artifacts/MonteCarloData/monte-carlo-data-epoch-248_20260614T211446,mpc-526-7-lambda-0.102,0.10216328944838117,0.41985656687149175,False,43.148109436035156,154.86618041992188,13.25545883178711,141.6107177734375,111.71807098388672
283,/home/victor-xia/repos/Burst-Coast-MPC/artifacts/MonteCarloData/monte-carlo-data-epoch-467_20260614T025519,mpc-1417-16-lambda-0.844,0.843807832951248,0.1620208309456479,False,148.7118682861328,154.87698364257812,16.49290657043457,138.3840789794922,6.1651153564453125
284,/home/victor-xia/repos/Burst-Coast-MPC/artifacts/MonteCarloData/monte-carlo-data-epoch-257_20260614T022606,mpc-1194-13-lambda-0.675,0.6749662992504801,0.3033480735707301,False,176.58181762695312,154.92898559570312,28.096717834472656,126.83226776123047,-21.65283203125
285,/home/victor-xia/repos/Burst-Coast-MPC/artifacts/MonteCarloData/monte-carlo-data-epoch-209_20260614T021953,mpc-575-6-lambda-0.627,0.6268238107194052,0.528685087640296,False,138.23643493652344,155.01580810546875,49.10718536376953,105.90862274169922,16.779373168945312
286,/home/victor-xia/repos/Burst-Coast-MPC/artifacts/MonteCarloData/monte-carlo-data-epoch-401_20260614T024506,mpc-895-7-lambda-0.285,0.2851588201329977,0.6664061837926952,True,41.811134338378906,155.74508666992188,38.20891571044922,117.53617095947266,113.93395233154297
287,/home/victor-xia/repos/Burst-Coast-MPC/artifacts/MonteCarloData/monte-carlo-data-epoch-348_20260614T023808,mpc-609-4-lambda-0.323,0.323027881851799,0.6891375580529303,False,93.67526245117188,155.75204467773438,48.347564697265625,107.40447998046875,62.0767822265625
288,/home/victor-xia/repos/Burst-Coast-MPC/artifacts/MonteCarloData/monte-carlo-data-epoch-121_20260614T020847,mpc-6-1-lambda-0.358,0.35826238893433154,0.5329963473069151,False,89.87044525146484,155.99928283691406,34.22879409790039,121.77049255371094,66.12883758544922
289,/home/victor-xia/repos/Burst-Coast-MPC/artifacts/MonteCarloData/monte-carlo-data-epoch-27_20260613T233717,mpc-2144-23-lambda-0.986,0.9857910572362828,0.3689167736273393,False,62.85177993774414,156.02197265625,44.265281677246094,111.7566909790039,93.17019653320312
290,/home/victor-xia/repos/Burst-Coast-MPC/artifacts/MonteCarloData/monte-carlo-data-epoch-214_20260614T022034,mpc-83-1-lambda-0.468,0.4684179382394586,0.8499474436199965,False,141.263916015625,156.13571166992188,81.40324401855469,74.73246765136719,14.871795654296875
291,/home/victor-xia/repos/Burst-Coast-MPC/artifacts/MonteCarloData/monte-carlo-data-epoch-29_20260613T233734,mpc-2187-21-lambda-0.272,0.2721026192615071,0.19081925186123058,False,143.6357879638672,156.24200439453125,8.828640937805176,147.41336059570312,12.606216430664062
292,/home/victor-xia/repos/Burst-Coast-MPC/artifacts/MonteCarloData/monte-carlo-data-epoch-179_20260614T210541,mpc-345-5-lambda-0.921,0.9213116762434371,0.8994928432733315,False,254.34486389160156,156.33551025390625,163.76895141601562,-7.433441162109375,-98.00935363769531
293,/home/victor-xia/repos/Burst-Coast-MPC/artifacts/MonteCarloData/monte-carlo-data-epoch-168_20260614T021526,mpc-1357-12-lambda-0.577,0.5769305390150196,0.7506866994044006,True,77.06414031982422,156.54299926757812,75.24520111083984,81.29779815673828,79.4788589477539
294,/home/victor-xia/repos/Burst-Coast-MPC/artifacts/MonteCarloData/monte-carlo-data-epoch-528_20260614T030346,mpc-1619-22-lambda-0.669,0.6692630122449634,0.5447287963495422,False,89.30948638916016,156.97996520996094,53.233428955078125,103.74653625488281,67.67047882080078
295,/home/victor-xia/repos/Burst-Coast-MPC/artifacts/MonteCarloData/monte-carlo-data-epoch-77_20260614T020235,mpc-1602-12-lambda-0.958,0.9582791502862914,0.8986591789832128,False,183.18429565429688,157.32376098632812,150.96591186523438,6.35784912109375,-25.86053466796875
296,/home/victor-xia/repos/Burst-Coast-MPC/artifacts/MonteCarloData/monte-carlo-data-epoch-288_20260614T023010,mpc-2468-24-lambda-0.203,0.20290292558202178,0.6410448535837393,False,68.75778198242188,157.3292236328125,31.552637100219727,125.7765884399414,88.57144165039062
297,/home/victor-xia/repos/Burst-Coast-MPC/artifacts/MonteCarloData/monte-carlo-data-epoch-301_20260614T212132,mpc-2673-28-lambda-0.424,0.42364514844798856,0.15899326174417627,False,67.56244659423828,157.95809936523438,9.771239280700684,148.18685913085938,90.3956527709961
298,/home/victor-xia/repos/Burst-Coast-MPC/artifacts/MonteCarloData/monte-carlo-data-epoch-394_20260614T213444,mpc-598-4-lambda-0.481,0.48137342746260314,0.6409257324989078,False,80.1733627319336,157.99252319335938,54.065338134765625,103.92718505859375,77.81916046142578
299,/home/victor-xia/repos/Burst-Coast-MPC/artifacts/MonteCarloData/monte-carlo-data-epoch-467_20260614T025519,mpc-1349-15-lambda-0.447,0.44689640535442815,0.3381966935339295,False,186.0072784423828,159.22378540039062,23.47517967224121,135.7486114501953,-26.783493041992188
300,/home/victor-xia/repos/Burst-Coast-MPC/artifacts/MonteCarloData/monte-carlo-data-epoch-264_20260614T211644,mpc-1487-14-lambda-0.72,0.7196133219685901,0.07748250413505518,False,49.12363815307617,159.48944091796875,6.517501354217529,152.97193908691406,110.36579895019531
301,/home/victor-xia/repos/Burst-Coast-MPC/artifacts/MonteCarloData/monte-carlo-data-epoch-304_20260614T212156,mpc-293-3-lambda-0.968,0.9676272836565094,0.8114959777142219,False,314.1430969238281,159.59194946289062,145.3466033935547,14.245346069335938,-154.5511474609375
302,/home/victor-xia/repos/Burst-Coast-MPC/artifacts/MonteCarloData/monte-carlo-data-epoch-283_20260614T211850,mpc-791-8-lambda-0.328,0.32829938347968496,0.7174807261756143,True,52.72916030883789,159.70571899414062,48.30990982055664,111.39581298828125,106.9765625
303,/home/victor-xia/repos/Burst-Coast-MPC/artifacts/MonteCarloData/monte-carlo-data-epoch-155_20260614T210248,mpc-1980-18-lambda-0.564,0.5640117477280099,0.7739177543340945,False,199.48541259765625,159.780029296875,85.99117279052734,73.78885650634766,-39.70538330078125
304,/home/victor-xia/repos/Burst-Coast-MPC/artifacts/MonteCarloData/monte-carlo-data-epoch-46_20260614T015831,mpc-2228-22-lambda-0.615,0.6150114758610427,0.4253550747582727,False,54.4017219543457,160.0853271484375,35.764793395996094,124.3205337524414,105.68360900878906
305,/home/victor-xia/repos/Burst-Coast-MPC/artifacts/MonteCarloData/monte-carlo-data-epoch-285_20260614T022947,mpc-1296-13-lambda-0.082,0.08222511668843406,0.7515103121954333,True,34.05720901489258,160.12353515625,25.384258270263672,134.73927307128906,126.06632995605469
306,/home/victor-xia/repos/Burst-Coast-MPC/artifacts/MonteCarloData/monte-carlo-data-epoch-144_20260614T021130,mpc-874-7-lambda-0.921,0.9208662058361643,0.6801450082799444,True,87.47205352783203,160.25067138671875,94.03348541259766,66.2171859741211,72.77861785888672
307,/home/victor-xia/repos/Burst-Coast-MPC/artifacts/MonteCarloData/monte-carlo-data-epoch-76_20260614T020230,mpc-538-3-lambda-0.549,0.5490463124603978,0.6183643929179446,False,112.02857208251953,160.78280639648438,56.649452209472656,104.13335418701172,48.754234313964844
308,/home/victor-xia/repos/Burst-Coast-MPC/artifacts/MonteCarloData/monte-carlo-data-epoch-45_20260614T204640,mpc-1805-14-lambda-0.699,0.6992952098173596,0.43212403400944105,False,83.610107421875,160.86245727539062,40.71940231323242,120.14305114746094,77.25234985351562
309,/home/victor-xia/repos/Burst-Coast-MPC/artifacts/MonteCarloData/monte-carlo-data-epoch-143_20260614T021119,mpc-1300-12-lambda-0.849,0.8491292790519256,0.4679003858218554,False,102.37973022460938,161.10183715820312,52.42731475830078,108.67452239990234,58.72210693359375
310,/home/victor-xia/repos/Burst-Coast-MPC/artifacts/MonteCarloData/monte-carlo-data-epoch-66_20260614T020112,mpc-131-2-lambda-0.804,0.8039612957599296,0.5085596467157386,False,90.67218780517578,161.35110473632812,55.50056838989258,105.85054016113281,70.67891693115234
311,/home/victor-xia/repos/Burst-Coast-MPC/artifacts/MonteCarloData/monte-carlo-data-epoch-45_20260614T204640,mpc-1455-11-lambda-0.355,0.35475346730042273,0.31810849581112277,False,239.19393920898438,161.4306182861328,17.33661460876465,144.09400939941406,-77.76332092285156
312,/home/victor-xia/repos/Burst-Coast-MPC/artifacts/MonteCarloData/monte-carlo-data-epoch-137_20260614T205958,mpc-1404-12-lambda-0.447,0.4471034729958749,0.49931931847063493,False,162.80616760253906,162.4242706298828,36.971588134765625,125.45268249511719,-0.38189697265625
313,/home/victor-xia/repos/Burst-Coast-MPC/artifacts/MonteCarloData/monte-carlo-data-epoch-96_20260614T205400,mpc-136-3-lambda-0.986,0.9856175332027165,0.48561933191902024,False,139.1158447265625,162.7217254638672,68.11173248291016,94.60999298095703,23.605880737304688
314,/home/victor-xia/repos/Burst-Coast-MPC/artifacts/MonteCarloData/monte-carlo-data-epoch-216_20260614T022047,mpc-861-8-lambda-0.663,0.6625230596695495,0.7549948436727851,True,81.60972595214844,163.1285400390625,82.37635040283203,80.75218963623047,81.51881408691406
315,/home/victor-xia/repos/Burst-Coast-MPC/artifacts/MonteCarloData/monte-carlo-data-epoch-437_20260614T025016,mpc-1673-17-lambda-0.342,0.3417496653836301,0.5589638614646295,False,187.49209594726562,163.34381103515625,36.71087646484375,126.6329345703125,-24.148284912109375
316,/home/victor-xia/repos/Burst-Coast-MPC/artifacts/MonteCarloData/monte-carlo-data-epoch-242_20260614T022357,mpc-700-8-lambda-0.04,0.04031704450230762,0.3824200942653163,False,178.92611694335938,163.34613037109375,11.31824779510498,152.0278778076172,-15.579986572265625
317,/home/victor-xia/repos/Burst-Coast-MPC/artifacts/MonteCarloData/monte-carlo-data-epoch-284_20260614T211856,mpc-99-1-lambda-0.447,0.44705064567794517,0.42485759487441754,False,174.4616241455078,163.45899963378906,29.211698532104492,134.24729919433594,-11.00262451171875
318,/home/victor-xia/repos/Burst-Coast-MPC/artifacts/MonteCarloData/monte-carlo-data-epoch-196_20260614T210738,mpc-0-0-lambda-0.725,0.7245110929337318,0.5915857130940285,False,92.35497283935547,164.06439208984375,68.56372833251953,95.50066375732422,71.70941925048828
319,/home/victor-xia/repos/Burst-Coast-MPC/artifacts/MonteCarloData/monte-carlo-data-epoch-187_20260614T021727,mpc-572-5-lambda-0.164,0.16381170341453097,0.6351664611642708,False,149.9462127685547,164.2676544189453,27.827838897705078,136.4398193359375,14.321441650390625
320,/home/victor-xia/repos/Burst-Coast-MPC/artifacts/MonteCarloData/monte-carlo-data-epoch-266_20260614T022715,mpc-2514-30-lambda-0.758,0.7581723327105789,0.4225363654662735,False,136.93629455566406,164.3032989501953,44.3012809753418,120.00201416015625,27.36700439453125
321,/home/victor-xia/repos/Burst-Coast-MPC/artifacts/MonteCarloData/monte-carlo-data-epoch-184_20260614T210609,mpc-969-11-lambda-0.963,0.9632565060338218,0.6115518780426582,False,138.78634643554688,164.39263916015625,92.4010238647461,71.99161529541016,25.606292724609375
322,/home/victor-xia/repos/Burst-Coast-MPC/artifacts/MonteCarloData/monte-carlo-data-epoch-267_20260614T022730,mpc-254-3-lambda-0.446,0.4462050861333537,0.5876297243992208,False,84.94464111328125,164.4456024169922,46.382999420166016,118.06260681152344,79.50096130371094
323,/home/victor-xia/repos/Burst-Coast-MPC/artifacts/MonteCarloData/monte-carlo-data-epoch-122_20260614T205732,mpc-2275-26-lambda-0.494,0.493841134796423,0.748742317531991,False,229.0790252685547,164.52142333984375,70.91388702392578,93.60753631591797,-64.55760192871094
324,/home/victor-xia/repos/Burst-Coast-MPC/artifacts/MonteCarloData/monte-carlo-data-epoch-182_20260614T021647,mpc-1019-7-lambda-0.415,0.41503141402518423,0.801203090563988,True,71.24884796142578,164.70834350585938,65.11241912841797,99.5959243774414,93.4594955444336
325,/home/victor-xia/repos/Burst-Coast-MPC/artifacts/MonteCarloData/monte-carlo-data-epoch-36_20260614T204553,mpc-283-5-lambda-0.862,0.8622793311779265,0.38045732181921726,False,63.81731033325195,164.74288940429688,40.87816619873047,123.8647232055664,100.92558288574219
326,/home/victor-xia/repos/Burst-Coast-MPC/artifacts/MonteCarloData/monte-carlo-data-epoch-93_20260614T205338,mpc-1064-11-lambda-0.684,0.6844464615907505,0.01697911668933,False,46.12278747558594,164.85067749023438,1.6835229396820068,163.1671600341797,118.72789001464844
327,/home/victor-xia/repos/Burst-Coast-MPC/artifacts/MonteCarloData/monte-carlo-data-epoch-429_20260614T024928,mpc-1372-13-lambda-0.688,0.6876269472069811,0.24285732554881925,False,127.15547943115234,165.15476989746094,21.210607528686523,143.9441680908203,37.999290466308594
328,/home/victor-xia/repos/Burst-Coast-MPC/artifacts/MonteCarloData/monte-carlo-data-epoch-76_20260614T205120,mpc-21-1-lambda-0.463,0.46332592553506713,0.4081910513797029,False,197.7342071533203,165.38815307617188,28.080732345581055,137.3074188232422,-32.34605407714844
329,/home/victor-xia/repos/Burst-Coast-MPC/artifacts/MonteCarloData/monte-carlo-data-epoch-31_20260614T015626,mpc-19-1-lambda-0.769,0.7692503104409575,0.27017285341424363,False,132.5983123779297,165.3995819091797,25.860815048217773,139.5387725830078,32.80126953125
330,/home/victor-xia/repos/Burst-Coast-MPC/artifacts/MonteCarloData/monte-carlo-data-epoch-288_20260614T023010,mpc-2451-23-lambda-0.715,0.7147351278224988,0.08607326579852019,False,79.77608489990234,165.43572998046875,7.46617317199707,157.9695587158203,85.6596450805664
331,/home/victor-xia/repos/Burst-Coast-MPC/artifacts/MonteCarloData/monte-carlo-data-epoch-245_20260614T211411,mpc-1128-12-lambda-0.62,0.6198877154797446,0.3377685826558556,False,154.82972717285156,165.45225524902344,29.031169891357422,136.42108154296875,10.622528076171875
332,/home/victor-xia/repos/Burst-Coast-MPC/artifacts/MonteCarloData/monte-carlo-data-epoch-330_20260614T212521,mpc-398-4-lambda-0.193,0.19269206828556498,0.08633440674053351,False,36.9598274230957,165.92384338378906,3.8049659729003906,162.11888122558594,128.96401977539062
333,/home/victor-xia/repos/Burst-Coast-MPC/artifacts/MonteCarloData/monte-carlo-data-epoch-236_20260614T211254,mpc-433-5-lambda-0.953,0.9534244224555135,0.8073086428166039,True,126.90715026855469,166.07131958007812,127.22540283203125,38.845916748046875,39.16416931152344
334,/home/victor-xia/repos/Burst-Coast-MPC/artifacts/MonteCarloData/monte-carlo-data-epoch-203_20260614T210829,mpc-0-0-lambda-0.652,0.6516343606661957,0.4720068935758799,False,166.63491821289062,166.1919403076172,47.05270004272461,119.13923645019531,-0.4429779052734375
335,/home/victor-xia/repos/Burst-Coast-MPC/artifacts/MonteCarloData/monte-carlo-data-epoch-385_20260614T213311,mpc-2645-23-lambda-0.862,0.8623067123592663,0.07676893204444653,False,207.90487670898438,166.5120086669922,6.915679454803467,159.59632873535156,-41.39286804199219
336,/home/victor-xia/repos/Burst-Coast-MPC/artifacts/MonteCarloData/monte-carlo-data-epoch-366_20260614T024007,mpc-1717-18-lambda-0.991,0.9908721178289077,0.17817634503522317,False,101.0604476928711,166.75079345703125,19.095809936523438,147.6549835205078,65.69034576416016
337,/home/victor-xia/repos/Burst-Coast-MPC/artifacts/MonteCarloData/monte-carlo-data-epoch-36_20260614T204553,mpc-149-3-lambda-0.737,0.7373009034672994,0.6550324738171065,False,185.65005493164062,166.7601776123047,83.66930389404297,83.09087371826172,-18.889877319335938
338,/home/victor-xia/repos/Burst-Coast-MPC/artifacts/MonteCarloData/monte-carlo-data-epoch-116_20260614T020814,mpc-610-5-lambda-0.716,0.7155791257229281,0.42604976159346747,False,80.80896759033203,166.8432159423828,43.053958892822266,123.78926086425781,86.03424835205078
339,/home/victor-xia/repos/Burst-Coast-MPC/artifacts/MonteCarloData/monte-carlo-data-epoch-137_20260614T205958,mpc-1504-13-lambda-0.485,0.48498704528041836,0.6719235916220249,False,103.8189468383789,166.90823364257812,63.416282653808594,103.49195098876953,63.08928680419922
340,/home/victor-xia/repos/Burst-Coast-MPC/artifacts/MonteCarloData/monte-carlo-data-epoch-429_20260614T024928,mpc-1447-16-lambda-0.66,0.6602456633856988,0.846133169369775,True,103.12207794189453,166.9382781982422,99.6099624633789,67.32831573486328,63.816200256347656
341,/home/victor-xia/repos/Burst-Coast-MPC/artifacts/MonteCarloData/monte-carlo-data-epoch-325_20260614T023534,mpc-1661-16-lambda-0.782,0.7819333966958163,0.8423192804387498,True,116.2618179321289,167.41824340820312,113.94802856445312,53.47021484375,51.15642547607422
342,/home/victor-xia/repos/Burst-Coast-MPC/artifacts/MonteCarloData/monte-carlo-data-epoch-385_20260614T213311,mpc-2660-24-lambda-0.604,0.6037418302047175,0.6708678095008922,False,197.3993682861328,167.4425048828125,70.26026153564453,97.18224334716797,-29.956863403320312
343,/home/victor-xia/repos/Burst-Coast-MPC/artifacts/MonteCarloData/monte-carlo-data-epoch-304_20260614T212156,mpc-524-5-lambda-0.289,0.2890052881198813,0.4419295568755947,False,99.21055603027344,167.66441345214844,23.207942962646484,144.4564666748047,68.453857421875
344,/home/victor-xia/repos/Burst-Coast-MPC/artifacts/MonteCarloData/monte-carlo-data-epoch-257_20260614T022606,mpc-1321-15-lambda-0.04,0.03958103148859186,0.27295944435054714,False,110.17390441894531,167.8008270263672,7.125403881072998,160.67543029785156,57.626922607421875
345,/home/victor-xia/repos/Burst-Coast-MPC/artifacts/MonteCarloData/monte-carlo-data-epoch-264_20260614T211644,mpc-1503-15-lambda-0.168,0.16841871988335824,0.8015169150727267,True,44.77484893798828,167.82809448242188,37.16273880004883,130.6653594970703,123.0532455444336
346,/home/victor-xia/repos/Burst-Coast-MPC/artifacts/MonteCarloData/monte-carlo-data-epoch-457_20260614T025349,mpc-775-11-lambda-0.663,0.6626439057503338,0.9890538148092335,True,159.4042205810547,167.87501525878906,137.53366088867188,30.341354370117188,8.470794677734375
347,/home/victor-xia/repos/Burst-Coast-MPC/artifacts/MonteCarloData/monte-carlo-data-epoch-234_20260614T211234,mpc-974-10-lambda-0.915,0.9150234759384569,0.9688427987036535,True,173.96701049804688,168.17433166503906,164.06825256347656,4.1060791015625,-5.7926788330078125
348,/home/victor-xia/repos/Burst-Coast-MPC/artifacts/MonteCarloData/monte-carlo-data-epoch-156_20260614T210300,mpc-330-3-lambda-0.408,0.4075399025899026,0.8015070030197292,False,188.92153930664062,168.2271270751953,69.52206420898438,98.70506286621094,-20.694412231445312
349,/home/victor-xia/repos/Burst-Coast-MPC/artifacts/MonteCarloData/monte-carlo-data-epoch-99_20260614T020526,mpc-1852-19-lambda-0.494,0.4938864731897063,0.6778319545706187,True,57.532344818115234,168.40457153320312,57.288246154785156,111.11632537841797,110.87222290039062
350,/home/victor-xia/repos/Burst-Coast-MPC/artifacts/MonteCarloData/monte-carlo-data-epoch-9_20260613T233517,mpc-528-8-lambda-0.505,0.5052693381813592,0.7944482468928007,True,87.00308990478516,168.58917236328125,74.82633209228516,93.7628402709961,81.5860824584961
351,/home/victor-xia/repos/Burst-Coast-MPC/artifacts/MonteCarloData/monte-carlo-data-epoch-248_20260614T211446,mpc-453-6-lambda-0.861,0.8608004978511851,0.3624852809751172,False,87.26526641845703,169.10064697265625,40.17095184326172,128.9296875,81.83538055419922
352,/home/victor-xia/repos/Burst-Coast-MPC/artifacts/MonteCarloData/monte-carlo-data-epoch-264_20260614T022644,mpc-2571-28-lambda-0.531,0.5306443667293476,0.5954157726146447,False,200.25872802734375,169.62060546875,54.49318313598633,115.12742614746094,-30.63812255859375
353,/home/victor-xia/repos/Burst-Coast-MPC/artifacts/MonteCarloData/monte-carlo-data-epoch-121_20260614T020847,mpc-0-0-lambda-0.17,0.17032655976313366,0.02793301980369397,False,92.48564147949219,169.6504364013672,2.258136034011841,167.39230346679688,77.164794921875
354,/home/victor-xia/repos/Burst-Coast-MPC/artifacts/MonteCarloData/monte-carlo-data-epoch-245_20260614T211411,mpc-1123-11-lambda-0.769,0.7694472533907827,0.025834501274986696,False,156.9288787841797,169.6737060546875,2.4464571475982666,167.2272491455078,12.744827270507812
355,/home/victor-xia/repos/Burst-Coast-MPC/artifacts/MonteCarloData/monte-carlo-data-epoch-184_20260614T210609,mpc-728-8-lambda-0.119,0.11885260661787726,0.2960174825316784,False,199.8790740966797,169.74549865722656,10.298460006713867,159.44703674316406,-30.133575439453125
356,/home/victor-xia/repos/Burst-Coast-MPC/artifacts/MonteCarloData/monte-carlo-data-epoch-447_20260614T025152,mpc-621-5-lambda-0.522,0.5219133810871563,0.7111429789490977,False,200.1610870361328,169.76205444335938,70.57787322998047,99.1841812133789,-30.399032592773438
357,/home/victor-xia/repos/Burst-Coast-MPC/artifacts/MonteCarloData/monte-carlo-data-epoch-36_20260614T204553,mpc-281-4-lambda-0.837,0.8370470608413549,0.012092654545182052,False,65.40386962890625,169.905029296875,1.6101412773132324,168.29489135742188,104.50115966796875
358,/home/victor-xia/repos/Burst-Coast-MPC/artifacts/MonteCarloData/monte-carlo-data-epoch-96_20260614T205400,mpc-234-4-lambda-0.28,0.28002403929005554,0.7574719826316442,True,51.891021728515625,170.3043670654297,45.813907623291016,124.49046325683594,118.41334533691406
359,/home/victor-xia/repos/Burst-Coast-MPC/artifacts/MonteCarloData/monte-carlo-data-epoch-453_20260614T025300,mpc-1512-15-lambda-0.994,0.9942186561250046,0.4550481499359978,False,67.0179214477539,170.6866455078125,56.94858932495117,113.73805236816406,103.6687240600586
360,/home/victor-xia/repos/Burst-Coast-MPC/artifacts/MonteCarloData/monte-carlo-data-epoch-275_20260614T211801,mpc-1283-13-lambda-0.899,0.8985386353840221,0.48132183295594355,False,121.80986785888672,171.428466796875,64.63988494873047,106.78858184814453,49.61859893798828
361,/home/victor-xia/repos/Burst-Coast-MPC/artifacts/MonteCarloData/monte-carlo-data-epoch-285_20260614T022947,mpc-1044-10-lambda-0.944,0.9443016732715818,0.88271925062272,False,273.60357666015625,171.6866455078125,161.36944580078125,10.31719970703125,-101.91693115234375
362,/home/victor-xia/repos/Burst-Coast-MPC/artifacts/MonteCarloData/monte-carlo-data-epoch-366_20260614T024007,mpc-1753-19-lambda-0.94,0.9397319007280706,0.3150786321196249,False,88.6655502319336,171.89271545410156,35.06932067871094,136.82339477539062,83.22716522216797
363,/home/victor-xia/repos/Burst-Coast-MPC/artifacts/MonteCarloData/monte-carlo-data-epoch-77_20260614T020235,mpc-1300-10-lambda-0.469,0.4691604842432299,0.7603299087414297,False,400.7508850097656,171.96377563476562,70.13151550292969,101.83226013183594,-228.787109375
364,/home/victor-xia/repos/Burst-Coast-MPC/artifacts/MonteCarloData/monte-carlo-data-epoch-189_20260614T021734,mpc-889-10-lambda-0.174,0.1737250020137253,0.64226776580224,False,103.88267517089844,172.04220581054688,29.93102264404297,142.11117553710938,68.15953063964844
365,/home/victor-xia/repos/Burst-Coast-MPC/artifacts/MonteCarloData/monte-carlo-data-epoch-53_20260613T234112,mpc-1061-12-lambda-0.647,0.6473360495573159,0.44476836660560637,False,74.6690444946289,172.20010375976562,41.030616760253906,131.16949462890625,97.53105926513672
366,/home/victor-xia/repos/Burst-Coast-MPC/artifacts/MonteCarloData/monte-carlo-data-epoch-215_20260614T210955,mpc-500-4-lambda-0.991,0.9913590742760765,0.6885840260564058,False,300.4111633300781,172.22393798828125,112.03976440429688,60.184173583984375,-128.18722534179688
367,/home/victor-xia/repos/Burst-Coast-MPC/artifacts/MonteCarloData/monte-carlo-data-epoch-307_20260614T212219,mpc-1178-8-lambda-0.132,0.13189435605237934,0.8565307562238852,False,115.01024627685547,172.69834899902344,34.633331298828125,138.0650177001953,57.68810272216797
368,/home/victor-xia/repos/Burst-Coast-MPC/artifacts/MonteCarloData/monte-carlo-data-epoch-80_20260614T020310,mpc-718-6-lambda-0.49,0.4903352912154215,0.8603879293426079,False,228.52194213867188,172.77088928222656,80.13702392578125,92.63386535644531,-55.75105285644531
369,/home/victor-xia/repos/Burst-Coast-MPC/artifacts/MonteCarloData/monte-carlo-data-epoch-336_20260614T212603,mpc-1723-17-lambda-0.146,0.1464342154495486,0.578289911450055,False,81.59869384765625,173.61911010742188,22.44408416748047,151.17501831054688,92.02041625976562
370,/home/victor-xia/repos/Burst-Coast-MPC/artifacts/MonteCarloData/monte-carlo-data-epoch-235_20260614T022253,mpc-1295-11-lambda-0.407,0.4072918250606592,0.6387105341466232,False,172.94102478027344,173.67422485351562,48.031795501708984,125.64242553710938,0.7332000732421875
371,/home/victor-xia/repos/Burst-Coast-MPC/artifacts/MonteCarloData/monte-carlo-data-epoch-119_20260614T020837,mpc-271-2-lambda-0.249,0.24929008848995682,0.8656969202038515,True,57.79152297973633,173.67477416992188,50.40298080444336,123.27178955078125,115.88325500488281
372,/home/victor-xia/repos/Burst-Coast-MPC/artifacts/MonteCarloData/monte-carlo-data-epoch-337_20260614T023646,mpc-1493-14-lambda-0.761,0.7612404105121214,0.6692993009095695,True,83.47588348388672,174.02432250976562,82.65509796142578,91.36922454833984,90.5484390258789
373,/home/victor-xia/repos/Burst-Coast-MPC/artifacts/MonteCarloData/monte-carlo-data-epoch-529_20260614T030357,mpc-1618-19-lambda-0.548,0.5478158351610308,0.874704864233971,False,189.0795135498047,174.25839233398438,98.89308166503906,75.36531066894531,-14.821121215820312
374,/home/victor-xia/repos/Burst-Coast-MPC/artifacts/MonteCarloData/monte-carlo-data-epoch-273_20260614T211739,mpc-1611-20-lambda-0.526,0.5263287676643138,0.7549630937491374,True,74.89427185058594,175.06271362304688,71.9020767211914,103.16063690185547,100.16844177246094
375,/home/victor-xia/repos/Burst-Coast-MPC/artifacts/MonteCarloData/monte-carlo-data-epoch-148_20260614T021217,mpc-1761-13-lambda-0.081,0.08106531442001944,0.6306412811792702,False,115.77449798583984,175.2078399658203,19.752796173095703,155.45504760742188,59.43334197998047
376,/home/victor-xia/repos/Burst-Coast-MPC/artifacts/MonteCarloData/monte-carlo-data-epoch-215_20260614T210955,mpc-638-5-lambda-0.946,0.9463966896212948,0.6061196266005785,False,154.4431915283203,175.41912841796875,84.04581451416016,91.3733139038086,20.975936889648438
377,/home/victor-xia/repos/Burst-Coast-MPC/artifacts/MonteCarloData/monte-carlo-data-epoch-481_20260614T025716,mpc-2093-17-lambda-0.031,0.030707488732079194,0.7378682820170053,False,41.15365219116211,175.45883178710938,18.386632919311523,157.07220458984375,134.30517578125
378,/home/victor-xia/repos/Burst-Coast-MPC/artifacts/MonteCarloData/monte-carlo-data-epoch-46_20260614T015831,mpc-1819-18-lambda-0.181,0.1807545440960827,0.1471252054429677,False,329.9937744140625,175.54071044921875,6.32692289352417,169.2137908935547,-154.45306396484375
379,/home/victor-xia/repos/Burst-Coast-MPC/artifacts/MonteCarloData/monte-carlo-data-epoch-429_20260614T024928,mpc-1421-14-lambda-0.946,0.9464912682080434,0.04224111594346179,False,109.5370864868164,175.55885314941406,4.021849632263184,171.53700256347656,66.02176666259766
380,/home/victor-xia/repos/Burst-Coast-MPC/artifacts/MonteCarloData/monte-carlo-data-epoch-408_20260614T024616,mpc-123-1-lambda-0.569,0.5687434601456224,0.12638799006730522,False,236.55064392089844,175.6625213623047,9.931870460510254,165.73065185546875,-60.88812255859375
381,/home/victor-xia/repos/Burst-Coast-MPC/artifacts/MonteCarloData/monte-carlo-data-epoch-119_20260614T205716,mpc-646-8-lambda-0.366,0.36566956262314765,0.48860399990879744,False,117.63863372802734,176.26678466796875,32.11029815673828,144.156494140625,58.628150939941406
382,/home/victor-xia/repos/Burst-Coast-MPC/artifacts/MonteCarloData/monte-carlo-data-epoch-385_20260614T024253,mpc-1206-10-lambda-0.945,0.944984818163369,0.09517788384099703,False,179.75100708007812,176.30467224121094,10.371061325073242,165.93360900878906,-3.4463348388671875
383,/home/victor-xia/repos/Burst-Coast-MPC/artifacts/MonteCarloData/monte-carlo-data-epoch-447_20260614T025152,mpc-764-6-lambda-0.638,0.6377147206418613,0.3725825648478715,False,93.1813735961914,177.01629638671875,33.66053009033203,143.35577392578125,83.83492279052734
384,/home/victor-xia/repos/Burst-Coast-MPC/artifacts/MonteCarloData/monte-carlo-data-epoch-129_20260614T020924,mpc-1787-17-lambda-0.35,0.34975855344007173,0.48998433241938116,False,222.14068603515625,177.40036010742188,29.444795608520508,147.95556640625,-44.740325927734375
385,/home/victor-xia/repos/Burst-Coast-MPC/artifacts/MonteCarloData/monte-carlo-data-epoch-152_20260614T021306,mpc-1936-15-lambda-0.219,0.2193576683093365,0.910147316336662,True,58.14677047729492,177.4173583984375,49.363365173339844,128.05398559570312,119.27058410644531
386,/home/victor-xia/repos/Burst-Coast-MPC/artifacts/MonteCarloData/monte-carlo-data-epoch-122_20260614T205732,mpc-2425-27-lambda-0.845,0.8447199843559889,0.7478949508110216,False,115.84260559082031,177.61590576171875,107.45894622802734,70.1569595336914,61.77330017089844
387,/home/victor-xia/repos/Burst-Coast-MPC/artifacts/MonteCarloData/monte-carlo-data-epoch-332_20260614T212530,mpc-1250-11-lambda-0.373,0.37349348303451924,0.8696746232110135,True,78.0229721069336,177.7174530029297,69.60362243652344,108.11383056640625,99.6944808959961
388,/home/victor-xia/repos/Burst-Coast-MPC/artifacts/MonteCarloData/monte-carlo-data-epoch-116_20260614T020814,mpc-540-4-lambda-0.937,0.9367667585080374,0.3501020408605529,False,144.0699920654297,178.03482055664062,39.64140319824219,138.39341735839844,33.96482849121094
389,/home/victor-xia/repos/Burst-Coast-MPC/artifacts/MonteCarloData/monte-carlo-data-epoch-359_20260614T212926,mpc-1549-17-lambda-0.812,0.8117535348432805,0.06710890818978565,False,291.9126281738281,178.92649841308594,8.014954566955566,170.9115447998047,-112.98612976074219
390,/home/victor-xia/repos/Burst-Coast-MPC/artifacts/MonteCarloData/monte-carlo-data-epoch-168_20260614T021526,mpc-1263-11-lambda-0.306,0.3062651714457256,0.4674326874888315,False,118.1031494140625,179.06423950195312,25.818769454956055,153.24546813964844,60.961090087890625
391,/home/victor-xia/repos/Burst-Coast-MPC/artifacts/MonteCarloData/monte-carlo-data-epoch-52_20260614T204810,mpc-0-0-lambda-0.565,0.5645173239297405,0.7378847712106235,True,77.60140991210938,179.21258544921875,74.59841918945312,104.61416625976562,101.61117553710938
392,/home/victor-xia/repos/Burst-Coast-MPC/artifacts/MonteCarloData/monte-carlo-data-epoch-148_20260614T021217,mpc-1963-15-lambda-0.109,0.10923863154767656,0.5977617452765067,False,47.111183166503906,179.31430053710938,20.505817413330078,158.80848693847656,132.203125
393,/home/victor-xia/repos/Burst-Coast-MPC/artifacts/MonteCarloData/monte-carlo-data-epoch-234_20260614T211234,mpc-786-9-lambda-0.828,0.8281531792020788,0.9377431869627756,False,356.35467529296875,179.35337829589844,154.38731384277344,24.966064453125,-177.0012969970703
394,/home/victor-xia/repos/Burst-Coast-MPC/artifacts/MonteCarloData/monte-carlo-data-epoch-17_20260614T015442,mpc-1675-18-lambda-0.872,0.8719447441691911,0.3647203767789227,False,166.9652862548828,179.96859741210938,41.363182067871094,138.60540771484375,13.003311157226562
395,/home/victor-xia/repos/Burst-Coast-MPC/artifacts/MonteCarloData/monte-carlo-data-epoch-285_20260614T022947,mpc-1287-12-lambda-0.574,0.5738899787241009,0.04606338201854846,False,38.20392990112305,179.98248291015625,4.4701080322265625,175.5123748779297,141.77854919433594
396,/home/victor-xia/repos/Burst-Coast-MPC/artifacts/MonteCarloData/monte-carlo-data-epoch-283_20260614T211850,mpc-743-7-lambda-0.92,0.920298700802247,0.23944877240716084,False,81.6346664428711,180.37347412109375,24.7801513671875,155.59332275390625,98.73880767822266
397,/home/victor-xia/repos/Burst-Coast-MPC/artifacts/MonteCarloData/monte-carlo-data-epoch-46_20260614T015831,mpc-1849-19-lambda-0.328,0.32823038952676975,0.9255945279031496,False,320.1895751953125,180.83352661132812,70.1736831665039,110.65984344482422,-139.35604858398438
398,/home/victor-xia/repos/Burst-Coast-MPC/artifacts/MonteCarloData/monte-carlo-data-epoch-317_20260614T212330,mpc-1054-10-lambda-0.84,0.8403554928953137,0.90023413823271,False,236.20303344726562,180.98931884765625,138.46714782714844,42.52217102050781,-55.213714599609375
399,/home/victor-xia/repos/Burst-Coast-MPC/artifacts/MonteCarloData/monte-carlo-data-epoch-237_20260614T211259,mpc-390-3-lambda-0.755,0.7552817690736195,0.12673716397179502,False,156.30555725097656,181.07464599609375,9.937063217163086,171.13758850097656,24.769088745117188
400,/home/victor-xia/repos/Burst-Coast-MPC/artifacts/MonteCarloData/monte-carlo-data-epoch-119_20260614T205716,mpc-744-9-lambda-0.34,0.33997461079558966,0.8543083585441155,True,72.14674377441406,181.55438232421875,63.57167053222656,117.98271179199219,109.40763854980469
401,/home/victor-xia/repos/Burst-Coast-MPC/artifacts/MonteCarloData/monte-carlo-data-epoch-301_20260614T212132,mpc-2705-29-lambda-0.767,0.7673581908462285,0.4142767441228562,False,52.98512649536133,181.5634765625,42.13507843017578,139.42840576171875,128.57835388183594
402,/home/victor-xia/repos/Burst-Coast-MPC/artifacts/MonteCarloData/monte-carlo-data-epoch-237_20260614T211259,mpc-415-4-lambda-0.442,0.4419281501296625,0.6948669036974346,False,140.9495086669922,181.96763610839844,60.8781852722168,121.08944702148438,41.01812744140625
403,/home/victor-xia/repos/Burst-Coast-MPC/artifacts/MonteCarloData/monte-carlo-data-epoch-285_20260614T022947,mpc-975-9-lambda-0.399,0.39885627691684356,0.3439796172456748,False,311.80242919921875,181.98739624023438,23.958221435546875,158.0291748046875,-129.81503295898438
404,/home/victor-xia/repos/Burst-Coast-MPC/artifacts/MonteCarloData/monte-carlo-data-epoch-75_20260614T205118,mpc-0-0-lambda-0.842,0.8418949912434462,0.7280547096881154,False,139.27162170410156,182.38572692871094,108.21812438964844,74.1676025390625,43.114105224609375
405,/home/victor-xia/repos/Burst-Coast-MPC/artifacts/MonteCarloData/monte-carlo-data-epoch-330_20260614T212521,mpc-319-3-lambda-0.532,0.5315979646389963,0.3908143364579701,False,79.85562896728516,182.94895935058594,31.07766342163086,151.8712921142578,103.09333038330078
406,/home/victor-xia/repos/Burst-Coast-MPC/artifacts/MonteCarloData/monte-carlo-data-epoch-337_20260614T212612,mpc-376-3-lambda-0.763,0.7628103862372555,0.789450436906761,True,106.80033111572266,182.99215698242188,104.77849578857422,78.21366119384766,76.19182586669922
407,/home/victor-xia/repos/Burst-Coast-MPC/artifacts/MonteCarloData/monte-carlo-data-epoch-189_20260614T021734,mpc-865-9-lambda-0.228,0.22845756896532923,0.12161000311946721,False,113.71880340576172,183.60179138183594,6.188909530639648,177.4128875732422,69.88298797607422
408,/home/victor-xia/repos/Burst-Coast-MPC/artifacts/MonteCarloData/monte-carlo-data-epoch-2_20260614T015300,mpc-0-0-lambda-0.61,0.6100349949569327,0.5274656717587402,False,138.5953826904297,184.26510620117188,49.87257385253906,134.3925323486328,45.66972351074219
409,/home/victor-xia/repos/Burst-Coast-MPC/artifacts/MonteCarloData/monte-carlo-data-epoch-155_20260614T210248,mpc-2136-19-lambda-0.333,0.3334035797775313,0.8184594397239696,True,66.04373931884766,184.37741088867188,58.931358337402344,125.44605255126953,118.33367156982422
410,/home/victor-xia/repos/Burst-Coast-MPC/artifacts/MonteCarloData/monte-carlo-data-epoch-72_20260614T205059,mpc-830-9-lambda-0.52,0.5198657658003922,0.04032600453731309,False,234.26876831054688,184.50535583496094,3.2105660438537598,181.29478454589844,-49.76341247558594
411,/home/victor-xia/repos/Burst-Coast-MPC/artifacts/MonteCarloData/monte-carlo-data-epoch-180_20260614T210545,mpc-662-7-lambda-0.227,0.22699532635922592,0.013993632580195495,False,205.47621154785156,184.6050567626953,1.8240102529525757,182.7810516357422,-20.87115478515625
412,/home/victor-xia/repos/Burst-Coast-MPC/artifacts/MonteCarloData/monte-carlo-data-epoch-96_20260614T205400,mpc-94-1-lambda-0.348,0.347589304520571,0.17459158314685608,False,152.53858947753906,184.989501953125,9.091626167297363,175.8978729248047,32.45091247558594
413,/home/victor-xia/repos/Burst-Coast-MPC/artifacts/MonteCarloData/monte-carlo-data-epoch-257_20260614T022606,mpc-1025-12-lambda-0.084,0.08430845963864234,0.8384840526783781,False,222.46572875976562,185.37738037109375,29.017677307128906,156.35971069335938,-37.088348388671875
414,/home/victor-xia/repos/Burst-Coast-MPC/artifacts/MonteCarloData/monte-carlo-data-epoch-316_20260614T212322,mpc-1338-11-lambda-0.137,0.13719835952202783,0.9007959530553193,True,47.33110809326172,185.41159057617188,37.56397247314453,147.84762573242188,138.08047485351562
415,/home/victor-xia/repos/Burst-Coast-MPC/artifacts/MonteCarloData/monte-carlo-data-epoch-72_20260614T205059,mpc-838-10-lambda-0.434,0.4336155298077673,0.6408372272876617,False,229.90333557128906,185.46627807617188,54.169036865234375,131.2972412109375,-44.43705749511719
416,/home/victor-xia/repos/Burst-Coast-MPC/artifacts/MonteCarloData/monte-carlo-data-epoch-148_20260614T021217,mpc-1753-12-lambda-0.705,0.7053888872950299,0.040512839193014696,False,121.37572479248047,185.492431640625,4.016819000244141,181.47561645507812,64.11670684814453
417,/home/victor-xia/repos/Burst-Coast-MPC/artifacts/MonteCarloData/monte-carlo-data-epoch-385_20260614T024253,mpc-1225-11-lambda-0.233,0.23291737851759556,0.5095061746067661,False,163.52944946289062,185.53538513183594,26.687440872192383,158.8479461669922,22.005935668945312
418,/home/victor-xia/repos/Burst-Coast-MPC/artifacts/MonteCarloData/monte-carlo-data-epoch-72_20260614T205059,mpc-759-8-lambda-0.161,0.16084848678757546,0.3508719849697183,False,255.5758819580078,185.98814392089844,13.488713264465332,172.4994354248047,-69.58773803710938
419,/home/victor-xia/repos/Burst-Coast-MPC/artifacts/MonteCarloData/monte-carlo-data-epoch-360_20260614T023922,mpc-1432-14-lambda-0.052,0.051799509017850666,0.5143010953405099,False,231.72987365722656,186.72093200683594,15.32317066192627,171.39776611328125,-45.008941650390625
420,/home/victor-xia/repos/Burst-Coast-MPC/artifacts/MonteCarloData/monte-carlo-data-epoch-76_20260614T205120,mpc-0-0-lambda-0.856,0.8561320778679911,0.104250333696162,False,211.585693359375,186.85885620117188,9.510368347167969,177.34848022460938,-24.726837158203125
421,/home/victor-xia/repos/Burst-Coast-MPC/artifacts/MonteCarloData/monte-carlo-data-epoch-182_20260614T021647,mpc-846-6-lambda-0.789,0.7887911896135754,0.8607965336806369,False,278.2219543457031,187.22024536132812,133.78164672851562,53.4385986328125,-91.001708984375
422,/home/victor-xia/repos/Burst-Coast-MPC/artifacts/MonteCarloData/monte-carlo-data-epoch-155_20260614T210248,mpc-1887-17-lambda-0.158,0.15794787339733696,0.4616552475397816,False,227.12579345703125,187.29147338867188,17.488126754760742,169.8033447265625,-39.834320068359375
423,/home/victor-xia/repos/Burst-Coast-MPC/artifacts/MonteCarloData/monte-carlo-data-epoch-193_20260614T210711,mpc-2212-24-lambda-0.204,0.20384290422580423,0.7647883527449569,False,90.60466766357422,187.53233337402344,41.97294235229492,145.55938720703125,96.92766571044922
424,/home/victor-xia/repos/Burst-Coast-MPC/artifacts/MonteCarloData/monte-carlo-data-epoch-378_20260614T213220,mpc-1321-14-lambda-0.321,0.32097670730165506,0.5275466818158681,False,74.70889282226562,188.18019104003906,33.29306411743164,154.8871307373047,113.47129821777344
425,/home/victor-xia/repos/Burst-Coast-MPC/artifacts/MonteCarloData/monte-carlo-data-epoch-525_20260614T030332,mpc-1244-11-lambda-0.333,0.33277799956377274,0.7710813091398985,False,125.7326889038086,188.66688537597656,55.59444808959961,133.0724334716797,62.93419647216797
426,/home/victor-xia/repos/Burst-Coast-MPC/artifacts/MonteCarloData/monte-carlo-data-epoch-110_20260614T020707,mpc-1495-15-lambda-0.821,0.8208528770894029,0.36392213257942374,False,239.1869659423828,188.70242309570312,37.399803161621094,151.3026123046875,-50.48454284667969
427,/home/victor-xia/repos/Burst-Coast-MPC/artifacts/MonteCarloData/monte-carlo-data-epoch-66_20260614T204948,mpc-2261-19-lambda-0.132,0.13226557675755185,0.8008010073389829,False,98.00108337402344,188.91424560546875,33.83622741699219,155.07801818847656,90.91316223144531
428,/home/victor-xia/repos/Burst-Coast-MPC/artifacts/MonteCarloData/monte-carlo-data-epoch-501_20260614T030005,mpc-994-7-lambda-0.813,0.8126141819572241,0.9413839968906426,True,185.60943603515625,188.91473388671875,155.85333251953125,33.0614013671875,3.3052978515625
429,/home/victor-xia/repos/Burst-Coast-MPC/artifacts/MonteCarloData/monte-carlo-data-epoch-187_20260614T210626,mpc-536-4-lambda-0.832,0.8322379412567874,0.6101571330847542,False,168.8057403564453,189.211669921875,84.0969467163086,105.1147232055664,20.405929565429688
430,/home/victor-xia/repos/Burst-Coast-MPC/artifacts/MonteCarloData/monte-carlo-data-epoch-325_20260614T023534,mpc-1578-15-lambda-0.034,0.03379165576439984,0.41469623674708234,False,131.51974487304688,189.3181915283203,10.367371559143066,178.95082092285156,57.79844665527344
431,/home/victor-xia/repos/Burst-Coast-MPC/artifacts/MonteCarloData/monte-carlo-data-epoch-528_20260614T030346,mpc-1604-21-lambda-0.288,0.28774040411408286,0.07640167362096043,False,93.5066909790039,189.8059844970703,3.900179386138916,185.9058074951172,96.2992935180664
432,/home/victor-xia/repos/Burst-Coast-MPC/artifacts/MonteCarloData/monte-carlo-data-epoch-501_20260614T030005,mpc-631-4-lambda-0.739,0.7393304514231686,0.32101852047398016,False,370.71270751953125,189.9549102783203,31.56634521484375,158.38856506347656,-180.75779724121094
433,/home/victor-xia/repos/Burst-Coast-MPC/artifacts/MonteCarloData/monte-carlo-data-epoch-3_20260614T204116,mpc-289-2-lambda-0.891,0.8905089240206191,0.8096524814872185,True,126.47440338134766,190.2207794189453,124.4039306640625,65.81684875488281,63.746376037597656
434,/home/victor-xia/repos/Burst-Coast-MPC/artifacts/MonteCarloData/monte-carlo-data-epoch-140_20260614T021100,mpc-1581-20-lambda-0.952,0.9522109749760256,0.5202746796284449,False,130.59756469726562,191.48468017578125,70.79483795166016,120.6898422241211,60.887115478515625
435,/home/victor-xia/repos/Burst-Coast-MPC/artifacts/MonteCarloData/monte-carlo-data-epoch-527_20260614T030343,mpc-0-0-lambda-0.693,0.6926843774142315,0.9887906925959877,True,183.30712890625,191.63328552246094,146.7045135498047,44.92877197265625,8.326156616210938
436,/home/victor-xia/repos/Burst-Coast-MPC/artifacts/MonteCarloData/monte-carlo-data-epoch-458_20260614T025355,mpc-1485-12-lambda-0.57,0.5700606875189846,0.9649378821607614,False,152.8500518798828,191.9004669189453,113.39266967773438,78.50779724121094,39.0504150390625
437,/home/victor-xia/repos/Burst-Coast-MPC/artifacts/MonteCarloData/monte-carlo-data-epoch-193_20260614T210711,mpc-2056-22-lambda-0.387,0.38693757788514277,0.4006275864062411,False,165.30007934570312,192.1387939453125,26.68184471130371,165.4569549560547,26.838714599609375
438,/home/victor-xia/repos/Burst-Coast-MPC/artifacts/MonteCarloData/monte-carlo-data-epoch-467_20260614T025519,mpc-1174-13-lambda-0.164,0.163627002745125,0.5252565996185568,False,245.37741088867188,192.64060974121094,22.840139389038086,169.80047607421875,-52.73680114746094
439,/home/victor-xia/repos/Burst-Coast-MPC/artifacts/MonteCarloData/monte-carlo-data-epoch-72_20260614T205059,mpc-1111-12-lambda-0.851,0.8511186113579323,0.4661585742753383,False,112.44998931884766,193.19601440429688,53.6685676574707,139.52745056152344,80.74602508544922
440,/home/victor-xia/repos/Burst-Coast-MPC/artifacts/MonteCarloData/monte-carlo-data-epoch-32_20260613T233806,mpc-1788-17-lambda-0.681,0.6814968801464935,0.7365467407353791,False,173.84963989257812,193.24069213867188,88.97644805908203,104.26424407958984,19.39105224609375
441,/home/victor-xia/repos/Burst-Coast-MPC/artifacts/MonteCarloData/monte-carlo-data-epoch-116_20260614T205651,mpc-427-3-lambda-0.425,0.42457453781679355,0.6586004967416341,False,97.83430480957031,193.71768188476562,55.75957107543945,137.95811462402344,95.88337707519531
442,/home/victor-xia/repos/Burst-Coast-MPC/artifacts/MonteCarloData/monte-carlo-data-epoch-9_20260613T233517,mpc-351-7-lambda-0.593,0.5929170018789092,0.8821897410098963,False,245.3835906982422,193.9486083984375,101.35237121582031,92.59623718261719,-51.43498229980469
443,/home/victor-xia/repos/Burst-Coast-MPC/artifacts/MonteCarloData/monte-carlo-data-epoch-129_20260614T020924,mpc-1885-18-lambda-0.032,0.03174617947029751,0.41383102627091745,False,175.2921142578125,194.7266082763672,10.269911766052246,184.45669555664062,19.434494018554688
444,/home/victor-xia/repos/Burst-Coast-MPC/artifacts/MonteCarloData/monte-carlo-data-epoch-31_20260613T233752,mpc-2618-25-lambda-0.392,0.3919149088367691,0.9987194913922489,True,94.96731567382812,194.8797607421875,84.07372283935547,110.80603790283203,99.91244506835938
445,/home/victor-xia/repos/Burst-Coast-MPC/artifacts/MonteCarloData/monte-carlo-data-epoch-45_20260614T204640,mpc-1256-9-lambda-0.045,0.044606872624346955,0.6561226339088922,False,309.1423034667969,194.98318481445312,17.63572120666504,177.3474578857422,-114.15911865234375
446,/home/victor-xia/repos/Burst-Coast-MPC/artifacts/MonteCarloData/monte-carlo-data-epoch-286_20260614T022956,mpc-0-0-lambda-0.818,0.8182224351356775,0.31713822950782794,False,292.9451599121094,195.31224060058594,34.735774993896484,160.5764617919922,-97.63291931152344
447,/home/victor-xia/repos/Burst-Coast-MPC/artifacts/MonteCarloData/monte-carlo-data-epoch-471_20260614T025604,mpc-179-1-lambda-0.602,0.6017208385450078,0.8083166655592523,False,179.8440704345703,195.62623596191406,95.80593872070312,99.82029724121094,15.78216552734375
448,/home/victor-xia/repos/Burst-Coast-MPC/artifacts/MonteCarloData/monte-carlo-data-epoch-160_20260614T210323,mpc-1198-12-lambda-0.749,0.7488409480612008,0.021591424843621317,False,129.4228973388672,195.7578887939453,1.5443494319915771,194.2135467529297,66.33499145507812
449,/home/victor-xia/repos/Burst-Coast-MPC/artifacts/MonteCarloData/monte-carlo-data-epoch-91_20260614T205320,mpc-1374-14-lambda-0.406,0.4058528918375956,0.22160787156016853,False,142.78872680664062,195.92877197265625,12.911883354187012,183.0168914794922,53.140045166015625
450,/home/victor-xia/repos/Burst-Coast-MPC/artifacts/MonteCarloData/monte-carlo-data-epoch-79_20260614T205138,mpc-1554-16-lambda-0.769,0.7689000335030786,0.382500476457555,False,184.58566284179688,196.57968139648438,41.62685775756836,154.95281982421875,11.9940185546875
451,/home/victor-xia/repos/Burst-Coast-MPC/artifacts/MonteCarloData/monte-carlo-data-epoch-317_20260614T212330,mpc-1047-9-lambda-0.609,0.6085569323464505,0.03612477877271596,False,238.24620056152344,196.590576171875,2.5431015491485596,194.04747009277344,-41.65562438964844
452,/home/victor-xia/repos/Burst-Coast-MPC/artifacts/MonteCarloData/monte-carlo-data-epoch-425_20260614T024906,mpc-902-7-lambda-0.505,0.5052781970832673,0.5231302209222695,False,153.27175903320312,196.7424774169922,45.04533767700195,151.6971435546875,43.47071838378906
453,/home/victor-xia/repos/Burst-Coast-MPC/artifacts/MonteCarloData/monte-carlo-data-epoch-110_20260614T020707,mpc-1568-16-lambda-0.159,0.1586233794990672,0.8990994073230759,False,179.52293395996094,197.13192749023438,42.78850555419922,154.34341430664062,17.608993530273438
454,/home/victor-xia/repos/Burst-Coast-MPC/artifacts/MonteCarloData/monte-carlo-data-epoch-335_20260614T212559,mpc-303-3-lambda-0.982,0.9816006224982919,0.8213930341870653,False,205.47996520996094,197.25709533691406,152.107666015625,45.14942932128906,-8.222869873046875
455,/home/victor-xia/repos/Burst-Coast-MPC/artifacts/MonteCarloData/monte-carlo-data-epoch-385_20260614T213311,mpc-2634-22-lambda-0.633,0.6327638425284032,0.05635392181970583,False,214.1680450439453,197.39634704589844,4.0603132247924805,193.33602905273438,-16.771697998046875
456,/home/victor-xia/repos/Burst-Coast-MPC/artifacts/MonteCarloData/monte-carlo-data-epoch-49_20260614T204733,mpc-1640-14-lambda-0.455,0.45537117410496597,0.09597358256889982,False,151.73281860351562,197.40670776367188,5.6461896896362305,191.76051330566406,45.67388916015625
457,/home/victor-xia/repos/Burst-Coast-MPC/artifacts/MonteCarloData/monte-carlo-data-epoch-387_20260614T213331,mpc-165-1-lambda-0.949,0.9487098373452378,0.2624708248217911,False,160.16168212890625,197.54209899902344,28.760046005249023,168.7820587158203,37.38041687011719
458,/home/victor-xia/repos/Burst-Coast-MPC/artifacts/MonteCarloData/monte-carlo-data-epoch-351_20260614T023825,mpc-2915-31-lambda-0.423,0.422852623089578,0.05685958802116467,False,159.76124572753906,198.2539520263672,4.270228385925293,193.9837188720703,38.492706298828125
459,/home/victor-xia/repos/Burst-Coast-MPC/artifacts/MonteCarloData/monte-carlo-data-epoch-437_20260614T025016,mpc-1618-16-lambda-0.505,0.505259008289712,0.27289658599959227,False,218.62078857421875,198.45077514648438,19.564783096313477,178.885986328125,-20.170013427734375
460,/home/victor-xia/repos/Burst-Coast-MPC/artifacts/MonteCarloData/monte-carlo-data-epoch-273_20260614T211739,mpc-1520-19-lambda-0.904,0.9036163123714855,0.4536623377486785,False,148.7101287841797,198.80819702148438,57.07845687866211,141.729736328125,50.09806823730469
461,/home/victor-xia/repos/Burst-Coast-MPC/artifacts/MonteCarloData/monte-carlo-data-epoch-304_20260614T212156,mpc-177-2-lambda-0.091,0.09064573181829104,0.579094784008554,False,343.7539367675781,199.0634002685547,18.769062042236328,180.29434204101562,-144.69053649902344
462,/home/victor-xia/repos/Burst-Coast-MPC/artifacts/MonteCarloData/monte-carlo-data-epoch-222_20260614T022125,mpc-1845-17-lambda-0.192,0.1921939673041385,0.8276901852848733,False,148.86431884765625,199.63616943359375,41.43077850341797,158.20538330078125,50.7718505859375
463,/home/victor-xia/repos/Burst-Coast-MPC/artifacts/MonteCarloData/monte-carlo-data-epoch-45_20260614T204640,mpc-1519-12-lambda-0.068,0.06842254167407236,0.7309877097263527,False,211.69029235839844,200.0908660888672,23.206022262573242,176.8848419189453,-11.59942626953125
464,/home/victor-xia/repos/Burst-Coast-MPC/artifacts/MonteCarloData/monte-carlo-data-epoch-220_20260614T022118,mpc-330-5-lambda-0.326,0.3264780342756466,0.7278687014936139,False,77.15385437011719,200.42660522460938,50.989173889160156,149.43743896484375,123.27275085449219
465,/home/victor-xia/repos/Burst-Coast-MPC/artifacts/MonteCarloData/monte-carlo-data-epoch-66_20260614T020112,mpc-90-1-lambda-0.315,0.3145366408933176,0.2026144616971637,False,100.74168395996094,200.70420837402344,10.041685104370117,190.6625213623047,99.9625244140625
466,/home/victor-xia/repos/Burst-Coast-MPC/artifacts/MonteCarloData/monte-carlo-data-epoch-113_20260614T020738,mpc-266-3-lambda-0.822,0.8217061203485553,0.45672298663807565,False,136.74356079101562,200.9332733154297,52.55484390258789,148.37843322753906,64.18971252441406
467,/home/victor-xia/repos/Burst-Coast-MPC/artifacts/MonteCarloData/monte-carlo-data-epoch-336_20260614T212603,mpc-1554-16-lambda-0.148,0.14756329353142497,0.8394273571675983,False,141.5518035888672,200.9622802734375,37.71484375,163.2474365234375,59.41047668457031
468,/home/victor-xia/repos/Burst-Coast-MPC/artifacts/MonteCarloData/monte-carlo-data-epoch-359_20260614T212926,mpc-1540-16-lambda-0.838,0.8383893521691941,0.044093084573110466,False,298.81829833984375,201.72203063964844,4.825345993041992,196.8966827392578,-97.09626770019531
469,/home/victor-xia/repos/Burst-Coast-MPC/artifacts/MonteCarloData/monte-carlo-data-epoch-31_20260614T015626,mpc-73-2-lambda-0.768,0.7679041429825377,0.8002662271886029,True,100.53042602539062,202.37725830078125,101.54495239257812,100.83230590820312,101.84683227539062
470,/home/victor-xia/repos/Burst-Coast-MPC/artifacts/MonteCarloData/monte-carlo-data-epoch-273_20260614T211739,mpc-1476-18-lambda-0.333,0.3326671889910107,0.21885989549132595,False,166.2625274658203,202.4792022705078,11.078986167907715,191.4002227783203,36.2166748046875
471,/home/victor-xia/repos/Burst-Coast-MPC/artifacts/MonteCarloData/monte-carlo-data-epoch-193_20260614T021758,mpc-1705-15-lambda-0.947,0.9473845751335095,0.6555096042534312,False,130.65235900878906,202.64625549316406,91.00265502929688,111.64360046386719,71.993896484375
472,/home/victor-xia/repos/Burst-Coast-MPC/artifacts/MonteCarloData/monte-carlo-data-epoch-242_20260614T022357,mpc-611-7-lambda-0.369,0.36887496306493955,0.4447090457085985,False,223.17034912109375,203.04788208007812,27.789325714111328,175.25856018066406,-20.122467041015625
473,/home/victor-xia/repos/Burst-Coast-MPC/artifacts/MonteCarloData/monte-carlo-data-epoch-257_20260614T022606,mpc-1255-14-lambda-0.21,0.209507370141945,0.32943049821662157,False,132.29713439941406,203.057373046875,15.575263977050781,187.48211669921875,70.76023864746094
474,/home/victor-xia/repos/Burst-Coast-MPC/artifacts/MonteCarloData/monte-carlo-data-epoch-91_20260614T205320,mpc-1241-13-lambda-0.34,0.33970573199160187,0.6618804239184598,False,216.71434020996094,203.121826171875,46.2877311706543,156.83409118652344,-13.592514038085938
475,/home/victor-xia/repos/Burst-Coast-MPC/artifacts/MonteCarloData/monte-carlo-data-epoch-152_20260614T021306,mpc-1784-14-lambda-0.985,0.9847677120890858,0.753947896109697,False,241.9529571533203,203.265625,126.06453704833984,77.20108795166016,-38.68733215332031
476,/home/victor-xia/repos/Burst-Coast-MPC/artifacts/MonteCarloData/monte-carlo-data-epoch-41_20260614T015747,mpc-2012-18-lambda-0.782,0.7816639095385799,0.04050807261042437,False,224.6724395751953,203.32847595214844,3.802739381790161,199.52574157714844,-21.343963623046875
477,/home/victor-xia/repos/Burst-Coast-MPC/artifacts/MonteCarloData/monte-carlo-data-epoch-429_20260614T024928,mpc-1336-12-lambda-0.322,0.32183561504665903,0.17922831825912092,False,143.02650451660156,203.74392700195312,10.155723571777344,193.58819580078125,60.71742248535156
478,/home/victor-xia/repos/Burst-Coast-MPC/artifacts/MonteCarloData/monte-carlo-data-epoch-33_20260614T204532,mpc-905-10-lambda-0.691,0.6908273051228276,0.8045990271434925,False,244.91897583007812,203.9461669921875,109.98157501220703,93.96459197998047,-40.972808837890625
479,/home/victor-xia/repos/Burst-Coast-MPC/artifacts/MonteCarloData/monte-carlo-data-epoch-347_20260614T023755,mpc-2226-20-lambda-0.016,0.015861961933924522,0.4485358228572554,False,147.4874267578125,203.95263671875,12.046956062316895,191.9056854248047,56.4652099609375
480,/home/victor-xia/repos/Burst-Coast-MPC/artifacts/MonteCarloData/monte-carlo-data-epoch-40_20260614T204610,mpc-175-1-lambda-0.39,0.39027021425278113,0.8090074910606234,True,107.42241668701172,204.81692504882812,70.5515365600586,134.265380859375,97.3945083618164
481,/home/victor-xia/repos/Burst-Coast-MPC/artifacts/MonteCarloData/monte-carlo-data-epoch-467_20260614T025519,mpc-1280-14-lambda-0.197,0.19714186148328353,0.34343415157603757,False,209.15061950683594,204.90602111816406,14.620387077331543,190.28562927246094,-4.244598388671875
482,/home/victor-xia/repos/Burst-Coast-MPC/artifacts/MonteCarloData/monte-carlo-data-epoch-41_20260614T015747,mpc-2020-19-lambda-0.3,0.2997799471071829,0.3906858331452937,False,219.71498107910156,205.1121826171875,20.533552169799805,184.57862854003906,-14.602798461914062
483,/home/victor-xia/repos/Burst-Coast-MPC/artifacts/MonteCarloData/monte-carlo-data-epoch-332_20260614T212530,mpc-1132-10-lambda-0.792,0.7920786259433596,0.5857941254743443,False,194.2274627685547,205.29786682128906,77.56874084472656,127.7291259765625,11.070404052734375
484,/home/victor-xia/repos/Burst-Coast-MPC/artifacts/MonteCarloData/monte-carlo-data-epoch-189_20260614T021734,mpc-859-8-lambda-0.737,0.7367031391219426,0.02744002391458794,False,117.43729400634766,205.7694091796875,3.094111204147339,202.67529296875,88.33211517333984
485,/home/victor-xia/repos/Burst-Coast-MPC/artifacts/MonteCarloData/monte-carlo-data-epoch-264_20260614T211644,mpc-1247-12-lambda-0.507,0.507489245390511,0.6070311814731147,False,192.7765655517578,205.88906860351562,54.945960998535156,150.943115234375,13.112503051757812
486,/home/victor-xia/repos/Burst-Coast-MPC/artifacts/MonteCarloData/monte-carlo-data-epoch-53_20260613T234112,mpc-975-11-lambda-0.048,0.047992391863597765,0.4289601346473159,False,93.17425537109375,206.36782836914062,11.774947166442871,194.59288024902344,113.19357299804688
487,/home/victor-xia/repos/Burst-Coast-MPC/artifacts/MonteCarloData/monte-carlo-data-epoch-257_20260614T022606,mpc-933-11-lambda-0.391,0.391087867509766,0.46019761791013064,False,271.2850036621094,207.70205688476562,30.639034271240234,177.06301879882812,-63.58294677734375
488,/home/victor-xia/repos/Burst-Coast-MPC/artifacts/MonteCarloData/monte-carlo-data-epoch-394_20260614T213444,mpc-360-2-lambda-0.068,0.06754919002660917,0.8365774839293678,False,151.33291625976562,208.95684814453125,27.175270080566406,181.78158569335938,57.623931884765625
489,/home/victor-xia/repos/Burst-Coast-MPC/artifacts/MonteCarloData/monte-carlo-data-epoch-79_20260614T205138,mpc-1549-15-lambda-0.895,0.8949513804031232,0.023638726185041085,False,188.79600524902344,209.52630615234375,2.976637601852417,206.54966735839844,20.730300903320312
490,/home/victor-xia/repos/Burst-Coast-MPC/artifacts/MonteCarloData/monte-carlo-data-epoch-187_20260614T021727,mpc-790-7-lambda-0.687,0.6866179372693997,0.746441187036361,True,89.07357025146484,209.67666625976562,86.4204330444336,123.25623321533203,120.60309600830078
491,/home/victor-xia/repos/Burst-Coast-MPC/artifacts/MonteCarloData/monte-carlo-data-epoch-307_20260614T212219,mpc-943-6-lambda-0.331,0.3305644530488372,0.5988265141161702,False,285.37548828125,209.77171325683594,39.6097412109375,170.16197204589844,-75.60377502441406
492,/home/victor-xia/repos/Burst-Coast-MPC/artifacts/MonteCarloData/monte-carlo-data-epoch-90_20260614T020433,mpc-997-11-lambda-0.787,0.7874428740023458,0.936722629330619,False,255.6861572265625,209.8639373779297,143.4904327392578,66.37350463867188,-45.82221984863281
493,/home/victor-xia/repos/Burst-Coast-MPC/artifacts/MonteCarloData/monte-carlo-data-epoch-528_20260614T030346,mpc-1598-20-lambda-0.387,0.38728479110357933,0.03211135005668458,False,96.68289184570312,209.87979125976562,2.601980686187744,207.27781677246094,113.1968994140625
494,/home/victor-xia/repos/Burst-Coast-MPC/artifacts/MonteCarloData/monte-carlo-data-epoch-5_20260613T233433,mpc-2055-24-lambda-0.892,0.8920849944850157,0.19626713628934406,False,213.5249786376953,210.00469970703125,18.455720901489258,191.54898071289062,-3.5202789306640625
495,/home/victor-xia/repos/Burst-Coast-MPC/artifacts/MonteCarloData/monte-carlo-data-epoch-220_20260614T022118,mpc-58-2-lambda-0.025,0.02483560240460611,0.6761528055624436,False,182.34405517578125,210.16244506835938,16.81922721862793,193.3432159423828,27.818389892578125
496,/home/victor-xia/repos/Burst-Coast-MPC/artifacts/MonteCarloData/monte-carlo-data-epoch-245_20260614T211411,mpc-1196-13-lambda-0.335,0.33542758766946623,0.9801859143166952,True,108.53887939453125,210.5008544921875,84.00199127197266,126.49886322021484,101.96197509765625
497,/home/victor-xia/repos/Burst-Coast-MPC/artifacts/MonteCarloData/monte-carlo-data-epoch-406_20260614T024600,mpc-339-2-lambda-0.122,0.12213669874111827,0.3494196907344431,False,266.7430114746094,210.68690490722656,12.314348220825195,198.37255859375,-56.05610656738281
498,/home/victor-xia/repos/Burst-Coast-MPC/artifacts/MonteCarloData/monte-carlo-data-epoch-339_20260614T023659,mpc-254-3-lambda-0.363,0.36315030663475245,0.9572515139117589,False,166.6963348388672,210.81723022460938,83.50137329101562,127.31585693359375,44.12089538574219
499,/home/victor-xia/repos/Burst-Coast-MPC/artifacts/MonteCarloData/monte-carlo-data-epoch-281_20260614T022911,mpc-1112-11-lambda-0.727,0.7274513012227727,0.9693084922006858,True,193.90159606933594,211.10928344726562,147.3411865234375,63.768096923828125,17.207687377929688
500,/home/victor-xia/repos/Burst-Coast-MPC/artifacts/MonteCarloData/monte-carlo-data-epoch-77_20260614T020235,mpc-1453-11-lambda-0.474,0.47429390701047486,0.7405665903124349,False,288.66571044921875,211.1810302734375,66.20085906982422,144.98016357421875,-77.48468017578125
501,/home/victor-xia/repos/Burst-Coast-MPC/artifacts/MonteCarloData/monte-carlo-data-epoch-106_20260614T205523,mpc-82-1-lambda-0.925,0.9248257334319682,0.8904700254070359,True,156.26156616210938,211.3074493408203,148.84844970703125,62.45899963378906,55.04588317871094
502,/home/victor-xia/repos/Burst-Coast-MPC/artifacts/MonteCarloData/monte-carlo-data-epoch-129_20260614T020924,mpc-1739-16-lambda-0.681,0.6806063729385469,0.23876827140814535,False,252.78041076660156,211.67410278320312,19.26798439025879,192.40611267089844,-41.10630798339844
503,/home/victor-xia/repos/Burst-Coast-MPC/artifacts/MonteCarloData/monte-carlo-data-epoch-144_20260614T021130,mpc-795-6-lambda-0.442,0.4422440625653516,0.3928842255432272,False,128.76988220214844,211.69351196289062,26.01402473449707,185.6794891357422,82.92362976074219
504,/home/victor-xia/repos/Burst-Coast-MPC/artifacts/MonteCarloData/monte-carlo-data-epoch-267_20260614T022730,mpc-73-2-lambda-0.097,0.09700882999976694,0.900721262649224,False,138.48362731933594,211.74356079101562,33.79509735107422,177.94845581054688,73.25993347167969
505,/home/victor-xia/repos/Burst-Coast-MPC/artifacts/MonteCarloData/monte-carlo-data-epoch-325_20260614T023534,mpc-1396-13-lambda-0.565,0.5652138999192801,0.4774860180450739,False,268.178466796875,211.92953491210938,41.783203125,170.14633178710938,-56.248931884765625
506,/home/victor-xia/repos/Burst-Coast-MPC/artifacts/MonteCarloData/monte-carlo-data-epoch-347_20260614T023755,mpc-2335-22-lambda-0.216,0.21599047410886243,0.18408008704504,False,117.12979125976562,212.0335235595703,9.02377700805664,203.00975036621094,94.90373229980469
507,/home/victor-xia/repos/Burst-Coast-MPC/artifacts/MonteCarloData/monte-carlo-data-epoch-209_20260614T021953,mpc-442-5-lambda-0.928,0.9280153095839866,0.6630622269458121,False,292.0054016113281,212.20166015625,97.3406982421875,114.8609619140625,-79.80374145507812
508,/home/victor-xia/repos/Burst-Coast-MPC/artifacts/MonteCarloData/monte-carlo-data-epoch-288_20260614T023010,mpc-2256-22-lambda-0.106,0.10631157577250003,0.9724610489110938,False,140.068359375,212.22372436523438,38.01247024536133,174.2112579345703,72.15536499023438
509,/home/victor-xia/repos/Burst-Coast-MPC/artifacts/MonteCarloData/monte-carlo-data-epoch-425_20260614T024906,mpc-1007-8-lambda-0.265,0.265007701564359,0.47539879126233325,False,85.42849731445312,212.7201385498047,27.100107192993164,185.62002563476562,127.29164123535156
510,/home/victor-xia/repos/Burst-Coast-MPC/artifacts/MonteCarloData/monte-carlo-data-epoch-31_20260613T233752,mpc-2540-24-lambda-0.815,0.8146849970003991,0.39038326710195154,False,158.0396728515625,212.97543334960938,41.85936737060547,171.11605834960938,54.935760498046875
511,/home/victor-xia/repos/Burst-Coast-MPC/artifacts/MonteCarloData/monte-carlo-data-epoch-360_20260614T023922,mpc-1676-16-lambda-0.658,0.658101919833496,0.9472755178592227,True,141.18374633789062,213.05807495117188,125.07292938232422,87.98514556884766,71.87432861328125
512,/home/victor-xia/repos/Burst-Coast-MPC/artifacts/MonteCarloData/monte-carlo-data-epoch-457_20260614T025349,mpc-641-9-lambda-0.664,0.6638876701195566,0.37738622419640766,False,233.3090057373047,213.11131286621094,35.371124267578125,177.7401885986328,-20.19769287109375
513,/home/victor-xia/repos/Burst-Coast-MPC/artifacts/MonteCarloData/monte-carlo-data-epoch-279_20260614T211828,mpc-183-3-lambda-0.613,0.613150115610333,0.5558227428633511,False,158.5601043701172,213.3299102783203,57.08319091796875,156.24671936035156,54.769805908203125
514,/home/victor-xia/repos/Burst-Coast-MPC/artifacts/MonteCarloData/monte-carlo-data-epoch-17_20260614T015442,mpc-1748-19-lambda-0.69,0.690086164357817,0.8850515913480999,True,112.1732177734375,214.0362091064453,108.20674896240234,105.82946014404297,101.86299133300781
515,/home/victor-xia/repos/Burst-Coast-MPC/artifacts/MonteCarloData/monte-carlo-data-epoch-91_20260614T205320,mpc-1419-15-lambda-0.544,0.5442538622845586,0.9833982227740898,True,125.17321014404297,214.38253784179688,111.67540740966797,102.7071304321289,89.2093276977539
516,/home/victor-xia/repos/Burst-Coast-MPC/artifacts/MonteCarloData/monte-carlo-data-epoch-387_20260614T213331,mpc-218-2-lambda-0.814,0.8135352221422951,0.822201604450665,True,119.43968963623047,214.74624633789062,116.24044799804688,98.50579833984375,95.30655670166016
517,/home/victor-xia/repos/Burst-Coast-MPC/artifacts/MonteCarloData/monte-carlo-data-epoch-36_20260614T204553,mpc-45-1-lambda-0.118,0.11803914764075052,0.19563320135394743,False,240.25209045410156,214.95899963378906,6.281710624694824,208.6772918701172,-25.2930908203125
518,/home/victor-xia/repos/Burst-Coast-MPC/artifacts/MonteCarloData/monte-carlo-data-epoch-195_20260614T210732,mpc-559-6-lambda-0.7,0.6998023802947355,0.8742647077640667,True,120.34782409667969,215.32823181152344,113.65586853027344,101.67236328125,94.98040771484375
519,/home/victor-xia/repos/Burst-Coast-MPC/artifacts/MonteCarloData/monte-carlo-data-epoch-37_20260613T233900,mpc-0-0-lambda-0.418,0.41813687130147,0.9123086278546914,False,150.04342651367188,215.47213745117188,81.93312072753906,133.5390167236328,65.4287109375
520,/home/victor-xia/repos/Burst-Coast-MPC/artifacts/MonteCarloData/monte-carlo-data-epoch-288_20260614T023010,mpc-2247-21-lambda-0.988,0.9877218489602889,0.04522342549835194,False,149.1437225341797,215.51600646972656,5.880031108856201,209.63597106933594,66.37228393554688
521,/home/victor-xia/repos/Burst-Coast-MPC/artifacts/MonteCarloData/monte-carlo-data-epoch-449_20260614T025217,mpc-1192-12-lambda-0.455,0.4546992986651028,0.04937386815119585,False,268.7074279785156,215.5260467529297,3.712456464767456,211.81358337402344,-53.18138122558594
522,/home/victor-xia/repos/Burst-Coast-MPC/artifacts/MonteCarloData/monte-carlo-data-epoch-36_20260614T204553,mpc-84-2-lambda-0.684,0.6838140236217471,0.3212001448349013,False,230.35289001464844,215.7904052734375,28.062944412231445,187.7274627685547,-14.562484741210938
523,/home/victor-xia/repos/Burst-Coast-MPC/artifacts/MonteCarloData/monte-carlo-data-epoch-53_20260613T234112,mpc-971-10-lambda-0.311,0.31148968138300864,0.01883057900127034,False,95.59624481201172,217.04800415039062,2.1265618801116943,214.92144775390625,121.4517593383789
524,/home/victor-xia/repos/Burst-Coast-MPC/artifacts/MonteCarloData/monte-carlo-data-epoch-43_20260614T204625,mpc-117-2-lambda-0.7,0.7002419750141985,0.9679520204861738,False,272.9373779296875,217.27798461914062,146.35118103027344,70.92680358886719,-55.659393310546875
525,/home/victor-xia/repos/Burst-Coast-MPC/artifacts/MonteCarloData/monte-carlo-data-epoch-220_20260614T022118,mpc-310-4-lambda-0.173,0.17313387783404305,0.09989440698565598,False,83.92131805419922,217.33291625976562,4.273606300354004,213.05931091308594,133.41159057617188
526,/home/victor-xia/repos/Burst-Coast-MPC/artifacts/MonteCarloData/monte-carlo-data-epoch-93_20260614T205338,mpc-800-9-lambda-0.412,0.4122973169025677,0.7145967392683487,False,189.53787231445312,217.7576904296875,60.23760223388672,157.52008056640625,28.219818115234375
527,/home/victor-xia/repos/Burst-Coast-MPC/artifacts/MonteCarloData/monte-carlo-data-epoch-42_20260613T233930,mpc-1436-16-lambda-0.406,0.40577698202411816,0.8170209917534557,False,135.51205444335938,218.17852783203125,68.8131332397461,149.36538696289062,82.66647338867188
528,/home/victor-xia/repos/Burst-Coast-MPC/artifacts/MonteCarloData/monte-carlo-data-epoch-43_20260614T204625,mpc-0-0-lambda-0.303,0.30258665521332856,0.36209401707812444,False,312.4690246582031,219.02101135253906,19.194971084594727,199.82603454589844,-93.44801330566406
529,/home/victor-xia/repos/Burst-Coast-MPC/artifacts/MonteCarloData/monte-carlo-data-epoch-266_20260614T022715,mpc-2508-29-lambda-0.714,0.7141099746557235,0.030235786939845764,False,140.4118194580078,219.0802001953125,3.0440468788146973,216.03614807128906,78.66838073730469
530,/home/victor-xia/repos/Burst-Coast-MPC/artifacts/MonteCarloData/monte-carlo-data-epoch-248_20260614T211446,mpc-325-4-lambda-0.735,0.7349642763523875,0.25238222799016785,False,143.5272674560547,219.98129272460938,22.569286346435547,197.41200256347656,76.45402526855469
531,/home/victor-xia/repos/Burst-Coast-MPC/artifacts/MonteCarloData/monte-carlo-data-epoch-517_20260614T030227,mpc-196-2-lambda-0.423,0.4232053928566389,0.8701990960263812,False,136.2913818359375,220.915771484375,81.84320831298828,139.07257080078125,84.6243896484375
532,/home/victor-xia/repos/Burst-Coast-MPC/artifacts/MonteCarloData/monte-carlo-data-epoch-122_20260614T205732,mpc-2104-25-lambda-0.249,0.2489985648583551,0.8493406005240945,False,312.58612060546875,220.97744750976562,52.29662322998047,168.68081665039062,-91.60867309570312
533,/home/victor-xia/repos/Burst-Coast-MPC/artifacts/MonteCarloData/monte-carlo-data-epoch-489_20260614T025823,mpc-2290-22-lambda-0.738,0.7380529659136006,0.9235910344060818,False,300.88623046875,221.7532196044922,140.01785278320312,81.73536682128906,-79.13301086425781
534,/home/victor-xia/repos/Burst-Coast-MPC/artifacts/MonteCarloData/monte-carlo-data-epoch-96_20260614T205400,mpc-129-2-lambda-0.689,0.6887451335545605,0.033257725561676825,False,142.73931884765625,222.12286376953125,3.1530656814575195,218.9698028564453,79.383544921875
535,/home/victor-xia/repos/Burst-Coast-MPC/artifacts/MonteCarloData/monte-carlo-data-epoch-195_20260614T210732,mpc-466-5-lambda-0.955,0.9553658824791976,0.46310157892124654,False,206.9256134033203,222.79869079589844,60.698795318603516,162.0998992919922,15.873077392578125
536,/home/victor-xia/repos/Burst-Coast-MPC/artifacts/MonteCarloData/monte-carlo-data-epoch-316_20260614T212322,mpc-864-7-lambda-0.864,0.8643565460634407,0.3023220380125056,False,249.23257446289062,223.02096557617188,31.178577423095703,191.84239196777344,-26.21160888671875
537,/home/victor-xia/repos/Burst-Coast-MPC/artifacts/MonteCarloData/monte-carlo-data-epoch-347_20260614T023755,mpc-2316-21-lambda-0.483,0.48279843418853724,0.09273585178944294,False,128.53948974609375,223.2001190185547,7.163174152374268,216.0369415283203,94.66062927246094
538,/home/victor-xia/repos/Burst-Coast-MPC/artifacts/MonteCarloData/monte-carlo-data-epoch-161_20260614T210331,mpc-455-4-lambda-0.746,0.7455338721017948,0.5900972521291366,False,166.2843017578125,223.67288208007812,72.29808807373047,151.37478637695312,57.388580322265625
539,/home/victor-xia/repos/Burst-Coast-MPC/artifacts/MonteCarloData/monte-carlo-data-epoch-143_20260614T021119,mpc-1073-10-lambda-0.992,0.9923593184953184,0.7980678690807882,False,346.73583984375,223.7498779296875,136.03807067871094,87.71180725097656,-122.9859619140625
540,/home/victor-xia/repos/Burst-Coast-MPC/artifacts/MonteCarloData/monte-carlo-data-epoch-501_20260614T030005,mpc-696-5-lambda-0.027,0.02747677113639293,0.5108427109997712,False,320.3432312011719,223.8118133544922,12.84831714630127,210.9635009765625,-96.53141784667969
541,/home/victor-xia/repos/Burst-Coast-MPC/artifacts/MonteCarloData/monte-carlo-data-epoch-31_20260614T015626,mpc-0-0-lambda-0.943,0.943146604905464,0.09675484464105528,False,146.97056579589844,224.03457641601562,9.048332214355469,214.98623657226562,77.06401062011719
542,/home/victor-xia/repos/Burst-Coast-MPC/artifacts/MonteCarloData/monte-carlo-data-epoch-370_20260614T024041,mpc-29-1-lambda-0.95,0.9497114837001811,0.482541707117303,False,182.25881958007812,224.10391235351562,66.35082244873047,157.75308227539062,41.8450927734375
543,/home/victor-xia/repos/Burst-Coast-MPC/artifacts/MonteCarloData/monte-carlo-data-epoch-406_20260614T024600,mpc-409-3-lambda-0.878,0.8782320186539554,0.876708757414401,False,247.28807067871094,224.14627075195312,143.6686553955078,80.47761535644531,-23.141799926757812
544,/home/victor-xia/repos/Burst-Coast-MPC/artifacts/MonteCarloData/monte-carlo-data-epoch-179_20260614T210541,mpc-320-4-lambda-0.746,0.7455710492580696,0.12218813143509473,False,270.1495666503906,224.56582641601562,9.95402717590332,214.61180114746094,-45.583740234375
545,/home/victor-xia/repos/Burst-Coast-MPC/artifacts/MonteCarloData/monte-carlo-data-epoch-108_20260614T020648,mpc-260-3-lambda-0.906,0.9056827778835437,0.7964329087109258,False,155.76063537597656,224.92723083496094,123.92330932617188,101.00392150878906,69.16659545898438
546,/home/victor-xia/repos/Burst-Coast-MPC/artifacts/MonteCarloData/monte-carlo-data-epoch-385_20260614T024253,mpc-1327-12-lambda-0.358,0.3578416020907276,0.9449801362173917,True,121.0706558227539,224.9780731201172,81.12869262695312,143.84938049316406,103.90741729736328
547,/home/victor-xia/repos/Burst-Coast-MPC/artifacts/MonteCarloData/monte-carlo-data-epoch-359_20260614T212926,mpc-1562-18-lambda-0.801,0.8014710358014991,0.922850650957873,False,279.7666931152344,225.00009155273438,149.1661834716797,75.83390808105469,-54.7666015625
548,/home/victor-xia/repos/Burst-Coast-MPC/artifacts/MonteCarloData/monte-carlo-data-epoch-457_20260614T025349,mpc-552-8-lambda-0.143,0.143007144585649,0.4441767106847277,False,258.9320068359375,225.23899841308594,16.216339111328125,209.0226593017578,-33.69300842285156
549,/home/victor-xia/repos/Burst-Coast-MPC/artifacts/MonteCarloData/monte-carlo-data-epoch-22_20260613T233639,mpc-1282-14-lambda-0.727,0.7272001376033067,0.7697150862049477,False,240.00680541992188,225.3154296875,99.00210571289062,126.31332397460938,-14.691375732421875
550,/home/victor-xia/repos/Burst-Coast-MPC/artifacts/MonteCarloData/monte-carlo-data-epoch-187_20260614T210626,mpc-508-3-lambda-0.31,0.31023520217709416,0.14148484253659258,False,181.47686767578125,225.4078826904297,7.960176944732666,217.4477081298828,43.93101501464844
551,/home/victor-xia/repos/Burst-Coast-MPC/artifacts/MonteCarloData/monte-carlo-data-epoch-156_20260614T210300,mpc-219-2-lambda-0.958,0.9577032425397767,0.5505773768477142,False,313.06475830078125,225.47320556640625,77.44818878173828,148.0250244140625,-87.591552734375
552,/home/victor-xia/repos/Burst-Coast-MPC/artifacts/MonteCarloData/monte-carlo-data-epoch-347_20260614T023755,mpc-2372-23-lambda-0.726,0.7260728869881459,0.07277221744079772,False,102.79159545898438,225.7621307373047,6.765537738800049,218.99659729003906,122.97053527832031
553,/home/victor-xia/repos/Burst-Coast-MPC/artifacts/MonteCarloData/monte-carlo-data-epoch-267_20260614T022730,mpc-28-1-lambda-0.442,0.44236885717964075,0.22427681107270822,False,160.46014404296875,226.12286376953125,13.84447956085205,212.27838134765625,65.6627197265625
554,/home/victor-xia/repos/Burst-Coast-MPC/artifacts/MonteCarloData/monte-carlo-data-epoch-359_20260614T212926,mpc-1384-13-lambda-0.884,0.8843442385645316,0.06233162896840184,False,404.77301025390625,226.2875213623047,6.587053298950195,219.70046997070312,-178.48548889160156
555,/home/victor-xia/repos/Burst-Coast-MPC/artifacts/MonteCarloData/monte-carlo-data-epoch-269_20260614T211717,mpc-0-0-lambda-0.704,0.704472426745165,0.8930646782428155,False,270.5301208496094,227.61363220214844,131.15823364257812,96.45539855957031,-42.91648864746094
556,/home/victor-xia/repos/Burst-Coast-MPC/artifacts/MonteCarloData/monte-carlo-data-epoch-437_20260614T025016,mpc-1569-15-lambda-0.933,0.9334371851886124,0.2417232421832162,False,262.1186828613281,228.46255493164062,27.26639747619629,201.19615173339844,-33.6561279296875
557,/home/victor-xia/repos/Burst-Coast-MPC/artifacts/MonteCarloData/monte-carlo-data-epoch-66_20260614T204948,mpc-2119-18-lambda-0.616,0.6158078342075952,0.7049683046349066,False,225.0196533203125,228.75709533691406,79.19464111328125,149.5624542236328,3.7374420166015625
558,/home/victor-xia/repos/Burst-Coast-MPC/artifacts/MonteCarloData/monte-carlo-data-epoch-8_20260614T204142,mpc-657-7-lambda-0.832,0.8322435598206493,0.6774425947245523,False,176.9722900390625,228.87255859375,99.51585388183594,129.35670471191406,51.9002685546875
559,/home/victor-xia/repos/Burst-Coast-MPC/artifacts/MonteCarloData/monte-carlo-data-epoch-184_20260614T210609,mpc-665-7-lambda-0.146,0.1457857465007865,0.31262834196196154,False,218.13818359375,229.0177459716797,11.567028045654297,217.45071411132812,10.879562377929688
560,/home/victor-xia/repos/Burst-Coast-MPC/artifacts/MonteCarloData/monte-carlo-data-epoch-156_20260614T210300,mpc-185-1-lambda-0.412,0.4120714348068195,0.16912361959948227,False,328.1471252441406,229.06227111816406,9.519135475158691,219.5431365966797,-99.08485412597656
561,/home/victor-xia/repos/Burst-Coast-MPC/artifacts/MonteCarloData/monte-carlo-data-epoch-489_20260614T025823,mpc-2250-21-lambda-0.799,0.7990134287583784,0.1976379340653411,False,332.0859375,229.62747192382812,19.68073272705078,209.94674682617188,-102.45846557617188
562,/home/victor-xia/repos/Burst-Coast-MPC/artifacts/MonteCarloData/monte-carlo-data-epoch-339_20260614T023659,mpc-190-2-lambda-0.542,0.5416780804565722,0.3176152737835775,False,205.24331665039062,229.83563232421875,24.201244354248047,205.63438415527344,24.592315673828125
563,/home/victor-xia/repos/Burst-Coast-MPC/artifacts/MonteCarloData/monte-carlo-data-epoch-347_20260614T023755,mpc-2387-24-lambda-0.267,0.26735110356483904,0.9505883222826436,True,92.27367401123047,229.83810424804688,66.5268325805664,163.311279296875,137.56442260742188
564,/home/victor-xia/repos/Burst-Coast-MPC/artifacts/MonteCarloData/monte-carlo-data-epoch-359_20260614T212926,mpc-1527-15-lambda-0.795,0.7945146396052736,0.06473031619196576,False,308.0310974121094,230.4075164794922,5.983273029327393,224.4242401123047,-77.62358093261719
565,/home/victor-xia/repos/Burst-Coast-MPC/artifacts/MonteCarloData/monte-carlo-data-epoch-366_20260614T213027,mpc-673-7-lambda-0.04,0.03994312132899723,0.7481192093932134,False,231.07009887695312,230.40835571289062,19.94229507446289,210.466064453125,-0.6617431640625
566,/home/victor-xia/repos/Burst-Coast-MPC/artifacts/MonteCarloData/monte-carlo-data-epoch-5_20260613T233433,mpc-2094-25-lambda-0.934,0.9343595384453383,0.9413724056053581,True,184.171630859375,231.71519470214844,165.49452209472656,66.22067260742188,47.54356384277344
567,/home/victor-xia/repos/Burst-Coast-MPC/artifacts/MonteCarloData/monte-carlo-data-epoch-79_20260614T205138,mpc-1500-14-lambda-0.487,0.4874003050820658,0.2422918886791546,False,214.2783660888672,231.87167358398438,16.044944763183594,215.82672119140625,17.593307495117188
568,/home/victor-xia/repos/Burst-Coast-MPC/artifacts/MonteCarloData/monte-carlo-data-epoch-327_20260614T023548,mpc-1375-16-lambda-0.989,0.988525560464664,0.5907551422477841,False,151.64088439941406,232.116455078125,90.42339324951172,141.69305419921875,80.47557067871094
569,/home/victor-xia/repos/Burst-Coast-MPC/artifacts/MonteCarloData/monte-carlo-data-epoch-144_20260614T021130,mpc-363-2-lambda-0.092,0.09155229070078917,0.5627904268888515,False,266.8236389160156,232.21548461914062,18.50811004638672,213.70736694335938,-34.608154296875
570,/home/victor-xia/repos/Burst-Coast-MPC/artifacts/MonteCarloData/monte-carlo-data-epoch-160_20260614T210323,mpc-1006-11-lambda-0.5,0.5001366953498989,0.9556095152006259,False,301.960205078125,232.40853881835938,107.35700225830078,125.0515365600586,-69.55166625976562
571,/home/victor-xia/repos/Burst-Coast-MPC/artifacts/MonteCarloData/monte-carlo-data-epoch-184_20260614T210609,mpc-787-9-lambda-0.12,0.11950409842028839,0.5081797711507159,False,185.46600341796875,232.48745727539062,17.564594268798828,214.92286682128906,47.021453857421875
572,/home/victor-xia/repos/Burst-Coast-MPC/artifacts/MonteCarloData/monte-carlo-data-epoch-360_20260614T023922,mpc-1252-13-lambda-0.213,0.21327727759516318,0.8932829388909687,False,312.4063720703125,232.5670623779297,50.572322845458984,181.99473571777344,-79.83930969238281
573,/home/victor-xia/repos/Burst-Coast-MPC/artifacts/MonteCarloData/monte-carlo-data-epoch-36_20260614T204553,mpc-0-0-lambda-0.539,0.5390617472201451,0.2247370178372642,False,264.2091064453125,232.71755981445312,15.092452049255371,217.62510681152344,-31.491546630859375
574,/home/victor-xia/repos/Burst-Coast-MPC/artifacts/MonteCarloData/monte-carlo-data-epoch-168_20260614T021526,mpc-1168-10-lambda-0.526,0.5261995746798064,0.47179861070645857,False,178.18057250976562,232.8905487060547,37.66790771484375,195.22264099121094,54.70997619628906
575,/home/victor-xia/repos/Burst-Coast-MPC/artifacts/MonteCarloData/monte-carlo-data-epoch-305_20260614T212202,mpc-497-5-lambda-0.524,0.5235901358327583,0.8878764918526039,False,179.7216796875,233.04666137695312,102.23716735839844,130.8094940185547,53.324981689453125
576,/home/victor-xia/repos/Burst-Coast-MPC/artifacts/MonteCarloData/monte-carlo-data-epoch-45_20260614T204640,mpc-1388-10-lambda-0.605,0.6046118841889471,0.33398002796514054,False,281.451904296875,233.29928588867188,26.54027557373047,206.75900268554688,-48.152618408203125
577,/home/victor-xia/repos/Burst-Coast-MPC/artifacts/MonteCarloData/monte-carlo-data-epoch-137_20260614T205958,mpc-1388-11-lambda-0.884,0.8839637339633164,0.07783446366335163,False,175.6764373779297,233.7562713623047,8.270870208740234,225.4853973388672,58.079833984375
578,/home/victor-xia/repos/Burst-Coast-MPC/artifacts/MonteCarloData/monte-carlo-data-epoch-275_20260614T211801,mpc-1003-10-lambda-0.921,0.9214782723685486,0.43246827310815117,False,265.7876281738281,234.25686645507812,54.367496490478516,179.88937377929688,-31.53076171875
579,/home/victor-xia/repos/Burst-Coast-MPC/artifacts/MonteCarloData/monte-carlo-data-epoch-359_20260614T212926,mpc-1397-14-lambda-0.452,0.4522887275491597,0.6478244371970339,False,394.4445495605469,234.54006958007812,54.02040100097656,180.51966857910156,-159.90447998046875
580,/home/victor-xia/repos/Burst-Coast-MPC/artifacts/MonteCarloData/monte-carlo-data-epoch-159_20260614T021350,mpc-2744-22-lambda-0.335,0.33516927929382545,0.17848312490883794,False,215.54586791992188,235.23910522460938,9.011337280273438,226.22776794433594,19.6932373046875
581,/home/victor-xia/repos/Burst-Coast-MPC/artifacts/MonteCarloData/monte-carlo-data-epoch-307_20260614T212219,mpc-872-5-lambda-0.394,0.3940814056063541,0.35396733748353226,False,319.0246887207031,235.25375366210938,21.184179306030273,214.069580078125,-83.77093505859375
582,/home/victor-xia/repos/Burst-Coast-MPC/artifacts/MonteCarloData/monte-carlo-data-epoch-46_20260614T204651,mpc-202-3-lambda-0.919,0.9188502805555739,0.8991326193709307,False,254.04501342773438,235.71543884277344,165.90231323242188,69.81312561035156,-18.329574584960938
583,/home/victor-xia/repos/Burst-Coast-MPC/artifacts/MonteCarloData/monte-carlo-data-epoch-501_20260614T030005,mpc-536-3-lambda-0.137,0.1372158145581669,0.47508126130194883,False,401.680419921875,236.48623657226562,19.533071517944336,216.9531707763672,-165.19418334960938
584,/home/victor-xia/repos/Burst-Coast-MPC/artifacts/MonteCarloData/monte-carlo-data-epoch-125_20260614T205814,mpc-2334-21-lambda-0.687,0.6867374213977282,0.9406087365201222,True,174.78219604492188,236.75282287597656,138.531005859375,98.22181701660156,61.97062683105469
585,/home/victor-xia/repos/Burst-Coast-MPC/artifacts/MonteCarloData/monte-carlo-data-epoch-366_20260614T213027,mpc-823-8-lambda-0.836,0.8361241372554093,0.751281340693773,False,199.75218200683594,236.907470703125,114.4220962524414,122.4853744506836,37.15528869628906
586,/home/victor-xia/repos/Burst-Coast-MPC/artifacts/MonteCarloData/monte-carlo-data-epoch-216_20260614T022047,mpc-553-5-lambda-0.85,0.8499043102597043,0.5275670985383667,False,252.78614807128906,237.30731201171875,64.39035034179688,172.91696166992188,-15.478836059570312
587,/home/victor-xia/repos/Burst-Coast-MPC/artifacts/MonteCarloData/monte-carlo-data-epoch-348_20260614T023808,mpc-473-3-lambda-0.531,0.5305718591185841,0.6747627491333761,False,196.40988159179688,237.6536865234375,64.16110229492188,173.49258422851562,41.243804931640625
588,/home/victor-xia/repos/Burst-Coast-MPC/artifacts/MonteCarloData/monte-carlo-data-epoch-273_20260614T211739,mpc-1318-15-lambda-0.912,0.9115686560381481,0.062398944410931606,False,227.77621459960938,237.7028045654297,6.546451091766357,231.15635681152344,9.926589965820312
589,/home/victor-xia/repos/Burst-Coast-MPC/artifacts/MonteCarloData/monte-carlo-data-epoch-236_20260614T211254,mpc-275-4-lambda-0.65,0.6500497967244931,0.7841524285726709,False,278.6175842285156,238.48452758789062,100.0361099243164,138.44842529296875,-40.133056640625
590,/home/victor-xia/repos/Burst-Coast-MPC/artifacts/MonteCarloData/monte-carlo-data-epoch-9_20260613T233517,mpc-233-6-lambda-0.408,0.40783857294267006,0.5849530503711384,False,312.6083068847656,238.94454956054688,42.13321304321289,196.81134033203125,-73.66375732421875
591,/home/victor-xia/repos/Burst-Coast-MPC/artifacts/MonteCarloData/monte-carlo-data-epoch-290_20260614T211944,mpc-1103-9-lambda-0.355,0.35498377368870904,0.8518020326213203,False,420.82342529296875,239.02261352539062,66.50739288330078,172.51522827148438,-181.80081176757812
592,/home/victor-xia/repos/Burst-Coast-MPC/artifacts/MonteCarloData/monte-carlo-data-epoch-40_20260614T204610,mpc-0-0-lambda-0.567,0.5665021745016461,0.871723241591344,False,273.07867431640625,239.3609619140625,103.09577941894531,136.2651824951172,-33.71771240234375
593,/home/victor-xia/repos/Burst-Coast-MPC/artifacts/MonteCarloData/monte-carlo-data-epoch-408_20260614T024616,mpc-148-2-lambda-0.72,0.7204575494183098,0.8885552652487053,False,220.9260711669922,239.88601684570312,125.08270263671875,114.80331420898438,18.959945678710938
594,/home/victor-xia/repos/Burst-Coast-MPC/artifacts/MonteCarloData/monte-carlo-data-epoch-5_20260613T233433,mpc-2049-23-lambda-0.081,0.08052693223365334,0.028789851405859893,False,217.6618194580078,240.06182861328125,2.7142200469970703,237.3476104736328,22.400009155273438
595,/home/victor-xia/repos/Burst-Coast-MPC/artifacts/MonteCarloData/monte-carlo-data-epoch-108_20260614T020648,mpc-173-2-lambda-0.864,0.8636874744500274,0.4346724031523223,False,234.5553741455078,240.1998291015625,49.31511306762695,190.8847198486328,5.6444549560546875
596,/home/victor-xia/repos/Burst-Coast-MPC/artifacts/MonteCarloData/monte-carlo-data-epoch-273_20260614T211739,mpc-1414-17-lambda-0.017,0.016867878947391182,0.30775080264255666,False,179.0827178955078,240.61465454101562,8.162254333496094,232.452392578125,61.53193664550781
597,/home/victor-xia/repos/Burst-Coast-MPC/artifacts/MonteCarloData/monte-carlo-data-epoch-201_20260614T210809,mpc-1129-12-lambda-0.849,0.849169672649231,0.03087050067326346,False,125.20114135742188,241.14598083496094,4.0342535972595215,237.11172485351562,115.94483947753906
598,/home/victor-xia/repos/Burst-Coast-MPC/artifacts/MonteCarloData/monte-carlo-data-epoch-214_20260614T022034,mpc-0-0-lambda-0.746,0.7458713504614981,0.410995287328445,False,207.38079833984375,241.61590576171875,41.41328430175781,200.20262145996094,34.235107421875
599,/home/victor-xia/repos/Burst-Coast-MPC/artifacts/MonteCarloData/monte-carlo-data-epoch-17_20260614T015442,mpc-1660-17-lambda-0.396,0.39585034400460495,0.07691642225719245,False,174.20599365234375,241.6780548095703,4.556972980499268,237.12107849121094,67.47206115722656
600,/home/victor-xia/repos/Burst-Coast-MPC/artifacts/MonteCarloData/monte-carlo-data-epoch-119_20260614T205716,mpc-434-5-lambda-0.752,0.7520041648852984,0.2744653460656073,False,209.96951293945312,241.75965881347656,25.04122543334961,216.7184295654297,31.790145874023438
601,/home/victor-xia/repos/Burst-Coast-MPC/artifacts/MonteCarloData/monte-carlo-data-epoch-222_20260614T022125,mpc-1699-16-lambda-0.826,0.8259086935049618,0.723895250227382,False,309.55218505859375,242.9033660888672,101.8624267578125,141.0409393310547,-66.64881896972656
602,/home/victor-xia/repos/Burst-Coast-MPC/artifacts/MonteCarloData/monte-carlo-data-epoch-201_20260614T210809,mpc-1135-13-lambda-0.476,0.47609378925746826,0.761719232935022,False,118.74513244628906,242.9381103515625,74.96670532226562,167.97140502929688,124.19297790527344
603,/home/victor-xia/repos/Burst-Coast-MPC/artifacts/MonteCarloData/monte-carlo-data-epoch-46_20260614T015831,mpc-1759-17-lambda-0.753,0.7528165564157503,0.29765858663403405,False,374.17864990234375,243.33128356933594,27.739376068115234,215.59190368652344,-130.8473663330078
604,/home/victor-xia/repos/Burst-Coast-MPC/artifacts/MonteCarloData/monte-carlo-data-epoch-275_20260614T211801,mpc-1155-12-lambda-0.193,0.19339181362024432,0.6360493382561663,False,168.1560516357422,244.19143676757812,29.191898345947266,214.99954223632812,76.03538513183594
605,/home/victor-xia/repos/Burst-Coast-MPC/artifacts/MonteCarloData/monte-carlo-data-epoch-180_20260614T210545,mpc-665-8-lambda-0.652,0.6520657964679071,0.8513062476293682,False,203.5479736328125,244.4759979248047,113.70681762695312,130.76918029785156,40.92802429199219
606,/home/victor-xia/repos/Burst-Coast-MPC/artifacts/MonteCarloData/monte-carlo-data-epoch-9_20260613T233517,mpc-192-5-lambda-0.171,0.17077042889795765,0.2063507039375825,False,325.8460998535156,245.10946655273438,8.370687484741211,236.73878479003906,-80.73663330078125
607,/home/victor-xia/repos/Burst-Coast-MPC/artifacts/MonteCarloData/monte-carlo-data-epoch-273_20260614T211739,mpc-1331-16-lambda-0.309,0.3085246018267543,0.41117893694333557,False,217.35728454589844,245.40213012695312,24.053579330444336,221.3485565185547,28.044845581054688
608,/home/victor-xia/repos/Burst-Coast-MPC/artifacts/MonteCarloData/monte-carlo-data-epoch-220_20260614T022118,mpc-8-1-lambda-0.197,0.1970912038362899,0.24944123072454183,False,197.9131622314453,245.5751953125,9.858284950256348,235.71690368652344,47.66203308105469
609,/home/victor-xia/repos/Burst-Coast-MPC/artifacts/MonteCarloData/monte-carlo-data-epoch-301_20260614T212132,mpc-2506-27-lambda-0.406,0.405894023912181,0.8287144857881222,False,183.37351989746094,245.60057067871094,72.274169921875,173.32640075683594,62.22705078125
610,/home/victor-xia/repos/Burst-Coast-MPC/artifacts/MonteCarloData/monte-carlo-data-epoch-45_20260613T233949,mpc-0-0-lambda-0.836,0.8356830074217836,0.490004453898959,False,109.0750503540039,247.36155700683594,58.27239990234375,189.0891571044922,138.2864990234375
611,/home/victor-xia/repos/Burst-Coast-MPC/artifacts/MonteCarloData/monte-carlo-data-epoch-472_20260614T025607,mpc-1595-16-lambda-0.252,0.25163571337200125,0.07701534430744206,False,275.33099365234375,247.72808837890625,4.153224945068359,243.57485961914062,-27.6029052734375
612,/home/victor-xia/repos/Burst-Coast-MPC/artifacts/MonteCarloData/monte-carlo-data-epoch-5_20260613T233433,mpc-2035-22-lambda-0.078,0.0776766889869787,0.07006676382270428,False,222.6144256591797,247.9158935546875,3.1159615516662598,244.7999267578125,25.301467895507812
613,/home/victor-xia/repos/Burst-Coast-MPC/artifacts/MonteCarloData/monte-carlo-data-epoch-285_20260614T022947,mpc-815-7-lambda-0.362,0.36237818980311054,0.18182062548523922,False,426.5299377441406,248.29061889648438,11.713157653808594,236.57745361328125,-178.23931884765625
614,/home/victor-xia/repos/Burst-Coast-MPC/artifacts/MonteCarloData/monte-carlo-data-epoch-273_20260614T211739,mpc-1316-14-lambda-0.397,0.39714563321426855,0.012436678562954457,False,229.4803009033203,249.2742919921875,1.6748192310333252,247.59947204589844,19.793991088867188
615,/home/victor-xia/repos/Burst-Coast-MPC/artifacts/MonteCarloData/monte-carlo-data-epoch-236_20260614T211254,mpc-164-3-lambda-0.406,0.4061369712610689,0.5510461034442404,False,343.8222961425781,249.35910034179688,40.84513473510742,208.5139617919922,-94.46319580078125
616,/home/victor-xia/repos/Burst-Coast-MPC/artifacts/MonteCarloData/monte-carlo-data-epoch-220_20260614T022118,mpc-194-3-lambda-0.466,0.46615640574489964,0.5750440590483056,False,155.99050903320312,249.60302734375,45.14170455932617,204.46131896972656,93.61251831054688
617,/home/victor-xia/repos/Burst-Coast-MPC/artifacts/MonteCarloData/monte-carlo-data-epoch-290_20260614T211944,mpc-972-8-lambda-0.035,0.03496786020074466,0.6540327365173374,False,446.278076171875,249.79306030273438,16.245018005371094,233.54803466796875,-196.48501586914062
618,/home/victor-xia/repos/Burst-Coast-MPC/artifacts/MonteCarloData/monte-carlo-data-epoch-337_20260614T023646,mpc-1245-12-lambda-0.083,0.08310368550664894,0.39197064208891375,False,307.14263916015625,249.80300903320312,12.105048179626465,237.69796752929688,-57.339630126953125
619,/home/victor-xia/repos/Burst-Coast-MPC/artifacts/MonteCarloData/monte-carlo-data-epoch-316_20260614T212322,mpc-925-8-lambda-0.173,0.1734753244884864,0.8646076073791072,False,199.52291870117188,250.0052490234375,44.382347106933594,205.62289428710938,50.482330322265625
620,/home/victor-xia/repos/Burst-Coast-MPC/artifacts/MonteCarloData/monte-carlo-data-epoch-481_20260614T025716,mpc-1639-14-lambda-0.743,0.742854963108309,0.5501918493723434,False,438.648193359375,250.0616455078125,63.97901153564453,186.0826416015625,-188.5865478515625
621,/home/victor-xia/repos/Burst-Coast-MPC/artifacts/MonteCarloData/monte-carlo-data-epoch-239_20260614T022324,mpc-1301-13-lambda-0.542,0.5418079230776547,0.305934105381363,False,216.44801330566406,250.6446533203125,23.336824417114258,227.30783081054688,34.19664001464844
622,/home/victor-xia/repos/Burst-Coast-MPC/artifacts/MonteCarloData/monte-carlo-data-epoch-84_20260614T020345,mpc-1004-8-lambda-0.825,0.8253934701354285,0.2561168094890175,False,210.61180114746094,252.65936279296875,23.70126724243164,228.95809936523438,42.04756164550781
623,/home/victor-xia/repos/Burst-Coast-MPC/artifacts/MonteCarloData/monte-carlo-data-epoch-179_20260614T210541,mpc-280-3-lambda-0.953,0.953368416391957,0.19857094143729834,False,302.73114013671875,252.75277709960938,20.471900939941406,232.2808837890625,-49.978363037109375
624,/home/victor-xia/repos/Burst-Coast-MPC/artifacts/MonteCarloData/monte-carlo-data-epoch-144_20260614T021130,mpc-519-4-lambda-0.453,0.4525280887765567,0.4013311619896978,False,213.8338165283203,253.1613311767578,27.506959915161133,225.6543731689453,39.3275146484375
625,/home/victor-xia/repos/Burst-Coast-MPC/artifacts/MonteCarloData/monte-carlo-data-epoch-472_20260614T025607,mpc-1585-15-lambda-0.991,0.9907787324668189,0.050119855685637864,False,279.59185791015625,253.48301696777344,5.479936122894287,248.00308227539062,-26.108840942382812
626,/home/victor-xia/repos/Burst-Coast-MPC/artifacts/MonteCarloData/monte-carlo-data-epoch-337_20260614T212612,mpc-277-2-lambda-0.97,0.9697109126428958,0.4901502884245578,False,209.09207153320312,253.74867248535156,70.1385498046875,183.61012268066406,44.65660095214844
627,/home/victor-xia/repos/Burst-Coast-MPC/artifacts/MonteCarloData/monte-carlo-data-epoch-154_20260614T210240,mpc-806-6-lambda-0.392,0.3924181153004438,0.07075378811837581,False,210.9017791748047,253.75201416015625,4.44627046585083,249.3057403564453,42.85023498535156
628,/home/victor-xia/repos/Burst-Coast-MPC/artifacts/MonteCarloData/monte-carlo-data-epoch-116_20260614T205651,mpc-241-2-lambda-0.102,0.10216261934012764,0.9259958861369747,False,155.13902282714844,253.77027893066406,36.14109420776367,217.62918090820312,98.63125610351562
629,/home/victor-xia/repos/Burst-Coast-MPC/artifacts/MonteCarloData/monte-carlo-data-epoch-131_20260614T205906,mpc-1552-14-lambda-0.642,0.6420772781691041,0.9264396095313522,False,274.5572204589844,253.96002197265625,129.0673828125,124.89263916015625,-20.597198486328125
630,/home/victor-xia/repos/Burst-Coast-MPC/artifacts/MonteCarloData/monte-carlo-data-epoch-84_20260614T020345,mpc-1055-9-lambda-0.655,0.6551839650825638,0.9897499300523402,True,172.89720153808594,254.1725616455078,135.77511596679688,118.39744567871094,81.27536010742188
631,/home/victor-xia/repos/Burst-Coast-MPC/artifacts/MonteCarloData/monte-carlo-data-epoch-285_20260614T022947,mpc-852-8-lambda-0.563,0.5630785120068428,0.6128198757564903,False,407.8846130371094,255.08621215820312,60.01030349731445,195.07591247558594,-152.79840087890625
632,/home/victor-xia/repos/Burst-Coast-MPC/artifacts/MonteCarloData/monte-carlo-data-epoch-489_20260614T025823,mpc-2131-20-lambda-0.402,0.40182658562703805,0.5925835809614296,False,401.62115478515625,255.1696014404297,43.55133056640625,211.61827087402344,-146.45155334472656
633,/home/victor-xia/repos/Burst-Coast-MPC/artifacts/MonteCarloData/monte-carlo-data-epoch-80_20260614T020310,mpc-378-4-lambda-0.052,0.05213867622135433,0.7299577153941816,False,556.300048828125,255.19125366210938,20.40381622314453,234.78744506835938,-301.1087951660156
634,/home/victor-xia/repos/Burst-Coast-MPC/artifacts/MonteCarloData/monte-carlo-data-epoch-248_20260614T211446,mpc-224-3-lambda-0.604,0.6038750073699939,0.5027034607306874,False,216.94773864746094,255.44229125976562,45.94972229003906,209.49256896972656,38.49455261230469
635,/home/victor-xia/repos/Burst-Coast-MPC/artifacts/MonteCarloData/monte-carlo-data-epoch-285_20260614T022947,mpc-805-6-lambda-0.572,0.5718560078602435,0.05206400090937739,False,436.01666259765625,255.494140625,5.907276153564453,249.5868682861328,-180.52252197265625
636,/home/victor-xia/repos/Burst-Coast-MPC/artifacts/MonteCarloData/monte-carlo-data-epoch-201_20260614T210809,mpc-1109-11-lambda-0.662,0.6624751349315976,0.10014059245869468,False,137.74691772460938,255.68910217285156,7.899288177490234,247.78981018066406,117.94218444824219
637,/home/victor-xia/repos/Burst-Coast-MPC/artifacts/MonteCarloData/monte-carlo-data-epoch-267_20260614T022730,mpc-0-0-lambda-0.066,0.06629893360803808,0.1388014929184712,False,167.95570373535156,256.2588195800781,4.739617347717285,251.51919555664062,88.30311584472656
638,/home/victor-xia/repos/Burst-Coast-MPC/artifacts/MonteCarloData/monte-carlo-data-epoch-53_20260613T234112,mpc-832-9-lambda-0.746,0.7460813852687834,0.6924775387165475,False,230.77378845214844,256.44879150390625,84.31282806396484,172.13595581054688,25.675003051757812
639,/home/victor-xia/repos/Burst-Coast-MPC/artifacts/MonteCarloData/monte-carlo-data-epoch-288_20260614T023010,mpc-2121-20-lambda-0.685,0.6850142095907987,0.6281295642854969,False,260.220458984375,256.5296325683594,69.34272003173828,187.18692016601562,-3.690826416015625
640,/home/victor-xia/repos/Burst-Coast-MPC/artifacts/MonteCarloData/monte-carlo-data-epoch-113_20260614T020738,mpc-238-2-lambda-0.504,0.5035309061566826,0.13801833584676865,False,150.72312927246094,256.69317626953125,8.815326690673828,247.8778533935547,105.97004699707031
641,/home/victor-xia/repos/Burst-Coast-MPC/artifacts/MonteCarloData/monte-carlo-data-epoch-8_20260614T204142,mpc-620-6-lambda-0.043,0.04258789562608015,0.18642684250227667,False,185.2781219482422,257.2737121582031,5.279086112976074,251.99462890625,71.99559020996094
642,/home/victor-xia/repos/Burst-Coast-MPC/artifacts/MonteCarloData/monte-carlo-data-epoch-99_20260614T020526,mpc-1678-17-lambda-0.619,0.6194384626323335,0.599361472817065,False,178.0054473876953,257.99310302734375,58.744415283203125,199.24868774414062,79.98765563964844
643,/home/victor-xia/repos/Burst-Coast-MPC/artifacts/MonteCarloData/monte-carlo-data-epoch-46_20260614T204651,mpc-178-2-lambda-0.287,0.2869426405542517,0.12026914303495817,False,262.4279479980469,257.9968566894531,5.299459457397461,252.69740295410156,-4.43109130859375
644,/home/victor-xia/repos/Burst-Coast-MPC/artifacts/MonteCarloData/monte-carlo-data-epoch-131_20260614T205906,mpc-1447-13-lambda-0.471,0.4711479989786379,0.5237408119042518,False,341.7903747558594,258.0951843261719,42.09320831298828,216.00198364257812,-83.6951904296875
645,/home/victor-xia/repos/Burst-Coast-MPC/artifacts/MonteCarloData/monte-carlo-data-epoch-26_20260613T233709,mpc-1138-13-lambda-0.633,0.6325326102927403,0.9022252208154757,False,278.56060791015625,258.53240966796875,109.02476501464844,149.5076446533203,-20.0281982421875
646,/home/victor-xia/repos/Burst-Coast-MPC/artifacts/MonteCarloData/monte-carlo-data-epoch-220_20260614T022118,mpc-0-0-lambda-0.277,0.2766581014400547,0.039827012429718894,False,201.73841857910156,258.60980224609375,2.52587890625,256.08392333984375,56.87138366699219
647,/home/victor-xia/repos/Burst-Coast-MPC/artifacts/MonteCarloData/monte-carlo-data-epoch-29_20260613T233734,mpc-1996-20-lambda-0.304,0.30377187217775153,0.9494551123395081,False,252.46348571777344,258.8101806640625,68.02792358398438,190.78225708007812,6.3466949462890625
648,/home/victor-xia/repos/Burst-Coast-MPC/artifacts/MonteCarloData/monte-carlo-data-epoch-449_20260614T025217,mpc-1071-11-lambda-0.233,0.23336221854141018,0.6016812936719955,False,318.9351501464844,259.0589599609375,31.568466186523438,227.49049377441406,-59.876190185546875
649,/home/victor-xia/repos/Burst-Coast-MPC/artifacts/MonteCarloData/monte-carlo-data-epoch-365_20260614T024001,mpc-432-4-lambda-0.5,0.5001805985079284,0.7485763684709587,False,475.8309020996094,260.48553466796875,71.27562713623047,189.20989990234375,-215.34536743164062
650,/home/victor-xia/repos/Burst-Coast-MPC/artifacts/MonteCarloData/monte-carlo-data-epoch-144_20260614T021130,mpc-476-3-lambda-0.55,0.549683157227871,0.2148366697589327,False,237.61544799804688,260.60699462890625,14.975452423095703,245.6315460205078,22.991546630859375
651,/home/victor-xia/repos/Burst-Coast-MPC/artifacts/MonteCarloData/monte-carlo-data-epoch-327_20260614T023548,mpc-1270-15-lambda-0.751,0.7507116786093853,0.5211871210598045,False,242.8369903564453,261.1605224609375,57.00667190551758,204.1538543701172,18.323532104492188
652,/home/victor-xia/repos/Burst-Coast-MPC/artifacts/MonteCarloData/monte-carlo-data-epoch-256_20260614T211547,mpc-738-9-lambda-0.86,0.859595719968903,0.8604018268403296,False,302.06842041015625,261.2149658203125,145.0055389404297,116.20942687988281,-40.85345458984375
653,/home/victor-xia/repos/Burst-Coast-MPC/artifacts/MonteCarloData/monte-carlo-data-epoch-184_20260614T210609,mpc-590-6-lambda-0.23,0.22997161436466038,0.3744154715455786,False,244.98973083496094,261.9781188964844,16.95435905456543,245.0237579345703,16.988388061523438
654,/home/victor-xia/repos/Burst-Coast-MPC/artifacts/MonteCarloData/monte-carlo-data-epoch-159_20260614T021350,mpc-2780-23-lambda-0.211,0.21050058891163648,0.6453038498120954,False,201.27969360351562,262.0371398925781,31.760099411010742,230.27703857421875,60.7574462890625
655,/home/victor-xia/repos/Burst-Coast-MPC/artifacts/MonteCarloData/monte-carlo-data-epoch-33_20260614T204532,mpc-761-8-lambda-0.285,0.28474633746002925,0.07748985511068035,False,306.243896484375,262.5809020996094,3.725480794906616,258.85540771484375,-43.662994384765625
656,/home/victor-xia/repos/Burst-Coast-MPC/artifacts/MonteCarloData/monte-carlo-data-epoch-488_20260614T025820,mpc-213-4-lambda-0.724,0.7236706779523496,0.7775442006564118,False,162.7200469970703,263.35174560546875,103.4971694946289,159.85458374023438,100.63169860839844
657,/home/victor-xia/repos/Burst-Coast-MPC/artifacts/MonteCarloData/monte-carlo-data-epoch-72_20260614T205059,mpc-631-7-lambda-0.564,0.5635144732099027,0.6388896256573683,False,354.9045715332031,263.4810485839844,62.038330078125,201.44271850585938,-91.42352294921875
658,/home/victor-xia/repos/Burst-Coast-MPC/artifacts/MonteCarloData/monte-carlo-data-epoch-339_20260614T023659,mpc-101-1-lambda-0.443,0.44346544270702315,0.44077179605818234,False,256.2812194824219,263.76165771484375,32.017677307128906,231.74398803710938,7.480438232421875
659,/home/victor-xia/repos/Burst-Coast-MPC/artifacts/MonteCarloData/monte-carlo-data-epoch-401_20260614T024506,mpc-607-5-lambda-0.602,0.6024620054295405,0.6155797713924476,False,298.5829162597656,264.215576171875,62.05892562866211,202.15664672851562,-34.367340087890625
660,/home/victor-xia/repos/Burst-Coast-MPC/artifacts/MonteCarloData/monte-carlo-data-epoch-101_20260614T020547,mpc-1945-17-lambda-0.612,0.611932499041175,0.9889824772540966,False,265.03277587890625,264.24627685546875,129.61936950683594,134.6269073486328,-0.7864990234375
661,/home/victor-xia/repos/Burst-Coast-MPC/artifacts/MonteCarloData/monte-carlo-data-epoch-348_20260614T023808,mpc-324-2-lambda-0.022,0.02193729387404717,0.7393379267272668,False,226.3218994140625,264.91143798828125,19.059219360351562,245.8522186279297,38.58953857421875
662,/home/victor-xia/repos/Burst-Coast-MPC/artifacts/MonteCarloData/monte-carlo-data-epoch-39_20260613T233910,mpc-482-8-lambda-0.736,0.7362658062688262,0.7072519195326059,False,171.18658447265625,264.97198486328125,87.6829605102539,177.28903198242188,93.785400390625
663,/home/victor-xia/repos/Burst-Coast-MPC/artifacts/MonteCarloData/monte-carlo-data-epoch-17_20260614T015442,mpc-1638-16-lambda-0.716,0.7157078460739988,0.11099180339407612,False,188.19232177734375,266.1082763671875,8.808652877807617,257.29962158203125,77.91595458984375
664,/home/victor-xia/repos/Burst-Coast-MPC/artifacts/MonteCarloData/monte-carlo-data-epoch-242_20260614T022357,mpc-492-6-lambda-0.256,0.25611887000057715,0.593357741159649,False,274.1441345214844,266.74859619140625,32.03335952758789,234.71524047851562,-7.395538330078125
665,/home/victor-xia/repos/Burst-Coast-MPC/artifacts/MonteCarloData/monte-carlo-data-epoch-337_20260614T023646,mpc-1213-11-lambda-0.982,0.9824134893852393,0.1598604021776145,False,335.5963134765625,266.7626037597656,17.852659225463867,248.90994262695312,-68.83370971679688
666,/home/victor-xia/repos/Burst-Coast-MPC/artifacts/MonteCarloData/monte-carlo-data-epoch-257_20260614T022606,mpc-898-10-lambda-0.493,0.49302974752224243,0.175072930594967,False,294.1047668457031,267.6042785644531,14.293368339538574,253.3109130859375,-26.50048828125
667,/home/victor-xia/repos/Burst-Coast-MPC/artifacts/MonteCarloData/monte-carlo-data-epoch-179_20260614T210541,mpc-0-0-lambda-0.081,0.08125587288071719,0.35921539314552114,False,435.13262939453125,267.6111145019531,11.38022518157959,256.23089599609375,-167.52151489257812
668,/home/victor-xia/repos/Burst-Coast-MPC/artifacts/MonteCarloData/monte-carlo-data-epoch-528_20260614T030346,mpc-1362-16-lambda-0.814,0.8143773734865264,0.4528926717161486,False,254.2578887939453,267.6291809082031,51.69166946411133,215.93751525878906,13.371292114257812
669,/home/victor-xia/repos/Burst-Coast-MPC/artifacts/MonteCarloData/monte-carlo-data-epoch-148_20260614T021217,mpc-1531-10-lambda-0.807,0.8071752549297657,0.5142893067113942,False,242.1959991455078,267.81658935546875,59.47594451904297,208.34063720703125,25.620590209960938
670,/home/victor-xia/repos/Burst-Coast-MPC/artifacts/MonteCarloData/monte-carlo-data-epoch-467_20260614T025519,mpc-1117-12-lambda-0.809,0.8086026383777832,0.28597355175083017,False,291.3369140625,268.4377746582031,28.81026268005371,239.6275177001953,-22.899139404296875
671,/home/victor-xia/repos/Burst-Coast-MPC/artifacts/MonteCarloData/monte-carlo-data-epoch-212_20260614T022023,mpc-169-2-lambda-0.791,0.7909418441655033,0.5534882076987675,False,153.32150268554688,268.6147766113281,66.20145416259766,202.413330078125,115.29327392578125
672,/home/victor-xia/repos/Burst-Coast-MPC/artifacts/MonteCarloData/monte-carlo-data-epoch-119_20260614T205716,mpc-489-6-lambda-0.103,0.10329933141984025,0.5618669300325362,False,170.0962371826172,268.8164978027344,19.16988754272461,249.6466064453125,98.72026062011719
673,/home/victor-xia/repos/Burst-Coast-MPC/artifacts/MonteCarloData/monte-carlo-data-epoch-325_20260614T023534,mpc-1257-10-lambda-0.087,0.08692671967958833,0.1413310754888663,False,345.29364013671875,268.8448791503906,5.321059703826904,263.5238342285156,-76.44876098632812
674,/home/victor-xia/repos/Burst-Coast-MPC/artifacts/MonteCarloData/monte-carlo-data-epoch-108_20260614T020648,mpc-103-1-lambda-0.103,0.10253506804115346,0.3503246275674109,False,252.60647583007812,268.9173278808594,11.455636978149414,257.4617004394531,16.31085205078125
675,/home/victor-xia/repos/Burst-Coast-MPC/artifacts/MonteCarloData/monte-carlo-data-epoch-144_20260614T021130,mpc-600-5-lambda-0.051,0.05148693882177966,0.9724592597893801,False,173.01922607421875,269.00750732421875,28.10799217224121,240.89952087402344,95.98828125
676,/home/victor-xia/repos/Burst-Coast-MPC/artifacts/MonteCarloData/monte-carlo-data-epoch-33_20260614T204532,mpc-777-9-lambda-0.254,0.25391355218611156,0.6353348277031001,False,300.34051513671875,269.092041015625,34.816070556640625,234.27597045898438,-31.24847412109375
677,/home/victor-xia/repos/Burst-Coast-MPC/artifacts/MonteCarloData/monte-carlo-data-epoch-365_20260614T024001,mpc-582-5-lambda-0.9,0.8998102010621665,0.9291326534221921,False,361.63580322265625,270.17486572265625,167.1336669921875,103.04119873046875,-91.4609375
678,/home/victor-xia/repos/Burst-Coast-MPC/artifacts/MonteCarloData/monte-carlo-data-epoch-406_20260614T024600,mpc-201-1-lambda-0.441,0.4412581124362181,0.6845195857961651,False,354.8301696777344,270.2571716308594,55.101497650146484,215.15567016601562,-84.572998046875
679,/home/victor-xia/repos/Burst-Coast-MPC/artifacts/MonteCarloData/monte-carlo-data-epoch-370_20260614T024041,mpc-0-0-lambda-0.324,0.3240499278234023,0.14267779542883918,False,197.94056701660156,270.4367980957031,9.82484245300293,260.6119689941406,72.49623107910156
680,/home/victor-xia/repos/Burst-Coast-MPC/artifacts/MonteCarloData/monte-carlo-data-epoch-324_20260614T212424,mpc-1656-17-lambda-0.855,0.8550653499183289,0.7616993767958068,False,271.810791015625,270.9396057128906,119.94721221923828,150.99240112304688,-0.871185302734375
681,/home/victor-xia/repos/Burst-Coast-MPC/artifacts/MonteCarloData/monte-carlo-data-epoch-41_20260614T015747,mpc-1918-17-lambda-0.707,0.7066364677723639,0.46904502947098514,False,298.4053039550781,271.5938415527344,46.161376953125,225.43246459960938,-26.81146240234375
682,/home/victor-xia/repos/Burst-Coast-MPC/artifacts/MonteCarloData/monte-carlo-data-epoch-8_20260614T015329,mpc-1676-14-lambda-0.841,0.841011629218492,0.9704071253403176,True,214.20355224609375,272.26123046875,165.99436950683594,106.26686096191406,58.05767822265625
683,/home/victor-xia/repos/Burst-Coast-MPC/artifacts/MonteCarloData/monte-carlo-data-epoch-96_20260614T205400,mpc-0-0-lambda-0.185,0.18545081856253345,0.4685553535637518,False,185.03012084960938,272.7743835449219,20.49677085876465,252.27761840820312,87.7442626953125
684,/home/victor-xia/repos/Burst-Coast-MPC/artifacts/MonteCarloData/monte-carlo-data-epoch-408_20260614T024616,mpc-0-0-lambda-0.479,0.47855028476471895,0.6113659687561354,False,318.25701904296875,273.1875305175781,51.106834411621094,222.0806884765625,-45.069488525390625
685,/home/victor-xia/repos/Burst-Coast-MPC/artifacts/MonteCarloData/monte-carlo-data-epoch-351_20260614T212809,mpc-883-10-lambda-0.405,0.40471652276859793,0.03237142474834574,False,229.8865203857422,273.6799621582031,2.2932944297790527,271.38665771484375,43.79344177246094
686,/home/victor-xia/repos/Burst-Coast-MPC/artifacts/MonteCarloData/monte-carlo-data-epoch-152_20260614T021306,mpc-1664-13-lambda-0.542,0.5419426732684002,0.5993120881159268,False,327.623291015625,274.2098693847656,53.589962005615234,220.61990356445312,-53.413421630859375
687,/home/victor-xia/repos/Burst-Coast-MPC/artifacts/MonteCarloData/monte-carlo-data-epoch-116_20260614T020814,mpc-244-2-lambda-0.311,0.31117229502046456,0.5099866001093413,False,329.3222961425781,274.4944152832031,29.091951370239258,245.4024658203125,-54.827880859375
688,/home/victor-xia/repos/Burst-Coast-MPC/artifacts/MonteCarloData/monte-carlo-data-epoch-45_20260614T204640,mpc-1149-8-lambda-0.503,0.5026318630652309,0.5332498518884895,False,380.55645751953125,274.5367736816406,44.696800231933594,229.8399658203125,-106.01968383789062
689,/home/victor-xia/repos/Burst-Coast-MPC/artifacts/MonteCarloData/monte-carlo-data-epoch-296_20260614T212048,mpc-1726-18-lambda-0.248,0.24754377891888318,0.31237484139655924,False,332.3389587402344,274.6530456542969,17.117677688598633,257.5353698730469,-57.6859130859375
690,/home/victor-xia/repos/Burst-Coast-MPC/artifacts/MonteCarloData/monte-carlo-data-epoch-290_20260614T211944,mpc-1274-10-lambda-0.776,0.7760184386760012,0.9655203939570042,False,314.3525085449219,275.3127746582031,159.66079711914062,115.6519775390625,-39.03973388671875
691,/home/victor-xia/repos/Burst-Coast-MPC/artifacts/MonteCarloData/monte-carlo-data-epoch-283_20260614T211850,mpc-470-5-lambda-0.5,0.5000534874641456,0.7532914873209404,False,257.1927795410156,277.71917724609375,73.27035522460938,204.44882202148438,20.526397705078125
692,/home/victor-xia/repos/Burst-Coast-MPC/artifacts/MonteCarloData/monte-carlo-data-epoch-239_20260614T022324,mpc-1362-14-lambda-0.952,0.9522037425324453,0.6824692232214113,False,179.2893829345703,277.86834716796875,101.98574829101562,175.88259887695312,98.57896423339844
693,/home/victor-xia/repos/Burst-Coast-MPC/artifacts/MonteCarloData/monte-carlo-data-epoch-337_20260614T023646,mpc-1324-13-lambda-0.819,0.8186960113913642,0.8407205937419839,False,288.07171630859375,278.5697937011719,127.23783111572266,151.33197021484375,-9.501922607421875
694,/home/victor-xia/repos/Burst-Coast-MPC/artifacts/MonteCarloData/monte-carlo-data-epoch-160_20260614T210323,mpc-950-10-lambda-0.852,0.8521716004380555,0.27704862724844526,False,347.0980529785156,278.5725402832031,28.321157455444336,250.2513885498047,-68.5255126953125
695,/home/victor-xia/repos/Burst-Coast-MPC/artifacts/MonteCarloData/monte-carlo-data-epoch-137_20260614T205958,mpc-1202-10-lambda-0.158,0.15848481360537095,0.9245474713335557,False,247.380859375,279.266357421875,45.04044723510742,234.2259063720703,31.885498046875
696,/home/victor-xia/repos/Burst-Coast-MPC/artifacts/MonteCarloData/monte-carlo-data-epoch-385_20260614T213311,mpc-2499-21-lambda-0.823,0.8234328606163975,0.6726532143938443,False,360.7768249511719,279.3804931640625,91.35867309570312,188.02182006835938,-81.39633178710938
697,/home/victor-xia/repos/Burst-Coast-MPC/artifacts/MonteCarloData/monte-carlo-data-epoch-140_20260614T021100,mpc-1526-19-lambda-0.337,0.3366563305877567,0.2755023133560657,False,152.7853240966797,279.57623291015625,14.004164695739746,265.57208251953125,126.79090881347656
698,/home/victor-xia/repos/Burst-Coast-MPC/artifacts/MonteCarloData/monte-carlo-data-epoch-351_20260614T212809,mpc-890-11-lambda-0.917,0.9167974670189897,0.44225003338828084,False,227.05223083496094,280.05377197265625,55.219947814941406,224.83383178710938,53.00154113769531
699,/home/victor-xia/repos/Burst-Coast-MPC/artifacts/MonteCarloData/monte-carlo-data-epoch-318_20260614T212339,mpc-1015-11-lambda-0.558,0.5581167129917314,0.8943334853839154,False,248.57347106933594,280.3058166503906,108.95339965820312,171.3524169921875,31.732345581054688
700,/home/victor-xia/repos/Burst-Coast-MPC/artifacts/MonteCarloData/monte-carlo-data-epoch-49_20260614T204733,mpc-1375-12-lambda-0.464,0.46425588216062996,0.8411989575784876,False,313.9201965332031,280.607666015625,82.9177017211914,197.68997192382812,-33.312530517578125
701,/home/victor-xia/repos/Burst-Coast-MPC/artifacts/MonteCarloData/monte-carlo-data-epoch-131_20260614T205906,mpc-1301-12-lambda-0.041,0.041056781586613696,0.7255106594213537,False,371.8940124511719,281.32598876953125,19.180051803588867,262.14593505859375,-90.56802368164062
702,/home/victor-xia/repos/Burst-Coast-MPC/artifacts/MonteCarloData/monte-carlo-data-epoch-236_20260614T211254,mpc-159-2-lambda-0.625,0.6253093047349542,0.02463387413698031,False,348.296142578125,283.656005859375,2.7976737022399902,280.85833740234375,-64.64013671875
703,/home/victor-xia/repos/Burst-Coast-MPC/artifacts/MonteCarloData/monte-carlo-data-epoch-471_20260614T025604,mpc-0-0-lambda-0.044,0.043544589626886794,0.8916592919358138,False,220.59361267089844,283.9287414550781,25.871015548706055,258.0577392578125,63.33512878417969
704,/home/victor-xia/repos/Burst-Coast-MPC/artifacts/MonteCarloData/monte-carlo-data-epoch-481_20260614T025716,mpc-1750-15-lambda-0.605,0.6048575556508085,0.8837952153369958,False,338.9608154296875,284.24127197265625,109.580078125,174.66119384765625,-54.71954345703125
705,/home/victor-xia/repos/Burst-Coast-MPC/artifacts/MonteCarloData/monte-carlo-data-epoch-264_20260614T022644,mpc-2301-26-lambda-0.416,0.415868521560307,0.4362375601118632,False,474.9427490234375,284.27960205078125,29.445329666137695,254.8342742919922,-190.66314697265625
706,/home/victor-xia/repos/Burst-Coast-MPC/artifacts/MonteCarloData/monte-carlo-data-epoch-365_20260614T024001,mpc-259-3-lambda-0.02,0.01998435387662718,0.8615923376180865,False,511.4051208496094,284.4043884277344,22.63966941833496,261.76470947265625,-227.000732421875
707,/home/victor-xia/repos/Burst-Coast-MPC/artifacts/MonteCarloData/monte-carlo-data-epoch-337_20260614T023646,mpc-1190-10-lambda-0.897,0.8970125525133534,0.11646645062205156,False,353.267822265625,284.9831848144531,11.104069709777832,273.8791198730469,-68.28463745117188
708,/home/victor-xia/repos/Burst-Coast-MPC/artifacts/MonteCarloData/monte-carlo-data-epoch-180_20260614T210545,mpc-608-6-lambda-0.984,0.9836685847374846,0.27029372477647623,False,253.74288940429688,285.0255432128906,30.280323028564453,254.74522399902344,31.28265380859375
709,/home/victor-xia/repos/Burst-Coast-MPC/artifacts/MonteCarloData/monte-carlo-data-epoch-453_20260614T025300,mpc-1101-11-lambda-0.743,0.7433806586753756,0.7255112807224228,False,297.0406188964844,285.1862487792969,94.70539855957031,190.48085021972656,-11.8543701171875
710,/home/victor-xia/repos/Burst-Coast-MPC/artifacts/MonteCarloData/monte-carlo-data-epoch-80_20260614T020310,mpc-305-3-lambda-0.635,0.6353423188224694,0.3636079660233375,False,604.6192016601562,286.1082763671875,30.331390380859375,255.77688598632812,-318.51092529296875
711,/home/victor-xia/repos/Burst-Coast-MPC/artifacts/MonteCarloData/monte-carlo-data-epoch-304_20260614T212156,mpc-0-0-lambda-0.782,0.7822879406795011,0.20556261439483137,False,538.2528076171875,286.20721435546875,17.958660125732422,268.2485656738281,-252.04559326171875
712,/home/victor-xia/repos/Burst-Coast-MPC/artifacts/MonteCarloData/monte-carlo-data-epoch-131_20260614T205906,mpc-1283-11-lambda-0.617,0.6166450442970052,0.08751056788276414,False,382.5897216796875,286.3254699707031,6.7396440505981445,279.5858154296875,-96.26425170898438
713,/home/victor-xia/repos/Burst-Coast-MPC/artifacts/MonteCarloData/monte-carlo-data-epoch-187_20260614T210626,mpc-371-2-lambda-0.309,0.30882377123163807,0.6832399993226062,False,250.94979858398438,286.4000244140625,43.54609680175781,242.8539276123047,35.450225830078125
714,/home/victor-xia/repos/Burst-Coast-MPC/artifacts/MonteCarloData/monte-carlo-data-epoch-201_20260614T210809,mpc-1077-10-lambda-0.926,0.9260045484377247,0.15687630852066545,False,162.1675567626953,286.79083251953125,15.367437362670898,271.42340087890625,124.62327575683594
715,/home/victor-xia/repos/Burst-Coast-MPC/artifacts/MonteCarloData/monte-carlo-data-epoch-279_20260614T211828,mpc-45-1-lambda-0.113,0.11308047330741655,0.2710308606290924,False,253.15765380859375,286.91217041015625,8.79775619506836,278.1144104003906,33.7545166015625
716,/home/victor-xia/repos/Burst-Coast-MPC/artifacts/MonteCarloData/monte-carlo-data-epoch-17_20260614T015442,mpc-1616-15-lambda-0.867,0.8666432083955856,0.10889701930123484,False,204.40481567382812,287.1216125488281,10.207049369812012,276.91455078125,82.716796875
717,/home/victor-xia/repos/Burst-Coast-MPC/artifacts/MonteCarloData/monte-carlo-data-epoch-337_20260614T212612,mpc-116-1-lambda-0.037,0.03664647987361903,0.8020324171857198,False,243.1990509033203,287.57354736328125,21.701919555664062,265.87164306640625,44.37449645996094
718,/home/victor-xia/repos/Burst-Coast-MPC/artifacts/MonteCarloData/monte-carlo-data-epoch-189_20260614T021734,mpc-736-7-lambda-0.913,0.9127948825666763,0.6136364209668881,False,251.5756378173828,287.79046630859375,83.67231750488281,204.11814880371094,36.21482849121094
719,/home/victor-xia/repos/Burst-Coast-MPC/artifacts/MonteCarloData/monte-carlo-data-epoch-336_20260614T212603,mpc-1457-15-lambda-0.694,0.6941542391532267,0.48270705553344895,False,222.29446411132812,287.90106201171875,50.48225402832031,237.41880798339844,65.60659790039062
720,/home/victor-xia/repos/Burst-Coast-MPC/artifacts/MonteCarloData/monte-carlo-data-epoch-394_20260614T213444,mpc-170-1-lambda-0.477,0.47695288599875224,0.9448005030002974,False,311.94940185546875,288.15728759765625,99.99333953857422,188.1639404296875,-23.7921142578125
721,/home/victor-xia/repos/Burst-Coast-MPC/artifacts/MonteCarloData/monte-carlo-data-epoch-154_20260614T210240,mpc-820-7-lambda-0.84,0.8403869150850212,0.8796175912222998,True,203.83395385742188,288.21136474609375,147.18519592285156,141.0261688232422,84.37741088867188
722,/home/victor-xia/repos/Burst-Coast-MPC/artifacts/MonteCarloData/monte-carlo-data-epoch-275_20260614T211801,mpc-1090-11-lambda-0.02,0.01993022658914638,0.3257662133585906,False,181.68582153320312,288.3233642578125,8.61091136932373,279.71246337890625,106.63754272460938
723,/home/victor-xia/repos/Burst-Coast-MPC/artifacts/MonteCarloData/monte-carlo-data-epoch-155_20260614T210248,mpc-1700-16-lambda-0.417,0.4173402284426671,0.9294713361583158,False,367.18267822265625,289.8714599609375,87.29320526123047,202.5782470703125,-77.31121826171875
724,/home/victor-xia/repos/Burst-Coast-MPC/artifacts/MonteCarloData/monte-carlo-data-epoch-264_20260614T211644,mpc-1003-10-lambda-0.036,0.035588305112893695,0.28808832387025135,False,392.55511474609375,289.8990173339844,8.03029727935791,281.86871337890625,-102.65609741210938
725,/home/victor-xia/repos/Burst-Coast-MPC/artifacts/MonteCarloData/monte-carlo-data-epoch-489_20260614T025823,mpc-2055-19-lambda-0.107,0.10703563856271908,0.3760300771314556,False,422.56634521484375,290.084716796875,13.255136489868164,276.82958984375,-132.48162841796875
726,/home/victor-xia/repos/Burst-Coast-MPC/artifacts/MonteCarloData/monte-carlo-data-epoch-84_20260614T205214,mpc-458-4-lambda-0.944,0.9440080125989198,0.9461822732667308,False,294.05804443359375,290.3343505859375,185.5758514404297,104.75849914550781,-3.72369384765625
727,/home/victor-xia/repos/Burst-Coast-MPC/artifacts/MonteCarloData/monte-carlo-data-epoch-242_20260614T022357,mpc-433-5-lambda-0.621,0.620745317454302,0.2935745320593976,False,311.6987609863281,290.78692626953125,23.587499618530273,267.1994323730469,-20.911834716796875
728,/home/victor-xia/repos/Burst-Coast-MPC/artifacts/MonteCarloData/monte-carlo-data-epoch-31_20260613T233752,mpc-2428-23-lambda-0.366,0.36591827745115274,0.5568992467893952,False,214.5331268310547,290.97528076171875,35.46673583984375,255.508544921875,76.44215393066406
729,/home/victor-xia/repos/Burst-Coast-MPC/artifacts/MonteCarloData/monte-carlo-data-epoch-187_20260614T021727,mpc-484-4-lambda-0.875,0.8750193091697953,0.43695535495437776,False,232.61221313476562,292.02459716796875,51.70612335205078,240.3184814453125,59.412384033203125
730,/home/victor-xia/repos/Burst-Coast-MPC/artifacts/MonteCarloData/monte-carlo-data-epoch-448_20260614T025158,mpc-2928-30-lambda-0.923,0.9233060672922689,0.1089077427024748,False,245.3494415283203,292.1539611816406,11.403796195983887,280.7501525878906,46.80451965332031
731,/home/victor-xia/repos/Burst-Coast-MPC/artifacts/MonteCarloData/monte-carlo-data-epoch-304_20260614T212156,mpc-41-1-lambda-0.948,0.9484533681548919,0.6751884901831491,False,509.6973571777344,292.1920166015625,103.3402099609375,188.851806640625,-217.50534057617188
732,/home/victor-xia/repos/Burst-Coast-MPC/artifacts/MonteCarloData/monte-carlo-data-epoch-245_20260614T211411,mpc-894-9-lambda-0.752,0.751791459458262,0.143068491941139,False,328.1990966796875,292.28521728515625,12.101311683654785,280.18389892578125,-35.91387939453125
733,/home/victor-xia/repos/Burst-Coast-MPC/artifacts/MonteCarloData/monte-carlo-data-epoch-472_20260614T025607,mpc-1610-17-lambda-0.623,0.623312702520667,0.8887004841908608,False,269.9679260253906,292.7857666015625,114.90911102294922,177.87664794921875,22.817840576171875
734,/home/victor-xia/repos/Burst-Coast-MPC/artifacts/MonteCarloData/monte-carlo-data-epoch-517_20260614T030227,mpc-163-1-lambda-0.637,0.6370209506476786,0.16595742439850641,False,157.4904022216797,293.5430908203125,13.328658103942871,280.2144470214844,136.0526885986328
735,/home/victor-xia/repos/Burst-Coast-MPC/artifacts/MonteCarloData/monte-carlo-data-epoch-288_20260614T023010,mpc-1925-19-lambda-0.121,0.12061463732083459,0.9729451319776242,False,325.4187927246094,294.0912780761719,41.05469512939453,253.03659057617188,-31.3275146484375
736,/home/victor-xia/repos/Burst-Coast-MPC/artifacts/MonteCarloData/monte-carlo-data-epoch-161_20260614T210331,mpc-263-3-lambda-0.099,0.0990918612130318,0.954723876672226,False,224.9597930908203,294.1398010253906,37.00881576538086,257.1309814453125,69.18000793457031
737,/home/victor-xia/repos/Burst-Coast-MPC/artifacts/MonteCarloData/monte-carlo-data-epoch-69_20260614T205023,mpc-1297-11-lambda-0.245,0.24509238842452652,0.9748155868058472,False,295.1279296875,294.2509765625,64.7586441040039,229.49234008789062,-0.876953125
738,/home/victor-xia/repos/Burst-Coast-MPC/artifacts/MonteCarloData/monte-carlo-data-epoch-116_20260614T020814,mpc-347-3-lambda-0.423,0.4230957149892941,0.962296266517258,False,283.0595397949219,294.4195556640625,86.70620727539062,207.71334838867188,11.360015869140625
739,/home/victor-xia/repos/Burst-Coast-MPC/artifacts/MonteCarloData/monte-carlo-data-epoch-143_20260614T021119,mpc-753-8-lambda-0.463,0.46343150824356455,0.6131174208596692,False,622.8084106445312,294.657470703125,48.61569595336914,246.04177856445312,-328.15093994140625
740,/home/victor-xia/repos/Burst-Coast-MPC/artifacts/MonteCarloData/monte-carlo-data-epoch-245_20260614T211411,mpc-923-10-lambda-0.402,0.4023805195573779,0.9967063188044315,False,308.9749450683594,294.6771240234375,94.70840454101562,199.96871948242188,-14.297821044921875
741,/home/victor-xia/repos/Burst-Coast-MPC/artifacts/MonteCarloData/monte-carlo-data-epoch-447_20260614T025152,mpc-516-4-lambda-0.838,0.8380167333796945,0.5199774792919065,False,302.562744140625,294.70025634765625,63.952171325683594,230.74807739257812,-7.86248779296875
742,/home/victor-xia/repos/Burst-Coast-MPC/artifacts/MonteCarloData/monte-carlo-data-epoch-318_20260614T212339,mpc-949-10-lambda-0.374,0.37416998233583715,0.3305317003026703,False,277.8512878417969,294.8830871582031,18.449382781982422,276.4337158203125,17.03179931640625
743,/home/victor-xia/repos/Burst-Coast-MPC/artifacts/MonteCarloData/monte-carlo-data-epoch-84_20260614T205214,mpc-351-3-lambda-0.638,0.6384844436976441,0.5335941365828073,False,379.09539794921875,294.9646911621094,53.15766525268555,241.80702209472656,-84.13070678710938
744,/home/victor-xia/repos/Burst-Coast-MPC/artifacts/MonteCarloData/monte-carlo-data-epoch-326_20260614T023545,mpc-0-0-lambda-0.033,0.033493384564786906,0.05641937433740192,False,221.50950622558594,294.9757995605469,3.593863010406494,291.3819274902344,73.46629333496094
745,/home/victor-xia/repos/Burst-Coast-MPC/artifacts/MonteCarloData/monte-carlo-data-epoch-279_20260614T211828,mpc-0-0-lambda-0.149,0.14861197225451728,0.22419337217316548,False,265.7755432128906,296.4054870605469,7.992175102233887,288.4132995605469,30.62994384765625
746,/home/victor-xia/repos/Burst-Coast-MPC/artifacts/MonteCarloData/monte-carlo-data-epoch-325_20260614T023534,mpc-1285-11-lambda-0.382,0.3815353231101125,0.38749390205756507,False,336.8523864746094,296.6388854980469,24.667377471923828,271.97149658203125,-40.2135009765625
747,/home/victor-xia/repos/Burst-Coast-MPC/artifacts/MonteCarloData/monte-carlo-data-epoch-140_20260614T021100,mpc-1484-18-lambda-0.204,0.20352739504872078,0.2108486544601344,False,165.7191162109375,297.2619323730469,8.189077377319336,289.0728454589844,131.54281616210938
748,/home/victor-xia/repos/Burst-Coast-MPC/artifacts/MonteCarloData/monte-carlo-data-epoch-193_20260614T210711,mpc-1986-21-lambda-0.602,0.6019203340849714,0.3467749104130257,False,210.22853088378906,297.4533996582031,28.206390380859375,269.24700927734375,87.22486877441406
749,/home/victor-xia/repos/Burst-Coast-MPC/artifacts/MonteCarloData/monte-carlo-data-epoch-327_20260614T023548,mpc-1245-14-lambda-0.988,0.9882552644473221,0.12584826943537816,False,263.7444763183594,297.6397399902344,13.129838943481445,284.5098876953125,33.895263671875
750,/home/victor-xia/repos/Burst-Coast-MPC/artifacts/MonteCarloData/monte-carlo-data-epoch-91_20260614T205320,mpc-1142-12-lambda-0.848,0.8479131713684496,0.4948137345599323,False,314.3993835449219,297.69769287109375,61.001129150390625,236.69656372070312,-16.701690673828125
751,/home/victor-xia/repos/Burst-Coast-MPC/artifacts/MonteCarloData/monte-carlo-data-epoch-449_20260614T025217,mpc-964-10-lambda-0.121,0.12055825088620281,0.5317510829040284,False,350.3680114746094,297.74127197265625,19.857799530029297,277.88348388671875,-52.626739501953125
752,/home/victor-xia/repos/Burst-Coast-MPC/artifacts/MonteCarloData/monte-carlo-data-epoch-131_20260614T205906,mpc-1231-10-lambda-0.111,0.1108961446007176,0.2577074325445573,False,396.3194885253906,297.906982421875,8.70638656616211,289.2005920410156,-98.41250610351562
753,/home/victor-xia/repos/Burst-Coast-MPC/artifacts/MonteCarloData/monte-carlo-data-epoch-5_20260613T233433,mpc-1913-21-lambda-0.561,0.5605469432038773,0.6059350453012261,False,312.8902587890625,298.2823181152344,56.43497848510742,241.8473358154297,-14.607940673828125
754,/home/victor-xia/repos/Burst-Coast-MPC/artifacts/MonteCarloData/monte-carlo-data-epoch-201_20260614T210809,mpc-1064-9-lambda-0.948,0.9483126053630455,0.06689746869166995,False,171.9146728515625,298.66693115234375,6.13524055480957,292.53167724609375,126.75225830078125
755,/home/victor-xia/repos/Burst-Coast-MPC/artifacts/MonteCarloData/monte-carlo-data-epoch-449_20260614T025217,mpc-1202-13-lambda-0.849,0.8490800377025514,0.9789963939632084,False,263.15399169921875,298.7803955078125,171.2206573486328,127.55973815917969,35.62640380859375
756,/home/victor-xia/repos/Burst-Coast-MPC/artifacts/MonteCarloData/monte-carlo-data-epoch-79_20260614T205138,mpc-1415-13-lambda-0.815,0.8154640486076243,0.42053843914202993,False,289.1402282714844,299.0000305175781,46.844825744628906,252.15521240234375,9.85980224609375
757,/home/victor-xia/repos/Burst-Coast-MPC/artifacts/MonteCarloData/monte-carlo-data-epoch-285_20260614T022947,mpc-680-5-lambda-0.187,0.18654394500760155,0.6202015444706466,False,485.7929382324219,299.0255126953125,31.275365829467773,267.7501525878906,-186.76742553710938
758,/home/victor-xia/repos/Burst-Coast-MPC/artifacts/MonteCarloData/monte-carlo-data-epoch-31_20260613T233752,mpc-2394-22-lambda-0.368,0.3681359617574239,0.1703399493726408,False,228.36993408203125,299.47772216796875,8.738897323608398,290.73883056640625,71.1077880859375
759,/home/victor-xia/repos/Burst-Coast-MPC/artifacts/MonteCarloData/monte-carlo-data-epoch-168_20260614T210424,mpc-1173-11-lambda-0.676,0.6762722846068495,0.9449895248068689,False,262.7086181640625,299.8033142089844,138.0853271484375,161.71798706054688,37.094696044921875
760,/home/victor-xia/repos/Burst-Coast-MPC/artifacts/MonteCarloData/monte-carlo-data-epoch-275_20260614T211801,mpc-771-8-lambda-0.71,0.7101720567536559,0.15232831039400707,False,381.0965881347656,300.822265625,12.255285263061523,288.5669860839844,-80.27432250976562
761,/home/victor-xia/repos/Burst-Coast-MPC/artifacts/MonteCarloData/monte-carlo-data-epoch-448_20260614T025158,mpc-2950-31-lambda-0.498,0.49776266542702524,0.825012112841963,True,228.25616455078125,300.8501892089844,80.7186050415039,220.131591796875,72.59402465820312
762,/home/victor-xia/repos/Burst-Coast-MPC/artifacts/MonteCarloData/monte-carlo-data-epoch-387_20260614T213331,mpc-0-0-lambda-0.337,0.33672702190274556,0.8210443967843674,False,260.4068298339844,301.0351257324219,62.63302230834961,238.402099609375,40.6282958984375
763,/home/victor-xia/repos/Burst-Coast-MPC/artifacts/MonteCarloData/monte-carlo-data-epoch-378_20260614T213220,mpc-1174-13-lambda-0.888,0.8884953028074689,0.7324386400685348,False,251.98626708984375,302.1172180175781,110.34059143066406,191.77662658691406,50.130950927734375
764,/home/victor-xia/repos/Burst-Coast-MPC/artifacts/MonteCarloData/monte-carlo-data-epoch-108_20260614T020648,mpc-0-0-lambda-0.455,0.45493904789568057,0.5145168898959778,False,311.30712890625,302.91241455078125,36.82777404785156,266.08465576171875,-8.39471435546875
765,/home/victor-xia/repos/Burst-Coast-MPC/artifacts/MonteCarloData/monte-carlo-data-epoch-279_20260614T211828,mpc-99-2-lambda-0.907,0.9067518626913154,0.4156524873721643,False,239.29444885253906,303.4195251464844,50.486778259277344,252.9327392578125,64.12507629394531
766,/home/victor-xia/repos/Burst-Coast-MPC/artifacts/MonteCarloData/monte-carlo-data-epoch-47_20260614T015842,mpc-0-0-lambda-0.973,0.972669743456413,0.029927467988866613,False,205.84719848632812,304.03204345703125,4.866921424865723,299.1651306152344,98.18484497070312
767,/home/victor-xia/repos/Burst-Coast-MPC/artifacts/MonteCarloData/monte-carlo-data-epoch-529_20260614T030357,mpc-1363-17-lambda-0.5,0.5003119176755304,0.9179562591541857,False,358.0064697265625,304.0697326660156,95.01067352294922,209.05905151367188,-53.936737060546875
768,/home/victor-xia/repos/Burst-Coast-MPC/artifacts/MonteCarloData/monte-carlo-data-epoch-458_20260614T025355,mpc-1319-11-lambda-0.95,0.9500048929953316,0.8276213870410568,False,378.2742919921875,304.08782958984375,140.14244079589844,163.9453887939453,-74.18646240234375
769,/home/victor-xia/repos/Burst-Coast-MPC/artifacts/MonteCarloData/monte-carlo-data-epoch-193_20260614T210711,mpc-1765-19-lambda-0.338,0.3377112596945522,0.416055603398466,False,287.730712890625,304.2265319824219,23.81584358215332,280.4106750488281,16.495819091796875
770,/home/victor-xia/repos/Burst-Coast-MPC/artifacts/MonteCarloData/monte-carlo-data-epoch-326_20260614T023545,mpc-11-1-lambda-0.862,0.8619436701534591,0.8102449076404284,False,215.75167846679688,304.9379577636719,128.4136505126953,176.52430725097656,89.186279296875
771,/home/victor-xia/repos/Burst-Coast-MPC/artifacts/MonteCarloData/monte-carlo-data-epoch-8_20260614T204142,mpc-595-5-lambda-0.695,0.6954299504431879,0.12558528263037932,False,201.5767059326172,305.5774230957031,10.255769729614258,295.3216552734375,104.00071716308594
772,/home/victor-xia/repos/Burst-Coast-MPC/artifacts/MonteCarloData/monte-carlo-data-epoch-17_20260614T015442,mpc-1518-14-lambda-0.463,0.4631425365100022,0.48575757314827617,False,261.3505554199219,306.1482238769531,35.729888916015625,270.4183349609375,44.79766845703125
773,/home/victor-xia/repos/Burst-Coast-MPC/artifacts/MonteCarloData/monte-carlo-data-epoch-325_20260614T023534,mpc-1363-12-lambda-0.976,0.9761068681159313,0.1629279732764665,False,297.5943908691406,306.25927734375,18.446208953857422,287.8130798339844,8.664886474609375
774,/home/victor-xia/repos/Burst-Coast-MPC/artifacts/MonteCarloData/monte-carlo-data-epoch-3_20260614T204116,mpc-0-0-lambda-0.299,0.299292620466831,0.8958799239799439,False,307.192138671875,306.61700439453125,65.49891662597656,241.1180877685547,-0.57513427734375
775,/home/victor-xia/repos/Burst-Coast-MPC/artifacts/MonteCarloData/monte-carlo-data-epoch-143_20260614T021119,mpc-876-9-lambda-0.61,0.6099294562740907,0.9783223611586637,False,545.1747436523438,306.70379638671875,123.4369888305664,183.26681518554688,-238.470947265625
776,/home/victor-xia/repos/Burst-Coast-MPC/artifacts/MonteCarloData/monte-carlo-data-epoch-365_20260614T024001,mpc-207-2-lambda-0.697,0.6970778258081909,0.2589423477982017,False,547.7265014648438,307.07427978515625,22.7992000579834,284.27508544921875,-240.6522216796875
777,/home/victor-xia/repos/Burst-Coast-MPC/artifacts/MonteCarloData/monte-carlo-data-epoch-332_20260614T212530,mpc-1027-9-lambda-0.778,0.7783636874614894,0.5235973500124989,False,292.0414123535156,307.4013366699219,61.090885162353516,246.31045532226562,15.35992431640625
778,/home/victor-xia/repos/Burst-Coast-MPC/artifacts/MonteCarloData/monte-carlo-data-epoch-525_20260614T030332,mpc-979-9-lambda-0.874,0.8739383034402435,0.6501034133838746,False,297.98388671875,307.7232360839844,89.39966583251953,218.32357788085938,9.739349365234375
779,/home/victor-xia/repos/Burst-Coast-MPC/artifacts/MonteCarloData/monte-carlo-data-epoch-317_20260614T212330,mpc-564-6-lambda-0.789,0.7893369529258124,0.612761252110829,False,529.2842407226562,308.835205078125,79.86888122558594,228.96632385253906,-220.44903564453125
780,/home/victor-xia/repos/Burst-Coast-MPC/artifacts/MonteCarloData/monte-carlo-data-epoch-183_20260614T021655,mpc-1595-17-lambda-0.966,0.9663339654073915,0.9141791328909162,False,451.0293273925781,309.170166015625,164.58587646484375,144.58428955078125,-141.85916137695312
781,/home/victor-xia/repos/Burst-Coast-MPC/artifacts/MonteCarloData/monte-carlo-data-epoch-119_20260614T205716,mpc-343-4-lambda-0.44,0.44046674333865854,0.4507038031875905,False,260.96380615234375,309.4118347167969,32.000701904296875,277.4111328125,48.448028564453125
782,/home/victor-xia/repos/Burst-Coast-MPC/artifacts/MonteCarloData/monte-carlo-data-epoch-264_20260614T022644,mpc-2389-27-lambda-0.833,0.833328403502551,0.9049151398699748,False,428.0425109863281,309.43267822265625,141.60684204101562,167.82583618164062,-118.60983276367188
783,/home/victor-xia/repos/Burst-Coast-MPC/artifacts/MonteCarloData/monte-carlo-data-epoch-119_20260614T020837,mpc-134-1-lambda-0.983,0.9828530025173239,0.6825344910616868,False,223.16256713867188,309.7967834472656,106.58972930908203,203.20706176757812,86.63421630859375
784,/home/victor-xia/repos/Burst-Coast-MPC/artifacts/MonteCarloData/monte-carlo-data-epoch-137_20260614T205958,mpc-998-8-lambda-0.719,0.7185044115106822,0.0823263505832285,False,405.9381408691406,310.5185241699219,6.731103897094727,303.78741455078125,-95.41961669921875
785,/home/victor-xia/repos/Burst-Coast-MPC/artifacts/MonteCarloData/monte-carlo-data-epoch-180_20260614T210545,mpc-359-4-lambda-0.113,0.11269709742024206,0.42305687325212876,False,396.3685607910156,310.9864196777344,15.080899238586426,295.905517578125,-85.38214111328125
786,/home/victor-xia/repos/Burst-Coast-MPC/artifacts/MonteCarloData/monte-carlo-data-epoch-21_20260613T233630,mpc-1234-13-lambda-0.775,0.7745441109086915,0.12404653757365448,False,243.5908660888672,311.0478820800781,12.169615745544434,298.8782653808594,67.45701599121094
787,/home/victor-xia/repos/Burst-Coast-MPC/artifacts/MonteCarloData/monte-carlo-data-epoch-193_20260614T210711,mpc-1849-20-lambda-0.119,0.11889082626036454,0.682160629087637,False,249.88250732421875,311.4140319824219,25.069190979003906,286.3448486328125,61.531524658203125
788,/home/victor-xia/repos/Burst-Coast-MPC/artifacts/MonteCarloData/monte-carlo-data-epoch-370_20260614T213101,mpc-2943-36-lambda-0.663,0.6634447363592161,0.45739856071114315,True,171.74827575683594,311.78839111328125,45.11543273925781,266.6729736328125,140.0401153564453
789,/home/victor-xia/repos/Burst-Coast-MPC/artifacts/MonteCarloData/monte-carlo-data-epoch-318_20260614T212339,mpc-909-9-lambda-0.121,0.12104484879924224,0.20060331429189698,False,290.4781799316406,312.80877685546875,7.9550580978393555,304.8537292480469,22.330596923828125
790,/home/victor-xia/repos/Burst-Coast-MPC/artifacts/MonteCarloData/monte-carlo-data-epoch-93_20260614T205338,mpc-641-8-lambda-0.405,0.4053885894115485,0.7916185052620973,False,298.1512756347656,313.0538330078125,67.79554748535156,245.25828552246094,14.902557373046875
791,/home/victor-xia/repos/Burst-Coast-MPC/artifacts/MonteCarloData/monte-carlo-data-epoch-301_20260614T212132,mpc-2444-26-lambda-0.913,0.9133982527044681,0.3097224626653177,False,236.69725036621094,313.1202392578125,33.4302978515625,279.68994140625,76.42298889160156
792,/home/victor-xia/repos/Burst-Coast-MPC/artifacts/MonteCarloData/monte-carlo-data-epoch-179_20260614T210541,mpc-72-1-lambda-0.052,0.0519828481774534,0.1066315189037153,False,417.19091796875,313.78521728515625,3.5428123474121094,310.2424011230469,-103.40570068359375
793,/home/victor-xia/repos/Burst-Coast-MPC/artifacts/MonteCarloData/monte-carlo-data-epoch-80_20260614T020310,mpc-525-5-lambda-0.998,0.9981552270988973,0.9602739173712131,False,524.2335205078125,314.1435546875,183.61666870117188,130.52688598632812,-210.0899658203125
794,/home/victor-xia/repos/Burst-Coast-MPC/artifacts/MonteCarloData/monte-carlo-data-epoch-99_20260614T020526,mpc-1438-15-lambda-0.189,0.1887406828749887,0.3816620289662634,False,347.04730224609375,314.7868347167969,15.191251754760742,299.5955810546875,-32.260467529296875
795,/home/victor-xia/repos/Burst-Coast-MPC/artifacts/MonteCarloData/monte-carlo-data-epoch-385_20260614T024253,mpc-1034-9-lambda-0.476,0.47621092827549516,0.8546402413003369,False,311.1726379394531,315.16729736328125,81.97453308105469,233.19276428222656,3.994659423828125
796,/home/victor-xia/repos/Burst-Coast-MPC/artifacts/MonteCarloData/monte-carlo-data-epoch-242_20260614T022357,mpc-416-4-lambda-0.445,0.44453973705936267,0.08456576709307442,False,320.67437744140625,315.2770080566406,5.646237373352051,309.6307678222656,-5.397369384765625
797,/home/victor-xia/repos/Burst-Coast-MPC/artifacts/MonteCarloData/monte-carlo-data-epoch-76_20260614T020230,mpc-374-2-lambda-0.468,0.4679462424647137,0.8181649019701148,False,232.50389099121094,315.796875,75.18551635742188,240.61135864257812,83.29298400878906
798,/home/victor-xia/repos/Burst-Coast-MPC/artifacts/MonteCarloData/monte-carlo-data-epoch-93_20260614T205338,mpc-573-6-lambda-0.152,0.15185128384731747,0.32378977721074803,False,319.7266540527344,316.4367370605469,11.750043869018555,304.68670654296875,-3.2899169921875
799,/home/victor-xia/repos/Burst-Coast-MPC/artifacts/MonteCarloData/monte-carlo-data-epoch-216_20260614T022047,mpc-342-2-lambda-0.224,0.22427423967866716,0.3036962282791409,False,392.1643981933594,316.8922119140625,13.012710571289062,303.8795166015625,-75.27218627929688
800,/home/victor-xia/repos/Burst-Coast-MPC/artifacts/MonteCarloData/monte-carlo-data-epoch-9_20260613T233517,mpc-18-2-lambda-0.306,0.3064170710099727,0.22112485312812943,False,391.8744201660156,317.24407958984375,10.945300102233887,306.29876708984375,-74.63034057617188
801,/home/victor-xia/repos/Burst-Coast-MPC/artifacts/MonteCarloData/monte-carlo-data-epoch-93_20260614T205338,mpc-638-7-lambda-0.29,0.29014143582625235,0.012647704408570739,False,301.1842346191406,317.69512939453125,2.2640433311462402,315.43109130859375,16.510894775390625
802,/home/victor-xia/repos/Burst-Coast-MPC/artifacts/MonteCarloData/monte-carlo-data-epoch-481_20260614T025716,mpc-1603-13-lambda-0.55,0.5500793275311828,0.1796256231091379,False,459.5679931640625,317.7994384765625,13.154292106628418,304.6451416015625,-141.7685546875
803,/home/victor-xia/repos/Burst-Coast-MPC/artifacts/MonteCarloData/monte-carlo-data-epoch-168_20260614T210424,mpc-979-10-lambda-0.048,0.04775643436759108,0.9634502155244447,False,306.8255615234375,317.85662841796875,28.022132873535156,289.8345031738281,11.03106689453125
804,/home/victor-xia/repos/Burst-Coast-MPC/artifacts/MonteCarloData/monte-carlo-data-epoch-168_20260614T210424,mpc-778-8-lambda-0.538,0.53757238639237,0.1575008002554451,False,410.4009094238281,317.92535400390625,10.852826118469238,307.0725402832031,-92.47555541992188
805,/home/victor-xia/repos/Burst-Coast-MPC/artifacts/MonteCarloData/monte-carlo-data-epoch-348_20260614T023808,mpc-165-1-lambda-0.315,0.3152982544388257,0.7923931443608176,False,312.6242370605469,318.46917724609375,54.020606994628906,264.4485778808594,5.844940185546875
806,/home/victor-xia/repos/Burst-Coast-MPC/artifacts/MonteCarloData/monte-carlo-data-epoch-351_20260614T023825,mpc-2781-30-lambda-0.585,0.5854682149247974,0.6643097253202936,False,269.3642272949219,318.5473937988281,68.40691375732422,250.14047241210938,49.18316650390625
807,/home/victor-xia/repos/Burst-Coast-MPC/artifacts/MonteCarloData/monte-carlo-data-epoch-131_20260614T205906,mpc-1030-9-lambda-0.016,0.015910224471102435,0.9977122705234994,False,433.94586181640625,318.6884460449219,24.031354904174805,294.6571044921875,-115.25741577148438
808,/home/victor-xia/repos/Burst-Coast-MPC/artifacts/MonteCarloData/monte-carlo-data-epoch-84_20260614T205214,mpc-314-2-lambda-0.613,0.6133307068092949,0.18257003919589163,False,399.9726257324219,318.77325439453125,13.15124797821045,305.62200927734375,-81.19937133789062
809,/home/victor-xia/repos/Burst-Coast-MPC/artifacts/MonteCarloData/monte-carlo-data-epoch-129_20260614T020924,mpc-1666-15-lambda-0.884,0.8835773464416462,0.3625813154433777,False,315.7474060058594,318.81256103515625,39.45545959472656,279.35711669921875,3.065155029296875
810,/home/victor-xia/repos/Burst-Coast-MPC/artifacts/MonteCarloData/monte-carlo-data-epoch-335_20260614T212559,mpc-109-2-lambda-0.288,0.2877731041051938,0.9670111298814894,False,318.61053466796875,318.84722900390625,70.6561279296875,248.19110107421875,0.2366943359375
811,/home/victor-xia/repos/Burst-Coast-MPC/artifacts/MonteCarloData/monte-carlo-data-epoch-264_20260614T211644,mpc-1061-11-lambda-0.616,0.616146790368278,0.9274888686129966,False,379.9187927246094,319.4869689941406,116.41825103759766,203.0687255859375,-60.43182373046875
812,/home/victor-xia/repos/Burst-Coast-MPC/artifacts/MonteCarloData/monte-carlo-data-epoch-327_20260614T023548,mpc-1212-13-lambda-0.825,0.8249619972019637,0.16318447647037118,False,289.1108703613281,319.61322021484375,15.932500839233398,303.68072509765625,30.502349853515625
813,/home/victor-xia/repos/Burst-Coast-MPC/artifacts/MonteCarloData/monte-carlo-data-epoch-98_20260614T020519,mpc-694-7-lambda-0.455,0.45480959825127887,0.9175632649297337,False,302.64849853515625,319.8103332519531,88.86878204345703,230.94155883789062,17.161834716796875
814,/home/victor-xia/repos/Burst-Coast-MPC/artifacts/MonteCarloData/monte-carlo-data-epoch-256_20260614T211547,mpc-586-8-lambda-0.349,0.34872893757402784,0.754324423944291,False,395.2642517089844,320.12188720703125,58.23951721191406,261.88238525390625,-75.14236450195312
815,/home/victor-xia/repos/Burst-Coast-MPC/artifacts/MonteCarloData/monte-carlo-data-epoch-110_20260614T020707,mpc-1282-13-lambda-0.537,0.5372457297780535,0.168047580612856,False,430.05731201171875,320.7637023925781,11.064509391784668,309.6991882324219,-109.29360961914062
816,/home/victor-xia/repos/Burst-Coast-MPC/artifacts/MonteCarloData/monte-carlo-data-epoch-335_20260614T212559,mpc-96-1-lambda-0.198,0.197897364565201,0.06366686245402764,False,323.4682922363281,321.426025390625,3.0530996322631836,318.3729248046875,-2.042266845703125
817,/home/victor-xia/repos/Burst-Coast-MPC/artifacts/MonteCarloData/monte-carlo-data-epoch-9_20260613T233517,mpc-121-4-lambda-0.423,0.42309045747914564,0.3553141936509526,False,360.6173095703125,321.449951171875,21.88865852355957,299.561279296875,-39.1673583984375
818,/home/victor-xia/repos/Burst-Coast-MPC/artifacts/MonteCarloData/monte-carlo-data-epoch-242_20260614T022357,mpc-234-3-lambda-0.045,0.04495527023760125,0.9032859105729638,False,360.9544372558594,321.89288330078125,25.598482131958008,296.2944030761719,-39.061553955078125
819,/home/victor-xia/repos/Burst-Coast-MPC/artifacts/MonteCarloData/monte-carlo-data-epoch-27_20260613T233717,mpc-1810-21-lambda-0.717,0.7167097314384907,0.7640184788186715,False,268.552734375,322.4166259765625,95.85899353027344,226.55763244628906,53.8638916015625
820,/home/victor-xia/repos/Burst-Coast-MPC/artifacts/MonteCarloData/monte-carlo-data-epoch-271_20260614T022745,mpc-1889-16-lambda-0.927,0.9269568527777822,0.8621696189806264,False,241.87124633789062,322.5508728027344,150.66343688964844,171.88743591308594,80.67962646484375
821,/home/victor-xia/repos/Burst-Coast-MPC/artifacts/MonteCarloData/monte-carlo-data-epoch-216_20260614T022047,mpc-403-3-lambda-0.742,0.742332190426474,0.07039736776016246,False,371.58551025390625,322.65106201171875,5.735538482666016,316.91552734375,-48.9344482421875
822,/home/victor-xia/repos/Burst-Coast-MPC/artifacts/MonteCarloData/monte-carlo-data-epoch-366_20260614T213027,mpc-543-6-lambda-0.58,0.5796543048822596,0.6466190551013319,False,336.6666564941406,322.94830322265625,65.91838073730469,257.0299072265625,-13.718353271484375
823,/home/victor-xia/repos/Burst-Coast-MPC/artifacts/MonteCarloData/monte-carlo-data-epoch-429_20260614T024928,mpc-1155-11-lambda-0.434,0.43392454567899336,0.9020361682302173,False,278.45263671875,323.2837219238281,84.43142700195312,238.852294921875,44.831085205078125
824,/home/victor-xia/repos/Burst-Coast-MPC/artifacts/MonteCarloData/monte-carlo-data-epoch-481_20260614T025716,mpc-1535-12-lambda-0.279,0.27921062492486914,0.3364868068954045,False,487.6533203125,323.3591613769531,17.674884796142578,305.68426513671875,-164.29415893554688
825,/home/victor-xia/repos/Burst-Coast-MPC/artifacts/MonteCarloData/monte-carlo-data-epoch-337_20260614T023646,mpc-1131-9-lambda-0.341,0.34142443909974884,0.29350820126426685,False,379.6684875488281,323.7750244140625,16.61879539489746,307.1562194824219,-55.893463134765625
826,/home/victor-xia/repos/Burst-Coast-MPC/artifacts/MonteCarloData/monte-carlo-data-epoch-288_20260614T023010,mpc-1800-18-lambda-0.468,0.4675010120954804,0.620287589920113,False,406.8204040527344,323.8495178222656,50.930198669433594,272.9193115234375,-82.97088623046875
827,/home/victor-xia/repos/Burst-Coast-MPC/artifacts/MonteCarloData/monte-carlo-data-epoch-47_20260614T015842,mpc-6-1-lambda-0.977,0.9772146699446875,0.7869679469707787,False,198.02841186523438,323.8956298828125,131.21646118164062,192.67916870117188,125.86721801757812
828,/home/victor-xia/repos/Burst-Coast-MPC/artifacts/MonteCarloData/monte-carlo-data-epoch-27_20260614T204434,mpc-0-0-lambda-0.231,0.23051777198728188,0.2470944576740045,False,265.9052734375,324.7499694824219,11.390045166015625,313.35992431640625,58.844696044921875
829,/home/victor-xia/repos/Burst-Coast-MPC/artifacts/MonteCarloData/monte-carlo-data-epoch-425_20260614T024906,mpc-618-5-lambda-0.282,0.28236112743375363,0.523311927751041,False,442.84381103515625,325.0806579589844,29.881221771240234,295.1994323730469,-117.76315307617188
830,/home/victor-xia/repos/Burst-Coast-MPC/artifacts/MonteCarloData/monte-carlo-data-epoch-283_20260614T211850,mpc-430-3-lambda-0.357,0.35697498890600965,0.018791569073330246,False,277.3529357910156,325.5267639160156,1.6415332555770874,323.8852233886719,48.173828125
831,/home/victor-xia/repos/Burst-Coast-MPC/artifacts/MonteCarloData/monte-carlo-data-epoch-385_20260614T213311,mpc-2393-20-lambda-0.652,0.6521428971437752,0.5281685468548202,False,446.19757080078125,325.685302734375,53.405548095703125,272.2797546386719,-120.51226806640625
832,/home/victor-xia/repos/Burst-Coast-MPC/artifacts/MonteCarloData/monte-carlo-data-epoch-193_20260614T210711,mpc-1703-18-lambda-0.037,0.03748655028732586,0.3075851584377203,False,300.0084533691406,325.74444580078125,7.83045768737793,317.91400146484375,25.735992431640625
833,/home/victor-xia/repos/Burst-Coast-MPC/artifacts/MonteCarloData/monte-carlo-data-epoch-9_20260613T233517,mpc-62-3-lambda-0.094,0.09428832303466429,0.2928524534043028,False,375.0145263671875,326.0979919433594,9.148761749267578,316.94921875,-48.916534423828125
834,/home/victor-xia/repos/Burst-Coast-MPC/artifacts/MonteCarloData/monte-carlo-data-epoch-366_20260614T213027,mpc-523-5-lambda-0.902,0.901983174255278,0.09910246103563258,False,351.56585693359375,326.5025939941406,9.375283241271973,317.1273193359375,-25.063262939453125
835,/home/victor-xia/repos/Burst-Coast-MPC/artifacts/MonteCarloData/monte-carlo-data-epoch-212_20260614T022023,mpc-118-1-lambda-0.946,0.9455562459599584,0.252604987417759,False,195.14393615722656,326.7005615234375,26.268827438354492,300.4317321777344,131.55662536621094
836,/home/victor-xia/repos/Burst-Coast-MPC/artifacts/MonteCarloData/monte-carlo-data-epoch-365_20260614T024001,mpc-0-0-lambda-0.611,0.6108990448200147,0.19135555835335116,False,623.564208984375,326.93255615234375,14.97604751586914,311.9565124511719,-296.63165283203125
837,/home/victor-xia/repos/Burst-Coast-MPC/artifacts/MonteCarloData/monte-carlo-data-epoch-307_20260614T212219,mpc-683-4-lambda-0.294,0.2942546689268868,0.9426877476737332,False,426.91644287109375,327.3834533691406,67.42733764648438,259.95611572265625,-99.53298950195312
838,/home/victor-xia/repos/Burst-Coast-MPC/artifacts/MonteCarloData/monte-carlo-data-epoch-172_20260614T021552,mpc-2045-23-lambda-0.85,0.8499558107879994,0.9316443447982392,False,295.1711730957031,327.505126953125,153.7368927001953,173.7682342529297,32.333953857421875
839,/home/victor-xia/repos/Burst-Coast-MPC/artifacts/MonteCarloData/monte-carlo-data-epoch-296_20260614T212048,mpc-1688-17-lambda-0.906,0.9061802039711617,0.188582768166433,False,361.2801818847656,328.83880615234375,18.198257446289062,310.64056396484375,-32.441375732421875
840,/home/victor-xia/repos/Burst-Coast-MPC/artifacts/MonteCarloData/monte-carlo-data-epoch-119_20260614T205716,mpc-243-3-lambda-0.569,0.5693980307481477,0.4985449824635129,False,331.8797912597656,328.9664001464844,44.3775749206543,284.5888366699219,-2.91339111328125
841,/home/victor-xia/repos/Burst-Coast-MPC/artifacts/MonteCarloData/monte-carlo-data-epoch-347_20260614T023755,mpc-2008-18-lambda-0.066,0.06600608696886885,0.17058988220969512,False,416.0559997558594,329.8406982421875,5.855266571044922,323.9854431152344,-86.21530151367188
842,/home/victor-xia/repos/Burst-Coast-MPC/artifacts/MonteCarloData/monte-carlo-data-epoch-138_20260614T210009,mpc-1230-13-lambda-0.708,0.7079923684889332,0.657465974574249,False,323.82977294921875,330.160400390625,81.0198745727539,249.14053344726562,6.33062744140625
843,/home/victor-xia/repos/Burst-Coast-MPC/artifacts/MonteCarloData/monte-carlo-data-epoch-168_20260614T210424,mpc-764-7-lambda-0.208,0.20778282019245375,0.06801537992198414,False,414.8589172363281,330.2705993652344,2.8133716583251953,327.45721435546875,-84.58831787109375
844,/home/victor-xia/repos/Burst-Coast-MPC/artifacts/MonteCarloData/monte-carlo-data-epoch-27_20260614T204434,mpc-50-1-lambda-0.636,0.6359366958817573,0.9108249173803296,False,247.8618927001953,330.76177978515625,127.63827514648438,203.12350463867188,82.89988708496094
845,/home/victor-xia/repos/Burst-Coast-MPC/artifacts/MonteCarloData/monte-carlo-data-epoch-46_20260614T015831,mpc-1621-15-lambda-0.254,0.2537402825394079,0.18288997896591572,False,484.3512268066406,332.7908935546875,8.291637420654297,324.499267578125,-151.56033325195312
846,/home/victor-xia/repos/Burst-Coast-MPC/artifacts/MonteCarloData/monte-carlo-data-epoch-339_20260614T023659,mpc-0-0-lambda-0.362,0.3619389812632367,0.5029678446122637,False,308.03363037109375,333.34185791015625,32.47663879394531,300.865234375,25.3082275390625
847,/home/victor-xia/repos/Burst-Coast-MPC/artifacts/MonteCarloData/monte-carlo-data-epoch-84_20260614T020345,mpc-850-7-lambda-0.196,0.19601920856239097,0.7670972925735652,False,269.9009704589844,333.6373291015625,37.290225982666016,296.34710693359375,63.736358642578125
848,/home/victor-xia/repos/Burst-Coast-MPC/artifacts/MonteCarloData/monte-carlo-data-epoch-472_20260614T025607,mpc-1508-14-lambda-0.514,0.514023726292096,0.3834016182345066,False,326.9806823730469,334.2664489746094,29.727039337158203,304.5393981933594,7.2857666015625
849,/home/victor-xia/repos/Burst-Coast-MPC/artifacts/MonteCarloData/monte-carlo-data-epoch-275_20260614T211801,mpc-802-9-lambda-0.221,0.22123122551830882,0.9998899508462126,False,361.6364440917969,334.698486328125,60.00988006591797,274.6885986328125,-26.937957763671875
850,/home/victor-xia/repos/Burst-Coast-MPC/artifacts/MonteCarloData/monte-carlo-data-epoch-401_20260614T024506,mpc-556-4-lambda-0.741,0.7405300252555873,0.2532306099257553,False,334.5624694824219,335.14154052734375,22.603450775146484,312.5380859375,0.579071044921875
851,/home/victor-xia/repos/Burst-Coast-MPC/artifacts/MonteCarloData/monte-carlo-data-epoch-290_20260614T211944,mpc-850-7-lambda-0.408,0.4077524414193582,0.6050784679048997,False,521.2466430664062,335.244140625,46.90758514404297,288.3365478515625,-186.00250244140625
852,/home/victor-xia/repos/Burst-Coast-MPC/artifacts/MonteCarloData/monte-carlo-data-epoch-137_20260614T205958,mpc-1015-9-lambda-0.432,0.4322289071735522,0.9302133444112939,False,395.2486267089844,335.3023681640625,92.09005737304688,243.21231079101562,-59.946258544921875
853,/home/victor-xia/repos/Burst-Coast-MPC/artifacts/MonteCarloData/monte-carlo-data-epoch-193_20260614T021758,mpc-1383-13-lambda-0.694,0.6940470600010532,0.86353769630238,False,408.4981689453125,335.7595520019531,113.58281707763672,222.17672729492188,-72.73861694335938
854,/home/victor-xia/repos/Burst-Coast-MPC/artifacts/MonteCarloData/monte-carlo-data-epoch-31_20260613T233752,mpc-2205-21-lambda-0.012,0.012014636821856033,0.9416684215270805,False,261.6903381347656,336.6451416015625,21.320737838745117,315.32440185546875,74.95480346679688
855,/home/victor-xia/repos/Burst-Coast-MPC/artifacts/MonteCarloData/monte-carlo-data-epoch-360_20260614T023922,mpc-1123-12-lambda-0.928,0.9284064723684637,0.643442847894455,False,459.080810546875,337.0411682128906,91.44174194335938,245.59942626953125,-122.03964233398438
856,/home/victor-xia/repos/Burst-Coast-MPC/artifacts/MonteCarloData/monte-carlo-data-epoch-489_20260614T025823,mpc-2035-18-lambda-0.725,0.7248178229723383,0.0984263010151615,False,436.361328125,337.54193115234375,8.663440704345703,328.87847900390625,-98.81939697265625
857,/home/victor-xia/repos/Burst-Coast-MPC/artifacts/MonteCarloData/monte-carlo-data-epoch-365_20260614T024001,mpc-38-1-lambda-0.119,0.11939479221561991,0.8422804838489535,False,599.7415771484375,337.6317443847656,32.82265090942383,304.80908203125,-262.1098327636719
858,/home/victor-xia/repos/Burst-Coast-MPC/artifacts/MonteCarloData/monte-carlo-data-epoch-348_20260614T023808,mpc-0-0-lambda-0.166,0.16581966528208705,0.8208368422294465,False,373.86737060546875,337.8324890136719,38.52082443237305,299.3116760253906,-36.034881591796875
859,/home/victor-xia/repos/Burst-Coast-MPC/artifacts/MonteCarloData/monte-carlo-data-epoch-31_20260613T233752,mpc-2202-20-lambda-0.139,0.13862961378361302,0.01330137296615938,False,263.3575744628906,338.0724792480469,1.545918345451355,336.52655029296875,74.71490478515625
860,/home/victor-xia/repos/Burst-Coast-MPC/artifacts/MonteCarloData/monte-carlo-data-epoch-370_20260614T213101,mpc-2893-35-lambda-0.774,0.7737401069653369,0.24643362883285425,False,206.79995727539062,338.4761657714844,22.03084945678711,316.4453125,131.67620849609375
861,/home/victor-xia/repos/Burst-Coast-MPC/artifacts/MonteCarloData/monte-carlo-data-epoch-283_20260614T211850,mpc-434-4-lambda-0.517,0.5173183099174706,0.1805013984857325,False,275.7282409667969,338.5986633300781,12.336627960205078,326.26202392578125,62.87042236328125
862,/home/victor-xia/repos/Burst-Coast-MPC/artifacts/MonteCarloData/monte-carlo-data-epoch-34_20260614T204540,mpc-342-6-lambda-0.097,0.09678907301660811,0.0604832053429527,False,375.24407958984375,338.6957092285156,3.110653877258301,335.5850524902344,-36.548370361328125
863,/home/victor-xia/repos/Burst-Coast-MPC/artifacts/MonteCarloData/monte-carlo-data-epoch-264_20260614T211644,mpc-911-9-lambda-0.617,0.6165812162551849,0.4570315081528222,False,458.74334716796875,339.43115234375,41.44540786743164,297.9857482910156,-119.31219482421875
864,/home/victor-xia/repos/Burst-Coast-MPC/artifacts/MonteCarloData/monte-carlo-data-epoch-457_20260614T025349,mpc-349-5-lambda-0.871,0.8710502823717079,0.12110609765867937,False,443.7337951660156,339.75408935546875,10.844242095947266,328.90985107421875,-103.97970581054688
865,/home/victor-xia/repos/Burst-Coast-MPC/artifacts/MonteCarloData/monte-carlo-data-epoch-9_20260613T233517,mpc-0-0-lambda-0.334,0.33372267560785357,0.07450177657528226,False,403.2498474121094,339.9408874511719,5.959673881530762,333.981201171875,-63.3089599609375
866,/home/victor-xia/repos/Burst-Coast-MPC/artifacts/MonteCarloData/monte-carlo-data-epoch-46_20260614T204651,mpc-27-1-lambda-0.581,0.5810955673097182,0.7514265246723388,False,392.7553405761719,339.9638977050781,81.25750732421875,258.7063903808594,-52.79144287109375
867,/home/victor-xia/repos/Burst-Coast-MPC/artifacts/MonteCarloData/monte-carlo-data-epoch-281_20260614T022911,mpc-962-10-lambda-0.692,0.6918578532575989,0.7486375863337223,False,338.282958984375,342.5450439453125,89.99519348144531,252.5498504638672,4.2620849609375
868,/home/victor-xia/repos/Burst-Coast-MPC/artifacts/MonteCarloData/monte-carlo-data-epoch-351_20260614T212809,mpc-771-9-lambda-0.592,0.592417482631445,0.5583129422218833,False,315.68115234375,343.3834228515625,53.62690353393555,289.75653076171875,27.7022705078125
869,/home/victor-xia/repos/Burst-Coast-MPC/artifacts/MonteCarloData/monte-carlo-data-epoch-318_20260614T212339,mpc-886-7-lambda-0.458,0.45805380841400206,0.08937299630476317,False,303.2237243652344,343.5458068847656,5.339402198791504,338.2063903808594,40.32208251953125
870,/home/victor-xia/repos/Burst-Coast-MPC/artifacts/MonteCarloData/monte-carlo-data-epoch-143_20260614T021119,mpc-700-7-lambda-0.823,0.8226011369296504,0.2613025136548302,False,662.3648071289062,343.7857666015625,24.855716705322266,318.9300537109375,-318.57904052734375
871,/home/victor-xia/repos/Burst-Coast-MPC/artifacts/MonteCarloData/monte-carlo-data-epoch-69_20260614T205023,mpc-1228-10-lambda-0.734,0.7339992943124024,0.34392917636041853,False,346.83953857421875,344.2788391113281,32.42362594604492,311.855224609375,-2.560699462890625
872,/home/victor-xia/repos/Burst-Coast-MPC/artifacts/MonteCarloData/monte-carlo-data-epoch-179_20260614T210541,mpc-93-2-lambda-0.305,0.30456574760820404,0.9322563646702606,False,411.5961608886719,345.292724609375,68.01293182373047,277.27978515625,-66.30343627929688
873,/home/victor-xia/repos/Burst-Coast-MPC/artifacts/MonteCarloData/monte-carlo-data-epoch-393_20260614T213431,mpc-1816-19-lambda-0.931,0.931185259425355,0.9520953136944154,True,273.8083801269531,345.31646728515625,186.64109802246094,158.6753692626953,71.50808715820312
874,/home/victor-xia/repos/Burst-Coast-MPC/artifacts/MonteCarloData/monte-carlo-data-epoch-80_20260614T020310,mpc-282-2-lambda-0.914,0.9143142794153891,0.11561040676176564,False,622.3775634765625,345.6651916503906,11.175331115722656,334.4898681640625,-276.7123718261719
875,/home/victor-xia/repos/Burst-Coast-MPC/artifacts/MonteCarloData/monte-carlo-data-epoch-46_20260614T015831,mpc-1658-16-lambda-0.891,0.8912691582019263,0.5024984037178462,False,471.23968505859375,346.633056640625,60.68391036987305,285.94915771484375,-124.60662841796875
876,/home/victor-xia/repos/Burst-Coast-MPC/artifacts/MonteCarloData/monte-carlo-data-epoch-488_20260614T025820,mpc-162-3-lambda-0.603,0.6027163337745493,0.25317619259152185,False,194.57127380371094,346.6921691894531,20.00535011291504,326.68682861328125,152.1208953857422
877,/home/victor-xia/repos/Burst-Coast-MPC/artifacts/MonteCarloData/monte-carlo-data-epoch-90_20260614T020433,mpc-672-8-lambda-0.389,0.3892197144476853,0.6374391465894924,False,564.7930297851562,346.7952880859375,45.25853729248047,301.5367431640625,-217.99774169921875
878,/home/victor-xia/repos/Burst-Coast-MPC/artifacts/MonteCarloData/monte-carlo-data-epoch-180_20260614T210545,mpc-444-5-lambda-0.44,0.43953337804709625,0.8145219624556241,False,372.5400695800781,346.843505859375,74.12248992919922,272.72100830078125,-25.696563720703125
879,/home/victor-xia/repos/Burst-Coast-MPC/artifacts/MonteCarloData/monte-carlo-data-epoch-305_20260614T212202,mpc-356-4-lambda-0.732,0.7320450926665016,0.6990315577225905,False,321.3963623046875,348.3619384765625,88.29576110839844,260.066162109375,26.965576171875
880,/home/victor-xia/repos/Burst-Coast-MPC/artifacts/MonteCarloData/monte-carlo-data-epoch-110_20260614T020707,mpc-1316-14-lambda-0.632,0.631591050451135,0.892169854110226,False,412.508056640625,349.2557373046875,107.9297866821289,241.32595825195312,-63.2523193359375
881,/home/victor-xia/repos/Burst-Coast-MPC/artifacts/MonteCarloData/monte-carlo-data-epoch-330_20260614T212521,mpc-139-2-lambda-0.45,0.45003089161284776,0.8931962851495023,False,221.3234405517578,349.3739318847656,88.15851593017578,261.2154235839844,128.0504913330078
882,/home/victor-xia/repos/Burst-Coast-MPC/artifacts/MonteCarloData/monte-carlo-data-epoch-264_20260614T211644,mpc-837-8-lambda-0.257,0.2565296661683574,0.3677386181199475,False,485.1382141113281,349.8942565917969,16.670076370239258,333.22418212890625,-135.24395751953125
883,/home/victor-xia/repos/Burst-Coast-MPC/artifacts/MonteCarloData/monte-carlo-data-epoch-209_20260614T021953,mpc-343-4-lambda-0.979,0.9789436167048319,0.4913499684814668,False,395.493408203125,350.09600830078125,64.66008758544922,285.4359130859375,-45.39739990234375
884,/home/victor-xia/repos/Burst-Coast-MPC/artifacts/MonteCarloData/monte-carlo-data-epoch-336_20260614T212603,mpc-1215-13-lambda-0.157,0.1570131864916948,0.3570830817734486,False,389.61688232421875,350.1069641113281,14.129697799682617,335.9772644042969,-39.509918212890625
885,/home/victor-xia/repos/Burst-Coast-MPC/artifacts/MonteCarloData/monte-carlo-data-epoch-189_20260614T021734,mpc-624-6-lambda-0.276,0.2760845077011662,0.5585371158127026,False,298.83514404296875,350.14794921875,29.7272891998291,320.420654296875,51.31280517578125
886,/home/victor-xia/repos/Burst-Coast-MPC/artifacts/MonteCarloData/monte-carlo-data-epoch-21_20260613T233630,mpc-1259-14-lambda-0.851,0.851358043019815,0.9835130649212012,True,224.1931610107422,350.33563232421875,168.5374755859375,181.79815673828125,126.14247131347656
887,/home/victor-xia/repos/Burst-Coast-MPC/artifacts/MonteCarloData/monte-carlo-data-epoch-337_20260614T212612,mpc-0-0-lambda-0.433,0.4326544458336225,0.5793211506941125,False,315.1817932128906,350.3957824707031,45.05192184448242,305.3438720703125,35.2139892578125
888,/home/victor-xia/repos/Burst-Coast-MPC/artifacts/MonteCarloData/monte-carlo-data-epoch-137_20260614T205958,mpc-742-6-lambda-0.287,0.2870101551759915,0.6253254179346948,False,609.052734375,350.6057434082031,37.1222038269043,313.4835510253906,-258.4469909667969
889,/home/victor-xia/repos/Burst-Coast-MPC/artifacts/MonteCarloData/monte-carlo-data-epoch-84_20260614T020345,mpc-491-3-lambda-0.085,0.08487770978688844,0.7842743727717433,False,392.4184875488281,350.6124267578125,26.12373161315918,324.48870849609375,-41.806060791015625
890,/home/victor-xia/repos/Burst-Coast-MPC/artifacts/MonteCarloData/monte-carlo-data-epoch-155_20260614T210248,mpc-1521-14-lambda-0.64,0.6398810057974451,0.3181601417163203,False,451.6749572753906,350.8990783691406,25.785308837890625,325.11376953125,-100.77587890625
891,/home/victor-xia/repos/Burst-Coast-MPC/artifacts/MonteCarloData/monte-carlo-data-epoch-90_20260614T020433,mpc-657-7-lambda-0.377,0.37679925616728904,0.07245739743984882,False,571.865234375,350.99664306640625,4.4538445472717285,346.54278564453125,-220.86859130859375
892,/home/victor-xia/repos/Burst-Coast-MPC/artifacts/MonteCarloData/monte-carlo-data-epoch-529_20260614T030357,mpc-1231-15-lambda-0.494,0.493776052189542,0.35409470677796956,False,441.90863037109375,351.09503173828125,26.768600463867188,324.326416015625,-90.8135986328125
893,/home/victor-xia/repos/Burst-Coast-MPC/artifacts/MonteCarloData/monte-carlo-data-epoch-489_20260614T025823,mpc-1993-17-lambda-0.96,0.960460453335644,0.20805423967192604,False,472.70831298828125,351.5675964355469,22.802457809448242,328.76513671875,-121.14071655273438
894,/home/victor-xia/repos/Burst-Coast-MPC/artifacts/MonteCarloData/monte-carlo-data-epoch-447_20260614T025152,mpc-458-3-lambda-0.626,0.6263391305872059,0.2899481766895003,False,341.5218505859375,352.05462646484375,24.441970825195312,327.6126708984375,10.53277587890625
895,/home/victor-xia/repos/Burst-Coast-MPC/artifacts/MonteCarloData/monte-carlo-data-epoch-216_20260614T022047,mpc-417-4-lambda-0.598,0.5981500866928041,0.6764568403455026,False,362.4696960449219,352.0596923828125,68.5024185180664,283.5572814941406,-10.410003662109375
896,/home/victor-xia/repos/Burst-Coast-MPC/artifacts/MonteCarloData/monte-carlo-data-epoch-318_20260614T212339,mpc-904-8-lambda-0.057,0.05687571913286294,0.023274605645543754,False,294.7574768066406,352.3897399902344,2.6607394218444824,349.72900390625,57.63226318359375
897,/home/victor-xia/repos/Burst-Coast-MPC/artifacts/MonteCarloData/monte-carlo-data-epoch-318_20260614T212339,mpc-863-6-lambda-0.623,0.6229755395896084,0.11213146615456152,False,316.8606262207031,352.9305725097656,8.581341743469238,344.3492431640625,36.0699462890625
898,/home/victor-xia/repos/Burst-Coast-MPC/artifacts/MonteCarloData/monte-carlo-data-epoch-222_20260614T022125,mpc-1544-15-lambda-0.668,0.6676947695379317,0.7725097844768654,False,462.61883544921875,353.88580322265625,95.40739440917969,258.4783935546875,-108.7330322265625
899,/home/victor-xia/repos/Burst-Coast-MPC/artifacts/MonteCarloData/monte-carlo-data-epoch-52_20260613T234101,mpc-1249-10-lambda-0.687,0.6870238527003991,0.9796036247260994,False,341.57647705078125,354.92608642578125,139.94627380371094,214.9798126220703,13.349609375
900,/home/victor-xia/repos/Burst-Coast-MPC/artifacts/MonteCarloData/monte-carlo-data-epoch-110_20260614T020707,mpc-1221-12-lambda-0.623,0.6231059139973212,0.3031671195536105,False,467.9320373535156,355.1388854980469,23.811235427856445,331.32763671875,-112.79315185546875
901,/home/victor-xia/repos/Burst-Coast-MPC/artifacts/MonteCarloData/monte-carlo-data-epoch-529_20260614T030357,mpc-1302-16-lambda-0.662,0.6622216585008254,0.30589923020774407,False,399.2489318847656,355.2296142578125,25.88957405090332,329.34002685546875,-44.019317626953125
902,/home/victor-xia/repos/Burst-Coast-MPC/artifacts/MonteCarloData/monte-carlo-data-epoch-215_20260614T210955,mpc-359-3-lambda-0.902,0.9019551779613764,0.7004606539201835,False,471.4815368652344,355.4657897949219,106.49580383300781,248.96998596191406,-116.0157470703125
903,/home/victor-xia/repos/Burst-Coast-MPC/artifacts/MonteCarloData/monte-carlo-data-epoch-31_20260613T233752,mpc-2172-19-lambda-0.511,0.5107320288617931,0.148211094755388,False,278.8591003417969,355.8914489746094,9.774234771728516,346.1172180175781,77.0323486328125
904,/home/victor-xia/repos/Burst-Coast-MPC/artifacts/MonteCarloData/monte-carlo-data-epoch-34_20260614T204540,mpc-508-8-lambda-0.829,0.8292048356923986,0.9195335175223313,False,275.2963562011719,356.0037841796875,161.96937561035156,194.03440856933594,80.70742797851562
905,/home/victor-xia/repos/Burst-Coast-MPC/artifacts/MonteCarloData/monte-carlo-data-epoch-84_20260614T020345,mpc-806-5-lambda-0.434,0.4344873281306203,0.038278185622144766,False,300.315673828125,356.01129150390625,2.932185173034668,353.0791015625,55.69561767578125
906,/home/victor-xia/repos/Burst-Coast-MPC/artifacts/MonteCarloData/monte-carlo-data-epoch-77_20260614T020235,mpc-1134-9-lambda-0.647,0.6470495018062621,0.8244304660555789,False,558.7570190429688,356.0769348144531,98.44387817382812,257.633056640625,-202.68008422851562
907,/home/victor-xia/repos/Burst-Coast-MPC/artifacts/MonteCarloData/monte-carlo-data-epoch-168_20260614T210424,mpc-810-9-lambda-0.274,0.27442050136162216,0.8386535327988093,False,393.181884765625,356.23223876953125,54.065818786621094,302.1664123535156,-36.94964599609375
908,/home/victor-xia/repos/Burst-Coast-MPC/artifacts/MonteCarloData/monte-carlo-data-epoch-385_20260614T024253,mpc-979-8-lambda-0.942,0.9424616450782037,0.2722137042339448,False,360.4815368652344,356.5184326171875,30.903919219970703,325.614501953125,-3.963104248046875
909,/home/victor-xia/repos/Burst-Coast-MPC/artifacts/MonteCarloData/monte-carlo-data-epoch-9_20260613T233517,mpc-15-1-lambda-0.593,0.5928410708607605,0.012993689666661373,False,393.79986572265625,356.89068603515625,1.8222558498382568,355.06842041015625,-36.9091796875
910,/home/victor-xia/repos/Burst-Coast-MPC/artifacts/MonteCarloData/monte-carlo-data-epoch-335_20260614T212559,mpc-0-0-lambda-0.397,0.3969574614776518,0.4752383872557552,False,375.72149658203125,357.3383483886719,32.77682113647461,324.5615234375,-18.383148193359375
911,/home/victor-xia/repos/Burst-Coast-MPC/artifacts/MonteCarloData/monte-carlo-data-epoch-90_20260614T020433,mpc-800-9-lambda-0.773,0.7731956660809755,0.9640154724126362,False,492.5682067871094,357.4183349609375,146.05197143554688,211.36636352539062,-135.14987182617188
912,/home/victor-xia/repos/Burst-Coast-MPC/artifacts/MonteCarloData/monte-carlo-data-epoch-330_20260614T212521,mpc-78-1-lambda-0.343,0.34311631633444895,0.3056334149084458,False,245.48912048339844,357.7798767089844,16.576557159423828,341.20330810546875,112.29075622558594
913,/home/victor-xia/repos/Burst-Coast-MPC/artifacts/MonteCarloData/monte-carlo-data-epoch-91_20260614T205320,mpc-1088-11-lambda-0.692,0.6920982021847863,0.26980659340892976,False,350.3992004394531,357.7947998046875,22.63035011291504,335.1644592285156,7.395599365234375
914,/home/victor-xia/repos/Burst-Coast-MPC/artifacts/MonteCarloData/monte-carlo-data-epoch-457_20260614T025349,mpc-373-6-lambda-0.054,0.05356868137681759,0.16163040724878375,False,426.494873046875,358.7755432128906,5.505155086517334,353.2703857421875,-67.71932983398438
915,/home/victor-xia/repos/Burst-Coast-MPC/artifacts/MonteCarloData/monte-carlo-data-epoch-155_20260614T210248,mpc-1585-15-lambda-0.209,0.2093524953344303,0.5707593748465152,False,410.62664794921875,359.7997131347656,27.353252410888672,332.44647216796875,-50.826934814453125
916,/home/victor-xia/repos/Burst-Coast-MPC/artifacts/MonteCarloData/monte-carlo-data-epoch-317_20260614T212330,mpc-547-5-lambda-0.969,0.9686033184874979,0.08497982358639004,False,542.2185668945312,359.9180603027344,8.140594482421875,351.7774658203125,-182.30050659179688
917,/home/victor-xia/repos/Burst-Coast-MPC/artifacts/MonteCarloData/monte-carlo-data-epoch-32_20260613T233806,mpc-1645-16-lambda-0.743,0.7427553510784203,0.7102058575274396,False,314.87371826171875,360.0874938964844,87.9257583618164,272.1617431640625,45.213775634765625
918,/home/victor-xia/repos/Burst-Coast-MPC/artifacts/MonteCarloData/monte-carlo-data-epoch-394_20260614T213444,mpc-0-0-lambda-0.405,0.4048512076727899,0.8474901579743299,False,433.1368103027344,360.6014404296875,75.57682800292969,285.02459716796875,-72.53536987304688
919,/home/victor-xia/repos/Burst-Coast-MPC/artifacts/MonteCarloData/monte-carlo-data-epoch-457_20260614T025349,mpc-328-4-lambda-0.42,0.4195955755983945,0.10544690345102524,False,453.10711669921875,360.8435363769531,5.908947467803955,354.9346008300781,-92.26358032226562
920,/home/victor-xia/repos/Burst-Coast-MPC/artifacts/MonteCarloData/monte-carlo-data-epoch-34_20260614T204540,mpc-354-7-lambda-0.377,0.37691354628618273,0.7651160969634123,False,370.2841796875,361.18206787109375,59.38190841674805,301.8001708984375,-9.10211181640625
921,/home/victor-xia/repos/Burst-Coast-MPC/artifacts/MonteCarloData/monte-carlo-data-epoch-148_20260614T021217,mpc-1359-9-lambda-0.251,0.2508291998586341,0.8581318154132069,False,325.0638732910156,361.1996765136719,51.92830276489258,309.2713623046875,36.13580322265625
922,/home/victor-xia/repos/Burst-Coast-MPC/artifacts/MonteCarloData/monte-carlo-data-epoch-168_20260614T021526,mpc-970-8-lambda-0.924,0.9242694861694262,0.24176950279952783,False,357.4167175292969,361.5140686035156,25.04347038269043,336.4706115722656,4.09735107421875
923,/home/victor-xia/repos/Burst-Coast-MPC/artifacts/MonteCarloData/monte-carlo-data-epoch-101_20260614T020547,mpc-1812-16-lambda-0.479,0.4788412799994853,0.6626803867168545,False,354.34722900390625,361.8571472167969,55.86398696899414,305.9931640625,7.509918212890625
924,/home/victor-xia/repos/Burst-Coast-MPC/artifacts/MonteCarloData/monte-carlo-data-epoch-257_20260614T022606,mpc-643-8-lambda-0.196,0.19576446657441884,0.321808398222172,False,410.0637512207031,361.97052001953125,13.074337005615234,348.89617919921875,-48.093231201171875
925,/home/victor-xia/repos/Burst-Coast-MPC/artifacts/MonteCarloData/monte-carlo-data-epoch-393_20260614T213431,mpc-1745-18-lambda-0.463,0.4634923482361438,0.3531079907182164,False,310.858154296875,361.9866943359375,23.300640106201172,338.6860656738281,51.1285400390625
926,/home/victor-xia/repos/Burst-Coast-MPC/artifacts/MonteCarloData/monte-carlo-data-epoch-41_20260614T015747,mpc-1762-16-lambda-0.273,0.2733803538455608,0.7758193673878528,False,372.0903625488281,362.1409912109375,46.21513366699219,315.92584228515625,-9.949371337890625
927,/home/victor-xia/repos/Burst-Coast-MPC/artifacts/MonteCarloData/monte-carlo-data-epoch-45_20260614T204640,mpc-951-7-lambda-0.077,0.07745978927054506,0.9873895625769887,False,433.8894958496094,362.42626953125,33.73366928100586,328.6925964355469,-71.46322631835938
928,/home/victor-xia/repos/Burst-Coast-MPC/artifacts/MonteCarloData/monte-carlo-data-epoch-257_20260614T022606,mpc-708-9-lambda-0.248,0.2476732850449187,0.9434730964575107,False,389.3861999511719,362.4946594238281,59.64566421508789,302.8489990234375,-26.89154052734375
929,/home/victor-xia/repos/Burst-Coast-MPC/artifacts/MonteCarloData/monte-carlo-data-epoch-351_20260614T023825,mpc-2738-29-lambda-0.334,0.33376649791044133,0.21366815372480488,False,288.9106140136719,362.94451904296875,12.293464660644531,350.65106201171875,74.03390502929688
930,/home/victor-xia/repos/Burst-Coast-MPC/artifacts/MonteCarloData/monte-carlo-data-epoch-237_20260614T211259,mpc-251-2-lambda-0.719,0.7188420541180683,0.6891510403879965,False,293.1821594238281,363.2012634277344,85.31463623046875,277.8866271972656,70.01910400390625
931,/home/victor-xia/repos/Burst-Coast-MPC/artifacts/MonteCarloData/monte-carlo-data-epoch-453_20260614T025300,mpc-1046-10-lambda-0.722,0.7220078552419815,0.2747602382111936,False,335.516845703125,363.93231201171875,24.16843032836914,339.7638854980469,28.41546630859375
932,/home/victor-xia/repos/Burst-Coast-MPC/artifacts/MonteCarloData/monte-carlo-data-epoch-8_20260614T015329,mpc-1383-12-lambda-0.145,0.1445684905205339,0.5075402621628938,False,476.2369384765625,364.1070556640625,18.229928970336914,345.87713623046875,-112.1298828125
933,/home/victor-xia/repos/Burst-Coast-MPC/artifacts/MonteCarloData/monte-carlo-data-epoch-425_20260614T024906,mpc-723-6-lambda-0.873,0.8732836597563435,0.8892984135542282,False,395.2768249511719,364.11474609375,151.65032958984375,212.46441650390625,-31.162078857421875
934,/home/victor-xia/repos/Burst-Coast-MPC/artifacts/MonteCarloData/monte-carlo-data-epoch-66_20260614T204948,mpc-2010-17-lambda-0.994,0.9942722155926662,0.5411084816207978,False,348.59906005859375,364.2618408203125,77.10810089111328,287.15374755859375,15.66278076171875
935,/home/victor-xia/repos/Burst-Coast-MPC/artifacts/MonteCarloData/monte-carlo-data-epoch-481_20260614T025716,mpc-1373-11-lambda-0.165,0.16528775508819757,0.8072434518890094,False,547.4713745117188,364.35186767578125,37.6162223815918,326.73565673828125,-183.1195068359375
936,/home/victor-xia/repos/Burst-Coast-MPC/artifacts/MonteCarloData/monte-carlo-data-epoch-84_20260614T020345,mpc-814-6-lambda-0.863,0.862569853616427,0.17980270343935367,False,297.3288269042969,364.4891357421875,17.244800567626953,347.24432373046875,67.16030883789062
937,/home/victor-xia/repos/Burst-Coast-MPC/artifacts/MonteCarloData/monte-carlo-data-epoch-26_20260613T233709,mpc-966-11-lambda-0.491,0.490691407258661,0.35215165899767176,False,353.3699951171875,365.09063720703125,23.838380813598633,341.25225830078125,11.72064208984375
938,/home/victor-xia/repos/Burst-Coast-MPC/artifacts/MonteCarloData/monte-carlo-data-epoch-46_20260614T015831,mpc-1550-14-lambda-0.217,0.21685302085405367,0.35448974508895553,False,508.9408874511719,365.72998046875,15.53300666809082,350.19696044921875,-143.21090698242188
939,/home/victor-xia/repos/Burst-Coast-MPC/artifacts/MonteCarloData/monte-carlo-data-epoch-140_20260614T021100,mpc-1424-17-lambda-0.997,0.9971440565041421,0.2983325541205799,False,219.58895874023438,366.1858825683594,33.79104995727539,332.39483642578125,146.596923828125
940,/home/victor-xia/repos/Burst-Coast-MPC/artifacts/MonteCarloData/monte-carlo-data-epoch-242_20260614T022357,mpc-200-2-lambda-0.094,0.09419635451360873,0.16885124737515125,False,370.98193359375,366.2630920410156,6.335846900939941,359.92724609375,-4.718841552734375
941,/home/victor-xia/repos/Burst-Coast-MPC/artifacts/MonteCarloData/monte-carlo-data-epoch-266_20260614T022715,mpc-2346-28-lambda-0.585,0.5851736833321606,0.8079141295383556,False,279.83929443359375,366.47247314453125,86.93223571777344,279.54022216796875,86.6331787109375
942,/home/victor-xia/repos/Burst-Coast-MPC/artifacts/MonteCarloData/monte-carlo-data-epoch-467_20260614T025519,mpc-957-11-lambda-0.571,0.5710290028060934,0.7939399769891803,False,429.5992431640625,366.93829345703125,86.1915512084961,280.7467346191406,-62.66094970703125
943,/home/victor-xia/repos/Burst-Coast-MPC/artifacts/MonteCarloData/monte-carlo-data-epoch-29_20260613T233734,mpc-1811-19-lambda-0.33,0.33027520003433103,0.9226650879505388,False,360.8760681152344,367.4184265136719,67.7811050415039,299.6373291015625,6.5423583984375
944,/home/victor-xia/repos/Burst-Coast-MPC/artifacts/MonteCarloData/monte-carlo-data-epoch-501_20260614T030005,mpc-345-2-lambda-0.549,0.549175438617547,0.9504291426291976,False,572.8878173828125,367.67620849609375,106.60408020019531,261.0721435546875,-205.21160888671875
945,/home/victor-xia/repos/Burst-Coast-MPC/artifacts/MonteCarloData/monte-carlo-data-epoch-437_20260614T025016,mpc-1411-14-lambda-0.517,0.5166031190972948,0.7837925577972364,False,385.2116394042969,368.4404602050781,76.81183624267578,291.6286315917969,-16.77117919921875
946,/home/victor-xia/repos/Burst-Coast-MPC/artifacts/MonteCarloData/monte-carlo-data-epoch-99_20260614T020526,mpc-1515-16-lambda-0.627,0.6268195124139094,0.8093258149917393,False,323.0343322753906,368.4554443359375,90.43659210205078,278.01885986328125,45.421112060546875
947,/home/victor-xia/repos/Burst-Coast-MPC/artifacts/MonteCarloData/monte-carlo-data-epoch-296_20260614T212048,mpc-1789-19-lambda-0.992,0.9920581732350622,0.9743130416947267,False,305.0949401855469,368.4910888671875,202.1759796142578,166.3151092529297,63.396148681640625
948,/home/victor-xia/repos/Burst-Coast-MPC/artifacts/MonteCarloData/monte-carlo-data-epoch-360_20260614T023922,mpc-1087-11-lambda-0.894,0.8943432011163738,0.17831407488840517,False,487.80633544921875,368.905029296875,18.038345336914062,350.86669921875,-118.90130615234375
949,/home/victor-xia/repos/Burst-Coast-MPC/artifacts/MonteCarloData/monte-carlo-data-epoch-113_20260614T020738,mpc-138-1-lambda-0.952,0.9522380987301471,0.4966380949448778,False,253.77574157714844,369.0966796875,64.39897155761719,304.69769287109375,115.32093811035156
950,/home/victor-xia/repos/Burst-Coast-MPC/artifacts/MonteCarloData/monte-carlo-data-epoch-351_20260614T212809,mpc-673-8-lambda-0.07,0.07010609820751326,0.48652596811434,False,337.90533447265625,369.630615234375,14.126421928405762,355.5041809082031,31.72528076171875
951,/home/victor-xia/repos/Burst-Coast-MPC/artifacts/MonteCarloData/monte-carlo-data-epoch-39_20260613T233910,mpc-294-6-lambda-0.128,0.1278390398205319,0.1657135102546385,False,237.2941436767578,369.73431396484375,5.700631141662598,364.03369140625,132.44017028808594
952,/home/victor-xia/repos/Burst-Coast-MPC/artifacts/MonteCarloData/monte-carlo-data-epoch-347_20260614T023755,mpc-1897-17-lambda-0.531,0.530965721700091,0.5519147392382907,False,492.9936828613281,370.4998779296875,49.35548782348633,321.1443786621094,-122.49380493164062
953,/home/victor-xia/repos/Burst-Coast-MPC/artifacts/MonteCarloData/monte-carlo-data-epoch-257_20260614T022606,mpc-483-7-lambda-0.067,0.06696738300147692,0.7951048378229018,False,448.0474548339844,370.8758239746094,24.10487937927246,346.77093505859375,-77.171630859375
954,/home/victor-xia/repos/Burst-Coast-MPC/artifacts/MonteCarloData/monte-carlo-data-epoch-457_20260614T025349,mpc-405-7-lambda-0.813,0.8133721445717209,0.7294585643549495,False,417.77960205078125,371.1739501953125,98.97584533691406,272.1981201171875,-46.60565185546875
955,/home/victor-xia/repos/Burst-Coast-MPC/artifacts/MonteCarloData/monte-carlo-data-epoch-457_20260614T025349,mpc-276-3-lambda-0.013,0.013001557342664356,0.2606366754627964,False,464.8789978027344,371.4727783203125,7.4722900390625,364.00048828125,-93.40621948242188
956,/home/victor-xia/repos/Burst-Coast-MPC/artifacts/MonteCarloData/monte-carlo-data-epoch-119_20260614T020837,mpc-0-0-lambda-0.443,0.4428705447991765,0.6677178224273854,False,309.12567138671875,371.85125732421875,53.78240966796875,318.06884765625,62.7255859375
957,/home/victor-xia/repos/Burst-Coast-MPC/artifacts/MonteCarloData/monte-carlo-data-epoch-168_20260614T021526,mpc-1019-9-lambda-0.691,0.6910651796932622,0.7399105834251255,False,317.5513000488281,371.92333984375,86.90733337402344,285.0159912109375,54.372039794921875
958,/home/victor-xia/repos/Burst-Coast-MPC/artifacts/MonteCarloData/monte-carlo-data-epoch-347_20260614T023755,mpc-1802-16-lambda-0.314,0.3142752383632129,0.4723201571059844,False,538.370849609375,372.07366943359375,28.49300765991211,343.5806579589844,-166.29718017578125
959,/home/victor-xia/repos/Burst-Coast-MPC/artifacts/MonteCarloData/monte-carlo-data-epoch-8_20260614T015329,mpc-1485-13-lambda-0.795,0.7945727139565517,0.9508348350331443,False,447.4554138183594,372.221435546875,144.99366760253906,227.22776794433594,-75.23397827148438
960,/home/victor-xia/repos/Burst-Coast-MPC/artifacts/MonteCarloData/monte-carlo-data-epoch-236_20260614T211254,mpc-67-1-lambda-0.38,0.38043111444503447,0.4571489101167482,False,393.57421875,373.5032653808594,28.45430564880371,345.0489501953125,-20.070953369140625
961,/home/victor-xia/repos/Burst-Coast-MPC/artifacts/MonteCarloData/monte-carlo-data-epoch-290_20260614T211944,mpc-781-6-lambda-0.026,0.02602917548270374,0.3428649919215763,False,534.8242797851562,373.7767333984375,8.659687995910645,365.1170349121094,-161.04754638671875
962,/home/victor-xia/repos/Burst-Coast-MPC/artifacts/MonteCarloData/monte-carlo-data-epoch-257_20260614T022606,mpc-383-6-lambda-0.064,0.06366003257001596,0.4957868553316005,False,470.7662048339844,373.8808898925781,14.438685417175293,359.44219970703125,-96.88531494140625
963,/home/victor-xia/repos/Burst-Coast-MPC/artifacts/MonteCarloData/monte-carlo-data-epoch-182_20260614T021647,mpc-696-5-lambda-0.888,0.8880767951905145,0.7459455405799157,False,461.1719055175781,374.2492370605469,113.86113739013672,260.3880920410156,-86.92266845703125
964,/home/victor-xia/repos/Burst-Coast-MPC/artifacts/MonteCarloData/monte-carlo-data-epoch-458_20260614T025355,mpc-1181-10-lambda-0.683,0.6830777030801094,0.6850589646207563,False,503.3031005859375,376.72344970703125,78.0079345703125,298.71551513671875,-126.57965087890625
965,/home/victor-xia/repos/Burst-Coast-MPC/artifacts/MonteCarloData/monte-carlo-data-epoch-79_20260614T205138,mpc-1337-12-lambda-0.932,0.9321912374507181,0.3869537669870955,False,362.5583190917969,377.31817626953125,45.945491790771484,331.3726806640625,14.759857177734375
966,/home/victor-xia/repos/Burst-Coast-MPC/artifacts/MonteCarloData/monte-carlo-data-epoch-283_20260614T211850,mpc-338-2-lambda-0.397,0.3967987226732256,0.4573941686513973,False,324.5794372558594,377.8009033203125,29.664342880249023,348.1365661621094,53.221466064453125
967,/home/victor-xia/repos/Burst-Coast-MPC/artifacts/MonteCarloData/monte-carlo-data-epoch-145_20260614T021136,mpc-854-7-lambda-0.985,0.9853403670845735,0.9878258965058566,False,510.2488708496094,378.39715576171875,191.0291748046875,187.36798095703125,-131.85171508789062
968,/home/victor-xia/repos/Burst-Coast-MPC/artifacts/MonteCarloData/monte-carlo-data-epoch-453_20260614T025300,mpc-881-9-lambda-0.233,0.23342858642704467,0.8219210938970661,False,409.7283630371094,378.86444091796875,46.5445671081543,332.31988525390625,-30.863922119140625
969,/home/victor-xia/repos/Burst-Coast-MPC/artifacts/MonteCarloData/monte-carlo-data-epoch-77_20260614T020235,mpc-875-7-lambda-0.839,0.8387370225075039,0.31953340071108716,False,655.9879760742188,378.8857421875,32.01303482055664,346.8727111816406,-277.10223388671875
970,/home/victor-xia/repos/Burst-Coast-MPC/artifacts/MonteCarloData/monte-carlo-data-epoch-236_20260614T211254,mpc-0-0-lambda-0.561,0.5614911694710253,0.33297400371992597,False,434.38348388671875,379.1247253417969,25.635454177856445,353.4892578125,-55.258758544921875
971,/home/victor-xia/repos/Burst-Coast-MPC/artifacts/MonteCarloData/monte-carlo-data-epoch-77_20260614T020235,mpc-939-8-lambda-0.065,0.06533376619100142,0.970796487172891,False,604.9671630859375,379.1710205078125,29.32563591003418,349.84539794921875,-225.796142578125
972,/home/victor-xia/repos/Burst-Coast-MPC/artifacts/MonteCarloData/monte-carlo-data-epoch-393_20260614T213431,mpc-1724-17-lambda-0.518,0.5182181356277347,0.10401039712805994,False,321.7756042480469,379.3563537597656,6.871606826782227,372.4847412109375,57.58074951171875
973,/home/victor-xia/repos/Burst-Coast-MPC/artifacts/MonteCarloData/monte-carlo-data-epoch-529_20260614T030357,mpc-1132-14-lambda-0.087,0.08651668197661017,0.49084314973170323,False,467.0284729003906,380.535400390625,15.920757293701172,364.6146545410156,-86.49307250976562
974,/home/victor-xia/repos/Burst-Coast-MPC/artifacts/MonteCarloData/monte-carlo-data-epoch-26_20260613T233709,mpc-1037-12-lambda-0.222,0.2221793870613923,0.5021778664728472,False,315.4708557128906,383.5979919433594,23.270240783691406,360.3277587890625,68.12713623046875
975,/home/victor-xia/repos/Burst-Coast-MPC/artifacts/MonteCarloData/monte-carlo-data-epoch-119_20260614T205716,mpc-88-2-lambda-0.174,0.1741053703487751,0.7721086782347409,False,388.5267639160156,384.1612243652344,36.51231002807617,347.64892578125,-4.36553955078125
976,/home/victor-xia/repos/Burst-Coast-MPC/artifacts/MonteCarloData/monte-carlo-data-epoch-72_20260614T205059,mpc-481-5-lambda-0.891,0.8909628775342578,0.15736860035334482,False,483.4273681640625,384.6117858886719,16.018394470214844,368.5933837890625,-98.81558227539062
977,/home/victor-xia/repos/Burst-Coast-MPC/artifacts/MonteCarloData/monte-carlo-data-epoch-385_20260614T024253,mpc-930-7-lambda-0.936,0.9364456172293734,0.24625252532950917,False,403.4125671386719,384.6216735839844,26.91858673095703,357.7030944824219,-18.7908935546875
978,/home/victor-xia/repos/Burst-Coast-MPC/artifacts/MonteCarloData/monte-carlo-data-epoch-137_20260614T205958,mpc-868-7-lambda-0.868,0.8678326290305234,0.64661664821797,False,549.90478515625,385.427490234375,90.96257019042969,294.46490478515625,-164.477294921875
979,/home/victor-xia/repos/Burst-Coast-MPC/artifacts/MonteCarloData/monte-carlo-data-epoch-98_20260614T020519,mpc-342-5-lambda-0.041,0.04066861596637093,0.8879278967389657,False,431.37445068359375,385.8582458496094,24.296918869018555,361.56134033203125,-45.516204833984375
980,/home/victor-xia/repos/Burst-Coast-MPC/artifacts/MonteCarloData/monte-carlo-data-epoch-42_20260613T233930,mpc-1144-13-lambda-0.354,0.35415215392543137,0.494078395821697,False,307.59552001953125,385.9131774902344,30.563875198364258,355.34930419921875,78.31765747070312
981,/home/victor-xia/repos/Burst-Coast-MPC/artifacts/MonteCarloData/monte-carlo-data-epoch-110_20260614T020707,mpc-1107-11-lambda-0.091,0.09146051409541933,0.5686860421987876,False,495.65936279296875,386.7926940917969,17.607038497924805,369.1856689453125,-108.86666870117188
982,/home/victor-xia/repos/Burst-Coast-MPC/artifacts/MonteCarloData/monte-carlo-data-epoch-183_20260614T021655,mpc-1512-16-lambda-0.394,0.3937564652026519,0.41498782821572044,False,494.5361633300781,387.8218078613281,27.30876350402832,360.5130310058594,-106.71435546875
983,/home/victor-xia/repos/Burst-Coast-MPC/artifacts/MonteCarloData/monte-carlo-data-epoch-72_20260614T205059,mpc-513-6-lambda-0.69,0.6898907394212395,0.5856097553787678,False,457.9125671386719,388.0169677734375,64.33130645751953,323.6856689453125,-69.89559936523438
984,/home/victor-xia/repos/Burst-Coast-MPC/artifacts/MonteCarloData/monte-carlo-data-epoch-256_20260614T211547,mpc-537-7-lambda-0.64,0.640312983614968,0.24442053414683287,False,424.4246520996094,388.5447082519531,19.974727630615234,368.5699768066406,-35.87994384765625
985,/home/victor-xia/repos/Burst-Coast-MPC/artifacts/MonteCarloData/monte-carlo-data-epoch-406_20260614T024600,mpc-0-0-lambda-0.589,0.588797234038909,0.9982139241010286,False,555.7322998046875,388.872314453125,124.94416809082031,263.92816162109375,-166.8599853515625
986,/home/victor-xia/repos/Burst-Coast-MPC/artifacts/MonteCarloData/monte-carlo-data-epoch-264_20260614T022644,mpc-2188-25-lambda-0.716,0.7163744945258486,0.5599647886542775,False,573.4219970703125,389.6526794433594,61.5184211730957,328.1342468261719,-183.76931762695312
987,/home/victor-xia/repos/Burst-Coast-MPC/artifacts/MonteCarloData/monte-carlo-data-epoch-69_20260614T205023,mpc-1114-9-lambda-0.251,0.25066557565526437,0.5693204712076286,False,393.81243896484375,389.77801513671875,29.543453216552734,360.23455810546875,-4.034423828125
988,/home/victor-xia/repos/Burst-Coast-MPC/artifacts/MonteCarloData/monte-carlo-data-epoch-275_20260614T211801,mpc-723-7-lambda-0.947,0.9465888329234438,0.2391841474518101,False,420.61810302734375,389.84228515625,24.828235626220703,365.0140380859375,-30.77581787109375
989,/home/victor-xia/repos/Burst-Coast-MPC/artifacts/MonteCarloData/monte-carlo-data-epoch-143_20260614T021119,mpc-623-6-lambda-0.578,0.5778764494892862,0.38488313995591594,False,713.3751831054688,390.5699157714844,31.978776931762695,358.59112548828125,-322.8052673339844
990,/home/victor-xia/repos/Burst-Coast-MPC/artifacts/MonteCarloData/monte-carlo-data-epoch-445_20260614T025133,mpc-2113-21-lambda-0.885,0.8851627467190785,0.8306184714161251,False,269.4383850097656,390.9341735839844,137.87393188476562,253.06024169921875,121.49578857421875
991,/home/victor-xia/repos/Burst-Coast-MPC/artifacts/MonteCarloData/monte-carlo-data-epoch-256_20260614T211547,mpc-533-6-lambda-0.652,0.6520709162365377,0.020398284178592824,False,426.66387939453125,390.97711181640625,2.0023210048675537,388.97479248046875,-35.686767578125
992,/home/victor-xia/repos/Burst-Coast-MPC/artifacts/MonteCarloData/monte-carlo-data-epoch-17_20260614T015442,mpc-1498-13-lambda-0.498,0.4975815284966568,0.0985856751941023,False,271.3673400878906,391.60125732421875,6.315804958343506,385.28546142578125,120.23391723632812
993,/home/victor-xia/repos/Burst-Coast-MPC/artifacts/MonteCarloData/monte-carlo-data-epoch-370_20260614T213101,mpc-2825-33-lambda-0.03,0.029507666728513564,0.14412653032650863,False,222.7227325439453,394.2499694824219,4.3798394203186035,389.8701171875,171.52723693847656
994,/home/victor-xia/repos/Burst-Coast-MPC/artifacts/MonteCarloData/monte-carlo-data-epoch-385_20260614T213311,mpc-2229-19-lambda-0.282,0.2817121397518287,0.8138213309992313,False,532.1307983398438,395.8362731933594,53.78260040283203,342.0536804199219,-136.29452514648438
995,/home/victor-xia/repos/Burst-Coast-MPC/artifacts/MonteCarloData/monte-carlo-data-epoch-42_20260613T233930,mpc-1254-15-lambda-0.381,0.3809536838413843,0.9039038925649209,False,254.29808044433594,395.9267272949219,74.1847152709961,321.74200439453125,141.62864685058594
996,/home/victor-xia/repos/Burst-Coast-MPC/artifacts/MonteCarloData/monte-carlo-data-epoch-90_20260614T020433,mpc-605-6-lambda-0.947,0.9470770652435403,0.25964967332318506,False,617.6500244140625,397.43060302734375,28.715316772460938,368.71527099609375,-220.21942138671875
997,/home/victor-xia/repos/Burst-Coast-MPC/artifacts/MonteCarloData/monte-carlo-data-epoch-264_20260614T211644,mpc-656-7-lambda-0.092,0.09225260734742885,0.9029309031660114,False,535.2865600585938,397.50213623046875,31.702816009521484,365.79931640625,-137.784423828125
998,/home/victor-xia/repos/Burst-Coast-MPC/artifacts/MonteCarloData/monte-carlo-data-epoch-39_20260613T233910,mpc-281-5-lambda-0.069,0.06911528800237027,0.06309575379306724,False,241.76683044433594,397.7271728515625,2.8187289237976074,394.908447265625,155.96034240722656
999,/home/victor-xia/repos/Burst-Coast-MPC/artifacts/MonteCarloData/monte-carlo-data-epoch-517_20260614T030227,mpc-0-0-lambda-0.218,0.21754227167641227,0.8129464267721398,False,229.59579467773438,397.97015380859375,45.22826385498047,352.74188232421875,168.37435913085938
1000,/home/victor-xia/repos/Burst-Coast-MPC/artifacts/MonteCarloData/monte-carlo-data-epoch-84_20260614T020345,mpc-649-4-lambda-0.146,0.14600731215191684,0.7818011163685877,False,351.1786193847656,398.07623291015625,32.508419036865234,365.56781005859375,46.897613525390625
1001,/home/victor-xia/repos/Burst-Coast-MPC/artifacts/MonteCarloData/monte-carlo-data-epoch-98_20260614T020519,mpc-296-4-lambda-0.744,0.7436690822292317,0.23102972297984556,False,462.177490234375,398.3476257324219,19.37602996826172,378.9715881347656,-63.829864501953125
1002,/home/victor-xia/repos/Burst-Coast-MPC/artifacts/MonteCarloData/monte-carlo-data-epoch-359_20260614T212926,mpc-1217-12-lambda-0.692,0.6918313917203386,0.8295534426944617,False,580.3759765625,398.38336181640625,109.28521728515625,289.09814453125,-181.99261474609375
1003,/home/victor-xia/repos/Burst-Coast-MPC/artifacts/MonteCarloData/monte-carlo-data-epoch-53_20260613T234112,mpc-657-8-lambda-0.546,0.5462265430130513,0.8717221261624736,False,378.9755859375,398.4570617675781,92.3808822631836,306.076171875,19.481475830078125
1004,/home/victor-xia/repos/Burst-Coast-MPC/artifacts/MonteCarloData/monte-carlo-data-epoch-49_20260614T204733,mpc-1269-11-lambda-0.759,0.7590135504623845,0.5277076959250498,False,408.20123291015625,398.46014404296875,58.91645050048828,339.543701171875,-9.7410888671875
1005,/home/victor-xia/repos/Burst-Coast-MPC/artifacts/MonteCarloData/monte-carlo-data-epoch-448_20260614T025158,mpc-2801-29-lambda-0.655,0.6546773298446926,0.6333306141273788,False,352.9579772949219,398.7100830078125,67.20736694335938,331.5027160644531,45.752105712890625
1006,/home/victor-xia/repos/Burst-Coast-MPC/artifacts/MonteCarloData/monte-carlo-data-epoch-209_20260614T021953,mpc-320-3-lambda-0.309,0.30919718584002753,0.11435253295448224,False,404.9552917480469,399.32513427734375,5.972771644592285,393.35235595703125,-5.630157470703125
1007,/home/victor-xia/repos/Burst-Coast-MPC/artifacts/MonteCarloData/monte-carlo-data-epoch-292_20260614T023057,mpc-1340-16-lambda-0.795,0.794650646729451,0.9233532827355735,False,252.77783203125,399.69976806640625,153.2713165283203,246.42845153808594,146.92193603515625
1008,/home/victor-xia/repos/Burst-Coast-MPC/artifacts/MonteCarloData/monte-carlo-data-epoch-458_20260614T025355,mpc-1003-9-lambda-0.127,0.12679850476078314,0.8852328804376864,False,563.5896606445312,400.1893615722656,37.944278717041016,362.2450866699219,-163.40029907226562
1009,/home/victor-xia/repos/Burst-Coast-MPC/artifacts/MonteCarloData/monte-carlo-data-epoch-42_20260613T233930,mpc-1243-14-lambda-0.248,0.2476740180757907,0.05258432426747189,False,258.95416259765625,400.7214050292969,2.919959545135498,397.80145263671875,141.76724243164062
1010,/home/victor-xia/repos/Burst-Coast-MPC/artifacts/MonteCarloData/monte-carlo-data-epoch-256_20260614T211547,mpc-516-5-lambda-0.841,0.8414505020379943,0.08502074003696432,False,438.3405456542969,401.0127258300781,7.353316783905029,393.659423828125,-37.32781982421875
1011,/home/victor-xia/repos/Burst-Coast-MPC/artifacts/MonteCarloData/monte-carlo-data-epoch-242_20260614T022357,mpc-159-1-lambda-0.831,0.8311182476144439,0.20421467325055798,False,401.33013916015625,401.17333984375,19.073482513427734,382.099853515625,-0.15679931640625
1012,/home/victor-xia/repos/Burst-Coast-MPC/artifacts/MonteCarloData/monte-carlo-data-epoch-168_20260614T210424,mpc-618-6-lambda-0.313,0.31333412049772014,0.7243021086418716,False,492.98492431640625,401.6007080078125,48.919368743896484,352.68133544921875,-91.38421630859375
1013,/home/victor-xia/repos/Burst-Coast-MPC/artifacts/MonteCarloData/monte-carlo-data-epoch-94_20260614T205344,mpc-315-3-lambda-0.931,0.9308925603197409,0.8611582832689706,False,341.9938049316406,401.8060607910156,159.3565673828125,242.44949340820312,59.812255859375
1014,/home/victor-xia/repos/Burst-Coast-MPC/artifacts/MonteCarloData/monte-carlo-data-epoch-501_20260614T030005,mpc-197-1-lambda-0.315,0.3145454581606519,0.7369192692276502,False,650.217529296875,402.6065979003906,48.442054748535156,354.16455078125,-247.61093139648438
1015,/home/victor-xia/repos/Burst-Coast-MPC/artifacts/MonteCarloData/monte-carlo-data-epoch-256_20260614T211547,mpc-459-4-lambda-0.891,0.8909768736578799,0.28158650625464304,False,484.0,402.7349853515625,28.66299819946289,374.0719909667969,-81.2650146484375
1016,/home/victor-xia/repos/Burst-Coast-MPC/artifacts/MonteCarloData/monte-carlo-data-epoch-98_20260614T020519,mpc-520-6-lambda-0.282,0.281762674798839,0.8639295937816059,False,393.1903381347656,402.9960632324219,56.686824798583984,346.3092346191406,9.80572509765625
1017,/home/victor-xia/repos/Burst-Coast-MPC/artifacts/MonteCarloData/monte-carlo-data-epoch-245_20260614T211411,mpc-747-8-lambda-0.745,0.7454106967460457,0.732118175699322,False,484.33843994140625,403.79718017578125,97.22749328613281,306.5697021484375,-80.541259765625
1018,/home/victor-xia/repos/Burst-Coast-MPC/artifacts/MonteCarloData/monte-carlo-data-epoch-69_20260614T205023,mpc-974-8-lambda-0.119,0.11945542496266956,0.6988270309144055,False,435.1473388671875,403.8126220703125,26.111995697021484,377.70062255859375,-31.334716796875
1019,/home/victor-xia/repos/Burst-Coast-MPC/artifacts/MonteCarloData/monte-carlo-data-epoch-292_20260614T023057,mpc-1256-15-lambda-0.257,0.25729353442678793,0.4168101589888465,False,288.8763122558594,404.16595458984375,22.69080924987793,381.47515869140625,115.28964233398438
1020,/home/victor-xia/repos/Burst-Coast-MPC/artifacts/MonteCarloData/monte-carlo-data-epoch-360_20260614T023922,mpc-990-10-lambda-0.37,0.36976327454193525,0.48296998711408745,False,537.8680419921875,404.29888916015625,31.422958374023438,372.87591552734375,-133.56915283203125
1021,/home/victor-xia/repos/Burst-Coast-MPC/artifacts/MonteCarloData/monte-carlo-data-epoch-46_20260614T204651,mpc-0-0-lambda-0.302,0.3023145436850948,0.13572292689686705,False,402.75872802734375,404.5096435546875,6.323470592498779,398.1861877441406,1.75091552734375
1022,/home/victor-xia/repos/Burst-Coast-MPC/artifacts/MonteCarloData/monte-carlo-data-epoch-325_20260614T023534,mpc-1063-9-lambda-0.513,0.5131073278163542,0.9660837315449508,False,516.1642456054688,405.32513427734375,107.5830078125,297.74212646484375,-110.839111328125
1023,/home/victor-xia/repos/Burst-Coast-MPC/artifacts/MonteCarloData/monte-carlo-data-epoch-76_20260614T020230,mpc-177-1-lambda-0.291,0.29055379881299415,0.9785499840167066,False,344.4964294433594,405.8371276855469,69.99285125732422,335.8442687988281,61.3406982421875
1024,/home/victor-xia/repos/Burst-Coast-MPC/artifacts/MonteCarloData/monte-carlo-data-epoch-193_20260614T210711,mpc-1506-16-lambda-0.841,0.841418074982318,0.12662028094461075,False,401.8606262207031,405.85186767578125,11.58003044128418,394.2718505859375,3.991241455078125
1025,/home/victor-xia/repos/Burst-Coast-MPC/artifacts/MonteCarloData/monte-carlo-data-epoch-39_20260613T233910,mpc-327-7-lambda-0.178,0.17759759067433012,0.7708057600340814,False,228.297119140625,406.1320495605469,35.94422149658203,370.1878356933594,177.83493041992188
1026,/home/victor-xia/repos/Burst-Coast-MPC/artifacts/MonteCarloData/monte-carlo-data-epoch-193_20260614T021758,mpc-1344-12-lambda-0.776,0.7763909279795468,0.195513325117009,False,436.5213317871094,406.8465881347656,17.605072021484375,389.24151611328125,-29.67474365234375
1027,/home/victor-xia/repos/Burst-Coast-MPC/artifacts/MonteCarloData/monte-carlo-data-epoch-110_20260614T020707,mpc-1088-10-lambda-0.897,0.8973905583353887,0.09307204984583602,False,509.9771728515625,408.8319396972656,9.01479434967041,399.817138671875,-101.14523315429688
1028,/home/victor-xia/repos/Burst-Coast-MPC/artifacts/MonteCarloData/monte-carlo-data-epoch-449_20260614T025217,mpc-820-9-lambda-0.735,0.7347047974729055,0.7166657208050612,False,494.71368408203125,409.192138671875,89.96235656738281,319.22979736328125,-85.52154541015625
1029,/home/victor-xia/repos/Burst-Coast-MPC/artifacts/MonteCarloData/monte-carlo-data-epoch-195_20260614T210732,mpc-330-4-lambda-0.99,0.9900645008661917,0.6746844990490427,False,381.13238525390625,410.98895263671875,108.44441223144531,302.5445556640625,29.8565673828125
1030,/home/victor-xia/repos/Burst-Coast-MPC/artifacts/MonteCarloData/monte-carlo-data-epoch-445_20260614T025133,mpc-1892-18-lambda-0.124,0.12414289854831662,0.2951713599236883,False,329.2269592285156,411.28607177734375,10.214954376220703,401.07110595703125,82.05911254882812
1031,/home/victor-xia/repos/Burst-Coast-MPC/artifacts/MonteCarloData/monte-carlo-data-epoch-265_20260614T211652,mpc-1241-16-lambda-0.617,0.6173115306169089,0.9088065743320622,False,334.5319519042969,411.5078430175781,112.96271514892578,298.5451354980469,76.97589111328125
1032,/home/victor-xia/repos/Burst-Coast-MPC/artifacts/MonteCarloData/monte-carlo-data-epoch-264_20260614T211644,mpc-612-6-lambda-0.775,0.7747075673837468,0.21786860140029124,False,565.8737182617188,411.8367004394531,19.234222412109375,392.60247802734375,-154.03701782226562
1033,/home/victor-xia/repos/Burst-Coast-MPC/artifacts/MonteCarloData/monte-carlo-data-epoch-152_20260614T021306,mpc-1512-12-lambda-0.386,0.3862359942578892,0.756867453609853,False,417.35955810546875,412.169677734375,56.15983581542969,356.00982666015625,-5.18988037109375
1034,/home/victor-xia/repos/Burst-Coast-MPC/artifacts/MonteCarloData/monte-carlo-data-epoch-168_20260614T021526,mpc-792-7-lambda-0.073,0.07345305204464192,0.8861528711630255,False,402.7066650390625,412.22808837890625,28.698158264160156,383.5299377441406,9.52142333984375
1035,/home/victor-xia/repos/Burst-Coast-MPC/artifacts/MonteCarloData/monte-carlo-data-epoch-301_20260614T212132,mpc-2351-25-lambda-0.636,0.6355984327041091,0.464977483944582,False,306.62860107421875,412.42388916015625,43.77647399902344,368.64739990234375,105.7952880859375
1036,/home/victor-xia/repos/Burst-Coast-MPC/artifacts/MonteCarloData/monte-carlo-data-epoch-160_20260614T210323,mpc-790-9-lambda-0.582,0.5824395866449023,0.7944234725943881,False,490.07635498046875,412.93658447265625,89.09446716308594,323.84210205078125,-77.1397705078125
1037,/home/victor-xia/repos/Burst-Coast-MPC/artifacts/MonteCarloData/monte-carlo-data-epoch-113_20260614T020738,mpc-0-0-lambda-0.576,0.5764295808467915,0.6845166196218935,False,363.234619140625,413.321044921875,69.48199462890625,343.83905029296875,50.08642578125
1038,/home/victor-xia/repos/Burst-Coast-MPC/artifacts/MonteCarloData/monte-carlo-data-epoch-21_20260613T233630,mpc-1094-12-lambda-0.383,0.3829697947010041,0.6951431660853987,False,325.00714111328125,413.4800720214844,50.97568130493164,362.50439453125,88.47293090820312
1039,/home/victor-xia/repos/Burst-Coast-MPC/artifacts/MonteCarloData/monte-carlo-data-epoch-336_20260614T212603,mpc-1287-14-lambda-0.531,0.5305380464333992,0.8437703357846206,False,367.26971435546875,414.85955810546875,90.32818603515625,324.5313720703125,47.58984375
1040,/home/victor-xia/repos/Burst-Coast-MPC/artifacts/MonteCarloData/monte-carlo-data-epoch-347_20260614T023755,mpc-2042-19-lambda-0.907,0.9074913762091742,0.9150742722923852,False,406.7842712402344,415.168701171875,162.37054443359375,252.79815673828125,8.384429931640625
1041,/home/victor-xia/repos/Burst-Coast-MPC/artifacts/MonteCarloData/monte-carlo-data-epoch-183_20260614T021655,mpc-1496-15-lambda-0.164,0.163960747843524,0.07758786710727324,False,499.5811462402344,415.4297790527344,3.1821517944335938,412.24761962890625,-84.1513671875
1042,/home/victor-xia/repos/Burst-Coast-MPC/artifacts/MonteCarloData/monte-carlo-data-epoch-143_20260614T021119,mpc-603-5-lambda-0.493,0.493024857236568,0.10112344467324201,False,723.3876953125,415.4741516113281,6.313218116760254,409.1609191894531,-307.9135437011719
1043,/home/victor-xia/repos/Burst-Coast-MPC/artifacts/MonteCarloData/monte-carlo-data-epoch-5_20260613T233433,mpc-1875-20-lambda-0.834,0.8341162117633738,0.18896783364841765,False,339.9971618652344,416.43939208984375,17.05794906616211,399.3814392089844,76.44223022460938
1044,/home/victor-xia/repos/Burst-Coast-MPC/artifacts/MonteCarloData/monte-carlo-data-epoch-161_20260614T210331,mpc-147-2-lambda-0.656,0.656303887126113,0.5753877055494182,False,320.5887145996094,416.5767517089844,59.753074645996094,356.82366943359375,95.988037109375
1045,/home/victor-xia/repos/Burst-Coast-MPC/artifacts/MonteCarloData/monte-carlo-data-epoch-445_20260614T025133,mpc-2076-20-lambda-0.3,0.2997753177018589,0.18335265203883486,False,283.96405029296875,416.6080017089844,9.174894332885742,407.43310546875,132.64395141601562
1046,/home/victor-xia/repos/Burst-Coast-MPC/artifacts/MonteCarloData/monte-carlo-data-epoch-21_20260613T233630,mpc-1047-11-lambda-0.181,0.1811200486815897,0.2346541617625874,False,338.68182373046875,416.9330749511719,8.666593551635742,408.2664794921875,78.25125122070312
1047,/home/victor-xia/repos/Burst-Coast-MPC/artifacts/MonteCarloData/monte-carlo-data-epoch-119_20260614T205716,mpc-10-1-lambda-0.659,0.6588106692854399,0.3895609637625278,False,444.666259765625,418.71173095703125,35.19399642944336,383.5177307128906,-25.95452880859375
1048,/home/victor-xia/repos/Burst-Coast-MPC/artifacts/MonteCarloData/monte-carlo-data-epoch-360_20260614T023922,mpc-851-9-lambda-0.089,0.08901392021765353,0.6913449411789571,False,574.4243774414062,419.39422607421875,23.14765739440918,396.24658203125,-155.0301513671875
1049,/home/victor-xia/repos/Burst-Coast-MPC/artifacts/MonteCarloData/monte-carlo-data-epoch-31_20260613T233752,mpc-1991-17-lambda-0.084,0.08414365075887645,0.24314971523016546,False,392.53375244140625,420.1616516113281,7.194580078125,412.9670715332031,27.627899169921875
1050,/home/victor-xia/repos/Burst-Coast-MPC/artifacts/MonteCarloData/monte-carlo-data-epoch-467_20260614T025519,mpc-887-10-lambda-0.738,0.7376566703566715,0.34642736583336714,False,485.7280578613281,420.28778076171875,35.14848327636719,385.1392822265625,-65.44027709960938
1051,/home/victor-xia/repos/Burst-Coast-MPC/artifacts/MonteCarloData/monte-carlo-data-epoch-378_20260614T213220,mpc-1041-12-lambda-0.923,0.9225513122519676,0.6612744595592709,False,404.16436767578125,420.9356689453125,94.84574127197266,326.0899353027344,16.77130126953125
1052,/home/victor-xia/repos/Burst-Coast-MPC/artifacts/MonteCarloData/monte-carlo-data-epoch-445_20260614T025133,mpc-1951-19-lambda-0.066,0.06619515544438401,0.6206477187732474,False,313.11651611328125,420.9481506347656,18.514141082763672,402.43402099609375,107.83163452148438
1053,/home/victor-xia/repos/Burst-Coast-MPC/artifacts/MonteCarloData/monte-carlo-data-epoch-288_20260614T023010,mpc-1639-17-lambda-0.494,0.4943452897517935,0.8009001350736933,False,530.643310546875,421.37896728515625,77.25459289550781,344.1243896484375,-109.26434326171875
1054,/home/victor-xia/repos/Burst-Coast-MPC/artifacts/MonteCarloData/monte-carlo-data-epoch-84_20260614T205214,mpc-125-1-lambda-0.185,0.1849661368953296,0.9388741952683867,False,478.8609619140625,421.86846923828125,49.485721588134766,372.38275146484375,-56.99249267578125
1055,/home/victor-xia/repos/Burst-Coast-MPC/artifacts/MonteCarloData/monte-carlo-data-epoch-301_20260614T212132,mpc-2345-24-lambda-0.497,0.4973610992898845,0.02789783140359115,False,310.2286376953125,423.1546325683594,2.2498655319213867,420.9047546386719,112.92599487304688
1056,/home/victor-xia/repos/Burst-Coast-MPC/artifacts/MonteCarloData/monte-carlo-data-epoch-69_20260614T205023,mpc-820-7-lambda-0.144,0.14426776639988634,0.7667453214131896,False,486.9579162597656,423.36260986328125,32.64271545410156,390.71990966796875,-63.595306396484375
1057,/home/victor-xia/repos/Burst-Coast-MPC/artifacts/MonteCarloData/monte-carlo-data-epoch-336_20260614T212603,mpc-1134-12-lambda-0.155,0.15545457841753912,0.4017015614687125,False,413.6626892089844,423.456787109375,15.2125825881958,408.24420166015625,9.794097900390625
1058,/home/victor-xia/repos/Burst-Coast-MPC/artifacts/MonteCarloData/monte-carlo-data-epoch-429_20260614T024928,mpc-1014-10-lambda-0.69,0.689997247961735,0.7000553011056307,False,412.92913818359375,424.0215759277344,83.83804321289062,340.18353271484375,11.092437744140625
1059,/home/victor-xia/repos/Burst-Coast-MPC/artifacts/MonteCarloData/monte-carlo-data-epoch-301_20260614T212132,mpc-2270-23-lambda-0.7,0.699544874174599,0.3714949584764157,False,365.5035705566406,424.3524169921875,34.65055847167969,389.70184326171875,58.848846435546875
1060,/home/victor-xia/repos/Burst-Coast-MPC/artifacts/MonteCarloData/monte-carlo-data-epoch-447_20260614T025152,mpc-258-2-lambda-0.087,0.08687774432193549,0.9926622538576916,False,399.6106262207031,424.74725341796875,36.670658111572266,388.07659912109375,25.136627197265625
1061,/home/victor-xia/repos/Burst-Coast-MPC/artifacts/MonteCarloData/monte-carlo-data-epoch-66_20260614T204948,mpc-1850-15-lambda-0.256,0.25587446331020164,0.783360481603937,False,424.7423095703125,424.8572082519531,46.74356460571289,378.1136474609375,0.114898681640625
1062,/home/victor-xia/repos/Burst-Coast-MPC/artifacts/MonteCarloData/monte-carlo-data-epoch-351_20260614T212809,mpc-639-7-lambda-0.693,0.6932793935624822,0.16941413326312119,False,360.63507080078125,425.14849853515625,14.28802490234375,410.8604736328125,64.513427734375
1063,/home/victor-xia/repos/Burst-Coast-MPC/artifacts/MonteCarloData/monte-carlo-data-epoch-187_20260614T021727,mpc-379-3-lambda-0.637,0.6367291918875019,0.5234648992483322,False,311.6524963378906,426.1173400878906,49.461341857910156,376.656005859375,114.46484375
1064,/home/victor-xia/repos/Burst-Coast-MPC/artifacts/MonteCarloData/monte-carlo-data-epoch-5_20260613T233433,mpc-1857-19-lambda-0.643,0.6431363754256039,0.08727537375741694,False,350.61865234375,426.61688232421875,6.694223403930664,419.92266845703125,75.99822998046875
1065,/home/victor-xia/repos/Burst-Coast-MPC/artifacts/MonteCarloData/monte-carlo-data-epoch-156_20260614T210300,mpc-0-0-lambda-0.937,0.9365374320484483,0.9201157161704644,False,599.148681640625,426.6345520019531,168.25576782226562,258.3787841796875,-172.51412963867188
1066,/home/victor-xia/repos/Burst-Coast-MPC/artifacts/MonteCarloData/monte-carlo-data-epoch-489_20260614T025823,mpc-1933-16-lambda-0.525,0.5254191225160267,0.29629146515886806,False,508.25054931640625,426.75787353515625,23.585182189941406,403.1726989746094,-81.49267578125
1067,/home/victor-xia/repos/Burst-Coast-MPC/artifacts/MonteCarloData/monte-carlo-data-epoch-148_20260614T021217,mpc-1171-8-lambda-0.194,0.19382442109995435,0.9368855728567171,False,402.1131896972656,426.8251037597656,48.374183654785156,378.450927734375,24.7119140625
1068,/home/victor-xia/repos/Burst-Coast-MPC/artifacts/MonteCarloData/monte-carlo-data-epoch-34_20260614T204540,mpc-264-5-lambda-0.911,0.910910320448227,0.38658850458244015,False,448.29486083984375,426.8475341796875,45.72077178955078,381.12677001953125,-21.44732666015625
1069,/home/victor-xia/repos/Burst-Coast-MPC/artifacts/MonteCarloData/monte-carlo-data-epoch-184_20260614T210609,mpc-377-4-lambda-0.299,0.29928936967129305,0.10864278313673183,False,461.8442687988281,427.1828918457031,5.606640338897705,421.5762634277344,-34.661376953125
1070,/home/victor-xia/repos/Burst-Coast-MPC/artifacts/MonteCarloData/monte-carlo-data-epoch-29_20260613T233734,mpc-1667-18-lambda-0.386,0.3864228754272687,0.7157749515144611,False,444.68817138671875,427.240234375,52.4788932800293,374.7613525390625,-17.44793701171875
1071,/home/victor-xia/repos/Burst-Coast-MPC/artifacts/MonteCarloData/monte-carlo-data-epoch-193_20260614T210711,mpc-1531-17-lambda-0.241,0.24147999580298593,0.854869833445303,False,383.4566345214844,428.60565185546875,52.2650260925293,376.34063720703125,45.149017333984375
1072,/home/victor-xia/repos/Burst-Coast-MPC/artifacts/MonteCarloData/monte-carlo-data-epoch-91_20260614T205320,mpc-992-10-lambda-0.698,0.6978954351685241,0.4771186384659547,False,428.203125,429.0736389160156,48.66115951538086,380.4124755859375,0.870513916015625
1073,/home/victor-xia/repos/Burst-Coast-MPC/artifacts/MonteCarloData/monte-carlo-data-epoch-66_20260614T204948,mpc-2007-16-lambda-0.265,0.26481758293372315,0.014380216488444559,False,350.1715087890625,429.2735900878906,1.526226282119751,427.74737548828125,79.10208129882812
1074,/home/victor-xia/repos/Burst-Coast-MPC/artifacts/MonteCarloData/monte-carlo-data-epoch-264_20260614T211644,mpc-565-5-lambda-0.392,0.39168351373253707,0.23242951095430803,False,586.4502563476562,430.14678955078125,12.979561805725098,417.167236328125,-156.303466796875
1075,/home/victor-xia/repos/Burst-Coast-MPC/artifacts/MonteCarloData/monte-carlo-data-epoch-154_20260614T210240,mpc-648-5-lambda-0.932,0.9319377259015211,0.7848259508085423,False,417.6589050292969,431.65765380859375,128.5897216796875,303.06793212890625,13.998748779296875
1076,/home/victor-xia/repos/Burst-Coast-MPC/artifacts/MonteCarloData/monte-carlo-data-epoch-266_20260614T022715,mpc-2340-27-lambda-0.826,0.8258369443572057,0.02965077693312549,False,285.20562744140625,431.99481201171875,3.34849214553833,428.6463317871094,146.7891845703125
1077,/home/victor-xia/repos/Burst-Coast-MPC/artifacts/MonteCarloData/monte-carlo-data-epoch-529_20260614T030357,mpc-1064-13-lambda-0.32,0.3202536594905798,0.33858141596057645,False,496.7534484863281,432.2808532714844,18.714324951171875,413.5665283203125,-64.47259521484375
1078,/home/victor-xia/repos/Burst-Coast-MPC/artifacts/MonteCarloData/monte-carlo-data-epoch-370_20260614T213101,mpc-2746-32-lambda-0.189,0.18870336769603593,0.3922985191665559,False,248.22401428222656,432.6322326660156,16.111358642578125,416.5208740234375,184.40821838378906
1079,/home/victor-xia/repos/Burst-Coast-MPC/artifacts/MonteCarloData/monte-carlo-data-epoch-370_20260614T213101,mpc-2854-34-lambda-0.119,0.11901262388918926,0.19320421322306713,False,216.78233337402344,432.7466125488281,6.332592010498047,426.4140319824219,215.9642791748047
1080,/home/victor-xia/repos/Burst-Coast-MPC/artifacts/MonteCarloData/monte-carlo-data-epoch-330_20260614T212521,mpc-0-0-lambda-0.718,0.7182989341716133,0.3866225950214853,False,305.8691101074219,433.2998046875,37.8243293762207,395.4754638671875,127.43069458007812
1081,/home/victor-xia/repos/Burst-Coast-MPC/artifacts/MonteCarloData/monte-carlo-data-epoch-145_20260614T021136,mpc-758-6-lambda-0.667,0.6667144181991063,0.4794491474290531,False,585.8158569335938,435.84832763671875,48.34385681152344,387.50445556640625,-149.967529296875
1082,/home/victor-xia/repos/Burst-Coast-MPC/artifacts/MonteCarloData/monte-carlo-data-epoch-33_20260614T204532,mpc-540-6-lambda-0.143,0.14326854843132547,0.14442343381498132,False,457.7068786621094,435.90277099609375,5.53392219543457,430.36883544921875,-21.804107666015625
1083,/home/victor-xia/repos/Burst-Coast-MPC/artifacts/MonteCarloData/monte-carlo-data-epoch-296_20260614T212048,mpc-1584-16-lambda-0.722,0.7219705949354078,0.5187855973703499,False,452.2003173828125,437.0472412109375,56.81437683105469,380.23284912109375,-15.153076171875
1084,/home/victor-xia/repos/Burst-Coast-MPC/artifacts/MonteCarloData/monte-carlo-data-epoch-145_20260614T021136,mpc-645-5-lambda-0.529,0.529399617404431,0.5639154410211578,False,661.8598022460938,437.31951904296875,47.61271667480469,389.706787109375,-224.540283203125
1085,/home/victor-xia/repos/Burst-Coast-MPC/artifacts/MonteCarloData/monte-carlo-data-epoch-266_20260614T022715,mpc-2191-24-lambda-0.477,0.47650689980270766,0.37924285906470084,False,350.95550537109375,437.751953125,27.1908016204834,410.5611572265625,86.79644775390625
1086,/home/victor-xia/repos/Burst-Coast-MPC/artifacts/MonteCarloData/monte-carlo-data-epoch-168_20260614T021526,mpc-776-6-lambda-0.243,0.24277190657861553,0.0799252947000491,False,408.5966796875,437.7666015625,3.717285633087158,434.04931640625,29.169921875
1087,/home/victor-xia/repos/Burst-Coast-MPC/artifacts/MonteCarloData/monte-carlo-data-epoch-488_20260614T025820,mpc-47-2-lambda-0.669,0.6685744707378436,0.5720096644955472,False,289.6668701171875,437.82537841796875,59.42196273803711,378.4034118652344,148.15850830078125
1088,/home/victor-xia/repos/Burst-Coast-MPC/artifacts/MonteCarloData/monte-carlo-data-epoch-248_20260614T211446,mpc-99-2-lambda-0.85,0.8504743504966091,0.6200563595118908,False,349.8226623535156,438.3467712402344,82.8532943725586,355.49346923828125,88.52410888671875
1089,/home/victor-xia/repos/Burst-Coast-MPC/artifacts/MonteCarloData/monte-carlo-data-epoch-337_20260614T023646,mpc-971-8-lambda-0.503,0.5025789209746815,0.7963780958339467,False,503.7124328613281,438.5906982421875,77.3848876953125,361.205810546875,-65.12173461914062
1090,/home/victor-xia/repos/Burst-Coast-MPC/artifacts/MonteCarloData/monte-carlo-data-epoch-5_20260613T233433,mpc-1750-18-lambda-0.061,0.06072838379410943,0.5311516289298409,False,373.3961486816406,438.90692138671875,14.508721351623535,424.398193359375,65.51077270507812
1091,/home/victor-xia/repos/Burst-Coast-MPC/artifacts/MonteCarloData/monte-carlo-data-epoch-33_20260614T204532,mpc-507-5-lambda-0.073,0.07331467145903756,0.16384113089644198,False,465.6058349609375,438.9736022949219,5.549188137054443,433.4244079589844,-26.632232666015625
1092,/home/victor-xia/repos/Burst-Coast-MPC/artifacts/MonteCarloData/monte-carlo-data-epoch-66_20260614T204948,mpc-1710-14-lambda-0.138,0.13793829794153156,0.6974073195691759,False,469.48345947265625,440.1465148925781,28.23202896118164,411.91448974609375,-29.336944580078125
1093,/home/victor-xia/repos/Burst-Coast-MPC/artifacts/MonteCarloData/monte-carlo-data-epoch-275_20260614T211801,mpc-389-3-lambda-0.091,0.09098776447534654,0.5943126841287244,False,537.4425048828125,440.2349853515625,19.34349822998047,420.8914794921875,-97.20751953125
1094,/home/victor-xia/repos/Burst-Coast-MPC/artifacts/MonteCarloData/monte-carlo-data-epoch-234_20260614T211234,mpc-581-7-lambda-0.709,0.7086095730336289,0.9095855632040072,False,574.6039428710938,440.93609619140625,132.46087646484375,308.4752197265625,-133.6678466796875
1095,/home/victor-xia/repos/Burst-Coast-MPC/artifacts/MonteCarloData/monte-carlo-data-epoch-172_20260614T021552,mpc-1879-22-lambda-0.214,0.21413052581577607,0.8266725795157499,False,364.96258544921875,441.444580078125,43.82744598388672,397.61712646484375,76.48199462890625
1096,/home/victor-xia/repos/Burst-Coast-MPC/artifacts/MonteCarloData/monte-carlo-data-epoch-317_20260614T212330,mpc-454-4-lambda-0.675,0.6749155843207817,0.4606766844285942,False,613.6898193359375,441.6852111816406,44.73666000366211,396.94854736328125,-172.00460815429688
1097,/home/victor-xia/repos/Burst-Coast-MPC/artifacts/MonteCarloData/monte-carlo-data-epoch-79_20260614T205138,mpc-1293-11-lambda-0.082,0.08185572336037876,0.21855923785631412,False,373.0608215332031,441.8184509277344,6.675093650817871,435.14337158203125,68.75762939453125
1098,/home/victor-xia/repos/Burst-Coast-MPC/artifacts/MonteCarloData/monte-carlo-data-epoch-266_20260614T022715,mpc-2267-25-lambda-0.114,0.11410530327990208,0.34290629510099835,False,307.6453552246094,442.3756103515625,11.703800201416016,430.67181396484375,134.73025512695312
1099,/home/victor-xia/repos/Burst-Coast-MPC/artifacts/MonteCarloData/monte-carlo-data-epoch-33_20260614T204532,mpc-569-7-lambda-0.408,0.40837204220964024,0.9541910546845919,False,448.9505310058594,442.47705078125,88.93817901611328,353.53887939453125,-6.473480224609375
1100,/home/victor-xia/repos/Burst-Coast-MPC/artifacts/MonteCarloData/monte-carlo-data-epoch-366_20260614T024007,mpc-1424-14-lambda-0.852,0.8518607530880422,0.8752490158371662,False,388.6112060546875,443.145263671875,139.45660400390625,303.68865966796875,54.5340576171875
1101,/home/victor-xia/repos/Burst-Coast-MPC/artifacts/MonteCarloData/monte-carlo-data-epoch-305_20260614T212202,mpc-302-3-lambda-0.492,0.4917266372948122,0.2701390281143216,False,349.4124450683594,443.4024353027344,17.637300491333008,425.76513671875,93.989990234375
1102,/home/victor-xia/repos/Burst-Coast-MPC/artifacts/MonteCarloData/monte-carlo-data-epoch-273_20260614T211739,mpc-1180-13-lambda-0.786,0.7859283043052372,0.6791014720849787,False,370.6522521972656,443.4743957519531,87.98202514648438,355.49237060546875,72.8221435546875
1103,/home/victor-xia/repos/Burst-Coast-MPC/artifacts/MonteCarloData/monte-carlo-data-epoch-275_20260614T211801,mpc-540-5-lambda-0.058,0.05825993569469011,0.5985081865853142,False,487.791748046875,444.478515625,16.517568588256836,427.9609375,-43.313232421875
1104,/home/victor-xia/repos/Burst-Coast-MPC/artifacts/MonteCarloData/monte-carlo-data-epoch-39_20260613T233910,mpc-250-4-lambda-0.956,0.9559585455853902,0.15318911966701146,False,266.4120788574219,445.1114807128906,15.515546798706055,429.595947265625,178.69940185546875
1105,/home/victor-xia/repos/Burst-Coast-MPC/artifacts/MonteCarloData/monte-carlo-data-epoch-72_20260614T205059,mpc-425-4-lambda-0.696,0.6961944861014959,0.27866604710160786,False,520.1217651367188,445.707275390625,23.06488800048828,422.64239501953125,-74.41448974609375
1106,/home/victor-xia/repos/Burst-Coast-MPC/artifacts/MonteCarloData/monte-carlo-data-epoch-159_20260614T021350,mpc-2315-19-lambda-0.034,0.03431454805227084,0.9550402509980428,False,454.48370361328125,445.8195495605469,24.2410831451416,421.5784606933594,-8.664154052734375
1107,/home/victor-xia/repos/Burst-Coast-MPC/artifacts/MonteCarloData/monte-carlo-data-epoch-327_20260614T023548,mpc-1061-12-lambda-0.716,0.7162588584603268,0.7503802942399407,False,438.7269592285156,446.48773193359375,93.23851013183594,353.24920654296875,7.760772705078125
1108,/home/victor-xia/repos/Burst-Coast-MPC/artifacts/MonteCarloData/monte-carlo-data-epoch-296_20260614T212048,mpc-1400-15-lambda-0.088,0.08759470401776354,0.9157523672955991,False,502.41259765625,446.5869140625,31.756534576416016,414.83038330078125,-55.82568359375
1109,/home/victor-xia/repos/Burst-Coast-MPC/artifacts/MonteCarloData/monte-carlo-data-epoch-257_20260614T022606,mpc-246-4-lambda-0.2,0.2003954730064879,0.028711961633127364,False,608.1941528320312,446.7955322265625,2.247450351715088,444.548095703125,-161.39862060546875
1110,/home/victor-xia/repos/Burst-Coast-MPC/artifacts/MonteCarloData/monte-carlo-data-epoch-529_20260614T030357,mpc-1053-12-lambda-0.541,0.5405223201283909,0.05252306264736125,False,503.9571533203125,446.93524169921875,4.692368030548096,442.24285888671875,-57.02191162109375
1111,/home/victor-xia/repos/Burst-Coast-MPC/artifacts/MonteCarloData/monte-carlo-data-epoch-140_20260614T021100,mpc-1287-16-lambda-0.432,0.4324672109063553,0.6798205770161853,False,305.11798095703125,447.02191162109375,53.5314826965332,393.49041748046875,141.9039306640625
1112,/home/victor-xia/repos/Burst-Coast-MPC/artifacts/MonteCarloData/monte-carlo-data-epoch-159_20260614T021350,mpc-2552-21-lambda-0.607,0.6069274304024972,0.95578763042699,False,404.5307312011719,447.5662841796875,117.59242248535156,329.973876953125,43.035552978515625
1113,/home/victor-xia/repos/Burst-Coast-MPC/artifacts/MonteCarloData/monte-carlo-data-epoch-125_20260614T205814,mpc-2138-20-lambda-0.704,0.7036285768022741,0.9735681773139596,False,403.8567199707031,448.07305908203125,142.334716796875,305.73834228515625,44.216339111328125
1114,/home/victor-xia/repos/Burst-Coast-MPC/artifacts/MonteCarloData/monte-carlo-data-epoch-41_20260614T015747,mpc-1734-15-lambda-0.878,0.8784988896794277,0.1373451806480417,False,392.46746826171875,449.2145690917969,12.819742202758789,436.39483642578125,56.747100830078125
1115,/home/victor-xia/repos/Burst-Coast-MPC/artifacts/MonteCarloData/monte-carlo-data-epoch-253_20260614T022517,mpc-2863-27-lambda-0.469,0.46875081162189525,0.8995683261359974,True,237.28883361816406,449.3316650390625,85.89459991455078,363.43707275390625,212.04283142089844
1116,/home/victor-xia/repos/Burst-Coast-MPC/artifacts/MonteCarloData/monte-carlo-data-epoch-137_20260614T205958,mpc-470-4-lambda-0.376,0.3762021826829775,0.4562131029739366,False,819.23681640625,449.52362060546875,29.376270294189453,420.1473388671875,-369.71319580078125
1117,/home/victor-xia/repos/Burst-Coast-MPC/artifacts/MonteCarloData/monte-carlo-data-epoch-318_20260614T212339,mpc-782-5-lambda-0.949,0.9491080113899837,0.4019948761185746,False,397.12188720703125,449.7557678222656,50.1827278137207,399.5730285644531,52.633880615234375
1118,/home/victor-xia/repos/Burst-Coast-MPC/artifacts/MonteCarloData/monte-carlo-data-epoch-317_20260614T212330,mpc-437-3-lambda-0.547,0.5466442274814933,0.08463751659815011,False,623.084228515625,450.3309326171875,5.920514106750488,444.4104309082031,-172.7532958984375
1119,/home/victor-xia/repos/Burst-Coast-MPC/artifacts/MonteCarloData/monte-carlo-data-epoch-31_20260613T233752,mpc-2040-18-lambda-0.585,0.5846442069651748,0.6583190311326811,False,381.2218017578125,450.80621337890625,63.96820831298828,386.8380126953125,69.58441162109375
1120,/home/victor-xia/repos/Burst-Coast-MPC/artifacts/MonteCarloData/monte-carlo-data-epoch-91_20260614T205320,mpc-825-9-lambda-0.027,0.026992150150406367,0.8306820673497715,False,460.134033203125,450.86846923828125,20.381851196289062,430.48663330078125,-9.26556396484375
1121,/home/victor-xia/repos/Burst-Coast-MPC/artifacts/MonteCarloData/monte-carlo-data-epoch-288_20260614T023010,mpc-1516-16-lambda-0.371,0.3709838501793427,0.6097191717927556,False,600.0086059570312,452.2456359863281,43.448524475097656,408.797119140625,-147.76296997070312
1122,/home/victor-xia/repos/Burst-Coast-MPC/artifacts/MonteCarloData/monte-carlo-data-epoch-437_20260614T025016,mpc-1291-13-lambda-0.633,0.6334647324848389,0.5970537186672781,False,482.0969543457031,452.4154357910156,60.54105758666992,391.8743896484375,-29.6815185546875
1123,/home/victor-xia/repos/Burst-Coast-MPC/artifacts/MonteCarloData/monte-carlo-data-epoch-366_20260614T024007,mpc-1314-13-lambda-0.418,0.41806783110882506,0.5485815176137115,False,452.80877685546875,453.3846130371094,40.2241325378418,413.1604919433594,0.575836181640625
1124,/home/victor-xia/repos/Burst-Coast-MPC/artifacts/MonteCarloData/monte-carlo-data-epoch-467_20260614T025519,mpc-871-9-lambda-0.118,0.11848083088713891,0.07789573425254184,False,491.63873291015625,453.55609130859375,3.7116827964782715,449.84442138671875,-38.0826416015625
1125,/home/victor-xia/repos/Burst-Coast-MPC/artifacts/MonteCarloData/monte-carlo-data-epoch-265_20260614T211652,mpc-1199-15-lambda-0.802,0.8021036418377794,0.20815673387942832,False,364.6246337890625,453.7730712890625,18.92204475402832,434.85101318359375,89.1484375
1126,/home/victor-xia/repos/Burst-Coast-MPC/artifacts/MonteCarloData/monte-carlo-data-epoch-122_20260614T205732,mpc-1956-23-lambda-0.692,0.6920501711967103,0.018397392657230605,False,487.845458984375,454.4603271484375,1.8460030555725098,452.61431884765625,-33.3851318359375
1127,/home/victor-xia/repos/Burst-Coast-MPC/artifacts/MonteCarloData/monte-carlo-data-epoch-385_20260614T213311,mpc-2062-18-lambda-0.419,0.4188110952787791,0.8292917334309601,False,648.0285034179688,454.6113586425781,72.34484100341797,382.2665100097656,-193.41714477539062
1128,/home/victor-xia/repos/Burst-Coast-MPC/artifacts/MonteCarloData/monte-carlo-data-epoch-8_20260614T204142,mpc-406-4-lambda-0.575,0.5748270204895344,0.941499670774274,False,379.5770568847656,455.3829650878906,110.78580474853516,344.59716796875,75.805908203125
1129,/home/victor-xia/repos/Burst-Coast-MPC/artifacts/MonteCarloData/monte-carlo-data-epoch-122_20260614T205732,mpc-1960-24-lambda-0.888,0.8879744542865946,0.7149413483094644,False,484.88958740234375,455.47381591796875,107.264404296875,348.20941162109375,-29.415771484375
1130,/home/victor-xia/repos/Burst-Coast-MPC/artifacts/MonteCarloData/monte-carlo-data-epoch-437_20260614T025016,mpc-1165-12-lambda-0.038,0.03777148016137552,0.6251416367285825,False,507.3857727050781,455.98614501953125,16.11921501159668,439.866943359375,-51.399627685546875
1131,/home/victor-xia/repos/Burst-Coast-MPC/artifacts/MonteCarloData/monte-carlo-data-epoch-271_20260614T022745,mpc-1697-15-lambda-0.39,0.39023056430198044,0.9530795227364942,False,371.77423095703125,456.03472900390625,81.06993103027344,374.96478271484375,84.260498046875
1132,/home/victor-xia/repos/Burst-Coast-MPC/artifacts/MonteCarloData/monte-carlo-data-epoch-317_20260614T212330,mpc-328-2-lambda-0.379,0.37908384759962693,0.5425150667550167,False,683.1747436523438,458.2515563964844,38.57211685180664,419.679443359375,-224.92318725585938
1133,/home/victor-xia/repos/Burst-Coast-MPC/artifacts/MonteCarloData/monte-carlo-data-epoch-189_20260614T021734,mpc-528-5-lambda-0.938,0.9378496011022953,0.47932758038604634,False,397.1258850097656,459.896240234375,61.41152572631836,398.4847106933594,62.770355224609375
1134,/home/victor-xia/repos/Burst-Coast-MPC/artifacts/MonteCarloData/monte-carlo-data-epoch-448_20260614T025158,mpc-2793-28-lambda-0.424,0.42436461537497444,0.041305994192938275,False,359.3097229003906,460.03173828125,4.004351615905762,456.0273742675781,100.72201538085938
1135,/home/victor-xia/repos/Burst-Coast-MPC/artifacts/MonteCarloData/monte-carlo-data-epoch-183_20260614T021655,mpc-1382-14-lambda-0.539,0.53934754562507,0.5686332991287043,False,585.0651245117188,460.5978698730469,53.41011428833008,407.187744140625,-124.46725463867188
1136,/home/victor-xia/repos/Burst-Coast-MPC/artifacts/MonteCarloData/monte-carlo-data-epoch-138_20260614T210009,mpc-1117-12-lambda-0.908,0.908246209385812,0.5624883968085451,False,445.2509765625,462.4000244140625,75.75230407714844,386.647705078125,17.1490478515625
1137,/home/victor-xia/repos/Burst-Coast-MPC/artifacts/MonteCarloData/monte-carlo-data-epoch-22_20260613T233639,mpc-1129-13-lambda-0.983,0.9826004550065841,0.7610186061022051,False,437.37103271484375,463.61358642578125,122.83815002441406,340.77545166015625,26.2425537109375
1138,/home/victor-xia/repos/Burst-Coast-MPC/artifacts/MonteCarloData/monte-carlo-data-epoch-69_20260614T205023,mpc-754-6-lambda-0.92,0.9198054969293858,0.32768109202995815,False,544.5925903320312,463.98797607421875,36.12309265136719,427.8648681640625,-80.6046142578125
1139,/home/victor-xia/repos/Burst-Coast-MPC/artifacts/MonteCarloData/monte-carlo-data-epoch-292_20260614T023057,mpc-1139-14-lambda-0.276,0.275752195901147,0.5820357517352629,False,342.4098205566406,464.3326416015625,33.6075439453125,430.72509765625,121.92282104492188
1140,/home/victor-xia/repos/Burst-Coast-MPC/artifacts/MonteCarloData/monte-carlo-data-epoch-292_20260614T023057,mpc-1091-13-lambda-0.635,0.6348838915215206,0.24032705865101908,False,373.9751281738281,465.6867370605469,19.815513610839844,445.8712158203125,91.71160888671875
1141,/home/victor-xia/repos/Burst-Coast-MPC/artifacts/MonteCarloData/monte-carlo-data-epoch-168_20260614T210424,mpc-504-5-lambda-0.761,0.7608801805445494,0.5670748894787274,False,597.2787475585938,465.779541015625,65.13473510742188,400.6448059082031,-131.49920654296875
1142,/home/victor-xia/repos/Burst-Coast-MPC/artifacts/MonteCarloData/monte-carlo-data-epoch-458_20260614T025355,mpc-885-7-lambda-0.711,0.7106649429293391,0.17721250063511668,False,636.6630249023438,466.08135986328125,15.3424654006958,450.7388916015625,-170.5816650390625
1143,/home/victor-xia/repos/Burst-Coast-MPC/artifacts/MonteCarloData/monte-carlo-data-epoch-347_20260614T023755,mpc-1672-15-lambda-0.226,0.2255929556217498,0.6479586983061192,False,592.4453125,466.9529113769531,33.98353958129883,432.9693603515625,-125.49240112304688
1144,/home/victor-xia/repos/Burst-Coast-MPC/artifacts/MonteCarloData/monte-carlo-data-epoch-285_20260614T022947,mpc-500-4-lambda-0.772,0.7719552160132244,0.8935553066839198,False,707.690673828125,467.0261535644531,137.86691284179688,329.15924072265625,-240.66452026367188
1145,/home/victor-xia/repos/Burst-Coast-MPC/artifacts/MonteCarloData/monte-carlo-data-epoch-119_20260614T205716,mpc-0-0-lambda-0.614,0.6144389530031416,0.0509944046714326,False,450.9356384277344,467.5579833984375,3.9383764266967773,463.6195983886719,16.622344970703125
1146,/home/victor-xia/repos/Burst-Coast-MPC/artifacts/MonteCarloData/monte-carlo-data-epoch-45_20260614T204640,mpc-820-6-lambda-0.593,0.5925289663476903,0.651703369432036,False,539.920654296875,468.05419921875,66.20726013183594,401.846923828125,-71.866455078125
1147,/home/victor-xia/repos/Burst-Coast-MPC/artifacts/MonteCarloData/monte-carlo-data-epoch-42_20260613T233930,mpc-1091-12-lambda-0.972,0.9716943453971743,0.26403477047250445,False,352.7099609375,468.42816162109375,28.328392028808594,440.0997619628906,115.71820068359375
1148,/home/victor-xia/repos/Burst-Coast-MPC/artifacts/MonteCarloData/monte-carlo-data-epoch-458_20260614T025355,mpc-921-8-lambda-0.479,0.4793277010172015,0.40899010374725747,False,612.2551879882812,468.80328369140625,30.53233528137207,438.27093505859375,-143.451904296875
1149,/home/victor-xia/repos/Burst-Coast-MPC/artifacts/MonteCarloData/monte-carlo-data-epoch-160_20260614T210323,mpc-600-7-lambda-0.234,0.23439180030551715,0.32447418805769007,False,649.7120971679688,469.0031433105469,14.737399101257324,454.2657470703125,-180.70895385742188
1150,/home/victor-xia/repos/Burst-Coast-MPC/artifacts/MonteCarloData/monte-carlo-data-epoch-264_20260614T022644,mpc-2123-24-lambda-0.066,0.06645236928425612,0.3228485715976064,False,588.3741455078125,470.5085144042969,9.499185562133789,461.00933837890625,-117.86563110351562
1151,/home/victor-xia/repos/Burst-Coast-MPC/artifacts/MonteCarloData/monte-carlo-data-epoch-332_20260614T212530,mpc-882-8-lambda-0.767,0.7670463076347039,0.718996757149308,False,447.5203552246094,470.6264953613281,96.8319320678711,373.7945556640625,23.10614013671875
1152,/home/victor-xia/repos/Burst-Coast-MPC/artifacts/MonteCarloData/monte-carlo-data-epoch-525_20260614T030332,mpc-889-8-lambda-0.879,0.8789234586889669,0.4500498181732242,False,384.1000061035156,470.919921875,53.8441276550293,417.0758056640625,86.81991577148438
1153,/home/victor-xia/repos/Burst-Coast-MPC/artifacts/MonteCarloData/monte-carlo-data-epoch-285_20260614T022947,mpc-380-3-lambda-0.443,0.4432436255623554,0.5988055568486969,False,787.1542358398438,471.2173156738281,49.683799743652344,421.53350830078125,-315.9369201660156
1154,/home/victor-xia/repos/Burst-Coast-MPC/artifacts/MonteCarloData/monte-carlo-data-epoch-275_20260614T211801,mpc-660-6-lambda-0.625,0.625327254728523,0.31301971370398685,False,461.833740234375,471.6485290527344,25.88301658630371,445.7655029296875,9.814788818359375
1155,/home/victor-xia/repos/Burst-Coast-MPC/artifacts/MonteCarloData/monte-carlo-data-epoch-66_20260614T204948,mpc-1538-13-lambda-0.063,0.06285722751915934,0.8534811161748286,False,510.08746337890625,472.1298522949219,25.766225814819336,446.3636169433594,-37.957611083984375
1156,/home/victor-xia/repos/Burst-Coast-MPC/artifacts/MonteCarloData/monte-carlo-data-epoch-481_20260614T025716,mpc-1179-10-lambda-0.354,0.3543636575696186,0.9632350192647536,False,677.6735229492188,472.2935791015625,81.20811462402344,391.08544921875,-205.37994384765625
1157,/home/victor-xia/repos/Burst-Coast-MPC/artifacts/MonteCarloData/monte-carlo-data-epoch-137_20260614T205958,mpc-562-5-lambda-0.548,0.5482951815934589,0.8964865929963733,False,772.451416015625,472.6728515625,102.64967346191406,370.023193359375,-299.778564453125
1158,/home/victor-xia/repos/Burst-Coast-MPC/artifacts/MonteCarloData/monte-carlo-data-epoch-324_20260614T212424,mpc-1529-16-lambda-0.994,0.9937274912074009,0.6314222173516343,False,426.6390075683594,473.32318115234375,96.47395324707031,376.8492431640625,46.684173583984375
1159,/home/victor-xia/repos/Burst-Coast-MPC/artifacts/MonteCarloData/monte-carlo-data-epoch-187_20260614T210626,mpc-170-1-lambda-0.363,0.3628050850217493,0.9997077711609579,False,387.7859802246094,474.99066162109375,85.33642578125,389.65423583984375,87.20468139648438
1160,/home/victor-xia/repos/Burst-Coast-MPC/artifacts/MonteCarloData/monte-carlo-data-epoch-264_20260614T022644,mpc-1924-23-lambda-0.132,0.13221483557261238,0.9917358476991094,False,657.1098022460938,475.4675598144531,43.25124740600586,432.21630859375,-181.64224243164062
1161,/home/victor-xia/repos/Burst-Coast-MPC/artifacts/MonteCarloData/monte-carlo-data-epoch-49_20260614T204733,mpc-1078-9-lambda-0.076,0.0762088607783398,0.2930863846981282,False,550.910400390625,475.9161376953125,8.324525833129883,467.59161376953125,-74.9942626953125
1162,/home/victor-xia/repos/Burst-Coast-MPC/artifacts/MonteCarloData/monte-carlo-data-epoch-201_20260614T210809,mpc-864-8-lambda-0.566,0.56628833407936,0.9930323350583934,False,367.4726867675781,476.638427734375,121.63380432128906,355.004638671875,109.16574096679688
1163,/home/victor-xia/repos/Burst-Coast-MPC/artifacts/MonteCarloData/monte-carlo-data-epoch-33_20260614T204532,mpc-382-4-lambda-0.271,0.27146930012764636,0.6226803185767258,False,521.73388671875,476.7193908691406,35.251792907714844,441.46759033203125,-45.014495849609375
1164,/home/victor-xia/repos/Burst-Coast-MPC/artifacts/MonteCarloData/monte-carlo-data-epoch-336_20260614T212603,mpc-933-10-lambda-0.069,0.0689668145155795,0.34095058285051794,False,527.0415649414062,478.3605041503906,9.630287170410156,468.730224609375,-48.681060791015625
1165,/home/victor-xia/repos/Burst-Coast-MPC/artifacts/MonteCarloData/monte-carlo-data-epoch-184_20260614T210609,mpc-399-5-lambda-0.649,0.6494968872413365,0.949597403155317,False,452.9432373046875,478.4923400878906,129.26333618164062,349.22900390625,25.549102783203125
1166,/home/victor-xia/repos/Burst-Coast-MPC/artifacts/MonteCarloData/monte-carlo-data-epoch-148_20260614T021217,mpc-1094-7-lambda-0.799,0.7986722838135358,0.3817371518602657,False,464.5028381347656,479.14697265625,39.10345458984375,440.04351806640625,14.644134521484375
1167,/home/victor-xia/repos/Burst-Coast-MPC/artifacts/MonteCarloData/monte-carlo-data-epoch-266_20260614T022715,mpc-2336-26-lambda-0.12,0.11958259268173613,0.022289405020265378,False,289.1805725097656,479.9648132324219,2.7127885818481445,477.25201416015625,190.78424072265625
1168,/home/victor-xia/repos/Burst-Coast-MPC/artifacts/MonteCarloData/monte-carlo-data-epoch-183_20260614T021655,mpc-1350-13-lambda-0.04,0.04009283204907245,0.15774237801169608,False,593.9490966796875,480.1815490722656,5.608369827270508,474.57318115234375,-113.76754760742188
1169,/home/victor-xia/repos/Burst-Coast-MPC/artifacts/MonteCarloData/monte-carlo-data-epoch-351_20260614T212809,mpc-488-6-lambda-0.12,0.11955791569628725,0.7494361671158849,False,405.7679138183594,480.46466064453125,28.5069637298584,451.95770263671875,74.69674682617188
1170,/home/victor-xia/repos/Burst-Coast-MPC/artifacts/MonteCarloData/monte-carlo-data-epoch-393_20260614T213431,mpc-1615-16-lambda-0.753,0.7531425540837363,0.5399270821668222,False,419.9345703125,480.66668701171875,61.32127380371094,419.34539794921875,60.73211669921875
1171,/home/victor-xia/repos/Burst-Coast-MPC/artifacts/MonteCarloData/monte-carlo-data-epoch-327_20260614T023548,mpc-1006-11-lambda-0.216,0.21581052834184894,0.27115087943242133,False,457.346435546875,480.7530822753906,11.766692161560059,468.98638916015625,23.406646728515625
1172,/home/victor-xia/repos/Burst-Coast-MPC/artifacts/MonteCarloData/monte-carlo-data-epoch-370_20260614T213101,mpc-2601-30-lambda-0.467,0.4666198737668242,0.2182221522103385,False,369.131103515625,481.2598876953125,13.370800018310547,467.88909912109375,112.1287841796875
1173,/home/victor-xia/repos/Burst-Coast-MPC/artifacts/MonteCarloData/monte-carlo-data-epoch-195_20260614T210732,mpc-272-3-lambda-0.47,0.4700277025373535,0.2869796393628545,False,413.35198974609375,481.9389953613281,20.24622917175293,461.6927795410156,68.58700561523438
1174,/home/victor-xia/repos/Burst-Coast-MPC/artifacts/MonteCarloData/monte-carlo-data-epoch-481_20260614T025716,mpc-1108-9-lambda-0.824,0.8242074058202157,0.35207274472322003,False,736.3922729492188,482.8211364746094,36.79232406616211,446.02880859375,-253.57113647460938
1175,/home/victor-xia/repos/Burst-Coast-MPC/artifacts/MonteCarloData/monte-carlo-data-epoch-193_20260614T021758,mpc-1144-10-lambda-0.412,0.41204984434037595,0.24892620115488143,False,552.9423828125,483.0642395019531,15.026936531066895,468.03729248046875,-69.87814331054688
1176,/home/victor-xia/repos/Burst-Coast-MPC/artifacts/MonteCarloData/monte-carlo-data-epoch-458_20260614T025355,mpc-717-6-lambda-0.044,0.0435102234873485,0.8351695700865666,False,674.262939453125,484.2548522949219,23.890832901000977,460.364013671875,-190.00808715820312
1177,/home/victor-xia/repos/Burst-Coast-MPC/artifacts/MonteCarloData/monte-carlo-data-epoch-234_20260614T211234,mpc-500-6-lambda-0.907,0.9067328062791761,0.4010150556280368,False,650.5713500976562,485.17218017578125,47.537715911865234,437.63446044921875,-165.399169921875
1178,/home/victor-xia/repos/Burst-Coast-MPC/artifacts/MonteCarloData/monte-carlo-data-epoch-212_20260614T022023,mpc-0-0-lambda-0.942,0.9418888756126343,0.5871693108107852,False,325.0882873535156,485.6879577636719,81.08136749267578,404.6065979003906,160.59967041015625
1179,/home/victor-xia/repos/Burst-Coast-MPC/artifacts/MonteCarloData/monte-carlo-data-epoch-275_20260614T211801,mpc-508-4-lambda-0.759,0.7591817947754332,0.15738381029996287,False,508.6446228027344,485.8289489746094,13.13035774230957,472.6985778808594,-22.815673828125
1180,/home/victor-xia/repos/Burst-Coast-MPC/artifacts/MonteCarloData/monte-carlo-data-epoch-248_20260614T211446,mpc-0-0-lambda-0.335,0.3345594258966041,0.28381734248065105,False,393.5205993652344,486.92425537109375,15.394922256469727,471.5293273925781,93.40365600585938
1181,/home/victor-xia/repos/Burst-Coast-MPC/artifacts/MonteCarloData/monte-carlo-data-epoch-528_20260614T030346,mpc-1211-15-lambda-0.887,0.8872481955946901,0.7519036234333375,False,431.4930725097656,487.0240173339844,110.36980438232422,376.6542053222656,55.53094482421875
1182,/home/victor-xia/repos/Burst-Coast-MPC/artifacts/MonteCarloData/monte-carlo-data-epoch-183_20260614T021655,mpc-1272-12-lambda-0.428,0.4282586079588399,0.39003861621241215,False,635.7529296875,487.79901123046875,26.26091957092285,461.5380859375,-147.95391845703125
1183,/home/victor-xia/repos/Burst-Coast-MPC/artifacts/MonteCarloData/monte-carlo-data-epoch-22_20260613T233639,mpc-1028-12-lambda-0.393,0.3926125494035469,0.5022873418997857,False,491.5250244140625,488.1675109863281,33.98207473754883,454.1854248046875,-3.357513427734375
1184,/home/victor-xia/repos/Burst-Coast-MPC/artifacts/MonteCarloData/monte-carlo-data-epoch-457_20260614T025349,mpc-180-2-lambda-0.939,0.9392035882054682,0.47557374645312805,False,561.3949584960938,488.66046142578125,60.3259391784668,428.33453369140625,-72.7344970703125
1185,/home/victor-xia/repos/Burst-Coast-MPC/artifacts/MonteCarloData/monte-carlo-data-epoch-159_20260614T021350,mpc-2507-20-lambda-0.137,0.13746239192264492,0.22546878683395224,False,416.4725646972656,489.064453125,7.578641891479492,481.4858093261719,72.59188842773438
1186,/home/victor-xia/repos/Burst-Coast-MPC/artifacts/MonteCarloData/monte-carlo-data-epoch-266_20260614T022715,mpc-2173-23-lambda-0.387,0.3868069916262423,0.09064019965728631,False,359.1658630371094,489.7179260253906,5.164690971374512,484.55322265625,130.55206298828125
1187,/home/victor-xia/repos/Burst-Coast-MPC/artifacts/MonteCarloData/monte-carlo-data-epoch-336_20260614T212603,mpc-1002-11-lambda-0.527,0.5274233231940731,0.6583345148333632,False,511.906982421875,489.98968505859375,61.37605285644531,428.6136474609375,-21.91729736328125
1188,/home/victor-xia/repos/Burst-Coast-MPC/artifacts/MonteCarloData/monte-carlo-data-epoch-437_20260614T025016,mpc-1105-11-lambda-0.836,0.8364803542530761,0.2990316869396223,False,556.1824951171875,490.17840576171875,30.596635818481445,459.5817565917969,-66.00408935546875
1189,/home/victor-xia/repos/Burst-Coast-MPC/artifacts/MonteCarloData/monte-carlo-data-epoch-264_20260614T211644,mpc-450-4-lambda-0.378,0.377657418556659,0.5724452479512875,False,649.9951782226562,490.38885498046875,39.831031799316406,450.5578308105469,-159.6063232421875
1190,/home/victor-xia/repos/Burst-Coast-MPC/artifacts/MonteCarloData/monte-carlo-data-epoch-187_20260614T021727,mpc-252-2-lambda-0.734,0.7338998740420393,0.6323560638935118,False,430.921630859375,491.4197692871094,75.405517578125,416.0142517089844,60.498138427734375
1191,/home/victor-xia/repos/Burst-Coast-MPC/artifacts/MonteCarloData/monte-carlo-data-epoch-425_20260614T024906,mpc-475-4-lambda-0.625,0.6249778339949917,0.7094109263415208,False,565.734130859375,491.5035400390625,76.68761444091797,414.81591796875,-74.2305908203125
1192,/home/victor-xia/repos/Burst-Coast-MPC/artifacts/MonteCarloData/monte-carlo-data-epoch-168_20260614T210424,mpc-360-3-lambda-0.885,0.8851105473217944,0.05076327593182593,False,680.1780395507812,491.53619384765625,4.4305315017700195,487.10565185546875,-188.641845703125
1193,/home/victor-xia/repos/Burst-Coast-MPC/artifacts/MonteCarloData/monte-carlo-data-epoch-307_20260614T212219,mpc-530-3-lambda-0.951,0.9508817184568317,0.7603456917719339,False,627.1940307617188,491.7598876953125,124.5836410522461,367.1762390136719,-135.43414306640625
1194,/home/victor-xia/repos/Burst-Coast-MPC/artifacts/MonteCarloData/monte-carlo-data-epoch-290_20260614T211944,mpc-501-4-lambda-0.167,0.16705235382141184,0.600202419921577,False,729.5009765625,493.4801330566406,24.774648666381836,468.7054748535156,-236.02084350585938
1195,/home/victor-xia/repos/Burst-Coast-MPC/artifacts/MonteCarloData/monte-carlo-data-epoch-182_20260614T021647,mpc-254-2-lambda-0.415,0.41537117101430443,0.599927107461588,False,792.2839965820312,493.97900390625,45.64990997314453,448.3291015625,-298.30499267578125
1196,/home/victor-xia/repos/Burst-Coast-MPC/artifacts/MonteCarloData/monte-carlo-data-epoch-292_20260614T023057,mpc-1084-12-lambda-0.401,0.4013070181180075,0.03642480981014437,False,379.317138671875,494.090576171875,3.3199620246887207,490.7705993652344,114.7734375
1197,/home/victor-xia/repos/Burst-Coast-MPC/artifacts/MonteCarloData/monte-carlo-data-epoch-182_20260614T021647,mpc-531-4-lambda-0.774,0.7741152606092818,0.8189942007063531,False,646.7518920898438,494.3396911621094,116.41470336914062,377.92498779296875,-152.41220092773438
1198,/home/victor-xia/repos/Burst-Coast-MPC/artifacts/MonteCarloData/monte-carlo-data-epoch-193_20260614T021758,mpc-1194-11-lambda-0.396,0.39635844587827085,0.7487149845226068,False,529.0724487304688,494.7319030761719,57.890113830566406,436.841796875,-34.340545654296875
1199,/home/victor-xia/repos/Burst-Coast-MPC/artifacts/MonteCarloData/monte-carlo-data-epoch-154_20260614T210240,mpc-539-4-lambda-0.428,0.4280458700805281,0.5398390865623739,False,481.69091796875,496.0896911621094,40.118003845214844,455.9716796875,14.398773193359375
1200,/home/victor-xia/repos/Burst-Coast-MPC/artifacts/MonteCarloData/monte-carlo-data-epoch-253_20260614T022517,mpc-2733-26-lambda-0.666,0.6663296136981014,0.6463701885634942,False,349.1004638671875,496.3857727050781,69.81118774414062,426.5745849609375,147.28530883789062
1201,/home/victor-xia/repos/Burst-Coast-MPC/artifacts/MonteCarloData/monte-carlo-data-epoch-296_20260614T212048,mpc-1306-14-lambda-0.292,0.2922988276816947,0.4695481030788201,False,542.7132568359375,496.6175231933594,25.36466407775879,471.25286865234375,-46.095733642578125
1202,/home/victor-xia/repos/Burst-Coast-MPC/artifacts/MonteCarloData/monte-carlo-data-epoch-144_20260614T021130,mpc-0-0-lambda-0.091,0.09101162853467372,0.9208261043402948,False,565.9478149414062,496.6558837890625,31.038864135742188,465.61700439453125,-69.29193115234375
1203,/home/victor-xia/repos/Burst-Coast-MPC/artifacts/MonteCarloData/monte-carlo-data-epoch-488_20260614T025820,mpc-0-0-lambda-0.031,0.03135134166557933,0.17691300611777122,False,304.5672607421875,497.2008361816406,6.389184951782227,490.8116455078125,192.63357543945312
1204,/home/victor-xia/repos/Burst-Coast-MPC/artifacts/MonteCarloData/monte-carlo-data-epoch-72_20260614T205059,mpc-232-3-lambda-0.128,0.12839828377664614,0.9581242378459041,False,588.8833618164062,497.70428466796875,43.21961975097656,454.48468017578125,-91.1790771484375
1205,/home/victor-xia/repos/Burst-Coast-MPC/artifacts/MonteCarloData/monte-carlo-data-epoch-325_20260614T023534,mpc-871-8-lambda-0.574,0.5744300594024465,0.9530263551035439,False,697.568115234375,498.1313171386719,112.90055084228516,385.23077392578125,-199.43679809570312
1206,/home/victor-xia/repos/Burst-Coast-MPC/artifacts/MonteCarloData/monte-carlo-data-epoch-351_20260614T023825,mpc-2495-27-lambda-0.172,0.17241808020936286,0.3277274215434935,False,478.9381408691406,498.8214111328125,13.863818168640137,484.95758056640625,19.883270263671875
1207,/home/victor-xia/repos/Burst-Coast-MPC/artifacts/MonteCarloData/monte-carlo-data-epoch-467_20260614T025519,mpc-727-8-lambda-0.214,0.2136014547520303,0.7177973178255482,False,549.16015625,499.1648864746094,36.16019058227539,463.00469970703125,-49.995269775390625
1208,/home/victor-xia/repos/Burst-Coast-MPC/artifacts/MonteCarloData/monte-carlo-data-epoch-336_20260614T212603,mpc-872-9-lambda-0.668,0.6681273861152166,0.30248669564081027,False,567.3592529296875,499.63006591796875,25.323795318603516,474.3062744140625,-67.72918701171875
1209,/home/victor-xia/repos/Burst-Coast-MPC/artifacts/MonteCarloData/monte-carlo-data-epoch-110_20260614T020707,mpc-983-9-lambda-0.568,0.5678678828949351,0.5220165821730856,False,582.414306640625,500.07708740234375,45.367496490478516,454.7095947265625,-82.33721923828125
1210,/home/victor-xia/repos/Burst-Coast-MPC/artifacts/MonteCarloData/monte-carlo-data-epoch-182_20260614T021647,mpc-183-1-lambda-0.307,0.3067044365798668,0.3544898850448714,False,820.6285400390625,500.324462890625,17.88453483581543,482.43994140625,-320.3040771484375
1211,/home/victor-xia/repos/Burst-Coast-MPC/artifacts/MonteCarloData/monte-carlo-data-epoch-29_20260613T233734,mpc-1603-17-lambda-0.989,0.9886690412603844,0.3188518239784179,False,502.8310852050781,500.32525634765625,36.46073913574219,463.864501953125,-2.505828857421875
1212,/home/victor-xia/repos/Burst-Coast-MPC/artifacts/MonteCarloData/monte-carlo-data-epoch-327_20260614T023548,mpc-783-9-lambda-0.559,0.5592725885858074,0.2710828824798332,False,537.60205078125,500.3490905761719,20.512582778930664,479.8365173339844,-37.252960205078125
1213,/home/victor-xia/repos/Burst-Coast-MPC/artifacts/MonteCarloData/monte-carlo-data-epoch-49_20260614T204733,mpc-1137-10-lambda-0.71,0.7098354471356789,0.655643636137134,False,537.830810546875,500.4587097167969,81.77859497070312,418.68011474609375,-37.372100830078125
1214,/home/victor-xia/repos/Burst-Coast-MPC/artifacts/MonteCarloData/monte-carlo-data-epoch-42_20260613T233930,mpc-1067-11-lambda-0.331,0.3309361672665797,0.12114132166524844,False,362.73236083984375,500.52081298828125,6.32048225402832,494.2003173828125,137.7884521484375
1215,/home/victor-xia/repos/Burst-Coast-MPC/artifacts/MonteCarloData/monte-carlo-data-epoch-257_20260614T022606,mpc-252-5-lambda-0.826,0.8264514013206781,0.6509002869975951,False,604.5975952148438,500.9823913574219,83.4859848022461,417.49639892578125,-103.61520385742188
1216,/home/victor-xia/repos/Burst-Coast-MPC/artifacts/MonteCarloData/monte-carlo-data-epoch-337_20260614T023646,mpc-882-7-lambda-0.28,0.2804446112590637,0.44273333729951503,False,541.0639038085938,501.0630798339844,23.499845504760742,477.563232421875,-40.000823974609375
1217,/home/victor-xia/repos/Burst-Coast-MPC/artifacts/MonteCarloData/monte-carlo-data-epoch-222_20260614T022125,mpc-1398-13-lambda-0.679,0.678648573038128,0.04062780368423332,False,627.09619140625,501.21722412109375,3.910022258758545,497.30718994140625,-125.87896728515625
1218,/home/victor-xia/repos/Burst-Coast-MPC/artifacts/MonteCarloData/monte-carlo-data-epoch-467_20260614T025519,mpc-665-7-lambda-0.707,0.7071059676952675,0.308505331725825,False,594.1646728515625,501.4539794921875,28.231979370117188,473.22198486328125,-92.710693359375
1219,/home/victor-xia/repos/Burst-Coast-MPC/artifacts/MonteCarloData/monte-carlo-data-epoch-351_20260614T023825,mpc-2561-28-lambda-0.618,0.6176952633386971,0.879861089920137,False,456.97784423828125,501.5535888671875,104.66963195800781,396.88397216796875,44.57574462890625
1220,/home/victor-xia/repos/Burst-Coast-MPC/artifacts/MonteCarloData/monte-carlo-data-epoch-189_20260614T021734,mpc-449-4-lambda-0.093,0.09274819417133277,0.3912304500975248,False,418.1552734375,501.80133056640625,13.321231842041016,488.4801025390625,83.64605712890625
1221,/home/victor-xia/repos/Burst-Coast-MPC/artifacts/MonteCarloData/monte-carlo-data-epoch-347_20260614T023755,mpc-1505-14-lambda-0.227,0.227452615558977,0.8284837968824593,False,668.4066162109375,502.66119384765625,47.624568939208984,455.03662109375,-165.74542236328125
1222,/home/victor-xia/repos/Burst-Coast-MPC/artifacts/MonteCarloData/monte-carlo-data-epoch-93_20260614T205338,mpc-398-5-lambda-0.571,0.5709967587141385,0.8702362464820308,False,478.1593933105469,502.74188232421875,98.67542266845703,404.06646728515625,24.582489013671875
1223,/home/victor-xia/repos/Burst-Coast-MPC/artifacts/MonteCarloData/monte-carlo-data-epoch-46_20260614T015831,mpc-1391-13-lambda-0.545,0.5454276110933285,0.7902857401053832,False,633.3621826171875,502.84136962890625,77.66558837890625,425.17578125,-130.52081298828125
1224,/home/victor-xia/repos/Burst-Coast-MPC/artifacts/MonteCarloData/monte-carlo-data-epoch-301_20260614T212132,mpc-2111-22-lambda-0.21,0.20992337482964976,0.7918660866870176,False,433.5265808105469,503.4029541015625,42.693424224853516,460.70953369140625,69.87637329101562
1225,/home/victor-xia/repos/Burst-Coast-MPC/artifacts/MonteCarloData/monte-carlo-data-epoch-370_20260614T213101,mpc-2645-31-lambda-0.833,0.8325191208545178,0.5017322733485488,False,347.9208679199219,503.68182373046875,63.25425720214844,440.42755126953125,155.76095581054688
1226,/home/victor-xia/repos/Burst-Coast-MPC/artifacts/MonteCarloData/monte-carlo-data-epoch-290_20260614T211944,mpc-622-5-lambda-0.673,0.6726155700180013,0.7929923255808916,False,690.2606811523438,503.8589782714844,96.81942749023438,407.03955078125,-186.40170288085938
1227,/home/victor-xia/repos/Burst-Coast-MPC/artifacts/MonteCarloData/monte-carlo-data-epoch-327_20260614T023548,mpc-837-10-lambda-0.096,0.09608739406158724,0.8424898150119984,False,504.9449462890625,504.4118957519531,30.08462905883789,474.3272705078125,-0.533050537109375
1228,/home/victor-xia/repos/Burst-Coast-MPC/artifacts/MonteCarloData/monte-carlo-data-epoch-245_20260614T211411,mpc-566-6-lambda-0.297,0.29718454656919935,0.20709505640149864,False,673.9647827148438,505.07861328125,9.654424667358398,495.4241943359375,-168.88616943359375
1229,/home/victor-xia/repos/Burst-Coast-MPC/artifacts/MonteCarloData/monte-carlo-data-epoch-266_20260614T022715,mpc-2126-22-lambda-0.209,0.20937634158842133,0.2316809323133629,False,375.5156555175781,506.2209777832031,10.321145057678223,495.89984130859375,130.705322265625
1230,/home/victor-xia/repos/Burst-Coast-MPC/artifacts/MonteCarloData/monte-carlo-data-epoch-159_20260614T021350,mpc-2257-18-lambda-0.504,0.5037316133155574,0.28937085431052256,False,485.86212158203125,506.3014221191406,19.750011444091797,486.5514221191406,20.439300537109375
1231,/home/victor-xia/repos/Burst-Coast-MPC/artifacts/MonteCarloData/monte-carlo-data-epoch-373_20260614T213125,mpc-2930-27-lambda-0.594,0.593903721863413,0.5416129358697026,True,181.94943237304688,506.68780517578125,51.48078918457031,455.20703125,324.7383728027344
1232,/home/victor-xia/repos/Burst-Coast-MPC/artifacts/MonteCarloData/monte-carlo-data-epoch-17_20260614T015442,mpc-1376-12-lambda-0.724,0.7241931112207632,0.608557720112346,False,377.9114990234375,507.7682800292969,66.56839752197266,441.19989013671875,129.85678100585938
1233,/home/victor-xia/repos/Burst-Coast-MPC/artifacts/MonteCarloData/monte-carlo-data-epoch-125_20260614T205814,mpc-2025-19-lambda-0.557,0.5569211926695178,0.5624117218428505,False,484.6551818847656,508.4561767578125,50.53917694091797,457.9169921875,23.800994873046875
1234,/home/victor-xia/repos/Burst-Coast-MPC/artifacts/MonteCarloData/monte-carlo-data-epoch-257_20260614T022606,mpc-170-2-lambda-0.203,0.2025126977948118,0.01133523280128814,False,653.0758056640625,508.8938903808594,1.975748062133789,506.91815185546875,-144.18191528320312
1235,/home/victor-xia/repos/Burst-Coast-MPC/artifacts/MonteCarloData/monte-carlo-data-epoch-266_20260614T022715,mpc-2100-21-lambda-0.646,0.6464460895322441,0.13115788663609726,False,391.5191345214844,508.98883056640625,10.061729431152344,498.9270935058594,117.46969604492188
1236,/home/victor-xia/repos/Burst-Coast-MPC/artifacts/MonteCarloData/monte-carlo-data-epoch-187_20260614T210626,mpc-0-0-lambda-0.261,0.2610685902745999,0.8449936232534523,False,473.8414611816406,509.5699462890625,53.86836242675781,455.70159912109375,35.728485107421875
1237,/home/victor-xia/repos/Burst-Coast-MPC/artifacts/MonteCarloData/monte-carlo-data-epoch-237_20260614T211259,mpc-86-1-lambda-0.349,0.3488499874893014,0.8188066271186815,False,393.89300537109375,510.17413330078125,62.93611145019531,447.238037109375,116.2811279296875
1238,/home/victor-xia/repos/Burst-Coast-MPC/artifacts/MonteCarloData/monte-carlo-data-epoch-222_20260614T022125,mpc-1406-14-lambda-0.932,0.9323200413427508,0.6872091661566014,False,622.6423950195312,510.2787780761719,99.72372436523438,410.5550537109375,-112.36361694335938
1239,/home/victor-xia/repos/Burst-Coast-MPC/artifacts/MonteCarloData/monte-carlo-data-epoch-160_20260614T210323,mpc-665-8-lambda-0.83,0.8304238177242833,0.6208303365299053,False,626.3753662109375,510.4710998535156,85.97762298583984,424.49346923828125,-115.90426635742188
1240,/home/victor-xia/repos/Burst-Coast-MPC/artifacts/MonteCarloData/monte-carlo-data-epoch-301_20260614T212132,mpc-1758-19-lambda-0.489,0.4885603317075673,0.20450647688032195,False,543.9702758789062,510.88531494140625,13.279799461364746,497.60552978515625,-33.0849609375
1241,/home/victor-xia/repos/Burst-Coast-MPC/artifacts/MonteCarloData/monte-carlo-data-epoch-91_20260614T205320,mpc-679-8-lambda-0.401,0.40104324609744496,0.7281511424091563,False,551.4210205078125,511.03692626953125,57.07911682128906,453.95782470703125,-40.38409423828125
1242,/home/victor-xia/repos/Burst-Coast-MPC/artifacts/MonteCarloData/monte-carlo-data-epoch-46_20260614T015831,mpc-1237-12-lambda-0.238,0.23751622389084542,0.7641216376017036,False,699.0025024414062,511.791259765625,41.22980880737305,470.56146240234375,-187.21124267578125
1243,/home/victor-xia/repos/Burst-Coast-MPC/artifacts/MonteCarloData/monte-carlo-data-epoch-327_20260614T023548,mpc-778-8-lambda-0.973,0.9729014749802367,0.025181861629070035,False,542.7196655273438,512.8956909179688,3.1912331581115723,509.7044677734375,-29.823974609375
1244,/home/victor-xia/repos/Burst-Coast-MPC/artifacts/MonteCarloData/monte-carlo-data-epoch-283_20260614T211850,mpc-200-1-lambda-0.551,0.5505427409863236,0.6872626058193129,False,432.04638671875,512.9501953125,67.10133361816406,445.848876953125,80.90380859375
1245,/home/victor-xia/repos/Burst-Coast-MPC/artifacts/MonteCarloData/monte-carlo-data-epoch-32_20260613T233806,mpc-1511-15-lambda-0.65,0.6497070560657173,0.6688913706950168,False,430.1713562011719,513.0079345703125,71.98120880126953,441.0267333984375,82.83657836914062
1246,/home/victor-xia/repos/Burst-Coast-MPC/artifacts/MonteCarloData/monte-carlo-data-epoch-161_20260614T210331,mpc-25-1-lambda-0.333,0.33308741389866725,0.609441295672405,False,383.2935791015625,514.7799682617188,39.3148307800293,475.46514892578125,131.48638916015625
1247,/home/victor-xia/repos/Burst-Coast-MPC/artifacts/MonteCarloData/monte-carlo-data-epoch-140_20260614T021100,mpc-1216-14-lambda-0.932,0.9319986249093418,0.09235458533727628,False,342.4344482421875,514.9326782226562,8.97092056274414,505.9617614746094,172.49822998046875
1248,/home/victor-xia/repos/Burst-Coast-MPC/artifacts/MonteCarloData/monte-carlo-data-epoch-168_20260614T210424,mpc-370-4-lambda-0.352,0.35245588717289283,0.6644138810781473,False,673.1339111328125,515.1488037109375,47.49008560180664,467.6587219238281,-157.985107421875
1249,/home/victor-xia/repos/Burst-Coast-MPC/artifacts/MonteCarloData/monte-carlo-data-epoch-472_20260614T025607,mpc-1363-13-lambda-0.936,0.9357417562749081,0.723752310193818,False,510.678466796875,515.730224609375,115.51409149169922,400.21612548828125,5.0517578125
1250,/home/victor-xia/repos/Burst-Coast-MPC/artifacts/MonteCarloData/monte-carlo-data-epoch-129_20260614T020924,mpc-1530-14-lambda-0.769,0.7694077109835343,0.6788655054652416,False,446.53802490234375,515.8663940429688,81.61368560791016,434.2527160644531,69.328369140625
1251,/home/victor-xia/repos/Burst-Coast-MPC/artifacts/MonteCarloData/monte-carlo-data-epoch-359_20260614T212926,mpc-1040-11-lambda-0.743,0.7426102529182904,0.882682734739992,False,782.6598510742188,515.9119262695312,125.80001068115234,390.1119079589844,-266.7479248046875
1252,/home/victor-xia/repos/Burst-Coast-MPC/artifacts/MonteCarloData/monte-carlo-data-epoch-257_20260614T022606,mpc-172-3-lambda-0.499,0.4993595862524358,0.36821698478028875,False,650.8875122070312,516.6002197265625,26.8038330078125,489.79638671875,-134.28729248046875
1253,/home/victor-xia/repos/Burst-Coast-MPC/artifacts/MonteCarloData/monte-carlo-data-epoch-242_20260614T022357,mpc-0-0-lambda-0.442,0.4419395839661957,0.7916016357617119,False,510.1277160644531,516.9434204101562,67.96285247802734,448.9805603027344,6.815704345703125
1254,/home/victor-xia/repos/Burst-Coast-MPC/artifacts/MonteCarloData/monte-carlo-data-epoch-429_20260614T024928,mpc-843-9-lambda-0.371,0.3706717342514392,0.8507904929539137,False,521.179931640625,517.2672119140625,67.63212585449219,449.63507080078125,-3.9127197265625
1255,/home/victor-xia/repos/Burst-Coast-MPC/artifacts/MonteCarloData/monte-carlo-data-epoch-184_20260614T210609,mpc-154-2-lambda-0.255,0.25549381515978153,0.40581066865370535,False,656.6337280273438,517.555908203125,19.060400009155273,498.4955139160156,-139.07781982421875
1256,/home/victor-xia/repos/Burst-Coast-MPC/artifacts/MonteCarloData/monte-carlo-data-epoch-529_20260614T030357,mpc-962-11-lambda-0.94,0.9397115750976506,0.45269212488545846,False,594.629150390625,518.007080078125,56.690425872802734,461.316650390625,-76.6220703125
1257,/home/victor-xia/repos/Burst-Coast-MPC/artifacts/MonteCarloData/monte-carlo-data-epoch-140_20260614T021100,mpc-1235-15-lambda-0.385,0.38520467018697335,0.25999302298864047,False,328.1883850097656,518.0609130859375,14.547616004943848,503.5133056640625,189.87252807617188
1258,/home/victor-xia/repos/Burst-Coast-MPC/artifacts/MonteCarloData/monte-carlo-data-epoch-182_20260614T021647,mpc-375-3-lambda-0.264,0.26435216932894123,0.77832626640666,False,719.9273681640625,518.1426391601562,45.90351486206055,472.2391357421875,-201.78472900390625
1259,/home/victor-xia/repos/Burst-Coast-MPC/artifacts/MonteCarloData/monte-carlo-data-epoch-79_20260614T205138,mpc-1130-10-lambda-0.409,0.4092136320041496,0.8094478761798863,False,482.22052001953125,518.2435302734375,68.16734313964844,450.076171875,36.02301025390625
1260,/home/victor-xia/repos/Burst-Coast-MPC/artifacts/MonteCarloData/monte-carlo-data-epoch-8_20260614T015329,mpc-1188-10-lambda-0.498,0.49840954135305504,0.02523515387045268,False,689.5643310546875,518.5428466796875,1.8137568235397339,516.7290649414062,-171.021484375
1261,/home/victor-xia/repos/Burst-Coast-MPC/artifacts/MonteCarloData/monte-carlo-data-epoch-26_20260613T233709,mpc-795-9-lambda-0.955,0.9552903080572064,0.06399359322175346,False,471.35992431640625,519.3118896484375,6.073420524597168,513.2384643554688,47.95196533203125
1262,/home/victor-xia/repos/Burst-Coast-MPC/artifacts/MonteCarloData/monte-carlo-data-epoch-445_20260614T025133,mpc-1700-17-lambda-0.285,0.28476366230455125,0.9556596024170431,False,433.7510681152344,519.6705322265625,65.36368560791016,454.3068542480469,85.91946411132812
1263,/home/victor-xia/repos/Burst-Coast-MPC/artifacts/MonteCarloData/monte-carlo-data-epoch-472_20260614T025607,mpc-1288-12-lambda-0.327,0.32743113610214236,0.37135573438866804,False,543.7271728515625,519.99755859375,20.799753189086914,499.19781494140625,-23.7296142578125
1264,/home/victor-xia/repos/Burst-Coast-MPC/artifacts/MonteCarloData/monte-carlo-data-epoch-180_20260614T210545,mpc-191-3-lambda-0.715,0.714791517981295,0.8344780967074101,False,578.57958984375,520.1607055664062,113.3685073852539,406.7922058105469,-58.41888427734375
1265,/home/victor-xia/repos/Burst-Coast-MPC/artifacts/MonteCarloData/monte-carlo-data-epoch-31_20260613T233752,mpc-1796-16-lambda-0.258,0.2575768436695373,0.971151162462985,False,489.4358215332031,520.2722778320312,60.679569244384766,459.59271240234375,30.836456298828125
1266,/home/victor-xia/repos/Burst-Coast-MPC/artifacts/MonteCarloData/monte-carlo-data-epoch-501_20260614T030005,mpc-0-0-lambda-0.339,0.3389641307635866,0.9792474966597687,False,775.5393676757812,520.4563598632812,78.2191162109375,442.23724365234375,-255.0830078125
1267,/home/victor-xia/repos/Burst-Coast-MPC/artifacts/MonteCarloData/monte-carlo-data-epoch-248_20260614T211446,mpc-57-1-lambda-0.44,0.4398242129336277,0.2095667762721517,False,369.10479736328125,521.1513671875,12.163424491882324,508.9879455566406,152.04656982421875
1268,/home/victor-xia/repos/Burst-Coast-MPC/artifacts/MonteCarloData/monte-carlo-data-epoch-22_20260613T233639,mpc-1025-11-lambda-0.602,0.6016716848124719,0.013236344306852046,False,494.0657043457031,521.2044067382812,1.587000846862793,519.617431640625,27.138702392578125
1269,/home/victor-xia/repos/Burst-Coast-MPC/artifacts/MonteCarloData/monte-carlo-data-epoch-235_20260614T022253,mpc-1095-10-lambda-0.995,0.9947801648251327,0.9944646688271545,False,485.2014465332031,521.7517700195312,193.78631591796875,327.9654541015625,36.550323486328125
1270,/home/victor-xia/repos/Burst-Coast-MPC/artifacts/MonteCarloData/monte-carlo-data-epoch-39_20260613T233910,mpc-162-3-lambda-0.949,0.9494462973651219,0.4381462672706255,False,351.3298645019531,521.8080444335938,53.13780975341797,468.67022705078125,170.47817993164062
1271,/home/victor-xia/repos/Burst-Coast-MPC/artifacts/MonteCarloData/monte-carlo-data-epoch-234_20260614T211234,mpc-391-5-lambda-0.181,0.18065842199591595,0.5434740802033129,False,689.6038208007812,522.3328247070312,24.58904266357422,497.7437744140625,-167.27099609375
1272,/home/victor-xia/repos/Burst-Coast-MPC/artifacts/MonteCarloData/monte-carlo-data-epoch-46_20260614T015831,mpc-1174-11-lambda-0.423,0.42254559471320763,0.31310816172691847,False,728.4453735351562,523.3609619140625,18.553863525390625,504.8070983886719,-205.08441162109375
1273,/home/victor-xia/repos/Burst-Coast-MPC/artifacts/MonteCarloData/monte-carlo-data-epoch-189_20260614T021734,mpc-402-3-lambda-0.215,0.21507723626636427,0.23143861917743574,False,433.336669921875,524.8035888671875,9.606462478637695,515.1971435546875,91.4669189453125
1274,/home/victor-xia/repos/Burst-Coast-MPC/artifacts/MonteCarloData/monte-carlo-data-epoch-235_20260614T022253,mpc-1005-9-lambda-0.524,0.5241603932759193,0.4477094558776632,False,543.2944946289062,525.1093139648438,36.4109001159668,488.69842529296875,-18.1851806640625
1275,/home/victor-xia/repos/Burst-Coast-MPC/artifacts/MonteCarloData/monte-carlo-data-epoch-90_20260614T020433,mpc-504-5-lambda-0.768,0.7682357798587716,0.5011811739889865,False,704.3539428710938,526.0712280273438,54.23894500732422,471.832275390625,-178.28271484375
1276,/home/victor-xia/repos/Burst-Coast-MPC/artifacts/MonteCarloData/monte-carlo-data-epoch-307_20260614T212219,mpc-351-2-lambda-0.359,0.35924007078661385,0.8896503260765676,False,741.0240478515625,526.6835327148438,71.08380126953125,455.5997314453125,-214.34051513671875
1277,/home/victor-xia/repos/Burst-Coast-MPC/artifacts/MonteCarloData/monte-carlo-data-epoch-8_20260614T015329,mpc-1193-11-lambda-0.713,0.7125998642940474,0.9459553168022066,False,686.6688232421875,527.2479248046875,130.88377380371094,396.3641357421875,-159.4208984375
1278,/home/victor-xia/repos/Burst-Coast-MPC/artifacts/MonteCarloData/monte-carlo-data-epoch-458_20260614T025355,mpc-573-5-lambda-0.011,0.0110605748738175,0.7157208611315692,False,701.915771484375,527.7403564453125,17.63471794128418,510.10565185546875,-174.1754150390625
1279,/home/victor-xia/repos/Burst-Coast-MPC/artifacts/MonteCarloData/monte-carlo-data-epoch-201_20260614T210809,mpc-741-7-lambda-0.548,0.5476798495646659,0.6120981604394606,False,459.1534729003906,527.8519287109375,57.299163818359375,470.5527648925781,68.69845581054688
1280,/home/victor-xia/repos/Burst-Coast-MPC/artifacts/MonteCarloData/monte-carlo-data-epoch-336_20260614T212603,mpc-656-7-lambda-0.887,0.8873631701580176,0.1313316162269523,False,631.4342041015625,529.2548828125,12.251461029052734,517.00341796875,-102.1793212890625
1281,/home/victor-xia/repos/Burst-Coast-MPC/artifacts/MonteCarloData/monte-carlo-data-epoch-273_20260614T211739,mpc-962-11-lambda-0.781,0.7814445367648755,0.2466346502556203,False,490.4954833984375,529.4799194335938,22.733423233032227,506.7464904785156,38.98443603515625
1282,/home/victor-xia/repos/Burst-Coast-MPC/artifacts/MonteCarloData/monte-carlo-data-epoch-301_20260614T212132,mpc-1711-18-lambda-0.509,0.5087811327699201,0.23471480397135808,False,568.4418334960938,530.2575073242188,15.416818618774414,514.8406982421875,-38.184326171875
1283,/home/victor-xia/repos/Burst-Coast-MPC/artifacts/MonteCarloData/monte-carlo-data-epoch-385_20260614T024253,mpc-742-6-lambda-0.269,0.2692122738307749,0.933048903993593,False,501.8938293457031,530.460693359375,61.611419677734375,468.8492736816406,28.566864013671875
1284,/home/victor-xia/repos/Burst-Coast-MPC/artifacts/MonteCarloData/monte-carlo-data-epoch-449_20260614T025217,mpc-658-8-lambda-0.615,0.6150196770411576,0.8062245792312052,False,642.925048828125,530.7537841796875,92.35981750488281,438.39398193359375,-112.1712646484375
1285,/home/victor-xia/repos/Burst-Coast-MPC/artifacts/MonteCarloData/monte-carlo-data-epoch-137_20260614T205958,mpc-313-2-lambda-0.575,0.5745768397432155,0.35904622310684087,False,932.3464965820312,531.5116577148438,28.61159324645996,502.9000549316406,-400.8348388671875
1286,/home/victor-xia/repos/Burst-Coast-MPC/artifacts/MonteCarloData/monte-carlo-data-epoch-93_20260614T205338,mpc-224-4-lambda-0.286,0.2864654439013021,0.8660065314919595,False,571.84814453125,531.5201416015625,58.6116828918457,472.908447265625,-40.3280029296875
1287,/home/victor-xia/repos/Burst-Coast-MPC/artifacts/MonteCarloData/monte-carlo-data-epoch-234_20260614T211234,mpc-341-4-lambda-0.198,0.19818256309430196,0.2504935958412945,False,705.9069213867188,531.990234375,10.307195663452148,521.6830444335938,-173.91668701171875
1288,/home/victor-xia/repos/Burst-Coast-MPC/artifacts/MonteCarloData/monte-carlo-data-epoch-84_20260614T205214,mpc-0-0-lambda-0.677,0.6770938050723219,0.6210897358420343,False,588.6261596679688,532.1549072265625,68.51678466796875,463.63812255859375,-56.47125244140625
1289,/home/victor-xia/repos/Burst-Coast-MPC/artifacts/MonteCarloData/monte-carlo-data-epoch-101_20260614T020547,mpc-1675-15-lambda-0.848,0.8480358836115083,0.6832702887741057,False,500.4865417480469,532.358642578125,91.11662292480469,441.24200439453125,31.872100830078125
1290,/home/victor-xia/repos/Burst-Coast-MPC/artifacts/MonteCarloData/monte-carlo-data-epoch-275_20260614T211801,mpc-212-2-lambda-0.192,0.19152864817956652,0.8789097637860629,False,611.5482788085938,532.7026977539062,46.50181198120117,486.2008972167969,-78.8455810546875
1291,/home/victor-xia/repos/Burst-Coast-MPC/artifacts/MonteCarloData/monte-carlo-data-epoch-325_20260614T023534,mpc-701-7-lambda-0.079,0.07855808507590979,0.8456066667005488,False,742.9329833984375,532.7877807617188,28.704967498779297,504.08282470703125,-210.14520263671875
1292,/home/victor-xia/repos/Burst-Coast-MPC/artifacts/MonteCarloData/monte-carlo-data-epoch-22_20260613T233639,mpc-1015-10-lambda-0.592,0.5918757189911824,0.049823545292994126,False,499.9227600097656,533.7579956054688,3.6861419677734375,530.0718383789062,33.835235595703125
1293,/home/victor-xia/repos/Burst-Coast-MPC/artifacts/MonteCarloData/monte-carlo-data-epoch-273_20260614T211739,mpc-1012-12-lambda-0.255,0.25456198725101625,0.8351699710447242,False,454.324951171875,534.052978515625,52.38285446166992,481.6701354980469,79.72802734375
1294,/home/victor-xia/repos/Burst-Coast-MPC/artifacts/MonteCarloData/monte-carlo-data-epoch-360_20260614T023922,mpc-677-7-lambda-0.573,0.5726769611823265,0.1033669179308289,False,742.8612670898438,535.06201171875,8.166009902954102,526.89599609375,-207.79925537109375
1295,/home/victor-xia/repos/Burst-Coast-MPC/artifacts/MonteCarloData/monte-carlo-data-epoch-385_20260614T024253,mpc-642-5-lambda-0.204,0.2040335509604716,0.499179672813281,False,538.1419067382812,535.0640258789062,22.842044830322266,512.2219848632812,-3.077880859375
1296,/home/victor-xia/repos/Burst-Coast-MPC/artifacts/MonteCarloData/monte-carlo-data-epoch-296_20260614T212048,mpc-1266-13-lambda-0.656,0.6555375641105753,0.19726701343014583,False,566.6676025390625,535.135498046875,15.084585189819336,520.0509033203125,-31.5321044921875
1297,/home/victor-xia/repos/Burst-Coast-MPC/artifacts/MonteCarloData/monte-carlo-data-epoch-193_20260614T021758,mpc-1088-9-lambda-0.705,0.7045502751786853,0.2791843776842764,False,591.0250244140625,537.4867553710938,23.932283401489258,513.554443359375,-53.53826904296875
1298,/home/victor-xia/repos/Burst-Coast-MPC/artifacts/MonteCarloData/monte-carlo-data-epoch-131_20260614T205906,mpc-871-8-lambda-0.91,0.9102991534766726,0.7905671701491226,False,639.6898803710938,537.6857299804688,127.93831634521484,409.7474060058594,-102.004150390625
1299,/home/victor-xia/repos/Burst-Coast-MPC/artifacts/MonteCarloData/monte-carlo-data-epoch-222_20260614T022125,mpc-1199-12-lambda-0.166,0.16632015124814145,0.9917920752740376,False,705.427734375,537.6959228515625,49.1938591003418,488.5020751953125,-167.7318115234375
1300,/home/victor-xia/repos/Burst-Coast-MPC/artifacts/MonteCarloData/monte-carlo-data-epoch-448_20260614T025158,mpc-2715-27-lambda-0.836,0.836349568893546,0.3857017035058911,False,427.83575439453125,538.5780029296875,42.89834976196289,495.6796569824219,110.74224853515625
1301,/home/victor-xia/repos/Burst-Coast-MPC/artifacts/MonteCarloData/monte-carlo-data-epoch-301_20260614T212132,mpc-1971-21-lambda-0.035,0.035420647803460076,0.6986267227053253,False,460.7430725097656,538.9097900390625,17.366561889648438,521.543212890625,78.16671752929688
1302,/home/victor-xia/repos/Burst-Coast-MPC/artifacts/MonteCarloData/monte-carlo-data-epoch-29_20260613T233734,mpc-1490-15-lambda-0.119,0.1189042883940142,0.26049141059288444,False,544.3405151367188,539.8564453125,8.605813980102539,531.2506103515625,-4.48406982421875
1303,/home/victor-xia/repos/Burst-Coast-MPC/artifacts/MonteCarloData/monte-carlo-data-epoch-110_20260614T020707,mpc-971-8-lambda-0.385,0.38487269196374024,0.05731633400509125,False,588.871337890625,540.1185913085938,4.044609069824219,536.073974609375,-48.75274658203125
1304,/home/victor-xia/repos/Burst-Coast-MPC/artifacts/MonteCarloData/monte-carlo-data-epoch-26_20260613T233709,mpc-808-10-lambda-0.458,0.4584321849568654,0.7880955630229486,False,461.7135009765625,541.6924438476562,67.6984634399414,473.9939880371094,79.97894287109375
1305,/home/victor-xia/repos/Burst-Coast-MPC/artifacts/MonteCarloData/monte-carlo-data-epoch-347_20260614T023755,mpc-1327-13-lambda-0.048,0.04810650178368682,0.883719347201113,False,711.033203125,541.8873291015625,27.176122665405273,514.711181640625,-169.1458740234375
1306,/home/victor-xia/repos/Burst-Coast-MPC/artifacts/MonteCarloData/monte-carlo-data-epoch-316_20260614T212322,mpc-698-6-lambda-0.947,0.9468395152463291,0.8241040298329114,False,476.7869873046875,541.91796875,141.44117736816406,400.476806640625,65.1309814453125
1307,/home/victor-xia/repos/Burst-Coast-MPC/artifacts/MonteCarloData/monte-carlo-data-epoch-33_20260614T204532,mpc-248-2-lambda-0.239,0.2393137761554956,0.18941083872145376,False,580.3163452148438,542.2893676757812,8.643031120300293,533.6463623046875,-38.0269775390625
1308,/home/victor-xia/repos/Burst-Coast-MPC/artifacts/MonteCarloData/monte-carlo-data-epoch-72_20260614T205059,mpc-202-2-lambda-0.811,0.8112620180108173,0.1489594965203961,False,610.10888671875,543.2247924804688,13.348409652709961,529.8764038085938,-66.88409423828125
1309,/home/victor-xia/repos/Burst-Coast-MPC/artifacts/MonteCarloData/monte-carlo-data-epoch-172_20260614T021552,mpc-1758-21-lambda-0.57,0.5703333549533555,0.6005489471508664,False,453.9586486816406,543.3193359375,55.665489196777344,487.6538391113281,89.36068725585938
1310,/home/victor-xia/repos/Burst-Coast-MPC/artifacts/MonteCarloData/monte-carlo-data-epoch-453_20260614T025300,mpc-682-8-lambda-0.708,0.7080613219166298,0.9898010312113583,False,636.639404296875,544.3486938476562,141.04421997070312,403.3044738769531,-92.29071044921875
1311,/home/victor-xia/repos/Burst-Coast-MPC/artifacts/MonteCarloData/monte-carlo-data-epoch-53_20260613T234112,mpc-382-6-lambda-0.211,0.2114957915039399,0.46642883794870954,False,555.0344848632812,544.7728271484375,20.4450740814209,524.3277587890625,-10.26165771484375
1312,/home/victor-xia/repos/Burst-Coast-MPC/artifacts/MonteCarloData/monte-carlo-data-epoch-116_20260614T020814,mpc-92-1-lambda-0.917,0.9172352268250883,0.7549155288791669,False,514.2155151367188,545.2930908203125,115.11360931396484,430.1794738769531,31.07757568359375
1313,/home/victor-xia/repos/Burst-Coast-MPC/artifacts/MonteCarloData/monte-carlo-data-epoch-275_20260614T211801,mpc-0-0-lambda-0.513,0.5131503801666691,0.44547527170766654,False,789.1464233398438,546.0422973632812,34.88823318481445,511.154052734375,-243.1041259765625
1314,/home/victor-xia/repos/Burst-Coast-MPC/artifacts/MonteCarloData/monte-carlo-data-epoch-347_20260614T023755,mpc-1245-12-lambda-0.049,0.049154832657535945,0.40724434910766394,False,729.9721069335938,547.7271118164062,12.020666122436523,535.7064208984375,-182.2449951171875
1315,/home/victor-xia/repos/Burst-Coast-MPC/artifacts/MonteCarloData/monte-carlo-data-epoch-33_20260614T204532,mpc-286-3-lambda-0.338,0.33805157557470844,0.47776330605134204,False,566.6383056640625,548.2294311523438,28.226951599121094,520.0025024414062,-18.40887451171875
1316,/home/victor-xia/repos/Burst-Coast-MPC/artifacts/MonteCarloData/monte-carlo-data-epoch-137_20260614T205958,mpc-385-3-lambda-0.719,0.7192522229030212,0.4243010795715233,False,886.771240234375,548.2576904296875,42.289459228515625,505.9682312011719,-338.5135498046875
1317,/home/victor-xia/repos/Burst-Coast-MPC/artifacts/MonteCarloData/monte-carlo-data-epoch-373_20260614T213125,mpc-2847-26-lambda-0.927,0.9273584388509232,0.41446376816606934,False,261.29437255859375,549.498046875,49.63164520263672,499.86639404296875,288.20367431640625
1318,/home/victor-xia/repos/Burst-Coast-MPC/artifacts/MonteCarloData/monte-carlo-data-epoch-235_20260614T022253,mpc-814-7-lambda-0.541,0.5405005801385222,0.05248063456980691,False,584.5054321289062,550.2037963867188,3.895174026489258,546.30859375,-34.3016357421875
1319,/home/victor-xia/repos/Burst-Coast-MPC/artifacts/MonteCarloData/monte-carlo-data-epoch-378_20260614T213220,mpc-900-10-lambda-0.346,0.34571766409506394,0.017727247818811374,False,546.5416870117188,550.31298828125,1.734123706817627,548.578857421875,3.77130126953125
1320,/home/victor-xia/repos/Burst-Coast-MPC/artifacts/MonteCarloData/monte-carlo-data-epoch-90_20260614T020433,mpc-394-4-lambda-0.11,0.11041951250011467,0.54684473146947,False,733.06201171875,550.6365356445312,18.205720901489258,532.4307861328125,-182.42547607421875
1321,/home/victor-xia/repos/Burst-Coast-MPC/artifacts/MonteCarloData/monte-carlo-data-epoch-29_20260613T233734,mpc-1542-16-lambda-0.386,0.3857620111950056,0.3011258037716614,False,530.775146484375,550.884521484375,17.609092712402344,533.2754516601562,20.109375
1322,/home/victor-xia/repos/Burst-Coast-MPC/artifacts/MonteCarloData/monte-carlo-data-epoch-237_20260614T211259,mpc-0-0-lambda-0.448,0.44845886624393777,0.4278538971176947,False,441.2225646972656,551.3923950195312,29.71637535095215,521.676025390625,110.16983032226562
1323,/home/victor-xia/repos/Burst-Coast-MPC/artifacts/MonteCarloData/monte-carlo-data-epoch-385_20260614T213311,mpc-1925-17-lambda-0.692,0.6915156050771339,0.6823106466326107,False,775.3955688476562,551.45458984375,79.4332275390625,472.0213623046875,-223.94097900390625
1324,/home/victor-xia/repos/Burst-Coast-MPC/artifacts/MonteCarloData/monte-carlo-data-epoch-144_20260614T021130,mpc-185-1-lambda-0.95,0.9498119194906257,0.8844236164693406,False,516.916748046875,551.825927734375,156.35232543945312,395.4736022949219,34.9091796875
1325,/home/victor-xia/repos/Burst-Coast-MPC/artifacts/MonteCarloData/monte-carlo-data-epoch-488_20260614T025820,mpc-36-1-lambda-0.046,0.04556840880897269,0.055140183388230284,False,294.86700439453125,551.87060546875,3.252692222595215,548.617919921875,257.00360107421875
1326,/home/victor-xia/repos/Burst-Coast-MPC/artifacts/MonteCarloData/monte-carlo-data-epoch-180_20260614T210545,mpc-40-1-lambda-0.516,0.5163720002241516,0.20061877668167288,False,621.0006713867188,552.5489501953125,12.765015602111816,539.783935546875,-68.45172119140625
1327,/home/victor-xia/repos/Burst-Coast-MPC/artifacts/MonteCarloData/monte-carlo-data-epoch-401_20260614T024506,mpc-195-1-lambda-0.423,0.4229792817448841,0.036433954300216065,False,724.2411499023438,554.5057373046875,2.560795307159424,551.9449462890625,-169.73541259765625
1328,/home/victor-xia/repos/Burst-Coast-MPC/artifacts/MonteCarloData/monte-carlo-data-epoch-301_20260614T212132,mpc-1799-20-lambda-0.157,0.15690108633415725,0.855008684772846,False,522.8848876953125,554.9389038085938,39.08637619018555,515.8525390625,32.05401611328125
1329,/home/victor-xia/repos/Burst-Coast-MPC/artifacts/MonteCarloData/monte-carlo-data-epoch-336_20260614T212603,mpc-648-6-lambda-0.467,0.46714894036852345,0.040727825768902666,False,636.2610473632812,555.431884765625,3.0279741287231445,552.4039306640625,-80.82916259765625
1330,/home/victor-xia/repos/Burst-Coast-MPC/artifacts/MonteCarloData/monte-carlo-data-epoch-32_20260613T233806,mpc-1460-14-lambda-0.855,0.8548803592292935,0.25188984060571656,False,468.9775085449219,555.457275390625,24.386959075927734,531.0703125,86.47976684570312
1331,/home/victor-xia/repos/Burst-Coast-MPC/artifacts/MonteCarloData/monte-carlo-data-epoch-447_20260614T025152,mpc-84-1-lambda-0.947,0.9470539492048594,0.864480441145743,False,645.749755859375,555.7122802734375,153.86402893066406,401.8482666015625,-90.0374755859375
1332,/home/victor-xia/repos/Burst-Coast-MPC/artifacts/MonteCarloData/monte-carlo-data-epoch-80_20260614T020310,mpc-149-1-lambda-0.83,0.8298153563902504,0.6600799017171841,False,758.170166015625,556.0367431640625,84.71345520019531,471.32330322265625,-202.1334228515625
1333,/home/victor-xia/repos/Burst-Coast-MPC/artifacts/MonteCarloData/monte-carlo-data-epoch-93_20260614T205338,mpc-173-2-lambda-0.916,0.9161208727020262,0.10429146792623108,False,607.4622802734375,556.1865844726562,10.225171089172363,545.96142578125,-51.27569580078125
1334,/home/victor-xia/repos/Burst-Coast-MPC/artifacts/MonteCarloData/monte-carlo-data-epoch-160_20260614T210323,mpc-553-6-lambda-0.776,0.776284167920819,0.23293047060107192,False,681.3991088867188,557.495849609375,21.056364059448242,536.4395141601562,-123.90325927734375
1335,/home/victor-xia/repos/Burst-Coast-MPC/artifacts/MonteCarloData/monte-carlo-data-epoch-393_20260614T213431,mpc-1442-14-lambda-0.025,0.02452441568423322,0.09299057052852285,False,554.9519653320312,557.6848754882812,3.2596750259399414,554.4251708984375,2.73291015625
1336,/home/victor-xia/repos/Burst-Coast-MPC/artifacts/MonteCarloData/monte-carlo-data-epoch-161_20260614T210331,mpc-0-0-lambda-0.743,0.742829750664177,0.1253102024815675,False,399.4700622558594,558.0700073242188,10.180922508239746,547.8890991210938,158.59994506835938
1337,/home/victor-xia/repos/Burst-Coast-MPC/artifacts/MonteCarloData/monte-carlo-data-epoch-360_20260614T023922,mpc-644-6-lambda-0.987,0.9869157371815109,0.16226727411049513,False,770.4833374023438,558.2781372070312,17.348678588867188,540.929443359375,-212.2052001953125
1338,/home/victor-xia/repos/Burst-Coast-MPC/artifacts/MonteCarloData/monte-carlo-data-epoch-84_20260614T020345,mpc-344-2-lambda-0.898,0.8978150904568729,0.7293889674319911,False,566.9832763671875,558.3758544921875,109.5848617553711,448.7909851074219,-8.607421875
1339,/home/victor-xia/repos/Burst-Coast-MPC/artifacts/MonteCarloData/monte-carlo-data-epoch-195_20260614T210732,mpc-169-2-lambda-0.567,0.5668438360969921,0.5136823438722286,False,485.62469482421875,558.6217651367188,45.23893737792969,513.3828125,72.9970703125
1340,/home/victor-xia/repos/Burst-Coast-MPC/artifacts/MonteCarloData/monte-carlo-data-epoch-445_20260614T025133,mpc-1671-16-lambda-0.428,0.4281966711905492,0.14210730978022565,False,447.42828369140625,558.899658203125,8.616915702819824,550.28271484375,111.47137451171875
1341,/home/victor-xia/repos/Burst-Coast-MPC/artifacts/MonteCarloData/monte-carlo-data-epoch-122_20260614T205732,mpc-1853-22-lambda-0.8,0.7996231634708979,0.5133811494604665,False,583.4182739257812,559.100830078125,59.7100715637207,499.3907470703125,-24.31744384765625
1342,/home/victor-xia/repos/Burst-Coast-MPC/artifacts/MonteCarloData/monte-carlo-data-epoch-370_20260614T213101,mpc-2417-28-lambda-0.038,0.038190856938129014,0.4120784088098522,False,453.87701416015625,559.2787475585938,11.583165168762207,547.695556640625,105.4017333984375
1343,/home/victor-xia/repos/Burst-Coast-MPC/artifacts/MonteCarloData/monte-carlo-data-epoch-245_20260614T211411,mpc-608-7-lambda-0.982,0.9820384497282743,0.6899167125623591,False,658.6949462890625,559.727294921875,108.5687255859375,451.1585693359375,-98.9676513671875
1344,/home/victor-xia/repos/Burst-Coast-MPC/artifacts/MonteCarloData/monte-carlo-data-epoch-215_20260614T210955,mpc-208-2-lambda-0.555,0.5553661035269197,0.7491283642606639,False,595.5599365234375,560.4469604492188,77.39857482910156,483.04840087890625,-35.11297607421875
1345,/home/victor-xia/repos/Burst-Coast-MPC/artifacts/MonteCarloData/monte-carlo-data-epoch-378_20260614T213220,mpc-904-11-lambda-0.776,0.7763475865111209,0.6819928680013349,False,543.7686157226562,560.6376953125,87.0279541015625,473.6097412109375,16.86907958984375
1346,/home/victor-xia/repos/Burst-Coast-MPC/artifacts/MonteCarloData/monte-carlo-data-epoch-336_20260614T212603,mpc-682-8-lambda-0.051,0.05106327905231972,0.9467949980875439,False,611.97021484375,560.76318359375,28.30478286743164,532.4583740234375,-51.20703125
1347,/home/victor-xia/repos/Burst-Coast-MPC/artifacts/MonteCarloData/monte-carlo-data-epoch-347_20260614T023755,mpc-1132-11-lambda-0.325,0.3249386590093933,0.5645000835054864,False,784.9564208984375,560.9811401367188,34.511959075927734,526.4691772460938,-223.97528076171875
1348,/home/victor-xia/repos/Burst-Coast-MPC/artifacts/MonteCarloData/monte-carlo-data-epoch-370_20260614T213101,mpc-2500-29-lambda-0.512,0.5118790727931747,0.5031008200713455,False,435.66131591796875,561.1422729492188,41.66192626953125,519.4803466796875,125.48095703125
1349,/home/victor-xia/repos/Burst-Coast-MPC/artifacts/MonteCarloData/monte-carlo-data-epoch-34_20260614T204540,mpc-148-4-lambda-0.627,0.6268076870119128,0.5754438170792626,False,540.6304931640625,561.3748168945312,57.702091217041016,503.6727294921875,20.74432373046875
1350,/home/victor-xia/repos/Burst-Coast-MPC/artifacts/MonteCarloData/monte-carlo-data-epoch-182_20260614T021647,mpc-0-0-lambda-0.177,0.17748288723073793,0.9100586399829689,False,890.7327880859375,562.3425903320312,44.065147399902344,518.2774658203125,-328.39019775390625
1351,/home/victor-xia/repos/Burst-Coast-MPC/artifacts/MonteCarloData/monte-carlo-data-epoch-41_20260614T015747,mpc-1550-14-lambda-0.454,0.4542768026450076,0.9141407221401863,False,529.4408569335938,562.386474609375,85.44701385498047,476.939453125,32.94561767578125
1352,/home/victor-xia/repos/Burst-Coast-MPC/artifacts/MonteCarloData/monte-carlo-data-epoch-195_20260614T210732,mpc-137-1-lambda-0.332,0.33221192176869546,0.1602617727621793,False,497.9105224609375,563.232666015625,7.76217794418335,555.470458984375,65.3221435546875
1353,/home/victor-xia/repos/Burst-Coast-MPC/artifacts/MonteCarloData/monte-carlo-data-epoch-84_20260614T020345,mpc-173-1-lambda-0.179,0.17852853603385901,0.8499340370863578,False,632.6958618164062,563.3179321289062,41.30216598510742,522.0157470703125,-69.3779296875
1354,/home/victor-xia/repos/Burst-Coast-MPC/artifacts/MonteCarloData/monte-carlo-data-epoch-53_20260613T234112,mpc-476-7-lambda-0.486,0.48634389938234124,0.8983522222951585,False,522.6572875976562,563.641357421875,89.57218933105469,474.06915283203125,40.98406982421875
1355,/home/victor-xia/repos/Burst-Coast-MPC/artifacts/MonteCarloData/monte-carlo-data-epoch-72_20260614T205059,mpc-24-1-lambda-0.086,0.08648530896704744,0.8873842919074756,False,658.58740234375,564.8013916015625,30.66677474975586,534.1346435546875,-93.7860107421875
1356,/home/victor-xia/repos/Burst-Coast-MPC/artifacts/MonteCarloData/monte-carlo-data-epoch-8_20260614T204142,mpc-284-3-lambda-0.95,0.9503383014824536,0.6078734783459243,False,518.8709716796875,565.289794921875,86.85625457763672,478.43353271484375,46.4188232421875
1357,/home/victor-xia/repos/Burst-Coast-MPC/artifacts/MonteCarloData/monte-carlo-data-epoch-222_20260614T022125,mpc-1185-11-lambda-0.065,0.06504317144586286,0.06756068528760664,False,710.1273803710938,566.1105346679688,2.961142063140869,563.1494140625,-144.016845703125
1358,/home/victor-xia/repos/Burst-Coast-MPC/artifacts/MonteCarloData/monte-carlo-data-epoch-235_20260614T022253,mpc-825-8-lambda-0.025,0.02517752670536017,0.8947799037792888,False,578.3145751953125,566.1110229492188,22.334796905517578,543.7762451171875,-12.20355224609375
1359,/home/victor-xia/repos/Burst-Coast-MPC/artifacts/MonteCarloData/monte-carlo-data-epoch-489_20260614T025823,mpc-1680-13-lambda-0.396,0.39562609125696535,0.06956818450602775,False,712.2188110351562,566.388427734375,5.027527332305908,561.3609008789062,-145.83038330078125
1360,/home/victor-xia/repos/Burst-Coast-MPC/artifacts/MonteCarloData/monte-carlo-data-epoch-429_20260614T024928,mpc-724-7-lambda-0.392,0.39166560030086095,0.24798115234603968,False,592.728271484375,566.58056640625,15.069391250610352,551.5111694335938,-26.147705078125
1361,/home/victor-xia/repos/Burst-Coast-MPC/artifacts/MonteCarloData/monte-carlo-data-epoch-184_20260614T210609,mpc-236-3-lambda-0.862,0.8619746494897553,0.7038401753572391,False,626.4246215820312,566.7359619140625,103.27130126953125,463.46466064453125,-59.68865966796875
1362,/home/victor-xia/repos/Burst-Coast-MPC/artifacts/MonteCarloData/monte-carlo-data-epoch-116_20260614T205651,mpc-0-0-lambda-0.32,0.32014796780514676,0.22259856957209656,False,458.4287109375,566.8321533203125,10.893451690673828,555.938720703125,108.4034423828125
1363,/home/victor-xia/repos/Burst-Coast-MPC/artifacts/MonteCarloData/monte-carlo-data-epoch-143_20260614T021119,mpc-434-4-lambda-0.71,0.710161290974303,0.8407201390100058,False,895.0712890625,567.7805786132812,106.93392181396484,460.8466491699219,-327.29071044921875
1364,/home/victor-xia/repos/Burst-Coast-MPC/artifacts/MonteCarloData/monte-carlo-data-epoch-187_20260614T021727,mpc-147-1-lambda-0.844,0.8435301914885038,0.5211587389757644,False,529.2556762695312,568.4853515625,61.46366500854492,507.0216979980469,39.22967529296875
1365,/home/victor-xia/repos/Burst-Coast-MPC/artifacts/MonteCarloData/monte-carlo-data-epoch-393_20260614T213431,mpc-1316-13-lambda-0.09,0.09016184710454844,0.627926721802848,False,588.1375122070312,568.494873046875,21.02248191833496,547.472412109375,-19.64263916015625
1366,/home/victor-xia/repos/Burst-Coast-MPC/artifacts/MonteCarloData/monte-carlo-data-epoch-332_20260614T212530,mpc-822-7-lambda-0.291,0.29104220922064755,0.2970389663046121,False,470.9053955078125,568.8546752929688,14.760795593261719,554.0938720703125,97.94927978515625
1367,/home/victor-xia/repos/Burst-Coast-MPC/artifacts/MonteCarloData/monte-carlo-data-epoch-39_20260613T233910,mpc-75-1-lambda-0.094,0.09365977379135532,0.2588109030735729,False,378.7304992675781,569.2401123046875,7.52506160736084,561.7150268554688,190.50961303710938
1368,/home/victor-xia/repos/Burst-Coast-MPC/artifacts/MonteCarloData/monte-carlo-data-epoch-8_20260614T204142,mpc-189-2-lambda-0.098,0.09789721239160695,0.4750031997807677,False,543.0533447265625,569.4013671875,15.346100807189941,554.0552368164062,26.3480224609375
1369,/home/victor-xia/repos/Burst-Coast-MPC/artifacts/MonteCarloData/monte-carlo-data-epoch-209_20260614T021953,mpc-190-2-lambda-0.726,0.7256324290621422,0.6472519145354808,False,522.7890014648438,570.0269165039062,73.5677261352539,496.4591979980469,47.2379150390625
1370,/home/victor-xia/repos/Burst-Coast-MPC/artifacts/MonteCarloData/monte-carlo-data-epoch-189_20260614T021734,mpc-164-1-lambda-0.107,0.1065865109320298,0.4568789948318904,False,529.2198486328125,571.7654418945312,14.884499549865723,556.8809204101562,42.54559326171875
1371,/home/victor-xia/repos/Burst-Coast-MPC/artifacts/MonteCarloData/monte-carlo-data-epoch-17_20260614T015442,mpc-1195-11-lambda-0.115,0.11546273785647773,0.901787773252674,False,432.11785888671875,572.4994506835938,34.22150802612305,538.2779541015625,140.381591796875
1372,/home/victor-xia/repos/Burst-Coast-MPC/artifacts/MonteCarloData/monte-carlo-data-epoch-140_20260614T021100,mpc-1086-13-lambda-0.244,0.24381791209939377,0.6450161865699363,False,396.9732971191406,572.873779296875,34.28582763671875,538.5879516601562,175.90048217773438
1373,/home/victor-xia/repos/Burst-Coast-MPC/artifacts/MonteCarloData/monte-carlo-data-epoch-72_20260614T205059,mpc-0-0-lambda-0.085,0.0847555201366714,0.11914455120809066,False,664.595458984375,574.5715942382812,3.8102192878723145,570.7613525390625,-90.02386474609375
1374,/home/victor-xia/repos/Burst-Coast-MPC/artifacts/MonteCarloData/monte-carlo-data-epoch-337_20260614T023646,mpc-742-6-lambda-0.497,0.4973956917734421,0.6949430663513299,False,641.130859375,575.4200439453125,62.5299186706543,512.89013671875,-65.7108154296875
1375,/home/victor-xia/repos/Burst-Coast-MPC/artifacts/MonteCarloData/monte-carlo-data-epoch-93_20260614T205338,mpc-194-3-lambda-0.702,0.7018659690391037,0.1490714844114334,False,591.21142578125,575.7481079101562,12.191085815429688,563.5570068359375,-15.46331787109375
1376,/home/victor-xia/repos/Burst-Coast-MPC/artifacts/MonteCarloData/monte-carlo-data-epoch-472_20260614T025607,mpc-1203-11-lambda-0.793,0.7933451054281195,0.42212864876754347,False,615.6393432617188,575.9693603515625,45.02190399169922,530.9474487304688,-39.66998291015625
1377,/home/victor-xia/repos/Burst-Coast-MPC/artifacts/MonteCarloData/monte-carlo-data-epoch-184_20260614T210609,mpc-89-1-lambda-0.574,0.5735398501745481,0.3239495634011407,False,696.8159790039062,576.2422485351562,25.242273330688477,551.0,-120.57373046875
1378,/home/victor-xia/repos/Burst-Coast-MPC/artifacts/MonteCarloData/monte-carlo-data-epoch-359_20260614T212926,mpc-904-10-lambda-0.431,0.4308233251301024,0.6744298918261876,False,870.1275634765625,577.0079345703125,54.694210052490234,522.313720703125,-293.11962890625
1379,/home/victor-xia/repos/Burst-Coast-MPC/artifacts/MonteCarloData/monte-carlo-data-epoch-266_20260614T022715,mpc-2040-20-lambda-0.807,0.8065238604231662,0.2985199992497955,False,437.22528076171875,577.9642944335938,28.687938690185547,549.2763671875,140.739013671875
1380,/home/victor-xia/repos/Burst-Coast-MPC/artifacts/MonteCarloData/monte-carlo-data-epoch-22_20260613T233639,mpc-1003-9-lambda-0.187,0.18738879342279247,0.06114914386823616,False,503.9004211425781,579.8934326171875,2.5097789764404297,577.3836669921875,75.99301147460938
1381,/home/victor-xia/repos/Burst-Coast-MPC/artifacts/MonteCarloData/monte-carlo-data-epoch-285_20260614T022947,mpc-161-1-lambda-0.16,0.1596696651579863,0.2465764471540185,False,962.6703491210938,579.9008178710938,10.918680191040039,568.9821166992188,-382.76953125
1382,/home/victor-xia/repos/Burst-Coast-MPC/artifacts/MonteCarloData/monte-carlo-data-epoch-160_20260614T210323,mpc-464-5-lambda-0.72,0.7201093738371058,0.4430259093612354,False,752.6217651367188,580.029052734375,44.58314514160156,535.4459228515625,-172.59271240234375
1383,/home/victor-xia/repos/Burst-Coast-MPC/artifacts/MonteCarloData/monte-carlo-data-epoch-360_20260614T023922,mpc-698-8-lambda-0.732,0.7323469037400043,0.7600730214745682,False,729.8574829101562,580.31591796875,96.84284210205078,483.47308349609375,-149.54156494140625
1384,/home/victor-xia/repos/Burst-Coast-MPC/artifacts/MonteCarloData/monte-carlo-data-epoch-529_20260614T030357,mpc-943-10-lambda-0.867,0.8669999092524511,0.09471725715186924,False,608.8506469726562,581.0740356445312,8.937633514404297,572.1364135742188,-27.776611328125
1385,/home/victor-xia/repos/Burst-Coast-MPC/artifacts/MonteCarloData/monte-carlo-data-epoch-525_20260614T030332,mpc-744-7-lambda-0.625,0.6245870040408261,0.7204665505510669,False,507.92840576171875,581.8494873046875,77.27119445800781,504.57830810546875,73.92108154296875
1386,/home/victor-xia/repos/Burst-Coast-MPC/artifacts/MonteCarloData/monte-carlo-data-epoch-292_20260614T023057,mpc-886-11-lambda-0.171,0.1708635903169727,0.9857753706070286,False,462.1812744140625,581.8998413085938,51.96148681640625,529.9383544921875,119.71856689453125
1387,/home/victor-xia/repos/Burst-Coast-MPC/artifacts/MonteCarloData/monte-carlo-data-epoch-489_20260614T025823,mpc-1694-14-lambda-0.071,0.07146428306284705,0.5057642943733572,False,704.2007446289062,582.747314453125,16.46725845336914,566.280029296875,-121.45343017578125
1388,/home/victor-xia/repos/Burst-Coast-MPC/artifacts/MonteCarloData/monte-carlo-data-epoch-99_20260614T020526,mpc-1268-14-lambda-0.763,0.7625066731289143,0.8461146568622346,False,534.0062255859375,585.427978515625,116.37362670898438,469.0543518066406,51.4217529296875
1389,/home/victor-xia/repos/Burst-Coast-MPC/artifacts/MonteCarloData/monte-carlo-data-epoch-265_20260614T211652,mpc-1006-14-lambda-0.3,0.2998507032955468,0.9600518954964066,False,476.9530029296875,585.7118530273438,70.17877197265625,515.5330810546875,108.75885009765625
1390,/home/victor-xia/repos/Burst-Coast-MPC/artifacts/MonteCarloData/monte-carlo-data-epoch-235_20260614T022253,mpc-718-6-lambda-0.157,0.15668656512930726,0.4796243802047523,False,614.3753051757812,586.32080078125,18.884639739990234,567.4361572265625,-28.05450439453125
1391,/home/victor-xia/repos/Burst-Coast-MPC/artifacts/MonteCarloData/monte-carlo-data-epoch-275_20260614T211801,mpc-90-1-lambda-0.782,0.7817965588804165,0.6052609538742324,False,733.5128784179688,586.3907470703125,76.93196868896484,509.4587707519531,-147.12213134765625
1392,/home/victor-xia/repos/Burst-Coast-MPC/artifacts/MonteCarloData/monte-carlo-data-epoch-159_20260614T021350,mpc-1935-16-lambda-0.151,0.1507670068687842,0.8028355361286408,False,676.0421752929688,587.486572265625,34.19904708862305,553.2875366210938,-88.55560302734375
1393,/home/victor-xia/repos/Burst-Coast-MPC/artifacts/MonteCarloData/monte-carlo-data-epoch-116_20260614T020814,mpc-0-0-lambda-0.553,0.552610789307139,0.45790478687805086,False,573.1940307617188,587.8336181640625,36.98051452636719,550.8530883789062,14.63958740234375
1394,/home/victor-xia/repos/Burst-Coast-MPC/artifacts/MonteCarloData/monte-carlo-data-epoch-327_20260614T023548,mpc-695-6-lambda-0.027,0.026576179852507188,0.1588804794301661,False,580.016357421875,587.9637451171875,5.207276821136475,582.7564697265625,7.9473876953125
1395,/home/victor-xia/repos/Burst-Coast-MPC/artifacts/MonteCarloData/monte-carlo-data-epoch-281_20260614T022911,mpc-832-9-lambda-0.969,0.9693430047742787,0.6485717615641517,False,490.6579895019531,588.2569580078125,94.98796081542969,493.26898193359375,97.59896850585938
1396,/home/victor-xia/repos/Burst-Coast-MPC/artifacts/MonteCarloData/monte-carlo-data-epoch-41_20260614T015747,mpc-1482-13-lambda-0.898,0.89789390916061,0.3393871512219129,False,587.9833374023438,588.6516723632812,36.706336975097656,551.9453125,0.6683349609375
1397,/home/victor-xia/repos/Burst-Coast-MPC/artifacts/MonteCarloData/monte-carlo-data-epoch-8_20260614T015329,mpc-926-7-lambda-0.145,0.14479188439203988,0.9600939468292282,False,786.9656372070312,590.1843872070312,43.19563293457031,546.98876953125,-196.78125
1398,/home/victor-xia/repos/Burst-Coast-MPC/artifacts/MonteCarloData/monte-carlo-data-epoch-366_20260614T213027,mpc-302-3-lambda-0.181,0.18094877683776284,0.18390477636510533,False,567.778564453125,590.5525512695312,6.768134117126465,583.784423828125,22.77398681640625
1399,/home/victor-xia/repos/Burst-Coast-MPC/artifacts/MonteCarloData/monte-carlo-data-epoch-189_20260614T021734,mpc-256-2-lambda-0.296,0.2957568271119663,0.7278802397627864,False,505.7681884765625,590.568359375,45.41786575317383,545.1505126953125,84.8001708984375
1400,/home/victor-xia/repos/Burst-Coast-MPC/artifacts/MonteCarloData/monte-carlo-data-epoch-285_20260614T022947,mpc-0-0-lambda-0.05,0.04991207789269273,0.7996165386895104,False,1000.9915161132812,592.2633056640625,24.297922134399414,567.9653930664062,-408.72821044921875
1401,/home/victor-xia/repos/Burst-Coast-MPC/artifacts/MonteCarloData/monte-carlo-data-epoch-145_20260614T021136,mpc-506-4-lambda-0.863,0.8630228500309507,0.6913269137667758,False,812.4483642578125,593.6104736328125,93.88432312011719,499.72613525390625,-218.837890625
1402,/home/victor-xia/repos/Burst-Coast-MPC/artifacts/MonteCarloData/monte-carlo-data-epoch-525_20260614T030332,mpc-706-6-lambda-0.907,0.9066312270882617,0.18815080616412286,False,538.4144897460938,593.7277221679688,19.143150329589844,574.5845947265625,55.313232421875
1403,/home/victor-xia/repos/Burst-Coast-MPC/artifacts/MonteCarloData/monte-carlo-data-epoch-481_20260614T025716,mpc-916-7-lambda-0.206,0.20624460022028535,0.4513039534453708,False,879.4100341796875,593.8720092773438,20.72892189025879,573.14306640625,-285.53802490234375
1404,/home/victor-xia/repos/Burst-Coast-MPC/artifacts/MonteCarloData/monte-carlo-data-epoch-447_20260614T025152,mpc-0-0-lambda-0.608,0.6077202846182637,0.4172742633065611,False,705.306640625,594.101806640625,38.197391510009766,555.9044189453125,-111.204833984375
1405,/home/victor-xia/repos/Burst-Coast-MPC/artifacts/MonteCarloData/monte-carlo-data-epoch-180_20260614T210545,mpc-0-0-lambda-0.517,0.517092901236515,0.19773338788452682,False,641.7225341796875,594.3838500976562,13.052618026733398,581.3312377929688,-47.33868408203125
1406,/home/victor-xia/repos/Burst-Coast-MPC/artifacts/MonteCarloData/monte-carlo-data-epoch-172_20260614T021552,mpc-1650-20-lambda-0.206,0.20600258987851913,0.5348969172483187,False,491.3180236816406,594.5442504882812,23.579025268554688,570.9652099609375,103.22622680664062
1407,/home/victor-xia/repos/Burst-Coast-MPC/artifacts/MonteCarloData/monte-carlo-data-epoch-26_20260613T233709,mpc-727-8-lambda-0.451,0.4512541309321373,0.3386428450338388,False,505.37762451171875,595.1012573242188,21.41304588317871,573.688232421875,89.7236328125
1408,/home/victor-xia/repos/Burst-Coast-MPC/artifacts/MonteCarloData/monte-carlo-data-epoch-129_20260614T020924,mpc-1359-13-lambda-0.205,0.205149956446766,0.8506202753553587,False,518.37451171875,595.3112182617188,45.10273361206055,550.20849609375,76.93670654296875
1409,/home/victor-xia/repos/Burst-Coast-MPC/artifacts/MonteCarloData/monte-carlo-data-epoch-180_20260614T210545,mpc-80-2-lambda-0.037,0.036872387330633104,0.5500426575023475,False,600.7490234375,595.8058471679688,14.138022422790527,581.6678466796875,-4.94317626953125
1410,/home/victor-xia/repos/Burst-Coast-MPC/artifacts/MonteCarloData/monte-carlo-data-epoch-140_20260614T021100,mpc-1057-12-lambda-0.779,0.7786494701779796,0.14592644860132162,False,415.8737487792969,595.905517578125,11.903084754943848,584.00244140625,180.03176879882812
1411,/home/victor-xia/repos/Burst-Coast-MPC/artifacts/MonteCarloData/monte-carlo-data-epoch-245_20260614T211411,mpc-477-5-lambda-0.519,0.5189166836510567,0.4424852011290858,False,729.7344360351562,596.3616333007812,34.96658706665039,561.39501953125,-133.372802734375
1412,/home/victor-xia/repos/Burst-Coast-MPC/artifacts/MonteCarloData/monte-carlo-data-epoch-288_20260614T023010,mpc-1328-15-lambda-0.693,0.6927127522041264,0.9368239222157804,False,805.800048828125,596.6278686523438,127.9808120727539,468.6470642089844,-209.17218017578125
1413,/home/victor-xia/repos/Burst-Coast-MPC/artifacts/MonteCarloData/monte-carlo-data-epoch-46_20260614T015831,mpc-1077-10-lambda-0.566,0.5659228501496789,0.4841339267652727,False,792.4512939453125,597.3059692382812,40.11652755737305,557.189453125,-195.14532470703125
1414,/home/victor-xia/repos/Burst-Coast-MPC/artifacts/MonteCarloData/monte-carlo-data-epoch-159_20260614T021350,mpc-2096-17-lambda-0.557,0.5570851443589738,0.7996292019584085,False,621.7728271484375,597.8682861328125,85.46426391601562,512.404052734375,-23.904541015625
1415,/home/victor-xia/repos/Burst-Coast-MPC/artifacts/MonteCarloData/monte-carlo-data-epoch-239_20260614T022324,mpc-1110-12-lambda-0.97,0.9699515981339468,0.948893151608282,False,489.6494140625,598.2576293945312,169.7398223876953,428.517822265625,108.60821533203125
1416,/home/victor-xia/repos/Burst-Coast-MPC/artifacts/MonteCarloData/monte-carlo-data-epoch-235_20260614T022253,mpc-685-5-lambda-0.129,0.12931459876653023,0.1658289306153338,False,623.6707763671875,599.83349609375,5.883199691772461,593.9503173828125,-23.8372802734375
1417,/home/victor-xia/repos/Burst-Coast-MPC/artifacts/MonteCarloData/monte-carlo-data-epoch-77_20260614T020235,mpc-704-6-lambda-0.524,0.523731516031324,0.8499807044558467,False,791.4086303710938,600.0512084960938,84.48863983154297,515.5625610351562,-191.357421875
1418,/home/victor-xia/repos/Burst-Coast-MPC/artifacts/MonteCarloData/monte-carlo-data-epoch-187_20260614T021727,mpc-0-0-lambda-0.316,0.3162163840430919,0.7319882554561973,False,608.6425170898438,600.3410034179688,50.2886848449707,550.0523071289062,-8.301513671875
1419,/home/victor-xia/repos/Burst-Coast-MPC/artifacts/MonteCarloData/monte-carlo-data-epoch-429_20260614T024928,mpc-774-8-lambda-0.586,0.586132253300946,0.3435042577289352,False,568.7888793945312,600.8297119140625,29.824806213378906,571.0048828125,32.04083251953125
1420,/home/victor-xia/repos/Burst-Coast-MPC/artifacts/MonteCarloData/monte-carlo-data-epoch-45_20260614T204640,mpc-638-5-lambda-0.597,0.596770712428666,0.9052365504547673,False,711.796630859375,601.142822265625,107.00542449951172,494.13739013671875,-110.65380859375
1421,/home/victor-xia/repos/Burst-Coast-MPC/artifacts/MonteCarloData/monte-carlo-data-epoch-42_20260613T233930,mpc-965-10-lambda-0.926,0.9261132171237395,0.5071330077144519,False,464.24127197265625,601.7113037109375,63.44570541381836,538.265625,137.47003173828125
1422,/home/victor-xia/repos/Burst-Coast-MPC/artifacts/MonteCarloData/monte-carlo-data-epoch-172_20260614T021552,mpc-1592-19-lambda-0.739,0.7385285773306257,0.28860158381499346,False,530.6625366210938,602.528076171875,24.73215103149414,577.7958984375,71.86553955078125
1423,/home/victor-xia/repos/Burst-Coast-MPC/artifacts/MonteCarloData/monte-carlo-data-epoch-401_20260614T024506,mpc-202-2-lambda-0.286,0.2862708040247553,0.7768138021143545,False,720.1403198242188,602.5791625976562,48.92384719848633,553.6553344726562,-117.5611572265625
1424,/home/victor-xia/repos/Burst-Coast-MPC/artifacts/MonteCarloData/monte-carlo-data-epoch-385_20260614T213311,mpc-1767-16-lambda-0.362,0.36213900630537943,0.7882220310409986,False,872.6152954101562,603.2841186523438,60.76653289794922,542.517578125,-269.3311767578125
1425,/home/victor-xia/repos/Burst-Coast-MPC/artifacts/MonteCarloData/monte-carlo-data-epoch-393_20260614T213431,mpc-1461-15-lambda-0.571,0.5708315093344076,0.7639573359955695,False,549.8040771484375,603.8829345703125,80.99201202392578,522.8909301757812,54.078857421875
1426,/home/victor-xia/repos/Burst-Coast-MPC/artifacts/MonteCarloData/monte-carlo-data-epoch-66_20260614T204948,mpc-1188-10-lambda-0.416,0.41603904832715927,0.32400570465758477,False,748.4310913085938,603.94775390625,19.93316078186035,584.0145874023438,-144.48333740234375
1427,/home/victor-xia/repos/Burst-Coast-MPC/artifacts/MonteCarloData/monte-carlo-data-epoch-216_20260614T022047,mpc-170-1-lambda-0.787,0.7870271970188348,0.8538787409489389,False,581.97998046875,604.8391723632812,118.18549346923828,486.6536865234375,22.85919189453125
1428,/home/victor-xia/repos/Burst-Coast-MPC/artifacts/MonteCarloData/monte-carlo-data-epoch-152_20260614T021306,mpc-1366-11-lambda-0.882,0.8815580002313924,0.7243118889337922,False,582.0934448242188,605.3478393554688,102.64382934570312,502.7040100097656,23.25439453125
1429,/home/victor-xia/repos/Burst-Coast-MPC/artifacts/MonteCarloData/monte-carlo-data-epoch-316_20260614T212322,mpc-557-5-lambda-0.377,0.3773631068737085,0.7004611056802583,False,561.423583984375,605.424560546875,52.950347900390625,552.4742431640625,44.0009765625
1430,/home/victor-xia/repos/Burst-Coast-MPC/artifacts/MonteCarloData/monte-carlo-data-epoch-290_20260614T211944,mpc-84-1-lambda-0.894,0.8943455393662847,0.1833623835802481,False,990.6826782226562,606.0321044921875,17.812963485717773,588.2191162109375,-384.65057373046875
1431,/home/victor-xia/repos/Burst-Coast-MPC/artifacts/MonteCarloData/monte-carlo-data-epoch-66_20260614T204948,mpc-1253-11-lambda-0.063,0.06311171872536897,0.7015784342787608,False,716.779052734375,606.3027954101562,19.735477447509766,586.5673217773438,-110.47625732421875
1432,/home/victor-xia/repos/Burst-Coast-MPC/artifacts/MonteCarloData/monte-carlo-data-epoch-305_20260614T212202,mpc-151-1-lambda-0.251,0.2513447283956662,0.08927011698147677,False,517.2888793945312,606.6751098632812,4.042214393615723,602.6328735351562,89.38623046875
1433,/home/victor-xia/repos/Burst-Coast-MPC/artifacts/MonteCarloData/monte-carlo-data-epoch-264_20260614T211644,mpc-388-3-lambda-0.41,0.4098298578372904,0.3091338644918854,False,680.339111328125,606.6774291992188,19.100160598754883,587.5772705078125,-73.66168212890625
1434,/home/victor-xia/repos/Burst-Coast-MPC/artifacts/MonteCarloData/monte-carlo-data-epoch-285_20260614T022947,mpc-211-2-lambda-0.609,0.6087713625368472,0.8413776303627486,False,945.3377075195312,606.7265014648438,98.51189422607422,508.214599609375,-338.6112060546875
1435,/home/victor-xia/repos/Burst-Coast-MPC/artifacts/MonteCarloData/monte-carlo-data-epoch-235_20260614T022253,mpc-632-4-lambda-0.396,0.3955084526832732,0.264315580875238,False,648.1396484375,606.9655151367188,15.407881736755371,591.5576171875,-41.17413330078125
1436,/home/victor-xia/repos/Burst-Coast-MPC/artifacts/MonteCarloData/monte-carlo-data-epoch-8_20260614T015329,mpc-1125-9-lambda-0.333,0.33276141242385454,0.31567290633060896,False,714.6537475585938,608.1625366210938,15.836222648620605,592.3262939453125,-106.4912109375
1437,/home/victor-xia/repos/Burst-Coast-MPC/artifacts/MonteCarloData/monte-carlo-data-epoch-39_20260613T233910,mpc-127-2-lambda-0.416,0.415794242501966,0.17482480227750016,False,366.9021911621094,608.699951171875,9.82369613647461,598.8762817382812,241.79776000976562
1438,/home/victor-xia/repos/Burst-Coast-MPC/artifacts/MonteCarloData/monte-carlo-data-epoch-351_20260614T212809,mpc-392-5-lambda-0.878,0.8784270719267695,0.47700803567137706,False,499.3208312988281,609.027587890625,58.458717346191406,550.56884765625,109.70675659179688
1439,/home/victor-xia/repos/Burst-Coast-MPC/artifacts/MonteCarloData/monte-carlo-data-epoch-184_20260614T210609,mpc-0-0-lambda-0.529,0.5293675350629309,0.44137270063457923,False,753.6943359375,609.0839233398438,35.66307830810547,573.4208374023438,-144.61041259765625
1440,/home/victor-xia/repos/Burst-Coast-MPC/artifacts/MonteCarloData/monte-carlo-data-epoch-351_20260614T212809,mpc-291-4-lambda-0.032,0.031877144577941614,0.5018590010462327,False,520.4049682617188,610.1099853515625,13.425436019897461,596.6845703125,89.70501708984375
1441,/home/victor-xia/repos/Burst-Coast-MPC/artifacts/MonteCarloData/monte-carlo-data-epoch-317_20260614T212330,mpc-169-1-lambda-0.903,0.9032246559273532,0.7930128412925412,False,895.8472290039062,610.3897705078125,132.8676300048828,477.52215576171875,-285.45745849609375
1442,/home/victor-xia/repos/Burst-Coast-MPC/artifacts/MonteCarloData/monte-carlo-data-epoch-8_20260614T015329,mpc-1119-8-lambda-0.237,0.23687976460060953,0.02737757307224451,False,718.3029174804688,610.5885620117188,2.2796125411987305,608.3089599609375,-107.71435546875
1443,/home/victor-xia/repos/Burst-Coast-MPC/artifacts/MonteCarloData/monte-carlo-data-epoch-316_20260614T212322,mpc-490-4-lambda-0.201,0.20098891955838216,0.3324128657255163,False,585.2417602539062,611.3271484375,15.0233736038208,596.3037719726562,26.08538818359375
1444,/home/victor-xia/repos/Burst-Coast-MPC/artifacts/MonteCarloData/monte-carlo-data-epoch-273_20260614T211739,mpc-869-10-lambda-0.386,0.3861371565860355,0.46241380737903376,False,538.0857543945312,611.33447265625,29.891706466674805,581.4427490234375,73.24871826171875
1445,/home/victor-xia/repos/Burst-Coast-MPC/artifacts/MonteCarloData/monte-carlo-data-epoch-265_20260614T211652,mpc-935-13-lambda-0.868,0.8680609754585065,0.35302188336834933,False,538.0856323242188,611.4385375976562,38.3052978515625,573.1332397460938,73.3529052734375
1446,/home/victor-xia/repos/Burst-Coast-MPC/artifacts/MonteCarloData/monte-carlo-data-epoch-116_20260614T205651,mpc-45-1-lambda-0.904,0.9039852846764262,0.973625764265916,False,441.18701171875,611.9443359375,177.54916381835938,434.3951721191406,170.75732421875
1447,/home/victor-xia/repos/Burst-Coast-MPC/artifacts/MonteCarloData/monte-carlo-data-epoch-290_20260614T211944,mpc-121-2-lambda-0.121,0.1206867840026623,0.9364942578968629,False,962.3634033203125,612.1466674804688,37.35641860961914,574.7902221679688,-350.21673583984375
1448,/home/victor-xia/repos/Burst-Coast-MPC/artifacts/MonteCarloData/monte-carlo-data-epoch-26_20260613T233709,mpc-645-7-lambda-0.079,0.07851235066367968,0.4062132682065821,False,525.0805053710938,612.7273559570312,12.506235122680664,600.2211303710938,87.6468505859375
1449,/home/victor-xia/repos/Burst-Coast-MPC/artifacts/MonteCarloData/monte-carlo-data-epoch-17_20260614T015442,mpc-1139-10-lambda-0.928,0.9283930358220482,0.28034323417032975,False,478.3948059082031,613.0656127929688,29.05403709411621,584.0115966796875,134.67080688476562
1450,/home/victor-xia/repos/Burst-Coast-MPC/artifacts/MonteCarloData/monte-carlo-data-epoch-318_20260614T212339,mpc-588-4-lambda-0.884,0.8837887272703268,0.9653003146836774,False,691.787353515625,614.3316650390625,183.698486328125,430.6331787109375,-77.4556884765625
1451,/home/victor-xia/repos/Burst-Coast-MPC/artifacts/MonteCarloData/monte-carlo-data-epoch-137_20260614T205958,mpc-191-1-lambda-0.084,0.08357689005031407,0.606240816155438,False,963.8677368164062,616.5494995117188,19.966691970825195,596.5828247070312,-347.3182373046875
1452,/home/victor-xia/repos/Burst-Coast-MPC/artifacts/MonteCarloData/monte-carlo-data-epoch-489_20260614T025823,mpc-1796-15-lambda-0.983,0.9827722781279374,0.680483639713092,False,678.2113647460938,617.201171875,105.85200500488281,511.34918212890625,-61.01019287109375
1453,/home/victor-xia/repos/Burst-Coast-MPC/artifacts/MonteCarloData/monte-carlo-data-epoch-66_20260614T204948,mpc-1394-12-lambda-0.871,0.8713608305206157,0.7174048765191332,False,685.7573852539062,617.65625,109.96376037597656,507.6925048828125,-68.10113525390625
1454,/home/victor-xia/repos/Burst-Coast-MPC/artifacts/MonteCarloData/monte-carlo-data-epoch-131_20260614T205906,mpc-765-7-lambda-0.82,0.8198457033069029,0.5262201232424083,False,743.66455078125,619.589599609375,64.90046691894531,554.6891479492188,-124.074951171875
1455,/home/victor-xia/repos/Burst-Coast-MPC/artifacts/MonteCarloData/monte-carlo-data-epoch-245_20260614T211411,mpc-437-4-lambda-0.823,0.8230702403183524,0.19889470908443915,False,757.6380004882812,619.8049926757812,17.554967880249023,602.25,-137.8330078125
1456,/home/victor-xia/repos/Burst-Coast-MPC/artifacts/MonteCarloData/monte-carlo-data-epoch-122_20260614T205732,mpc-1735-21-lambda-0.309,0.309145559861518,0.5865092543720138,False,639.9515991210938,621.9275512695312,35.48384475708008,586.4437255859375,-18.0240478515625
1457,/home/victor-xia/repos/Burst-Coast-MPC/artifacts/MonteCarloData/monte-carlo-data-epoch-327_20260614T023548,mpc-727-7-lambda-0.542,0.5421681435187883,0.2559306428472821,False,571.7880859375,622.219970703125,18.284589767456055,603.9353637695312,50.431884765625
1458,/home/victor-xia/repos/Burst-Coast-MPC/artifacts/MonteCarloData/monte-carlo-data-epoch-26_20260613T233709,mpc-599-6-lambda-0.364,0.3638890714051234,0.23034701960112813,False,543.614990234375,622.32763671875,11.707304954528809,610.620361328125,78.712646484375
1459,/home/victor-xia/repos/Burst-Coast-MPC/artifacts/MonteCarloData/monte-carlo-data-epoch-159_20260614T021350,mpc-1854-15-lambda-0.885,0.8846036220827577,0.40081834275795036,False,748.6788330078125,622.8976440429688,45.48210906982422,577.41552734375,-125.78118896484375
1460,/home/victor-xia/repos/Burst-Coast-MPC/artifacts/MonteCarloData/monte-carlo-data-epoch-93_20260614T205338,mpc-116-1-lambda-0.832,0.8318542152633729,0.28161867131398255,False,652.2457275390625,622.9425048828125,28.108867645263672,594.8336181640625,-29.30322265625
1461,/home/victor-xia/repos/Burst-Coast-MPC/artifacts/MonteCarloData/monte-carlo-data-epoch-266_20260614T022715,mpc-2014-19-lambda-0.717,0.7171179064171742,0.1273464052046755,False,454.74072265625,624.4359741210938,11.015402793884277,613.4205932617188,169.69525146484375
1462,/home/victor-xia/repos/Burst-Coast-MPC/artifacts/MonteCarloData/monte-carlo-data-epoch-347_20260614T023755,mpc-931-10-lambda-0.125,0.12455125325207923,0.9993408593051424,False,857.1014404296875,624.5017700195312,45.346439361572266,579.1553344726562,-232.59967041015625
1463,/home/victor-xia/repos/Burst-Coast-MPC/artifacts/MonteCarloData/monte-carlo-data-epoch-42_20260613T233930,mpc-833-8-lambda-0.808,0.8083464780535845,0.07953758089701325,False,512.0388793945312,624.5306396484375,7.517086029052734,617.0135498046875,112.49176025390625
1464,/home/victor-xia/repos/Burst-Coast-MPC/artifacts/MonteCarloData/monte-carlo-data-epoch-271_20260614T022745,mpc-1510-14-lambda-0.73,0.7300688618603446,0.9302793716132747,False,595.522216796875,624.6720581054688,139.6164093017578,485.0556640625,29.14984130859375
1465,/home/victor-xia/repos/Burst-Coast-MPC/artifacts/MonteCarloData/monte-carlo-data-epoch-193_20260614T021758,mpc-872-7-lambda-0.117,0.11723882236963482,0.3478050263406589,False,714.9375610351562,624.962890625,11.527557373046875,613.435302734375,-89.97467041015625
1466,/home/victor-xia/repos/Burst-Coast-MPC/artifacts/MonteCarloData/monte-carlo-data-epoch-336_20260614T212603,mpc-553-5-lambda-0.605,0.6048390103710163,0.47318587716116406,False,705.4920654296875,626.6173095703125,43.339385986328125,583.2779541015625,-78.874755859375
1467,/home/victor-xia/repos/Burst-Coast-MPC/artifacts/MonteCarloData/monte-carlo-data-epoch-453_20260614T025300,mpc-555-7-lambda-0.571,0.5710418895656991,0.6328695402401066,False,731.8955688476562,628.4503784179688,59.542152404785156,568.908203125,-103.4451904296875
1468,/home/victor-xia/repos/Burst-Coast-MPC/artifacts/MonteCarloData/monte-carlo-data-epoch-325_20260614T023534,mpc-571-6-lambda-0.724,0.723571996246815,0.6458225222390133,False,862.774169921875,628.990478515625,74.79566192626953,554.19482421875,-233.78369140625
1469,/home/victor-xia/repos/Burst-Coast-MPC/artifacts/MonteCarloData/monte-carlo-data-epoch-385_20260614T024253,mpc-452-4-lambda-0.383,0.382760575348072,0.9431002834424979,False,666.2710571289062,629.18310546875,79.95687866210938,549.2261962890625,-37.08795166015625
1470,/home/victor-xia/repos/Burst-Coast-MPC/artifacts/MonteCarloData/monte-carlo-data-epoch-129_20260614T020924,mpc-1308-12-lambda-0.593,0.5928458576421951,0.2529739046601463,False,548.6783447265625,629.2179565429688,19.05854034423828,610.159423828125,80.53961181640625
1471,/home/victor-xia/repos/Burst-Coast-MPC/artifacts/MonteCarloData/monte-carlo-data-epoch-347_20260614T023755,mpc-853-8-lambda-0.485,0.4849239204257448,0.31747579292237255,False,905.089111328125,630.9863891601562,23.541419982910156,607.4449462890625,-274.10272216796875
1472,/home/victor-xia/repos/Burst-Coast-MPC/artifacts/MonteCarloData/monte-carlo-data-epoch-33_20260614T204532,mpc-0-0-lambda-0.169,0.1685413267923338,0.45538043271311723,False,721.3165893554688,631.0675659179688,18.441207885742188,612.6263427734375,-90.2490234375
1473,/home/victor-xia/repos/Burst-Coast-MPC/artifacts/MonteCarloData/monte-carlo-data-epoch-215_20260614T210955,mpc-149-1-lambda-0.221,0.22118007270478093,0.29147509143208516,False,615.88525390625,631.9810791015625,12.847874641418457,619.1331787109375,16.0958251953125
1474,/home/victor-xia/repos/Burst-Coast-MPC/artifacts/MonteCarloData/monte-carlo-data-epoch-288_20260614T023010,mpc-1219-14-lambda-0.293,0.2926126618309299,0.5429392355711165,False,859.0604858398438,632.1357421875,33.401512145996094,598.7342529296875,-226.92474365234375
1475,/home/victor-xia/repos/Burst-Coast-MPC/artifacts/MonteCarloData/monte-carlo-data-epoch-69_20260614T205023,mpc-579-4-lambda-0.463,0.46296875810163785,0.02250023575610771,False,705.469970703125,632.7263793945312,2.987983226776123,629.7384033203125,-72.74359130859375
1476,/home/victor-xia/repos/Burst-Coast-MPC/artifacts/MonteCarloData/monte-carlo-data-epoch-271_20260614T022745,mpc-1348-13-lambda-0.268,0.26815535048141753,0.8083573972381387,False,676.493896484375,632.7935180664062,50.71971130371094,582.0737915039062,-43.70037841796875
1477,/home/victor-xia/repos/Burst-Coast-MPC/artifacts/MonteCarloData/monte-carlo-data-epoch-155_20260614T210248,mpc-1354-12-lambda-0.145,0.14479113135487973,0.012997382062550017,False,651.5491333007812,632.8026123046875,1.8363037109375,630.96630859375,-18.74652099609375
1478,/home/victor-xia/repos/Burst-Coast-MPC/artifacts/MonteCarloData/monte-carlo-data-epoch-31_20260613T233752,mpc-1693-15-lambda-0.807,0.8070688977152463,0.5120739864215054,False,582.8782348632812,632.8388671875,58.42522430419922,574.4136352539062,49.96063232421875
1479,/home/victor-xia/repos/Burst-Coast-MPC/artifacts/MonteCarloData/monte-carlo-data-epoch-393_20260614T213431,mpc-1195-12-lambda-0.305,0.30487548920728547,0.6014433726284921,False,645.643310546875,633.6130981445312,36.09328842163086,597.5198364257812,-12.03021240234375
1480,/home/victor-xia/repos/Burst-Coast-MPC/artifacts/MonteCarloData/monte-carlo-data-epoch-437_20260614T025016,mpc-961-10-lambda-0.722,0.7220894877662103,0.7176383808563399,False,694.4026489257812,633.6331787109375,86.19717407226562,547.43603515625,-60.76947021484375
1481,/home/victor-xia/repos/Burst-Coast-MPC/artifacts/MonteCarloData/monte-carlo-data-epoch-281_20260614T022911,mpc-756-8-lambda-0.988,0.9877723038850958,0.3781851031438861,False,566.3422241210938,634.3154907226562,47.35834503173828,586.9571533203125,67.9732666015625
1482,/home/victor-xia/repos/Burst-Coast-MPC/artifacts/MonteCarloData/monte-carlo-data-epoch-239_20260614T022324,mpc-1099-11-lambda-0.812,0.8117253539377609,0.05414163358163258,False,497.04034423828125,634.4703369140625,4.6634650230407715,629.806884765625,137.42999267578125
1483,/home/victor-xia/repos/Burst-Coast-MPC/artifacts/MonteCarloData/monte-carlo-data-epoch-34_20260614T204540,mpc-59-3-lambda-0.195,0.1954538050891494,0.4434293087739327,False,570.9468383789062,634.9603881835938,19.14185333251953,615.8185424804688,64.0135498046875
1484,/home/victor-xia/repos/Burst-Coast-MPC/artifacts/MonteCarloData/monte-carlo-data-epoch-155_20260614T210248,mpc-1357-13-lambda-0.86,0.859657574774089,0.8171237415393705,False,648.6009521484375,635.1265258789062,122.53227233886719,512.59423828125,-13.47442626953125
1485,/home/victor-xia/repos/Burst-Coast-MPC/artifacts/MonteCarloData/monte-carlo-data-epoch-305_20260614T212202,mpc-169-2-lambda-0.978,0.9779896153215883,0.6626396541390183,False,510.8835754394531,635.4821166992188,100.60294342041016,534.879150390625,124.59854125976562
1486,/home/victor-xia/repos/Burst-Coast-MPC/artifacts/MonteCarloData/monte-carlo-data-epoch-160_20260614T210323,mpc-385-4-lambda-0.186,0.18582143382006017,0.39316180978190135,False,776.993896484375,635.529541015625,15.420702934265137,620.1088256835938,-141.46435546875
1487,/home/victor-xia/repos/Burst-Coast-MPC/artifacts/MonteCarloData/monte-carlo-data-epoch-193_20260614T210711,mpc-1255-14-lambda-0.484,0.48390887879979533,0.3506157745293606,False,689.4013671875,635.5736083984375,24.291513442993164,611.2821044921875,-53.8277587890625
1488,/home/victor-xia/repos/Burst-Coast-MPC/artifacts/MonteCarloData/monte-carlo-data-epoch-94_20260614T205344,mpc-174-2-lambda-0.951,0.9511110184816294,0.7022146021173515,False,515.40478515625,636.39013671875,107.98179626464844,528.4083251953125,120.9853515625
1489,/home/victor-xia/repos/Burst-Coast-MPC/artifacts/MonteCarloData/monte-carlo-data-epoch-21_20260613T233630,mpc-910-10-lambda-0.833,0.8327156394780983,0.6799974831208544,False,482.40570068359375,636.528076171875,89.62081909179688,546.9072265625,154.12237548828125
1490,/home/victor-xia/repos/Burst-Coast-MPC/artifacts/MonteCarloData/monte-carlo-data-epoch-481_20260614T025716,mpc-1007-8-lambda-0.96,0.960125182611365,0.5033353602151266,False,846.5150756835938,636.656494140625,69.60535430908203,567.0511474609375,-209.85858154296875
1491,/home/victor-xia/repos/Burst-Coast-MPC/artifacts/MonteCarloData/monte-carlo-data-epoch-138_20260614T210009,mpc-980-11-lambda-0.884,0.883767447170982,0.6794087550660214,False,601.1763305664062,637.5841674804688,97.15718078613281,540.427001953125,36.4078369140625
1492,/home/victor-xia/repos/Burst-Coast-MPC/artifacts/MonteCarloData/monte-carlo-data-epoch-22_20260613T233639,mpc-945-8-lambda-0.826,0.8260543342739988,0.2894985465691962,False,548.6503295898438,637.71044921875,28.093257904052734,609.6171875,89.06011962890625
1493,/home/victor-xia/repos/Burst-Coast-MPC/artifacts/MonteCarloData/monte-carlo-data-epoch-110_20260614T020707,mpc-894-7-lambda-0.727,0.7268513146141019,0.3827123234145904,False,646.2777099609375,637.7376098632812,36.000526428222656,601.737060546875,-8.54010009765625
1494,/home/victor-xia/repos/Burst-Coast-MPC/artifacts/MonteCarloData/monte-carlo-data-epoch-347_20260614T023755,mpc-917-9-lambda-0.744,0.7435385205284996,0.07050205624390893,False,867.58984375,638.2490234375,6.872494220733643,631.3765258789062,-229.3408203125
1495,/home/victor-xia/repos/Burst-Coast-MPC/artifacts/MonteCarloData/monte-carlo-data-epoch-79_20260614T205138,mpc-1048-9-lambda-0.927,0.9267201057992777,0.4092434382816308,False,560.3464965820312,638.994140625,48.88114929199219,590.1129760742188,78.64764404296875
1496,/home/victor-xia/repos/Burst-Coast-MPC/artifacts/MonteCarloData/monte-carlo-data-epoch-324_20260614T212424,mpc-1397-14-lambda-0.712,0.7124782612670892,0.09393625436803857,False,551.0906982421875,639.2083740234375,8.167613983154297,631.040771484375,88.11767578125
1497,/home/victor-xia/repos/Burst-Coast-MPC/artifacts/MonteCarloData/monte-carlo-data-epoch-351_20260614T023825,mpc-2298-26-lambda-0.415,0.4148651092582058,0.9809501702076563,False,622.4750366210938,639.55029296875,89.50686645507812,550.04345703125,17.07525634765625
1498,/home/victor-xia/repos/Burst-Coast-MPC/artifacts/MonteCarloData/monte-carlo-data-epoch-401_20260614T024506,mpc-358-3-lambda-0.97,0.9696275798712595,0.9848951272139083,False,642.0567626953125,640.5352783203125,191.4599609375,449.0753173828125,-1.521484375
1499,/home/victor-xia/repos/Burst-Coast-MPC/artifacts/MonteCarloData/monte-carlo-data-epoch-324_20260614T212424,mpc-1416-15-lambda-0.83,0.8297771495865707,0.5615100989487782,False,538.09814453125,642.5250854492188,69.58567810058594,572.9393920898438,104.42694091796875
1500,/home/victor-xia/repos/Burst-Coast-MPC/artifacts/MonteCarloData/monte-carlo-data-epoch-290_20260614T211944,mpc-309-3-lambda-0.5,0.49984670318632435,0.9572273122211324,False,903.1175537109375,642.8005981445312,108.61871337890625,534.181884765625,-260.31695556640625
1501,/home/victor-xia/repos/Burst-Coast-MPC/artifacts/MonteCarloData/monte-carlo-data-epoch-193_20260614T021758,mpc-942-8-lambda-0.505,0.5052943962965597,0.7239695468424416,False,696.7688598632812,642.90234375,66.06806182861328,576.8342895507812,-53.86651611328125
1502,/home/victor-xia/repos/Burst-Coast-MPC/artifacts/MonteCarloData/monte-carlo-data-epoch-84_20260614T020345,mpc-0-0-lambda-0.39,0.389875590853506,0.8611647943809054,False,745.2322387695312,643.0015869140625,70.29977416992188,572.7017822265625,-102.23065185546875
1503,/home/victor-xia/repos/Burst-Coast-MPC/artifacts/MonteCarloData/monte-carlo-data-epoch-8_20260614T204142,mpc-95-1-lambda-0.883,0.8828110425165432,0.4659229349631353,False,632.9365234375,643.3593139648438,56.18600082397461,587.17333984375,10.42279052734375
1504,/home/victor-xia/repos/Burst-Coast-MPC/artifacts/MonteCarloData/monte-carlo-data-epoch-370_20260614T213101,mpc-2229-27-lambda-0.555,0.5547250303142619,0.934390111517905,False,635.00830078125,643.5208129882812,113.26374816894531,530.257080078125,8.51251220703125
1505,/home/victor-xia/repos/Burst-Coast-MPC/artifacts/MonteCarloData/monte-carlo-data-epoch-193_20260614T210711,mpc-1188-13-lambda-0.387,0.38689869349735767,0.33220927957279495,False,720.2589721679688,644.5582885742188,19.438709259033203,625.1195678710938,-75.70068359375
1506,/home/victor-xia/repos/Burst-Coast-MPC/artifacts/MonteCarloData/monte-carlo-data-epoch-42_20260613T233930,mpc-849-9-lambda-0.157,0.1571012075664882,0.5768708816960249,False,500.0561218261719,644.5623168945312,22.636768341064453,621.925537109375,144.50619506835938
1507,/home/victor-xia/repos/Burst-Coast-MPC/artifacts/MonteCarloData/monte-carlo-data-epoch-201_20260614T210809,mpc-633-6-lambda-0.956,0.9560252112349021,0.5385612916506612,False,576.7410278320312,644.7196655273438,73.40117645263672,571.3184814453125,67.9786376953125
1508,/home/victor-xia/repos/Burst-Coast-MPC/artifacts/MonteCarloData/monte-carlo-data-epoch-457_20260614T025349,mpc-54-1-lambda-0.953,0.9534596397897288,0.6261423880152223,False,707.3156127929688,644.8795166015625,90.96568298339844,553.913818359375,-62.43609619140625
1509,/home/victor-xia/repos/Burst-Coast-MPC/artifacts/MonteCarloData/monte-carlo-data-epoch-33_20260614T204532,mpc-92-1-lambda-0.436,0.43619823700652244,0.7758980619347637,False,692.1397705078125,645.3690185546875,69.7809829711914,575.5880126953125,-46.770751953125
1510,/home/victor-xia/repos/Burst-Coast-MPC/artifacts/MonteCarloData/monte-carlo-data-epoch-448_20260614T025158,mpc-2548-26-lambda-0.2,0.19964193173151545,0.8291317937548027,False,496.9302062988281,645.4014282226562,43.387760162353516,602.013671875,148.47122192382812
1511,/home/victor-xia/repos/Burst-Coast-MPC/artifacts/MonteCarloData/monte-carlo-data-epoch-53_20260613T234112,mpc-330-5-lambda-0.535,0.5347768361770823,0.25817383389102444,False,583.0462036132812,645.458740234375,17.643089294433594,627.815673828125,62.41253662109375
1512,/home/victor-xia/repos/Burst-Coast-MPC/artifacts/MonteCarloData/monte-carlo-data-epoch-256_20260614T211547,mpc-284-3-lambda-0.695,0.6951660150993509,0.8689824839432586,False,670.4384765625,645.5994873046875,116.00667572021484,529.5928344726562,-24.8389892578125
1513,/home/victor-xia/repos/Burst-Coast-MPC/artifacts/MonteCarloData/monte-carlo-data-epoch-445_20260614T025133,mpc-1504-15-lambda-0.549,0.5492233658266596,0.8311073374401458,False,588.90087890625,647.561767578125,88.18920135498047,559.37255859375,58.660888671875
1514,/home/victor-xia/repos/Burst-Coast-MPC/artifacts/MonteCarloData/monte-carlo-data-epoch-52_20260613T234101,mpc-868-6-lambda-0.131,0.13113787572736393,0.09526308274385502,False,614.2359619140625,647.9127197265625,3.4664125442504883,644.4462890625,33.6767578125
1515,/home/victor-xia/repos/Burst-Coast-MPC/artifacts/MonteCarloData/monte-carlo-data-epoch-34_20260614T204540,mpc-30-2-lambda-0.52,0.5196075890580107,0.14638492499979336,False,586.06640625,648.1746826171875,9.53567123413086,638.6390380859375,62.1082763671875
1516,/home/victor-xia/repos/Burst-Coast-MPC/artifacts/MonteCarloData/monte-carlo-data-epoch-140_20260614T021100,mpc-970-11-lambda-0.642,0.6417794716466598,0.43311323260895657,False,477.4842224121094,648.4940185546875,38.62082290649414,609.8731689453125,171.00979614257812
1517,/home/victor-xia/repos/Burst-Coast-MPC/artifacts/MonteCarloData/monte-carlo-data-epoch-265_20260614T211652,mpc-812-12-lambda-0.138,0.13784424982874466,0.6139952680256644,False,575.798583984375,648.5148315429688,23.813682556152344,624.701171875,72.71624755859375
1518,/home/victor-xia/repos/Burst-Coast-MPC/artifacts/MonteCarloData/monte-carlo-data-epoch-52_20260613T234101,mpc-887-7-lambda-0.737,0.7365133180465822,0.05017458424381208,False,608.7501220703125,648.8174438476562,4.472986221313477,644.344482421875,40.06732177734375
1519,/home/victor-xia/repos/Burst-Coast-MPC/artifacts/MonteCarloData/monte-carlo-data-epoch-69_20260614T205023,mpc-584-5-lambda-0.588,0.5881007084148151,0.8467278832367064,False,700.65478515625,649.3410034179688,97.20098876953125,552.1400146484375,-51.31378173828125
1520,/home/victor-xia/repos/Burst-Coast-MPC/artifacts/MonteCarloData/monte-carlo-data-epoch-370_20260614T213101,mpc-2169-26-lambda-0.996,0.9957125835617943,0.29624571975835684,False,689.4481811523438,649.6870727539062,34.13961410522461,615.5474853515625,-39.7611083984375
1521,/home/victor-xia/repos/Burst-Coast-MPC/artifacts/MonteCarloData/monte-carlo-data-epoch-290_20260614T211944,mpc-0-0-lambda-0.329,0.3294148112952057,0.41588802417047754,False,1028.5322265625,649.769287109375,23.816614151000977,625.9526977539062,-378.762939453125
1522,/home/victor-xia/repos/Burst-Coast-MPC/artifacts/MonteCarloData/monte-carlo-data-epoch-168_20260614T021526,mpc-581-5-lambda-0.826,0.8261846157143133,0.9680164352378364,False,649.5579833984375,650.3616943359375,149.81961059570312,500.5420837402344,0.8037109375
1523,/home/victor-xia/repos/Burst-Coast-MPC/artifacts/MonteCarloData/monte-carlo-data-epoch-437_20260614T025016,mpc-842-9-lambda-0.246,0.24640283802440777,0.5905830391073984,False,745.5121459960938,650.3839721679688,32.11627960205078,618.2677001953125,-95.128173828125
1524,/home/victor-xia/repos/Burst-Coast-MPC/artifacts/MonteCarloData/monte-carlo-data-epoch-93_20260614T205338,mpc-0-0-lambda-0.078,0.07823034340893796,0.5773767235366848,False,681.4939575195312,650.7958984375,18.547101974487305,632.248779296875,-30.69805908203125
1525,/home/victor-xia/repos/Burst-Coast-MPC/artifacts/MonteCarloData/monte-carlo-data-epoch-90_20260614T020433,mpc-316-3-lambda-0.981,0.9814409153381398,0.39012524260708226,False,808.2952880859375,651.1349487304688,47.09219741821289,604.042724609375,-157.16033935546875
1526,/home/victor-xia/repos/Burst-Coast-MPC/artifacts/MonteCarloData/monte-carlo-data-epoch-201_20260614T210809,mpc-605-5-lambda-0.592,0.592358672074431,0.14015385510789116,False,591.7743530273438,651.608154296875,9.478018760681152,642.130126953125,59.83380126953125
1527,/home/victor-xia/repos/Burst-Coast-MPC/artifacts/MonteCarloData/monte-carlo-data-epoch-472_20260614T025607,mpc-1081-10-lambda-0.182,0.1818439681926174,0.6073041333320625,False,658.7883911132812,652.6057739257812,27.188711166381836,625.4170532226562,-6.1826171875
1528,/home/victor-xia/repos/Burst-Coast-MPC/artifacts/MonteCarloData/monte-carlo-data-epoch-26_20260613T233709,mpc-532-5-lambda-0.272,0.27244845469273393,0.3324827818991226,False,568.0703735351562,653.2798461914062,15.449629783630371,637.8302001953125,85.20947265625
1529,/home/victor-xia/repos/Burst-Coast-MPC/artifacts/MonteCarloData/monte-carlo-data-epoch-183_20260614T021655,mpc-1012-10-lambda-0.08,0.07960701928355404,0.30505336733691574,False,851.3839721679688,654.32177734375,9.007818222045898,645.31396484375,-197.06219482421875
1530,/home/victor-xia/repos/Burst-Coast-MPC/artifacts/MonteCarloData/monte-carlo-data-epoch-366_20260614T213027,mpc-339-4-lambda-0.705,0.7052808642975775,0.917203153932139,False,557.0980224609375,654.4437255859375,127.80274963378906,526.6409912109375,97.345703125
1531,/home/victor-xia/repos/Burst-Coast-MPC/artifacts/MonteCarloData/monte-carlo-data-epoch-301_20260614T212132,mpc-1610-16-lambda-0.812,0.8115095798873079,0.21051209372230895,False,649.2044677734375,654.4795532226562,19.202360153198242,635.2772216796875,5.27508544921875
1532,/home/victor-xia/repos/Burst-Coast-MPC/artifacts/MonteCarloData/monte-carlo-data-epoch-99_20260614T020526,mpc-1194-13-lambda-0.777,0.7767609685890035,0.3682685619013144,False,592.2381591796875,654.5414428710938,36.5091438293457,618.0322875976562,62.30328369140625
1533,/home/victor-xia/repos/Burst-Coast-MPC/artifacts/MonteCarloData/monte-carlo-data-epoch-32_20260613T233806,mpc-1301-13-lambda-0.38,0.3797829734597903,0.7909680253240841,False,565.7871704101562,655.387451171875,60.53885269165039,594.8485717773438,89.60028076171875
1534,/home/victor-xia/repos/Burst-Coast-MPC/artifacts/MonteCarloData/monte-carlo-data-epoch-8_20260614T015329,mpc-858-6-lambda-0.596,0.5960475505684832,0.33591421691346096,False,829.1927490234375,655.525634765625,26.525856018066406,628.999755859375,-173.6671142578125
1535,/home/victor-xia/repos/Burst-Coast-MPC/artifacts/MonteCarloData/monte-carlo-data-epoch-193_20260614T210711,mpc-1325-15-lambda-0.909,0.9092294354980879,0.8988264366731372,False,650.7534790039062,655.7132568359375,154.62123107910156,501.092041015625,4.95977783203125
1536,/home/victor-xia/repos/Burst-Coast-MPC/artifacts/MonteCarloData/monte-carlo-data-epoch-317_20260614T212330,mpc-0-0-lambda-0.484,0.4835841704241594,0.8425870803849967,False,1028.8779296875,655.7510986328125,82.94398498535156,572.80712890625,-373.1268310546875
1537,/home/victor-xia/repos/Burst-Coast-MPC/artifacts/MonteCarloData/monte-carlo-data-epoch-27_20260613T233717,mpc-1491-19-lambda-0.163,0.1634498416382737,0.6212473546786456,False,568.4911499023438,655.9541015625,25.43593406677246,630.5181884765625,87.46295166015625
1538,/home/victor-xia/repos/Burst-Coast-MPC/artifacts/MonteCarloData/monte-carlo-data-epoch-39_20260613T233910,mpc-0-0-lambda-0.977,0.977447184995425,0.3717676603062798,False,449.4361267089844,657.982177734375,44.28995132446289,613.6921997070312,208.54605102539062
1539,/home/victor-xia/repos/Burst-Coast-MPC/artifacts/MonteCarloData/monte-carlo-data-epoch-301_20260614T212132,mpc-1652-17-lambda-0.922,0.9222992416747351,0.2957213842333342,False,618.6534423828125,659.7168579101562,31.493867874145508,628.2229614257812,41.06341552734375
1540,/home/victor-xia/repos/Burst-Coast-MPC/artifacts/MonteCarloData/monte-carlo-data-epoch-257_20260614T022606,mpc-45-1-lambda-0.793,0.7933280104093854,0.6209363544076347,False,776.1723022460938,660.5047607421875,76.81723022460938,583.6875,-115.66754150390625
1541,/home/victor-xia/repos/Burst-Coast-MPC/artifacts/MonteCarloData/monte-carlo-data-epoch-448_20260614T025158,mpc-2510-25-lambda-0.218,0.21839358800865255,0.18788611849217307,False,509.77789306640625,660.6538696289062,8.116897583007812,652.5369873046875,150.8759765625
1542,/home/victor-xia/repos/Burst-Coast-MPC/artifacts/MonteCarloData/monte-carlo-data-epoch-347_20260614T023755,mpc-819-7-lambda-0.895,0.8946747627443318,0.16890340107901872,False,930.9845581054688,660.788330078125,16.279159545898438,644.5091552734375,-270.19622802734375
1543,/home/victor-xia/repos/Burst-Coast-MPC/artifacts/MonteCarloData/monte-carlo-data-epoch-52_20260613T234101,mpc-1067-9-lambda-0.84,0.8400555227899588,0.9074768783905228,False,560.7476196289062,661.3799438476562,136.33641052246094,525.0435180664062,100.63232421875
1544,/home/victor-xia/repos/Burst-Coast-MPC/artifacts/MonteCarloData/monte-carlo-data-epoch-52_20260613T234101,mpc-897-8-lambda-0.074,0.07445261174339268,0.8445602097312365,False,601.6365356445312,662.283447265625,25.94887351989746,636.3345947265625,60.64691162109375
1545,/home/victor-xia/repos/Burst-Coast-MPC/artifacts/MonteCarloData/monte-carlo-data-epoch-53_20260613T234112,mpc-314-4-lambda-0.113,0.11266187683824112,0.08078222603085193,False,587.9826049804688,663.0140991210938,3.1157212257385254,659.8983764648438,75.031494140625
1546,/home/victor-xia/repos/Burst-Coast-MPC/artifacts/MonteCarloData/monte-carlo-data-epoch-91_20260614T205320,mpc-537-6-lambda-0.924,0.9238944626422335,0.04842780895151588,False,712.3623046875,666.267822265625,5.366729736328125,660.901123046875,-46.094482421875
1547,/home/victor-xia/repos/Burst-Coast-MPC/artifacts/MonteCarloData/monte-carlo-data-epoch-489_20260614T025823,mpc-1600-12-lambda-0.806,0.805741084949152,0.3966970318979752,False,779.7088623046875,667.0968017578125,42.25613784790039,624.8406372070312,-112.612060546875
1548,/home/victor-xia/repos/Burst-Coast-MPC/artifacts/MonteCarloData/monte-carlo-data-epoch-27_20260613T233717,mpc-1466-18-lambda-0.926,0.9260752999325574,0.12458033677365757,False,587.5716552734375,667.5914916992188,12.012012481689453,655.5794677734375,80.01983642578125
1549,/home/victor-xia/repos/Burst-Coast-MPC/artifacts/MonteCarloData/monte-carlo-data-epoch-453_20260614T025300,mpc-471-5-lambda-0.145,0.14545517134538433,0.09492951645235814,False,755.370361328125,668.4744262695312,3.7062454223632812,664.7681884765625,-86.89593505859375
1550,/home/victor-xia/repos/Burst-Coast-MPC/artifacts/MonteCarloData/monte-carlo-data-epoch-467_20260614T025519,mpc-495-6-lambda-0.345,0.34477287492173186,0.843476619145462,False,694.558349609375,668.5299682617188,62.76644515991211,605.7635498046875,-26.02838134765625
1551,/home/victor-xia/repos/Burst-Coast-MPC/artifacts/MonteCarloData/monte-carlo-data-epoch-222_20260614T022125,mpc-1057-10-lambda-0.978,0.9778952930118012,0.6345722989787453,False,865.122314453125,668.9116821289062,96.58088684082031,572.330810546875,-196.21063232421875
1552,/home/victor-xia/repos/Burst-Coast-MPC/artifacts/MonteCarloData/monte-carlo-data-epoch-453_20260614T025300,mpc-490-6-lambda-0.11,0.11042236423298947,0.32482510220414595,False,749.4971923828125,669.0763549804688,11.156335830688477,657.9200439453125,-80.42083740234375
1553,/home/victor-xia/repos/Burst-Coast-MPC/artifacts/MonteCarloData/monte-carlo-data-epoch-91_20260614T205320,mpc-547-7-lambda-0.927,0.9272654287150189,0.6562636662396305,False,703.8174438476562,669.0816650390625,94.9742660522461,574.107421875,-34.73577880859375
1554,/home/victor-xia/repos/Burst-Coast-MPC/artifacts/MonteCarloData/monte-carlo-data-epoch-98_20260614T020519,mpc-97-2-lambda-0.209,0.20931836299425713,0.022841246999815393,False,682.0556640625,669.7485961914062,2.046818256378174,667.7017822265625,-12.30706787109375
1555,/home/victor-xia/repos/Burst-Coast-MPC/artifacts/MonteCarloData/monte-carlo-data-epoch-296_20260614T212048,mpc-1111-12-lambda-0.472,0.4724375659921081,0.7721880758441291,False,680.41748046875,670.03271484375,71.00904083251953,599.023681640625,-10.384765625
1556,/home/victor-xia/repos/Burst-Coast-MPC/artifacts/MonteCarloData/monte-carlo-data-epoch-183_20260614T021655,mpc-1073-11-lambda-0.618,0.6177879768157154,0.9901505814437367,False,837.2032470703125,671.079833984375,125.3060531616211,545.7738037109375,-166.1234130859375
1557,/home/victor-xia/repos/Burst-Coast-MPC/artifacts/MonteCarloData/monte-carlo-data-epoch-26_20260613T233709,mpc-486-4-lambda-0.818,0.8184367535565829,0.22783179952848853,False,601.5516357421875,671.5718994140625,21.05068588256836,650.521240234375,70.020263671875
1558,/home/victor-xia/repos/Burst-Coast-MPC/artifacts/MonteCarloData/monte-carlo-data-epoch-360_20260614T023922,mpc-604-5-lambda-0.992,0.9918024881401919,0.20053869703575716,False,805.7394409179688,672.1986083984375,22.1253662109375,650.0732421875,-133.54083251953125
1559,/home/victor-xia/repos/Burst-Coast-MPC/artifacts/MonteCarloData/monte-carlo-data-epoch-129_20260614T020924,mpc-1248-11-lambda-0.919,0.9189967600443867,0.2992863897091487,False,599.6675415039062,672.26123046875,31.99241065979004,640.268798828125,72.59368896484375
1560,/home/victor-xia/repos/Burst-Coast-MPC/artifacts/MonteCarloData/monte-carlo-data-epoch-528_20260614T030346,mpc-1073-14-lambda-0.711,0.7109077583754034,0.6880033317506927,False,558.515625,672.2724609375,79.26382446289062,593.0086669921875,113.7568359375
1561,/home/victor-xia/repos/Burst-Coast-MPC/artifacts/MonteCarloData/monte-carlo-data-epoch-160_20260614T210323,mpc-221-3-lambda-0.143,0.14273958062092895,0.8183102985567384,False,837.2352905273438,674.4822998046875,37.866668701171875,636.6156005859375,-162.75299072265625
1562,/home/victor-xia/repos/Burst-Coast-MPC/artifacts/MonteCarloData/monte-carlo-data-epoch-21_20260613T233630,mpc-780-9-lambda-0.099,0.09948078422327346,0.6460511952837206,False,515.8894653320312,675.303955078125,21.224395751953125,654.07958984375,159.41448974609375
1563,/home/victor-xia/repos/Burst-Coast-MPC/artifacts/MonteCarloData/monte-carlo-data-epoch-359_20260614T212926,mpc-829-9-lambda-0.878,0.8784506368114217,0.37124452818434006,False,937.080810546875,676.8715209960938,41.92165756225586,634.9498901367188,-260.20928955078125
1564,/home/victor-xia/repos/Burst-Coast-MPC/artifacts/MonteCarloData/monte-carlo-data-epoch-222_20260614T022125,mpc-1014-9-lambda-0.357,0.3568821118360408,0.21431677980037903,False,883.8034057617188,680.9061889648438,11.782415390014648,669.123779296875,-202.897216796875
1565,/home/victor-xia/repos/Burst-Coast-MPC/artifacts/MonteCarloData/monte-carlo-data-epoch-257_20260614T022606,mpc-0-0-lambda-0.405,0.4046133919452879,0.2261443437168407,False,796.72216796875,681.06884765625,12.953505516052246,668.1153564453125,-115.6533203125
1566,/home/victor-xia/repos/Burst-Coast-MPC/artifacts/MonteCarloData/monte-carlo-data-epoch-90_20260614T020433,mpc-292-2-lambda-0.781,0.7806318829630331,0.12131878813600172,False,823.4979248046875,681.2562255859375,9.580362319946289,671.6758422851562,-142.24169921875
1567,/home/victor-xia/repos/Burst-Coast-MPC/artifacts/MonteCarloData/monte-carlo-data-epoch-336_20260614T212603,mpc-460-4-lambda-0.034,0.0344175110911499,0.4628057243622357,False,727.6926879882812,681.3163452148438,14.069387435913086,667.2469482421875,-46.3763427734375
1568,/home/victor-xia/repos/Burst-Coast-MPC/artifacts/MonteCarloData/monte-carlo-data-epoch-34_20260614T204540,mpc-18-1-lambda-0.359,0.3585491977646195,0.062050670469323534,False,591.0846557617188,682.4635009765625,3.164520263671875,679.2989501953125,91.37884521484375
1569,/home/victor-xia/repos/Burst-Coast-MPC/artifacts/MonteCarloData/monte-carlo-data-epoch-271_20260614T022745,mpc-1263-12-lambda-0.542,0.542167098993951,0.4231036599615583,False,732.6339111328125,684.8788452148438,35.99674987792969,648.882080078125,-47.75506591796875
1570,/home/victor-xia/repos/Burst-Coast-MPC/artifacts/MonteCarloData/monte-carlo-data-epoch-140_20260614T021100,mpc-856-10-lambda-0.194,0.1936587207035628,0.5658681570721201,False,517.0948486328125,685.126220703125,24.98530387878418,660.1409301757812,168.0313720703125
1571,/home/victor-xia/repos/Burst-Coast-MPC/artifacts/MonteCarloData/monte-carlo-data-epoch-327_20260614T023548,mpc-567-5-lambda-0.619,0.6185205631598472,0.6359757710477736,False,684.2747192382812,685.1461791992188,65.1264419555664,620.0197143554688,0.8714599609375
1572,/home/victor-xia/repos/Burst-Coast-MPC/artifacts/MonteCarloData/monte-carlo-data-epoch-66_20260614T204948,mpc-1024-9-lambda-0.287,0.2874136171245497,0.8181848440903414,False,836.4054565429688,685.3359985351562,55.049354553222656,630.28662109375,-151.0694580078125
1573,/home/victor-xia/repos/Burst-Coast-MPC/artifacts/MonteCarloData/monte-carlo-data-epoch-148_20260614T021217,mpc-765-5-lambda-0.29,0.2896764808703184,0.6571702275838319,False,674.6488037109375,686.1304931640625,38.88119888305664,647.249267578125,11.481689453125
1574,/home/victor-xia/repos/Burst-Coast-MPC/artifacts/MonteCarloData/monte-carlo-data-epoch-437_20260614T025016,mpc-829-8-lambda-0.391,0.39140553414427975,0.06433941305584669,False,753.4012451171875,686.6560668945312,4.943717002868652,681.7123413085938,-66.74517822265625
1575,/home/victor-xia/repos/Burst-Coast-MPC/artifacts/MonteCarloData/monte-carlo-data-epoch-351_20260614T023825,mpc-2202-25-lambda-0.074,0.07386699102670598,0.4769862884312837,False,646.6798706054688,687.1524658203125,15.346427917480469,671.8060302734375,40.47259521484375
1576,/home/victor-xia/repos/Burst-Coast-MPC/artifacts/MonteCarloData/monte-carlo-data-epoch-32_20260613T233806,mpc-1269-12-lambda-0.697,0.6974320139696043,0.1611247218521436,False,585.744873046875,687.8843383789062,12.564385414123535,675.3199462890625,102.13946533203125
1577,/home/victor-xia/repos/Burst-Coast-MPC/artifacts/MonteCarloData/monte-carlo-data-epoch-148_20260614T021217,mpc-897-6-lambda-0.445,0.44502496442605866,0.9783251481607944,False,612.7026977539062,688.8341064453125,92.4138412475586,596.4202880859375,76.13140869140625
1578,/home/victor-xia/repos/Burst-Coast-MPC/artifacts/MonteCarloData/monte-carlo-data-epoch-307_20260614T212219,mpc-163-1-lambda-0.332,0.33249098366768004,0.9347083184222161,False,855.71923828125,689.802001953125,71.63865661621094,618.163330078125,-165.917236328125
1579,/home/victor-xia/repos/Burst-Coast-MPC/artifacts/MonteCarloData/monte-carlo-data-epoch-351_20260614T212809,mpc-195-3-lambda-0.922,0.9219074232375141,0.47656458913371225,False,617.0258178710938,690.4188232421875,60.371795654296875,630.0469970703125,73.39300537109375
1580,/home/victor-xia/repos/Burst-Coast-MPC/artifacts/MonteCarloData/monte-carlo-data-epoch-8_20260614T015329,mpc-722-5-lambda-0.223,0.2228996765128034,0.6742816416930109,False,882.1495361328125,690.548583984375,33.329071044921875,657.219482421875,-191.6009521484375
1581,/home/victor-xia/repos/Burst-Coast-MPC/artifacts/MonteCarloData/monte-carlo-data-epoch-168_20260614T210424,mpc-64-1-lambda-0.088,0.08810858030161457,0.5310427109276082,False,906.8402709960938,691.5047607421875,17.04099464416504,674.4637451171875,-215.33551025390625
1582,/home/victor-xia/repos/Burst-Coast-MPC/artifacts/MonteCarloData/monte-carlo-data-epoch-239_20260614T022324,mpc-1017-10-lambda-0.823,0.8226696671999161,0.4070957786381026,False,566.1802978515625,691.5101928710938,43.311561584472656,648.1986083984375,125.32989501953125
1583,/home/victor-xia/repos/Burst-Coast-MPC/artifacts/MonteCarloData/monte-carlo-data-epoch-168_20260614T210424,mpc-171-2-lambda-0.649,0.6489692032496303,0.9400671420389564,False,879.9826049804688,691.6156005859375,124.25061798095703,567.364990234375,-188.36700439453125
1584,/home/victor-xia/repos/Burst-Coast-MPC/artifacts/MonteCarloData/monte-carlo-data-epoch-80_20260614T020310,mpc-0-0-lambda-0.467,0.46702750488142236,0.7430146199340303,False,860.90234375,692.166748046875,64.2040023803711,627.9627685546875,-168.735595703125
1585,/home/victor-xia/repos/Burst-Coast-MPC/artifacts/MonteCarloData/monte-carlo-data-epoch-98_20260614T020519,mpc-102-3-lambda-0.724,0.7235829916653836,0.9661028396260533,False,678.7791137695312,692.3471069335938,134.7136688232422,557.6334228515625,13.5679931640625
1586,/home/victor-xia/repos/Burst-Coast-MPC/artifacts/MonteCarloData/monte-carlo-data-epoch-27_20260613T233717,mpc-1447-17-lambda-0.291,0.29077475370030464,0.0928813421477719,False,595.2841186523438,692.8623657226562,4.864872455596924,687.9974975585938,97.5782470703125
1587,/home/victor-xia/repos/Burst-Coast-MPC/artifacts/MonteCarloData/monte-carlo-data-epoch-183_20260614T021655,mpc-926-9-lambda-0.766,0.7664977979162828,0.42674069310792934,False,921.8936157226562,693.4871826171875,44.150630950927734,649.3365478515625,-228.40643310546875
1588,/home/victor-xia/repos/Burst-Coast-MPC/artifacts/MonteCarloData/monte-carlo-data-epoch-425_20260614T024906,mpc-350-3-lambda-0.98,0.9795092728116186,0.6227180830659887,False,708.916015625,694.22900390625,89.30379486083984,604.9252319335938,-14.68701171875
1589,/home/victor-xia/repos/Burst-Coast-MPC/artifacts/MonteCarloData/monte-carlo-data-epoch-17_20260614T015442,mpc-971-9-lambda-0.148,0.14833578412283066,0.8356317012069938,False,534.0444946289062,694.6941528320312,35.077491760253906,659.6166381835938,160.649658203125
1590,/home/victor-xia/repos/Burst-Coast-MPC/artifacts/MonteCarloData/monte-carlo-data-epoch-215_20260614T210955,mpc-0-0-lambda-0.402,0.4016036664507043,0.7390899006560269,False,710.6712036132812,695.7060546875,59.252254486083984,636.4537963867188,-14.96514892578125
1591,/home/victor-xia/repos/Burst-Coast-MPC/artifacts/MonteCarloData/monte-carlo-data-epoch-245_20260614T211411,mpc-391-3-lambda-0.933,0.9333194243575489,0.22801335142616286,False,794.0015258789062,696.1617431640625,22.850250244140625,673.3115234375,-97.83978271484375
1592,/home/victor-xia/repos/Burst-Coast-MPC/artifacts/MonteCarloData/monte-carlo-data-epoch-429_20260614T024928,mpc-584-6-lambda-0.8,0.7998405315106732,0.6977711062506418,False,745.9459838867188,696.902099609375,95.77027893066406,601.1318359375,-49.04388427734375
1593,/home/victor-xia/repos/Burst-Coast-MPC/artifacts/MonteCarloData/monte-carlo-data-epoch-253_20260614T022517,mpc-2592-25-lambda-0.888,0.8884626035394726,0.7038692747095824,False,505.9312744140625,697.381103515625,97.76708221435547,599.614013671875,191.4498291015625
1594,/home/victor-xia/repos/Burst-Coast-MPC/artifacts/MonteCarloData/monte-carlo-data-epoch-273_20260614T211739,mpc-787-9-lambda-0.185,0.184706665665819,0.40994956007450745,False,564.5759887695312,697.9464111328125,16.7491455078125,681.197265625,133.37042236328125
1595,/home/victor-xia/repos/Burst-Coast-MPC/artifacts/MonteCarloData/monte-carlo-data-epoch-366_20260614T024007,mpc-1185-12-lambda-0.848,0.8481784807692337,0.6430353895003232,False,589.3777465820312,698.8970336914062,85.16877746582031,613.728271484375,109.519287109375
1596,/home/victor-xia/repos/Burst-Coast-MPC/artifacts/MonteCarloData/monte-carlo-data-epoch-22_20260613T233639,mpc-744-7-lambda-0.131,0.13101820495651653,0.9980141603013081,False,615.188232421875,699.07080078125,41.91664505004883,657.1541748046875,83.882568359375
1597,/home/victor-xia/repos/Burst-Coast-MPC/artifacts/MonteCarloData/monte-carlo-data-epoch-448_20260614T025158,mpc-2335-24-lambda-0.144,0.14407999494223414,0.8709587558115328,False,573.5728149414062,699.118408203125,40.112159729003906,659.0062255859375,125.54559326171875
1598,/home/victor-xia/repos/Burst-Coast-MPC/artifacts/MonteCarloData/monte-carlo-data-epoch-21_20260613T233630,mpc-751-8-lambda-0.34,0.3395401472462508,0.1429472454681587,False,527.3594970703125,699.5841674804688,8.424921035766602,691.1592407226562,172.22467041015625
1599,/home/victor-xia/repos/Burst-Coast-MPC/artifacts/MonteCarloData/monte-carlo-data-epoch-305_20260614T212202,mpc-0-0-lambda-0.485,0.4845711843363289,0.7508313068134436,False,631.07568359375,700.4915161132812,71.01214599609375,629.4793701171875,69.41583251953125
1600,/home/victor-xia/repos/Burst-Coast-MPC/artifacts/MonteCarloData/monte-carlo-data-epoch-94_20260614T205344,mpc-0-0-lambda-0.137,0.13704821284125185,0.05833442992543376,False,636.6954956054688,700.7177734375,2.815420150756836,697.90234375,64.02227783203125
1601,/home/victor-xia/repos/Burst-Coast-MPC/artifacts/MonteCarloData/monte-carlo-data-epoch-265_20260614T211652,mpc-733-11-lambda-0.702,0.7015451897734495,0.3927781711035693,False,635.4638671875,701.5054931640625,37.39198303222656,664.113525390625,66.0416259765625
1602,/home/victor-xia/repos/Burst-Coast-MPC/artifacts/MonteCarloData/monte-carlo-data-epoch-69_20260614T205023,mpc-494-3-lambda-0.677,0.677012152937647,0.4209934242632779,False,769.597412109375,702.1626586914062,40.168907165527344,661.9937744140625,-67.43475341796875
1603,/home/victor-xia/repos/Burst-Coast-MPC/artifacts/MonteCarloData/monte-carlo-data-epoch-46_20260614T015831,mpc-746-7-lambda-0.01,0.010204605511257013,0.8893594071899652,False,902.1071166992188,702.7456665039062,20.371252059936523,682.3743896484375,-199.3614501953125
1604,/home/victor-xia/repos/Burst-Coast-MPC/artifacts/MonteCarloData/monte-carlo-data-epoch-458_20260614T025355,mpc-424-4-lambda-0.799,0.7986430206839616,0.7411017321642592,False,858.6010131835938,702.8751220703125,97.64395904541016,605.2311401367188,-155.72589111328125
1605,/home/victor-xia/repos/Burst-Coast-MPC/artifacts/MonteCarloData/monte-carlo-data-epoch-172_20260614T021552,mpc-1490-18-lambda-0.317,0.31738058779260814,0.5063393627964021,False,576.0631713867188,703.6734619140625,28.5596981048584,675.11376953125,127.61029052734375
1606,/home/victor-xia/repos/Burst-Coast-MPC/artifacts/MonteCarloData/monte-carlo-data-epoch-337_20260614T023646,mpc-542-5-lambda-0.362,0.36162101162374916,0.9950328101639501,False,774.7658081054688,704.6046752929688,83.37342071533203,621.2312622070312,-70.1611328125
1607,/home/victor-xia/repos/Burst-Coast-MPC/artifacts/MonteCarloData/monte-carlo-data-epoch-288_20260614T023010,mpc-895-12-lambda-0.013,0.01271113369573144,0.7026443393122803,False,980.1618041992188,705.2078247070312,17.27985382080078,687.927978515625,-274.9539794921875
1608,/home/victor-xia/repos/Burst-Coast-MPC/artifacts/MonteCarloData/monte-carlo-data-epoch-129_20260614T020924,mpc-1211-10-lambda-0.194,0.19390175884475064,0.18580719291459996,False,612.829833984375,707.9712524414062,8.304401397705078,699.6668701171875,95.14141845703125
1609,/home/victor-xia/repos/Burst-Coast-MPC/artifacts/MonteCarloData/monte-carlo-data-epoch-366_20260614T213027,mpc-129-2-lambda-0.321,0.32122366927473706,0.8630460364452517,False,668.971923828125,708.7494506835938,63.2519645690918,645.4974975585938,39.77752685546875
1610,/home/victor-xia/repos/Burst-Coast-MPC/artifacts/MonteCarloData/monte-carlo-data-epoch-385_20260614T213311,mpc-1727-15-lambda-0.188,0.1876733658768592,0.19949212403429914,False,885.1173095703125,709.287353515625,7.915181636810303,701.3721923828125,-175.8299560546875
1611,/home/victor-xia/repos/Burst-Coast-MPC/artifacts/MonteCarloData/monte-carlo-data-epoch-385_20260614T024253,mpc-272-3-lambda-0.211,0.21130208505820053,0.89485066611052,False,747.072509765625,711.049072265625,50.64855194091797,660.4005126953125,-36.0234375
1612,/home/victor-xia/repos/Burst-Coast-MPC/artifacts/MonteCarloData/monte-carlo-data-epoch-366_20260614T213027,mpc-96-1-lambda-0.614,0.6141781324031731,0.16504288936765968,False,687.6856079101562,712.5314331054688,11.790098190307617,700.7413330078125,24.8458251953125
1613,/home/victor-xia/repos/Burst-Coast-MPC/artifacts/MonteCarloData/monte-carlo-data-epoch-292_20260614T023057,mpc-756-10-lambda-0.877,0.8771986109771827,0.6455596426573713,False,602.3035278320312,715.7582397460938,87.38365173339844,628.3745727539062,113.4547119140625
1614,/home/victor-xia/repos/Burst-Coast-MPC/artifacts/MonteCarloData/monte-carlo-data-epoch-27_20260613T233717,mpc-1616-20-lambda-0.907,0.907217180668909,0.9668172965301017,False,528.2015991210938,715.80908203125,161.373291015625,554.435791015625,187.60748291015625
1615,/home/victor-xia/repos/Burst-Coast-MPC/artifacts/MonteCarloData/monte-carlo-data-epoch-101_20260614T020547,mpc-1538-14-lambda-0.985,0.9854556273646085,0.6792991955293395,False,675.0919189453125,716.011474609375,109.4898681640625,606.5216064453125,40.9195556640625
1616,/home/victor-xia/repos/Burst-Coast-MPC/artifacts/MonteCarloData/monte-carlo-data-epoch-209_20260614T021953,mpc-80-1-lambda-0.627,0.6267412286281742,0.5496716217490051,False,608.6796264648438,716.071533203125,53.69405746459961,662.3775024414062,107.39190673828125
1617,/home/victor-xia/repos/Burst-Coast-MPC/artifacts/MonteCarloData/monte-carlo-data-epoch-193_20260614T021758,mpc-773-6-lambda-0.831,0.8310412335263085,0.49382301552901325,False,806.107421875,716.0779418945312,56.99736404418945,659.08056640625,-90.02947998046875
1618,/home/victor-xia/repos/Burst-Coast-MPC/artifacts/MonteCarloData/monte-carlo-data-epoch-273_20260614T211739,mpc-689-8-lambda-0.258,0.25796656049785843,0.488019966211652,False,604.3734130859375,716.3793334960938,25.058101654052734,691.3212280273438,112.00592041015625
1619,/home/victor-xia/repos/Burst-Coast-MPC/artifacts/MonteCarloData/monte-carlo-data-epoch-154_20260614T210240,mpc-366-3-lambda-0.533,0.5331743313575633,0.8583156829878927,False,628.2085571289062,716.9500122070312,91.30438232421875,625.6456298828125,88.741455078125
1620,/home/victor-xia/repos/Burst-Coast-MPC/artifacts/MonteCarloData/monte-carlo-data-epoch-234_20260614T211234,mpc-131-2-lambda-0.531,0.5308873005929178,0.24726068329109693,False,923.0338745117188,717.0675659179688,16.788944244384766,700.2786254882812,-205.96630859375
1621,/home/victor-xia/repos/Burst-Coast-MPC/artifacts/MonteCarloData/monte-carlo-data-epoch-195_20260614T210732,mpc-0-0-lambda-0.887,0.8869684666674982,0.682163345968909,False,655.7300415039062,718.7149658203125,98.31580352783203,620.399169921875,62.98492431640625
1622,/home/victor-xia/repos/Burst-Coast-MPC/artifacts/MonteCarloData/monte-carlo-data-epoch-110_20260614T020707,mpc-835-6-lambda-0.759,0.7593546370702577,0.29296390548988793,False,687.8259887695312,718.9605712890625,26.103219985961914,692.8573608398438,31.13458251953125
1623,/home/victor-xia/repos/Burst-Coast-MPC/artifacts/MonteCarloData/monte-carlo-data-epoch-5_20260613T233433,mpc-1474-16-lambda-0.146,0.14589542891193014,0.45583829746583726,False,648.2987670898438,719.0961303710938,16.915456771850586,702.1806640625,70.79736328125
1624,/home/victor-xia/repos/Burst-Coast-MPC/artifacts/MonteCarloData/monte-carlo-data-epoch-337_20260614T023646,mpc-440-4-lambda-0.248,0.24799215689983853,0.5050017532979727,False,816.8419189453125,720.332275390625,26.471433639526367,693.86083984375,-96.5096435546875
1625,/home/victor-xia/repos/Burst-Coast-MPC/artifacts/MonteCarloData/monte-carlo-data-epoch-77_20260614T020235,mpc-584-5-lambda-0.597,0.5972308594180951,0.5973691805211696,False,884.535888671875,722.3258666992188,58.2057991027832,664.1200561523438,-162.21002197265625
1626,/home/victor-xia/repos/Burst-Coast-MPC/artifacts/MonteCarloData/monte-carlo-data-epoch-26_20260613T233709,mpc-456-3-lambda-0.968,0.9679514116052446,0.14755905967233685,False,626.6239624023438,722.4260864257812,15.7561674118042,706.669921875,95.8021240234375
1627,/home/victor-xia/repos/Burst-Coast-MPC/artifacts/MonteCarloData/monte-carlo-data-epoch-360_20260614T023922,mpc-498-4-lambda-0.144,0.1440379748597006,0.525761332741191,False,838.663818359375,722.809326171875,20.801734924316406,702.007568359375,-115.8544921875
1628,/home/victor-xia/repos/Burst-Coast-MPC/artifacts/MonteCarloData/monte-carlo-data-epoch-27_20260613T233717,mpc-1349-15-lambda-0.222,0.22150787626392626,0.4221716744809503,False,632.0113525390625,722.906494140625,18.351226806640625,704.5552978515625,90.8951416015625
1629,/home/victor-xia/repos/Burst-Coast-MPC/artifacts/MonteCarloData/monte-carlo-data-epoch-125_20260614T205814,mpc-1658-17-lambda-0.039,0.03865228405816641,0.9397096642502147,False,673.8163452148438,723.021484375,25.60959243774414,697.411865234375,49.20513916015625
1630,/home/victor-xia/repos/Burst-Coast-MPC/artifacts/MonteCarloData/monte-carlo-data-epoch-99_20260614T020526,mpc-1115-12-lambda-0.924,0.9244719758830657,0.39367158683240144,False,665.295654296875,723.3833618164062,45.74796676635742,677.6353759765625,58.08770751953125
1631,/home/victor-xia/repos/Burst-Coast-MPC/artifacts/MonteCarloData/monte-carlo-data-epoch-316_20260614T212322,mpc-338-3-lambda-0.23,0.22999574115962262,0.7583433812399529,False,649.4761962890625,723.4918212890625,40.34186553955078,683.1499633789062,74.015625
1632,/home/victor-xia/repos/Burst-Coast-MPC/artifacts/MonteCarloData/monte-carlo-data-epoch-318_20260614T212339,mpc-438-3-lambda-0.368,0.3681891196067898,0.7474965250676671,False,780.8707275390625,724.3836059570312,55.73245620727539,668.651123046875,-56.48712158203125
1633,/home/victor-xia/repos/Burst-Coast-MPC/artifacts/MonteCarloData/monte-carlo-data-epoch-359_20260614T212926,mpc-824-8-lambda-0.371,0.3710138585933143,0.022827363349306563,False,940.0732421875,724.5064697265625,1.8730348348617554,722.6334228515625,-215.5667724609375
1634,/home/victor-xia/repos/Burst-Coast-MPC/artifacts/MonteCarloData/monte-carlo-data-epoch-448_20260614T025158,mpc-2248-23-lambda-0.432,0.431771795673384,0.4323576961776387,False,623.8665161132812,724.6361694335938,31.534381866455078,693.101806640625,100.7696533203125
1635,/home/victor-xia/repos/Burst-Coast-MPC/artifacts/MonteCarloData/monte-carlo-data-epoch-256_20260614T211547,mpc-248-2-lambda-0.284,0.2837530135211402,0.1809213585197974,False,683.5580444335938,725.853759765625,8.291683197021484,717.5620727539062,42.29571533203125
1636,/home/victor-xia/repos/Burst-Coast-MPC/artifacts/MonteCarloData/monte-carlo-data-epoch-46_20260614T015831,mpc-925-8-lambda-0.948,0.9479959311952226,0.04280654412992201,False,870.25927734375,726.2327880859375,4.259881019592285,721.972900390625,-144.0264892578125
1637,/home/victor-xia/repos/Burst-Coast-MPC/artifacts/MonteCarloData/monte-carlo-data-epoch-98_20260614T020519,mpc-44-1-lambda-0.998,0.9979106100972553,0.26471179891865865,False,730.560302734375,726.5861206054688,30.40203857421875,696.18408203125,-3.97418212890625
1638,/home/victor-xia/repos/Burst-Coast-MPC/artifacts/MonteCarloData/monte-carlo-data-epoch-472_20260614T025607,mpc-924-8-lambda-0.157,0.15718977599613343,0.35615132030935476,False,712.4727172851562,726.6126708984375,14.172259330749512,712.4404296875,14.13995361328125
1639,/home/victor-xia/repos/Burst-Coast-MPC/artifacts/MonteCarloData/monte-carlo-data-epoch-34_20260614T204540,mpc-0-0-lambda-0.862,0.8619438482418387,0.08886763640504651,False,603.9395141601562,729.739013671875,8.0968017578125,721.6422119140625,125.79949951171875
1640,/home/victor-xia/repos/Burst-Coast-MPC/artifacts/MonteCarloData/monte-carlo-data-epoch-336_20260614T212603,mpc-379-3-lambda-0.804,0.8042875084384585,0.4007322492738398,False,797.6353149414062,730.6858520507812,43.77942657470703,686.9064331054688,-66.949462890625
1641,/home/victor-xia/repos/Burst-Coast-MPC/artifacts/MonteCarloData/monte-carlo-data-epoch-159_20260614T021350,mpc-1611-12-lambda-0.773,0.77324714060475,0.3051813894371228,False,885.7959594726562,731.242919921875,28.64548110961914,702.597412109375,-154.55303955078125
1642,/home/victor-xia/repos/Burst-Coast-MPC/artifacts/MonteCarloData/monte-carlo-data-epoch-159_20260614T021350,mpc-1672-13-lambda-0.261,0.26144377822187864,0.7427540994959086,False,840.1671142578125,731.4163208007812,41.863670349121094,689.5526733398438,-108.75079345703125
1643,/home/victor-xia/repos/Burst-Coast-MPC/artifacts/MonteCarloData/monte-carlo-data-epoch-216_20260614T022047,mpc-0-0-lambda-0.715,0.7151446223474126,0.8464605215869611,False,753.6552124023438,732.139892578125,106.9518814086914,625.18798828125,-21.51531982421875
1644,/home/victor-xia/repos/Burst-Coast-MPC/artifacts/MonteCarloData/monte-carlo-data-epoch-79_20260614T205138,mpc-932-8-lambda-0.74,0.7397353476899504,0.5784862240769443,False,665.7407836914062,732.8790893554688,65.81755065917969,667.0615234375,67.1383056640625
1645,/home/victor-xia/repos/Burst-Coast-MPC/artifacts/MonteCarloData/monte-carlo-data-epoch-27_20260613T233717,mpc-1434-16-lambda-0.556,0.5563672150335287,0.0630372743699418,False,602.9556884765625,732.9071044921875,4.828924179077148,728.0781860351562,129.951416015625
1646,/home/victor-xia/repos/Burst-Coast-MPC/artifacts/MonteCarloData/monte-carlo-data-epoch-351_20260614T212809,mpc-177-2-lambda-0.953,0.9530385128620643,0.09136007324542947,False,631.1883544921875,734.4854736328125,8.914907455444336,725.570556640625,103.297119140625
1647,/home/victor-xia/repos/Burst-Coast-MPC/artifacts/MonteCarloData/monte-carlo-data-epoch-5_20260613T233433,mpc-1566-17-lambda-0.962,0.9617574425346843,0.9160216763949585,False,621.5864868164062,734.7700805664062,154.31556701660156,580.4545288085938,113.18359375
1648,/home/victor-xia/repos/Burst-Coast-MPC/artifacts/MonteCarloData/monte-carlo-data-epoch-76_20260614T020230,mpc-0-0-lambda-0.96,0.9601179676842373,0.8787225515555561,False,585.9491577148438,735.2048950195312,150.1055145263672,585.099365234375,149.2557373046875
1649,/home/victor-xia/repos/Burst-Coast-MPC/artifacts/MonteCarloData/monte-carlo-data-epoch-125_20260614T205814,mpc-1847-18-lambda-0.515,0.5149350888715861,0.8832559215885336,False,633.5738525390625,737.8416137695312,92.79742431640625,645.044189453125,104.26776123046875
1650,/home/victor-xia/repos/Burst-Coast-MPC/artifacts/MonteCarloData/monte-carlo-data-epoch-90_20260614T020433,mpc-183-1-lambda-0.323,0.3232757135808669,0.5402413028678507,False,874.3990478515625,737.9580078125,31.994853973388672,705.963134765625,-136.4410400390625
1651,/home/victor-xia/repos/Burst-Coast-MPC/artifacts/MonteCarloData/monte-carlo-data-epoch-525_20260614T030332,mpc-522-5-lambda-0.037,0.03702787109362981,0.914646096493687,False,576.230712890625,738.0215454101562,24.082874298095703,713.9386596679688,161.79083251953125
1652,/home/victor-xia/repos/Burst-Coast-MPC/artifacts/MonteCarloData/monte-carlo-data-epoch-292_20260614T023057,mpc-518-6-lambda-0.117,0.1171351438632247,0.1452742165595771,False,665.45166015625,738.611328125,6.078335762023926,732.5330200195312,73.15966796875
1653,/home/victor-xia/repos/Burst-Coast-MPC/artifacts/MonteCarloData/monte-carlo-data-epoch-332_20260614T212530,mpc-670-6-lambda-0.84,0.8403674482908116,0.7538119797220874,False,644.77099609375,738.854736328125,108.25873565673828,630.5960083007812,94.083740234375
1654,/home/victor-xia/repos/Burst-Coast-MPC/artifacts/MonteCarloData/monte-carlo-data-epoch-288_20260614T023010,mpc-1036-13-lambda-0.263,0.2625428247526515,0.908622155151496,False,953.065185546875,739.18212890625,58.830570220947266,680.3515625,-213.883056640625
1655,/home/victor-xia/repos/Burst-Coast-MPC/artifacts/MonteCarloData/monte-carlo-data-epoch-94_20260614T205344,mpc-12-1-lambda-0.444,0.4435464529887559,0.8077089473230771,False,632.2181396484375,739.29296875,72.89878845214844,666.3941650390625,107.0748291015625
1656,/home/victor-xia/repos/Burst-Coast-MPC/artifacts/MonteCarloData/monte-carlo-data-epoch-489_20260614T025823,mpc-1321-10-lambda-0.035,0.035406411753555925,0.9076232353890471,False,896.2647094726562,739.3593139648438,24.68926429748535,714.6700439453125,-156.9053955078125
1657,/home/victor-xia/repos/Burst-Coast-MPC/artifacts/MonteCarloData/monte-carlo-data-epoch-453_20260614T025300,mpc-387-4-lambda-0.7,0.7004905825449779,0.4159598064468034,False,821.0501708984375,741.0949096679688,41.11357879638672,699.9813232421875,-79.95526123046875
1658,/home/victor-xia/repos/Burst-Coast-MPC/artifacts/MonteCarloData/monte-carlo-data-epoch-234_20260614T211234,mpc-181-3-lambda-0.855,0.854950028617236,0.7962938249561584,False,896.3727416992188,741.2042846679688,118.52473449707031,622.6795654296875,-155.16845703125
1659,/home/victor-xia/repos/Burst-Coast-MPC/artifacts/MonteCarloData/monte-carlo-data-epoch-122_20260614T205732,mpc-1594-20-lambda-0.392,0.39187996084479054,0.7033407692187099,False,727.7355346679688,741.9191284179688,54.89374542236328,687.025390625,14.18359375
1660,/home/victor-xia/repos/Burst-Coast-MPC/artifacts/MonteCarloData/monte-carlo-data-epoch-235_20260614T022253,mpc-504-3-lambda-0.682,0.6815252195547268,0.6380217693058308,False,757.9183959960938,742.2658081054688,68.57611846923828,673.689697265625,-15.652587890625
1661,/home/victor-xia/repos/Burst-Coast-MPC/artifacts/MonteCarloData/monte-carlo-data-epoch-168_20260614T210424,mpc-0-0-lambda-0.755,0.7552541909954648,0.3178802876755217,False,953.78955078125,742.2673950195312,29.4677791595459,712.7996215820312,-211.52215576171875
1662,/home/victor-xia/repos/Burst-Coast-MPC/artifacts/MonteCarloData/monte-carlo-data-epoch-347_20260614T023755,mpc-631-5-lambda-0.224,0.2239359090866827,0.2647738760965075,False,997.851806640625,742.324951171875,12.778521537780762,729.5464477539062,-255.52685546875
1663,/home/victor-xia/repos/Burst-Coast-MPC/artifacts/MonteCarloData/monte-carlo-data-epoch-472_20260614T025607,mpc-996-9-lambda-0.212,0.21224620061728192,0.425156543052924,False,690.0559692382812,742.65087890625,19.704221725463867,722.9466552734375,52.59490966796875
1664,/home/victor-xia/repos/Burst-Coast-MPC/artifacts/MonteCarloData/monte-carlo-data-epoch-98_20260614T020519,mpc-0-0-lambda-0.429,0.4285766880041116,0.21674589235955216,False,750.9049682617188,742.798828125,12.823101997375488,729.9757080078125,-8.10614013671875
1665,/home/victor-xia/repos/Burst-Coast-MPC/artifacts/MonteCarloData/monte-carlo-data-epoch-373_20260614T213125,mpc-2724-25-lambda-0.615,0.6148061757446112,0.6108694724063299,False,363.75128173828125,742.8609008789062,63.96368408203125,678.897216796875,379.109619140625
1666,/home/victor-xia/repos/Burst-Coast-MPC/artifacts/MonteCarloData/monte-carlo-data-epoch-281_20260614T022911,mpc-636-7-lambda-0.706,0.7062783482852903,0.5975422271348569,False,669.7066650390625,743.17578125,64.57715606689453,678.5986328125,73.4691162109375
1667,/home/victor-xia/repos/Burst-Coast-MPC/artifacts/MonteCarloData/monte-carlo-data-epoch-324_20260614T212424,mpc-1277-13-lambda-0.54,0.5398061345411168,0.597044296896211,False,636.890625,743.482666015625,53.650848388671875,689.831787109375,106.592041015625
1668,/home/victor-xia/repos/Burst-Coast-MPC/artifacts/MonteCarloData/monte-carlo-data-epoch-125_20260614T205814,mpc-1534-16-lambda-0.231,0.231033691242926,0.6191131009764654,False,723.2261962890625,745.647705078125,31.082788467407227,714.56494140625,22.4215087890625
1669,/home/victor-xia/repos/Burst-Coast-MPC/artifacts/MonteCarloData/monte-carlo-data-epoch-49_20260614T204733,mpc-920-8-lambda-0.97,0.9704206925845148,0.7866319373647407,False,762.4479370117188,745.9019165039062,131.5684051513672,614.33349609375,-16.5460205078125
1670,/home/victor-xia/repos/Burst-Coast-MPC/artifacts/MonteCarloData/monte-carlo-data-epoch-337_20260614T023646,mpc-350-3-lambda-0.498,0.49844828817135267,0.44941977616218587,False,872.7540893554688,746.3792724609375,35.04039764404297,711.3388671875,-126.37481689453125
1671,/home/victor-xia/repos/Burst-Coast-MPC/artifacts/MonteCarloData/monte-carlo-data-epoch-159_20260614T021350,mpc-1821-14-lambda-0.903,0.9025762298104968,0.16285219776967896,False,773.4805908203125,746.5662231445312,15.605518341064453,730.960693359375,-26.91436767578125
1672,/home/victor-xia/repos/Burst-Coast-MPC/artifacts/MonteCarloData/monte-carlo-data-epoch-122_20260614T205732,mpc-1485-19-lambda-0.015,0.015259842398930721,0.5422496772237794,False,747.6921997070312,746.8432006835938,12.756545066833496,734.086669921875,-0.8489990234375
1673,/home/victor-xia/repos/Burst-Coast-MPC/artifacts/MonteCarloData/monte-carlo-data-epoch-5_20260613T233433,mpc-1391-15-lambda-0.366,0.36578622502770297,0.4128920947280958,False,686.028564453125,746.8854370117188,23.756755828857422,723.128662109375,60.85687255859375
1674,/home/victor-xia/repos/Burst-Coast-MPC/artifacts/MonteCarloData/monte-carlo-data-epoch-8_20260614T204142,mpc-0-0-lambda-0.54,0.5398355194480126,0.4746169123064061,False,696.3560791015625,747.1785278320312,39.729862213134766,707.4486694335938,50.82244873046875
1675,/home/victor-xia/repos/Burst-Coast-MPC/artifacts/MonteCarloData/monte-carlo-data-epoch-525_20260614T030332,mpc-169-2-lambda-0.807,0.8068118990553391,0.08391191297740842,False,723.6097412109375,747.66455078125,8.169371604919434,739.4951782226562,24.0548095703125
1676,/home/victor-xia/repos/Burst-Coast-MPC/artifacts/MonteCarloData/monte-carlo-data-epoch-292_20260614T023057,mpc-547-7-lambda-0.696,0.6960057630383861,0.03219800219176008,False,655.8052368164062,747.8232421875,3.6865391731262207,744.13671875,92.01800537109375
1677,/home/victor-xia/repos/Burst-Coast-MPC/artifacts/MonteCarloData/monte-carlo-data-epoch-129_20260614T020924,mpc-1012-9-lambda-0.206,0.20624549718400328,0.9914566524582347,False,700.79736328125,748.16015625,55.161006927490234,692.9991455078125,47.36279296875
1678,/home/victor-xia/repos/Burst-Coast-MPC/artifacts/MonteCarloData/monte-carlo-data-epoch-265_20260614T211652,mpc-713-10-lambda-0.117,0.11673806259792255,0.09736025162230082,False,641.2396850585938,748.5020141601562,3.648667812347412,744.8533325195312,107.2623291015625
1679,/home/victor-xia/repos/Burst-Coast-MPC/artifacts/MonteCarloData/monte-carlo-data-epoch-292_20260614T023057,mpc-553-8-lambda-0.281,0.28130115580381715,0.0563434338671032,False,649.8858032226562,748.8216552734375,4.148933410644531,744.6727294921875,98.93585205078125
1680,/home/victor-xia/repos/Burst-Coast-MPC/artifacts/MonteCarloData/monte-carlo-data-epoch-265_20260614T211652,mpc-650-9-lambda-0.762,0.7618116368422245,0.31238349281061556,False,687.7150268554688,748.9794921875,29.172996520996094,719.8065185546875,61.26446533203125
1681,/home/victor-xia/repos/Burst-Coast-MPC/artifacts/MonteCarloData/monte-carlo-data-epoch-366_20260614T024007,mpc-1052-10-lambda-0.936,0.9355255337478807,0.08007491260058039,False,670.2755737304688,749.0707397460938,8.322511672973633,740.7482299804688,78.795166015625
1682,/home/victor-xia/repos/Burst-Coast-MPC/artifacts/MonteCarloData/monte-carlo-data-epoch-253_20260614T022517,mpc-2424-24-lambda-0.473,0.47316306727937785,0.8346508090458657,False,636.6591186523438,749.6929931640625,82.1218490600586,667.5711669921875,113.03387451171875
1683,/home/victor-xia/repos/Burst-Coast-MPC/artifacts/MonteCarloData/monte-carlo-data-epoch-359_20260614T212926,mpc-741-7-lambda-0.667,0.6667593738262126,0.4130530557193273,False,1001.5558471679688,749.9213256835938,38.52311325073242,711.398193359375,-251.634521484375
1684,/home/victor-xia/repos/Burst-Coast-MPC/artifacts/MonteCarloData/monte-carlo-data-epoch-66_20260614T204948,mpc-815-7-lambda-0.854,0.8537550965595478,0.05792356798246826,False,998.231201171875,750.9312744140625,5.510391712188721,745.4208984375,-247.2999267578125
1685,/home/victor-xia/repos/Burst-Coast-MPC/artifacts/MonteCarloData/monte-carlo-data-epoch-101_20260614T020547,mpc-1440-13-lambda-0.51,0.5103910457453217,0.4859354646734002,False,737.2540893554688,752.3896484375,38.9572639465332,713.432373046875,15.13555908203125
1686,/home/victor-xia/repos/Burst-Coast-MPC/artifacts/MonteCarloData/monte-carlo-data-epoch-17_20260614T015442,mpc-854-8-lambda-0.553,0.5529240778890274,0.5834378862556521,False,616.78173828125,753.5352783203125,51.762821197509766,701.7724609375,136.7535400390625
1687,/home/victor-xia/repos/Burst-Coast-MPC/artifacts/MonteCarloData/monte-carlo-data-epoch-316_20260614T212322,mpc-165-2-lambda-0.099,0.09893313708214595,0.8621593516856871,False,700.2202758789062,754.0404663085938,32.04648208618164,721.9939575195312,53.8201904296875
1688,/home/victor-xia/repos/Burst-Coast-MPC/artifacts/MonteCarloData/monte-carlo-data-epoch-46_20260614T015831,mpc-934-9-lambda-0.312,0.3117914055491428,0.712150697104286,False,863.4861450195312,756.5076904296875,44.54893493652344,711.958740234375,-106.97845458984375
1689,/home/victor-xia/repos/Burst-Coast-MPC/artifacts/MonteCarloData/monte-carlo-data-epoch-292_20260614T023057,mpc-418-5-lambda-0.213,0.21348190328999883,0.4993898640365988,False,704.1326904296875,757.3900756835938,24.34847640991211,733.0416259765625,53.25738525390625
1690,/home/victor-xia/repos/Burst-Coast-MPC/artifacts/MonteCarloData/monte-carlo-data-epoch-481_20260614T025716,mpc-779-6-lambda-0.747,0.7466250074544442,0.6808418612411128,False,1010.7051391601562,758.2374267578125,81.90892791748047,676.3284912109375,-252.46771240234375
1691,/home/victor-xia/repos/Burst-Coast-MPC/artifacts/MonteCarloData/monte-carlo-data-epoch-489_20260614T025823,mpc-1503-11-lambda-0.651,0.6511639368172059,0.48424514310219907,False,857.441162109375,759.0931396484375,49.32496643066406,709.7681884765625,-98.3480224609375
1692,/home/victor-xia/repos/Burst-Coast-MPC/artifacts/MonteCarloData/monte-carlo-data-epoch-347_20260614T023755,mpc-684-6-lambda-0.158,0.15750523293584112,0.6722682059837016,False,977.5621948242188,759.3050537109375,29.349262237548828,729.955810546875,-218.25714111328125
1693,/home/victor-xia/repos/Burst-Coast-MPC/artifacts/MonteCarloData/monte-carlo-data-epoch-281_20260614T022911,mpc-578-6-lambda-0.526,0.5259603012563107,0.28830797667860125,False,701.224609375,759.3923950195312,19.835275650024414,739.55712890625,58.16778564453125
1694,/home/victor-xia/repos/Burst-Coast-MPC/artifacts/MonteCarloData/monte-carlo-data-epoch-17_20260614T015442,mpc-828-7-lambda-0.36,0.3604400749716855,0.12810597879046762,False,628.068359375,759.7787475585938,7.121767520904541,752.656982421875,131.71038818359375
1695,/home/victor-xia/repos/Burst-Coast-MPC/artifacts/MonteCarloData/monte-carlo-data-epoch-489_20260614T025823,mpc-965-7-lambda-0.45,0.44976637445280837,0.16492792868007883,False,1075.71533203125,759.8348388671875,10.440093040466309,749.394775390625,-315.8804931640625
1696,/home/victor-xia/repos/Burst-Coast-MPC/artifacts/MonteCarloData/monte-carlo-data-epoch-525_20260614T030332,mpc-349-4-lambda-0.34,0.33968486189703356,0.8612678690135365,False,677.1167602539062,759.8485107421875,63.08226776123047,696.7662353515625,82.73175048828125
1697,/home/victor-xia/repos/Burst-Coast-MPC/artifacts/MonteCarloData/monte-carlo-data-epoch-385_20260614T213311,mpc-1629-14-lambda-0.462,0.4618543859345645,0.48771093017028744,False,943.3822021484375,759.876220703125,36.53672790527344,723.3394775390625,-183.5059814453125
1698,/home/victor-xia/repos/Burst-Coast-MPC/artifacts/MonteCarloData/monte-carlo-data-epoch-138_20260614T210009,mpc-871-9-lambda-0.647,0.6467523251592512,0.08208557642631026,False,691.4126586914062,760.81640625,5.89542293548584,754.9209594726562,69.40374755859375
1699,/home/victor-xia/repos/Burst-Coast-MPC/artifacts/MonteCarloData/monte-carlo-data-epoch-292_20260614T023057,mpc-564-9-lambda-0.033,0.032597724269794716,0.9555478352610667,False,643.2503051757812,761.6439208984375,26.03672218322754,735.607177734375,118.39361572265625
1700,/home/victor-xia/repos/Burst-Coast-MPC/artifacts/MonteCarloData/monte-carlo-data-epoch-256_20260614T211547,mpc-176-1-lambda-0.593,0.5929626703739198,0.3605707700063411,False,728.324951171875,763.3211059570312,28.117137908935547,735.2039794921875,34.99615478515625
1701,/home/victor-xia/repos/Burst-Coast-MPC/artifacts/MonteCarloData/monte-carlo-data-epoch-145_20260614T021136,mpc-312-3-lambda-0.436,0.4359756350512305,0.9663796439181687,False,953.65966796875,764.3363037109375,88.08796691894531,676.2483520507812,-189.3233642578125
1702,/home/victor-xia/repos/Burst-Coast-MPC/artifacts/MonteCarloData/monte-carlo-data-epoch-99_20260614T020526,mpc-1014-11-lambda-0.224,0.22383015135685835,0.5015524944263519,False,701.2437133789062,764.5943603515625,22.681638717651367,741.9127197265625,63.35064697265625
1703,/home/victor-xia/repos/Burst-Coast-MPC/artifacts/MonteCarloData/monte-carlo-data-epoch-143_20260614T021119,mpc-277-3-lambda-0.934,0.9337495693824753,0.7805384023549505,False,1088.8707275390625,764.9880981445312,120.6404037475586,644.3477172851562,-323.88262939453125
1704,/home/victor-xia/repos/Burst-Coast-MPC/artifacts/MonteCarloData/monte-carlo-data-epoch-429_20260614T024928,mpc-436-5-lambda-0.266,0.2655364162727993,0.7359323172552963,False,817.1174926757812,765.4508666992188,44.620384216308594,720.8305053710938,-51.6666259765625
1705,/home/victor-xia/repos/Burst-Coast-MPC/artifacts/MonteCarloData/monte-carlo-data-epoch-138_20260614T210009,mpc-887-10-lambda-0.782,0.7819464963110618,0.46412782824178395,False,682.05126953125,766.5532836914062,50.57970428466797,715.9735717773438,84.50201416015625
1706,/home/victor-xia/repos/Burst-Coast-MPC/artifacts/MonteCarloData/monte-carlo-data-epoch-467_20260614T025519,mpc-394-5-lambda-0.906,0.9062975467499692,0.503301716129498,False,796.6412353515625,766.8455810546875,63.77367401123047,703.0718994140625,-29.795654296875
1707,/home/victor-xia/repos/Burst-Coast-MPC/artifacts/MonteCarloData/monte-carlo-data-epoch-101_20260614T020547,mpc-1321-11-lambda-0.252,0.2521260434495554,0.020771427298073665,False,770.46142578125,767.3966674804688,1.9739649295806885,765.4227294921875,-3.06475830078125
1708,/home/victor-xia/repos/Burst-Coast-MPC/artifacts/MonteCarloData/monte-carlo-data-epoch-5_20260613T233433,mpc-1305-14-lambda-0.432,0.4316475539511259,0.4266080082739875,False,731.71044921875,767.6569213867188,28.708511352539062,738.9484252929688,35.94647216796875
1709,/home/victor-xia/repos/Burst-Coast-MPC/artifacts/MonteCarloData/monte-carlo-data-epoch-152_20260614T021306,mpc-1121-9-lambda-0.539,0.5393966606015592,0.28467506654406405,False,754.0112915039062,768.1304321289062,19.312904357910156,748.8175048828125,14.119140625
1710,/home/victor-xia/repos/Burst-Coast-MPC/artifacts/MonteCarloData/monte-carlo-data-epoch-325_20260614T023534,mpc-493-5-lambda-0.905,0.9052683318651581,0.39017659656811254,False,935.39892578125,769.18798828125,46.31838607788086,722.86962890625,-166.2109375
1711,/home/victor-xia/repos/Burst-Coast-MPC/artifacts/MonteCarloData/monte-carlo-data-epoch-155_20260614T210248,mpc-1207-11-lambda-0.735,0.7353167334072934,0.7316335606069825,False,799.7435913085938,770.485107421875,92.34935760498047,678.1357421875,-29.25848388671875
1712,/home/victor-xia/repos/Burst-Coast-MPC/artifacts/MonteCarloData/monte-carlo-data-epoch-273_20260614T211739,mpc-613-7-lambda-0.834,0.8341669231346431,0.37694449828914156,False,669.5465087890625,771.243896484375,40.819358825683594,730.424560546875,101.6973876953125
1713,/home/victor-xia/repos/Burst-Coast-MPC/artifacts/MonteCarloData/monte-carlo-data-epoch-152_20260614T021306,mpc-1178-10-lambda-0.438,0.4383454584840328,0.9372604922766256,False,723.33935546875,772.3497924804688,88.61308288574219,683.7366943359375,49.01043701171875
1714,/home/victor-xia/repos/Burst-Coast-MPC/artifacts/MonteCarloData/monte-carlo-data-epoch-22_20260613T233639,mpc-636-6-lambda-0.978,0.9778346633346904,0.5375642525250364,False,729.9885864257812,772.6423950195312,71.71453857421875,700.9278564453125,42.65380859375
1715,/home/victor-xia/repos/Burst-Coast-MPC/artifacts/MonteCarloData/monte-carlo-data-epoch-45_20260614T204640,mpc-443-4-lambda-0.541,0.5407043113264736,0.9694699832728081,False,892.72216796875,773.4921875,112.58599853515625,660.9061889648438,-119.22998046875
1716,/home/victor-xia/repos/Burst-Coast-MPC/artifacts/MonteCarloData/monte-carlo-data-epoch-525_20260614T030332,mpc-186-3-lambda-0.043,0.04290716176351648,0.8128843355537276,False,710.5985107421875,774.1307373046875,21.32921028137207,752.801513671875,63.5322265625
1717,/home/victor-xia/repos/Burst-Coast-MPC/artifacts/MonteCarloData/monte-carlo-data-epoch-101_20260614T020547,mpc-1173-10-lambda-0.031,0.03140062083001499,0.7376721986787151,False,800.8362426757812,774.549560546875,19.337432861328125,755.212158203125,-26.28668212890625
1718,/home/victor-xia/repos/Burst-Coast-MPC/artifacts/MonteCarloData/monte-carlo-data-epoch-46_20260614T015831,mpc-731-6-lambda-0.354,0.35409027434943474,0.07537604540296948,False,909.3893432617188,775.555419921875,4.582274913787842,770.97314453125,-133.83392333984375
1719,/home/victor-xia/repos/Burst-Coast-MPC/artifacts/MonteCarloData/monte-carlo-data-epoch-425_20260614T024906,mpc-258-2-lambda-0.033,0.03345801539854851,0.45711917913240685,False,729.609619140625,777.7489013671875,13.142723083496094,764.606201171875,48.1392822265625
1720,/home/victor-xia/repos/Burst-Coast-MPC/artifacts/MonteCarloData/monte-carlo-data-epoch-193_20260614T210711,mpc-1043-12-lambda-0.514,0.5142358417447961,0.7217438214015004,False,829.6661376953125,780.329833984375,68.303955078125,712.02587890625,-49.3363037109375
1721,/home/victor-xia/repos/Burst-Coast-MPC/artifacts/MonteCarloData/monte-carlo-data-epoch-245_20260614T211411,mpc-219-2-lambda-0.237,0.23730444135053683,0.8536137416492041,False,876.1643676757812,780.4240112304688,51.460514068603516,728.9635009765625,-95.7403564453125
1722,/home/victor-xia/repos/Burst-Coast-MPC/artifacts/MonteCarloData/monte-carlo-data-epoch-140_20260614T021100,mpc-697-9-lambda-0.594,0.5944860895494203,0.7918149787459304,False,651.5582275390625,780.8004760742188,83.88106536865234,696.91943359375,129.24224853515625
1723,/home/victor-xia/repos/Burst-Coast-MPC/artifacts/MonteCarloData/monte-carlo-data-epoch-366_20260614T024007,mpc-1068-11-lambda-0.395,0.39488134819543047,0.5806122990245032,False,657.0059204101562,781.252197265625,42.35669708251953,738.8955078125,124.24627685546875
1724,/home/victor-xia/repos/Burst-Coast-MPC/artifacts/MonteCarloData/monte-carlo-data-epoch-122_20260614T205732,mpc-1335-17-lambda-0.171,0.17075772238666445,0.2185528659887453,False,832.158203125,782.4525756835938,8.322355270385742,774.1302490234375,-49.70562744140625
1725,/home/victor-xia/repos/Burst-Coast-MPC/artifacts/MonteCarloData/monte-carlo-data-epoch-366_20260614T213027,mpc-0-0-lambda-0.81,0.8102418148780234,0.47736499866774734,False,775.1723022460938,782.6709594726562,54.69336700439453,727.9776000976562,7.4986572265625
1726,/home/victor-xia/repos/Burst-Coast-MPC/artifacts/MonteCarloData/monte-carlo-data-epoch-129_20260614T020924,mpc-959-8-lambda-0.53,0.5300118501995474,0.2652705838032352,False,728.9672241210938,783.7792358398438,17.744667053222656,766.0345458984375,54.81201171875
1727,/home/victor-xia/repos/Burst-Coast-MPC/artifacts/MonteCarloData/monte-carlo-data-epoch-449_20260614T025217,mpc-421-6-lambda-0.109,0.10877751864478272,0.21658259809105337,False,867.3626708984375,784.2217407226562,7.3557844161987305,776.865966796875,-83.14093017578125
1728,/home/victor-xia/repos/Burst-Coast-MPC/artifacts/MonteCarloData/monte-carlo-data-epoch-528_20260614T030346,mpc-969-12-lambda-0.735,0.7351869072474295,0.15795729176453685,False,645.2988891601562,784.4213256835938,14.150197982788086,770.2711181640625,139.1224365234375
1729,/home/victor-xia/repos/Burst-Coast-MPC/artifacts/MonteCarloData/monte-carlo-data-epoch-529_20260614T030357,mpc-751-9-lambda-0.733,0.7325592482061252,0.9564855776562542,False,835.4674682617188,785.3278198242188,141.3293914794922,643.9984130859375,-50.1396484375
1730,/home/victor-xia/repos/Burst-Coast-MPC/artifacts/MonteCarloData/monte-carlo-data-epoch-46_20260614T015831,mpc-598-5-lambda-0.1,0.09978645846636397,0.6626961613699175,False,944.8160400390625,787.4820556640625,22.445669174194336,765.036376953125,-157.333984375
1731,/home/victor-xia/repos/Burst-Coast-MPC/artifacts/MonteCarloData/monte-carlo-data-epoch-172_20260614T021552,mpc-1371-17-lambda-0.328,0.32781133200370904,0.5936372130752998,False,634.9428100585938,789.5315551757812,36.96037292480469,752.5711669921875,154.5887451171875
1732,/home/victor-xia/repos/Burst-Coast-MPC/artifacts/MonteCarloData/monte-carlo-data-epoch-101_20260614T020547,mpc-1325-12-lambda-0.102,0.10191066291763469,0.5709836542775222,False,767.7083129882812,790.0784301757812,19.29819107055664,770.7802124023438,22.3701171875
1733,/home/victor-xia/repos/Burst-Coast-MPC/artifacts/MonteCarloData/monte-carlo-data-epoch-457_20260614T025349,mpc-0-0-lambda-0.033,0.03327106611610584,0.267152147123015,False,718.7032470703125,791.554931640625,7.2470245361328125,784.3079223632812,72.8516845703125
1734,/home/victor-xia/repos/Burst-Coast-MPC/artifacts/MonteCarloData/monte-carlo-data-epoch-264_20260614T211644,mpc-215-2-lambda-0.73,0.7296860076212583,0.8584909651042607,False,867.58740234375,791.995849609375,116.52870178222656,675.4671630859375,-75.591552734375
1735,/home/victor-xia/repos/Burst-Coast-MPC/artifacts/MonteCarloData/monte-carlo-data-epoch-193_20260614T210711,mpc-941-11-lambda-0.159,0.15920811060344858,0.5072618478856008,False,861.186767578125,794.507080078125,19.923625946044922,774.5834350585938,-66.6796875
1736,/home/victor-xia/repos/Burst-Coast-MPC/artifacts/MonteCarloData/monte-carlo-data-epoch-122_20260614T205732,mpc-1379-18-lambda-0.537,0.5374749998489102,0.529570097299567,False,819.0223388671875,795.8221435546875,44.65873336791992,751.1633911132812,-23.2001953125
1737,/home/victor-xia/repos/Burst-Coast-MPC/artifacts/MonteCarloData/monte-carlo-data-epoch-316_20260614T212322,mpc-120-1-lambda-0.895,0.8952417551281386,0.2249136586518593,False,735.3978881835938,796.9352416992188,22.10177993774414,774.8334350585938,61.537353515625
1738,/home/victor-xia/repos/Burst-Coast-MPC/artifacts/MonteCarloData/monte-carlo-data-epoch-283_20260614T211850,mpc-0-0-lambda-0.728,0.7280234745294583,0.9940089115326576,False,684.8216552734375,796.9454956054688,157.4559783935547,639.489501953125,112.12384033203125
1739,/home/victor-xia/repos/Burst-Coast-MPC/artifacts/MonteCarloData/monte-carlo-data-epoch-273_20260614T211739,mpc-579-6-lambda-0.813,0.8131419208086362,0.16689626277820557,False,693.5180053710938,798.516845703125,15.08403491973877,783.4328002929688,104.99884033203125
1740,/home/victor-xia/repos/Burst-Coast-MPC/artifacts/MonteCarloData/monte-carlo-data-epoch-193_20260614T021758,mpc-711-5-lambda-0.587,0.5872740147225114,0.3093207273753217,False,843.70263671875,800.8240356445312,23.626869201660156,777.1971435546875,-42.87860107421875
1741,/home/victor-xia/repos/Burst-Coast-MPC/artifacts/MonteCarloData/monte-carlo-data-epoch-370_20260614T213101,mpc-2094-25-lambda-0.673,0.6733964250626595,0.3740495137069376,False,742.8895874023438,802.5084838867188,33.51081466674805,768.9976806640625,59.618896484375
1742,/home/victor-xia/repos/Burst-Coast-MPC/artifacts/MonteCarloData/monte-carlo-data-epoch-360_20260614T023922,mpc-318-3-lambda-0.438,0.43783336759589075,0.8954339178346152,False,969.3052368164062,802.7268676757812,81.49959564208984,721.227294921875,-166.578369140625
1743,/home/victor-xia/repos/Burst-Coast-MPC/artifacts/MonteCarloData/monte-carlo-data-epoch-458_20260614T025355,mpc-276-3-lambda-0.741,0.7407231534494509,0.7387819035740036,False,1006.2977294921875,802.9521484375,92.0680160522461,710.8841552734375,-203.3455810546875
1744,/home/victor-xia/repos/Burst-Coast-MPC/artifacts/MonteCarloData/monte-carlo-data-epoch-445_20260614T025133,mpc-1406-14-lambda-0.963,0.9632714414227349,0.4887789502322165,False,689.715576171875,803.6742553710938,63.00157165527344,740.6726684570312,113.95867919921875
1745,/home/victor-xia/repos/Burst-Coast-MPC/artifacts/MonteCarloData/monte-carlo-data-epoch-528_20260614T030346,mpc-1001-13-lambda-0.871,0.8708907121852566,0.35968503553438524,False,622.7785034179688,804.343994140625,41.044342041015625,763.2996826171875,181.56549072265625
1746,/home/victor-xia/repos/Burst-Coast-MPC/artifacts/MonteCarloData/monte-carlo-data-epoch-425_20260614T024906,mpc-144-1-lambda-0.167,0.1673475505017958,0.5649433059963478,False,770.6026000976562,804.584716796875,25.81263542175293,778.7720947265625,33.98211669921875
1747,/home/victor-xia/repos/Burst-Coast-MPC/artifacts/MonteCarloData/monte-carlo-data-epoch-21_20260613T233630,mpc-574-5-lambda-0.517,0.5172544257998187,0.13158255274572028,False,691.9489135742188,805.7291870117188,8.989566802978516,796.7396240234375,113.7802734375
1748,/home/victor-xia/repos/Burst-Coast-MPC/artifacts/MonteCarloData/monte-carlo-data-epoch-429_20260614T024928,mpc-419-4-lambda-0.683,0.6833592526592601,0.08330423423534593,False,828.3760986328125,805.84130859375,7.07901668548584,798.7622680664062,-22.5347900390625
1749,/home/victor-xia/repos/Burst-Coast-MPC/artifacts/MonteCarloData/monte-carlo-data-epoch-378_20260614T213220,mpc-710-9-lambda-0.764,0.7643945529555237,0.9470683711854472,False,778.7232055664062,807.3917236328125,144.27882385253906,663.1129150390625,28.66851806640625
1750,/home/victor-xia/repos/Burst-Coast-MPC/artifacts/MonteCarloData/monte-carlo-data-epoch-41_20260614T015747,mpc-1345-12-lambda-0.823,0.8234715231621065,0.6830555556523479,False,728.6112060546875,807.9300537109375,87.7087631225586,720.2213134765625,79.31884765625
1751,/home/victor-xia/repos/Burst-Coast-MPC/artifacts/MonteCarloData/monte-carlo-data-epoch-91_20260614T205320,mpc-416-5-lambda-0.674,0.6736148490933067,0.6001926086339392,False,817.5789184570312,809.819580078125,65.69669342041016,744.1228637695312,-7.75933837890625
1752,/home/victor-xia/repos/Burst-Coast-MPC/artifacts/MonteCarloData/monte-carlo-data-epoch-79_20260614T205138,mpc-889-7-lambda-0.936,0.9356764255233174,0.21408787686940822,False,699.978759765625,810.1541137695312,21.517169952392578,788.636962890625,110.17535400390625
1753,/home/victor-xia/repos/Burst-Coast-MPC/artifacts/MonteCarloData/monte-carlo-data-epoch-52_20260613T234101,mpc-726-5-lambda-0.802,0.8023125400945283,0.7060466311696237,False,758.5211791992188,810.3602294921875,89.98851013183594,720.3717041015625,51.83905029296875
1754,/home/victor-xia/repos/Burst-Coast-MPC/artifacts/MonteCarloData/monte-carlo-data-epoch-66_20260614T204948,mpc-827-8-lambda-0.433,0.4328990726706755,0.9812655105311867,False,989.4673461914062,810.4700927734375,95.36964416503906,715.1004638671875,-178.99725341796875
1755,/home/victor-xia/repos/Burst-Coast-MPC/artifacts/MonteCarloData/monte-carlo-data-epoch-266_20260614T022715,mpc-1832-18-lambda-0.988,0.9880992818908096,0.9048161238049116,False,730.0875244140625,811.8450317382812,171.5474090576172,640.297607421875,81.75750732421875
1756,/home/victor-xia/repos/Burst-Coast-MPC/artifacts/MonteCarloData/monte-carlo-data-epoch-5_20260613T233433,mpc-1271-13-lambda-0.834,0.8338651141823425,0.16960071213867672,False,755.1124877929688,812.1280517578125,14.735733032226562,797.392333984375,57.01556396484375
1757,/home/victor-xia/repos/Burst-Coast-MPC/artifacts/MonteCarloData/monte-carlo-data-epoch-189_20260614T021734,mpc-0-0-lambda-0.925,0.9245715310875563,0.8156401808162229,False,735.6087036132812,812.339599609375,128.42996215820312,683.90966796875,76.73089599609375
1758,/home/victor-xia/repos/Burst-Coast-MPC/artifacts/MonteCarloData/monte-carlo-data-epoch-385_20260614T024253,mpc-184-2-lambda-0.975,0.9754301388313272,0.4369263517191299,False,837.0875244140625,812.5654907226562,56.27388381958008,756.2916259765625,-24.52203369140625
1759,/home/victor-xia/repos/Burst-Coast-MPC/artifacts/MonteCarloData/monte-carlo-data-epoch-193_20260614T210711,mpc-925-10-lambda-0.193,0.19332230186672608,0.07919208152058184,False,866.99072265625,813.5899047851562,3.6646251678466797,809.92529296875,-53.40081787109375
1760,/home/victor-xia/repos/Burst-Coast-MPC/artifacts/MonteCarloData/monte-carlo-data-epoch-437_20260614T025016,mpc-696-7-lambda-0.618,0.6182765866907126,0.6622261001986565,False,862.0435791015625,814.6922607421875,67.85066223144531,746.8416137695312,-47.351318359375
1761,/home/victor-xia/repos/Burst-Coast-MPC/artifacts/MonteCarloData/monte-carlo-data-epoch-359_20260614T212926,mpc-634-5-lambda-0.557,0.5574065510816667,0.14439494123308766,False,1061.3443603515625,815.5595703125,9.59653091430664,805.9630126953125,-245.7847900390625
1762,/home/victor-xia/repos/Burst-Coast-MPC/artifacts/MonteCarloData/monte-carlo-data-epoch-327_20260614T023548,mpc-416-4-lambda-0.361,0.36070140682998536,0.7527001961443262,False,771.7702026367188,815.7314453125,54.747825622558594,760.983642578125,43.96124267578125
1763,/home/victor-xia/repos/Burst-Coast-MPC/artifacts/MonteCarloData/monte-carlo-data-epoch-378_20260614T213220,mpc-661-8-lambda-0.881,0.8806129119928184,0.24560689545632428,False,817.6602172851562,816.272216796875,24.45726203918457,791.81494140625,-1.38800048828125
1764,/home/victor-xia/repos/Burst-Coast-MPC/artifacts/MonteCarloData/monte-carlo-data-epoch-359_20260614T212926,mpc-663-6-lambda-0.475,0.47548602012841995,0.38755603310623876,False,1046.125244140625,816.5095825195312,27.989046096801758,788.5205078125,-229.61566162109375
1765,/home/victor-xia/repos/Burst-Coast-MPC/artifacts/MonteCarloData/monte-carlo-data-epoch-265_20260614T211652,mpc-612-8-lambda-0.199,0.19944056933096913,0.18718070573384132,False,699.7532958984375,817.1284790039062,7.621738433837891,809.5067138671875,117.37518310546875
1766,/home/victor-xia/repos/Burst-Coast-MPC/artifacts/MonteCarloData/monte-carlo-data-epoch-525_20260614T030332,mpc-99-1-lambda-0.357,0.3567059796166954,0.34864391740149947,False,755.478271484375,819.8616333007812,20.05344009399414,799.8081665039062,64.38336181640625
1767,/home/victor-xia/repos/Burst-Coast-MPC/artifacts/MonteCarloData/monte-carlo-data-epoch-183_20260614T021655,mpc-747-8-lambda-0.315,0.314976584011409,0.8907980388293641,False,1022.453125,820.4814453125,62.89350128173828,757.5879516601562,-201.9716796875
1768,/home/victor-xia/repos/Burst-Coast-MPC/artifacts/MonteCarloData/monte-carlo-data-epoch-271_20260614T022745,mpc-926-9-lambda-0.565,0.5652855787975142,0.30493053621478194,False,976.4638061523438,820.4905395507812,22.899124145507812,797.5914306640625,-155.9732666015625
1769,/home/victor-xia/repos/Burst-Coast-MPC/artifacts/MonteCarloData/monte-carlo-data-epoch-453_20260614T025300,mpc-138-2-lambda-0.153,0.1527585043550656,0.46123011988253737,False,895.1986083984375,821.361328125,18.47218132019043,802.88916015625,-73.8372802734375
1770,/home/victor-xia/repos/Burst-Coast-MPC/artifacts/MonteCarloData/monte-carlo-data-epoch-131_20260614T205906,mpc-571-6-lambda-0.579,0.5789384048733079,0.9633603608430488,False,932.4627685546875,821.5496826171875,117.45138549804688,704.0982666015625,-110.9130859375
1771,/home/victor-xia/repos/Burst-Coast-MPC/artifacts/MonteCarloData/monte-carlo-data-epoch-8_20260614T015329,mpc-537-4-lambda-0.232,0.23166208648476963,0.922736902023777,False,965.2056884765625,822.5811767578125,52.08858108520508,770.4926147460938,-142.62451171875
1772,/home/victor-xia/repos/Burst-Coast-MPC/artifacts/MonteCarloData/monte-carlo-data-epoch-324_20260614T212424,mpc-1152-12-lambda-0.353,0.3532822659082075,0.619659072161112,False,703.332275390625,823.2891235351562,41.6516227722168,781.6375122070312,119.95684814453125
1773,/home/victor-xia/repos/Burst-Coast-MPC/artifacts/MonteCarloData/monte-carlo-data-epoch-271_20260614T022745,mpc-987-10-lambda-0.234,0.2341787097830923,0.7398436291548486,False,940.0205078125,824.2633056640625,40.0113639831543,784.251953125,-115.7572021484375
1774,/home/victor-xia/repos/Burst-Coast-MPC/artifacts/MonteCarloData/monte-carlo-data-epoch-296_20260614T212048,mpc-962-11-lambda-0.906,0.906382755746235,0.7389038440547778,False,862.4820556640625,824.2799682617188,113.33223724365234,710.94775390625,-38.20208740234375
1775,/home/victor-xia/repos/Burst-Coast-MPC/artifacts/MonteCarloData/monte-carlo-data-epoch-266_20260614T022715,mpc-1719-17-lambda-0.612,0.6123386525137748,0.5604303682873147,False,817.9712524414062,824.606689453125,54.94611358642578,769.6605834960938,6.63543701171875
1776,/home/victor-xia/repos/Burst-Coast-MPC/artifacts/MonteCarloData/monte-carlo-data-epoch-69_20260614T205023,mpc-293-2-lambda-0.216,0.21620837141495752,0.9976746765045679,False,866.0986328125,825.1752319335938,60.40886306762695,764.766357421875,-40.92340087890625
1777,/home/victor-xia/repos/Burst-Coast-MPC/artifacts/MonteCarloData/monte-carlo-data-epoch-209_20260614T021953,mpc-0-0-lambda-0.314,0.3142866028470916,0.39943536606329233,False,645.0327758789062,827.3194580078125,22.86363983154297,804.455810546875,182.28668212890625
1778,/home/victor-xia/repos/Burst-Coast-MPC/artifacts/MonteCarloData/monte-carlo-data-epoch-489_20260614T025823,mpc-998-8-lambda-0.204,0.20408757557191118,0.617454987976177,False,1059.1192626953125,828.5598754882812,30.53423500061035,798.025634765625,-230.55938720703125
1779,/home/victor-xia/repos/Burst-Coast-MPC/artifacts/MonteCarloData/monte-carlo-data-epoch-453_20260614T025300,mpc-231-3-lambda-0.102,0.10161803805482927,0.7780587649721323,False,865.9492797851562,829.3287353515625,28.370136260986328,800.9586181640625,-36.62054443359375
1780,/home/victor-xia/repos/Burst-Coast-MPC/artifacts/MonteCarloData/monte-carlo-data-epoch-373_20260614T213125,mpc-2651-24-lambda-0.755,0.7552965413349829,0.36421152184493144,False,421.2241516113281,830.0266723632812,36.02173614501953,794.0049438476562,408.8025207519531
1781,/home/victor-xia/repos/Burst-Coast-MPC/artifacts/MonteCarloData/monte-carlo-data-epoch-193_20260614T210711,mpc-743-8-lambda-0.243,0.24255577107584472,0.03677886517113264,False,932.5554809570312,830.8352661132812,2.0319697856903076,828.8032836914062,-101.72021484375
1782,/home/victor-xia/repos/Burst-Coast-MPC/artifacts/MonteCarloData/monte-carlo-data-epoch-325_20260614T023534,mpc-315-4-lambda-0.572,0.5719419660836647,0.8851069516153782,False,1097.6578369140625,831.4600219726562,101.04866790771484,730.411376953125,-266.19781494140625
1783,/home/victor-xia/repos/Burst-Coast-MPC/artifacts/MonteCarloData/monte-carlo-data-epoch-193_20260614T210711,mpc-750-9-lambda-0.148,0.1476952111536919,0.8721693274864186,False,929.3191528320312,832.89111328125,39.21511459350586,793.676025390625,-96.42803955078125
1784,/home/victor-xia/repos/Burst-Coast-MPC/artifacts/MonteCarloData/monte-carlo-data-epoch-27_20260613T233717,mpc-1278-14-lambda-0.768,0.7683300084503798,0.3523542202262485,False,685.7742919921875,833.3364868164062,33.72441864013672,799.612060546875,147.56219482421875
1785,/home/victor-xia/repos/Burst-Coast-MPC/artifacts/MonteCarloData/monte-carlo-data-epoch-271_20260614T022745,mpc-1136-11-lambda-0.901,0.9013211812498192,0.6301929853020054,False,876.3025512695312,836.17724609375,90.15966033935547,746.017578125,-40.12530517578125
1786,/home/victor-xia/repos/Burst-Coast-MPC/artifacts/MonteCarloData/monte-carlo-data-epoch-46_20260614T015831,mpc-523-4-lambda-0.549,0.5493228703079828,0.37402402716725947,False,991.60009765625,836.477783203125,29.365583419799805,807.1121826171875,-155.122314453125
1787,/home/victor-xia/repos/Burst-Coast-MPC/artifacts/MonteCarloData/monte-carlo-data-epoch-160_20260614T210323,mpc-45-2-lambda-0.468,0.468359500508984,0.8780466218039452,False,972.7041625976562,837.49609375,84.46946716308594,753.026611328125,-135.20806884765625
1788,/home/victor-xia/repos/Burst-Coast-MPC/artifacts/MonteCarloData/monte-carlo-data-epoch-449_20260614T025217,mpc-404-5-lambda-0.02,0.020186084105198787,0.08599096749383126,False,872.9391479492188,837.928955078125,3.512112617492676,834.4168701171875,-35.01019287109375
1789,/home/victor-xia/repos/Burst-Coast-MPC/artifacts/MonteCarloData/monte-carlo-data-epoch-77_20260614T020235,mpc-524-4-lambda-0.587,0.5872853970654592,0.3001595697581797,False,921.9532470703125,839.3863525390625,23.508352279663086,815.8779907226562,-82.56689453125
1790,/home/victor-xia/repos/Burst-Coast-MPC/artifacts/MonteCarloData/monte-carlo-data-epoch-292_20260614T023057,mpc-306-3-lambda-0.581,0.5811056456958238,0.21621017591319416,False,753.7039184570312,839.5992431640625,16.427675247192383,823.1715698242188,85.89532470703125
1791,/home/victor-xia/repos/Burst-Coast-MPC/artifacts/MonteCarloData/monte-carlo-data-epoch-26_20260613T233709,mpc-297-2-lambda-0.414,0.4142336338531053,0.7902675151379703,False,729.3889770507812,840.7791137695312,64.23636627197266,776.542724609375,111.39013671875
1792,/home/victor-xia/repos/Burst-Coast-MPC/artifacts/MonteCarloData/monte-carlo-data-epoch-472_20260614T025607,mpc-813-7-lambda-0.698,0.6977334120784604,0.5529257224962401,False,806.5408935546875,842.1659545898438,58.792213439941406,783.3737182617188,35.62506103515625
1793,/home/victor-xia/repos/Burst-Coast-MPC/artifacts/MonteCarloData/monte-carlo-data-epoch-148_20260614T021217,mpc-610-4-lambda-0.567,0.5668728313373255,0.772669931266583,False,799.0679931640625,842.19189453125,77.66297149658203,764.5289306640625,43.1239013671875
1794,/home/victor-xia/repos/Burst-Coast-MPC/artifacts/MonteCarloData/monte-carlo-data-epoch-168_20260614T021526,mpc-274-3-lambda-0.145,0.14506370434739913,0.6510872314376467,False,878.6089477539062,843.2481079101562,26.523855209350586,816.7242431640625,-35.36083984375
1795,/home/victor-xia/repos/Burst-Coast-MPC/artifacts/MonteCarloData/monte-carlo-data-epoch-138_20260614T210009,mpc-817-8-lambda-0.508,0.508338625920353,0.26931229184983846,False,720.698974609375,843.3348999023438,18.43246078491211,824.9024658203125,122.63592529296875
1796,/home/victor-xia/repos/Burst-Coast-MPC/artifacts/MonteCarloData/monte-carlo-data-epoch-8_20260614T015329,mpc-452-3-lambda-0.505,0.5053306498606522,0.4207660981878214,False,1014.1198120117188,844.3179321289062,30.717208862304688,813.6007080078125,-169.8018798828125
1797,/home/victor-xia/repos/Burst-Coast-MPC/artifacts/MonteCarloData/monte-carlo-data-epoch-445_20260614T025133,mpc-1301-12-lambda-0.836,0.8358812408033395,0.07640449105985088,False,725.8929443359375,844.5699462890625,7.273745536804199,837.2962036132812,118.677001953125
1798,/home/victor-xia/repos/Burst-Coast-MPC/artifacts/MonteCarloData/monte-carlo-data-epoch-292_20260614T023057,mpc-349-4-lambda-0.14,0.13990292031675203,0.3436738411270767,False,727.5478515625,844.9248046875,14.750100135803223,830.1746826171875,117.376953125
1799,/home/victor-xia/repos/Burst-Coast-MPC/artifacts/MonteCarloData/monte-carlo-data-epoch-168_20260614T021526,mpc-405-4-lambda-0.738,0.7381432667860948,0.875608566607028,False,836.588623046875,845.715087890625,116.44672393798828,729.2683715820312,9.12646484375
1800,/home/victor-xia/repos/Burst-Coast-MPC/artifacts/MonteCarloData/monte-carlo-data-epoch-445_20260614T025133,mpc-1316-13-lambda-0.118,0.11771549359129177,0.44739067385855597,False,714.2999877929688,846.367431640625,15.567651748657227,830.7998046875,132.06744384765625
1801,/home/victor-xia/repos/Burst-Coast-MPC/artifacts/MonteCarloData/monte-carlo-data-epoch-17_20260614T015442,mpc-752-6-lambda-0.928,0.9277620442964605,0.37683844979368636,False,696.1597900390625,846.445556640625,42.6591911315918,803.786376953125,150.2857666015625
1802,/home/victor-xia/repos/Burst-Coast-MPC/artifacts/MonteCarloData/monte-carlo-data-epoch-42_20260613T233930,mpc-664-7-lambda-0.868,0.8676793757382273,0.8394415358687188,False,712.5308227539062,847.21142578125,124.79258728027344,722.4188232421875,134.68060302734375
1803,/home/victor-xia/repos/Burst-Coast-MPC/artifacts/MonteCarloData/monte-carlo-data-epoch-449_20260614T025217,mpc-273-4-lambda-0.332,0.33156067670173645,0.6503884174806939,False,940.84765625,848.675048828125,42.57815170288086,806.096923828125,-92.172607421875
1804,/home/victor-xia/repos/Burst-Coast-MPC/artifacts/MonteCarloData/monte-carlo-data-epoch-183_20260614T021655,mpc-686-7-lambda-0.721,0.7210264811644319,0.30181984946116,False,1069.650634765625,849.9127197265625,29.568498611450195,820.34423828125,-219.7379150390625
1805,/home/victor-xia/repos/Burst-Coast-MPC/artifacts/MonteCarloData/monte-carlo-data-epoch-77_20260614T020235,mpc-388-3-lambda-0.597,0.5966423483937,0.6782769340561202,False,1033.4437255859375,850.440673828125,70.2134017944336,780.227294921875,-183.0030517578125
1806,/home/victor-xia/repos/Burst-Coast-MPC/artifacts/MonteCarloData/monte-carlo-data-epoch-53_20260613T234112,mpc-153-3-lambda-0.827,0.8267031062693607,0.7991159470881932,False,769.40234375,850.4566040039062,112.97801208496094,737.4785766601562,81.05426025390625
1807,/home/victor-xia/repos/Burst-Coast-MPC/artifacts/MonteCarloData/monte-carlo-data-epoch-366_20260614T024007,mpc-944-9-lambda-0.779,0.7787714536159389,0.5352666306619359,False,770.3522338867188,850.472900390625,62.50759506225586,787.96533203125,80.12066650390625
1808,/home/victor-xia/repos/Burst-Coast-MPC/artifacts/MonteCarloData/monte-carlo-data-epoch-22_20260613T233639,mpc-616-5-lambda-0.616,0.6157529556849209,0.10024846700921522,False,740.9180908203125,851.0303344726562,6.892293930053711,844.1380615234375,110.11224365234375
1809,/home/victor-xia/repos/Burst-Coast-MPC/artifacts/MonteCarloData/monte-carlo-data-epoch-27_20260613T233717,mpc-1208-13-lambda-0.855,0.8546887003676094,0.3488126092579691,False,744.0494995117188,851.5285034179688,36.53432083129883,814.9942016601562,107.47900390625
1810,/home/victor-xia/repos/Burst-Coast-MPC/artifacts/MonteCarloData/monte-carlo-data-epoch-448_20260614T025158,mpc-2061-22-lambda-0.849,0.848663563388391,0.9293628366836811,False,870.1679077148438,854.0396728515625,153.61767578125,700.4219970703125,-16.12823486328125
1811,/home/victor-xia/repos/Burst-Coast-MPC/artifacts/MonteCarloData/monte-carlo-data-epoch-21_20260613T233630,mpc-630-7-lambda-0.875,0.8745717765226825,0.6025318900816855,False,651.9095458984375,854.7565307617188,77.74161529541016,777.014892578125,202.84698486328125
1812,/home/victor-xia/repos/Burst-Coast-MPC/artifacts/MonteCarloData/monte-carlo-data-epoch-529_20260614T030357,mpc-587-8-lambda-0.477,0.47747549154106,0.8153502952089662,False,955.9932250976562,855.0569458007812,75.23409271240234,779.8228759765625,-100.936279296875
1813,/home/victor-xia/repos/Burst-Coast-MPC/artifacts/MonteCarloData/monte-carlo-data-epoch-264_20260614T022644,mpc-1734-22-lambda-0.915,0.9147980051700747,0.9456886295996572,False,913.051025390625,855.4794311523438,159.06761169433594,696.4118041992188,-57.57159423828125
1814,/home/victor-xia/repos/Burst-Coast-MPC/artifacts/MonteCarloData/monte-carlo-data-epoch-429_20260614T024928,mpc-377-3-lambda-0.422,0.4221901359790388,0.2097681862622794,False,848.9667358398438,855.6533813476562,13.601701736450195,842.0516967773438,6.6866455078125
1815,/home/victor-xia/repos/Burst-Coast-MPC/artifacts/MonteCarloData/monte-carlo-data-epoch-449_20260614T025217,mpc-465-7-lambda-0.702,0.7023463958788058,0.9596840500547275,False,855.747314453125,855.9618530273438,132.3605194091797,723.601318359375,0.21453857421875
1816,/home/victor-xia/repos/Burst-Coast-MPC/artifacts/MonteCarloData/monte-carlo-data-epoch-327_20260614T023548,mpc-315-3-lambda-0.448,0.44780838650126925,0.5040085228473342,False,830.2669067382812,856.4043579101562,36.693153381347656,819.711181640625,26.137451171875
1817,/home/victor-xia/repos/Burst-Coast-MPC/artifacts/MonteCarloData/monte-carlo-data-epoch-429_20260614T024928,mpc-273-2-lambda-0.503,0.5034402724386795,0.5150233138614372,False,915.932373046875,857.3611450195312,41.94279861450195,815.4183349609375,-58.57122802734375
1818,/home/victor-xia/repos/Burst-Coast-MPC/artifacts/MonteCarloData/monte-carlo-data-epoch-129_20260614T020924,mpc-842-7-lambda-0.417,0.417200940697776,0.5804871651941516,False,793.875732421875,857.8319091796875,40.71135711669922,817.1205444335938,63.9561767578125
1819,/home/victor-xia/repos/Burst-Coast-MPC/artifacts/MonteCarloData/monte-carlo-data-epoch-125_20260614T205814,mpc-1391-15-lambda-0.518,0.5180643265410274,0.7107909561173134,False,830.6908569335938,858.2868041992188,67.10603332519531,791.1807861328125,27.595947265625
1820,/home/victor-xia/repos/Burst-Coast-MPC/artifacts/MonteCarloData/monte-carlo-data-epoch-337_20260614T023646,mpc-207-2-lambda-0.501,0.5008596323830867,0.7103366753399676,False,975.134765625,858.886962890625,63.9780158996582,794.908935546875,-116.247802734375
1821,/home/victor-xia/repos/Burst-Coast-MPC/artifacts/MonteCarloData/monte-carlo-data-epoch-458_20260614T025355,mpc-194-2-lambda-0.145,0.144863966955662,0.4082993517126771,False,1030.80322265625,861.2376708984375,15.498627662658691,845.739013671875,-169.5655517578125
1822,/home/victor-xia/repos/Burst-Coast-MPC/artifacts/MonteCarloData/monte-carlo-data-epoch-489_20260614T025823,mpc-1122-9-lambda-0.277,0.2772325624959954,0.9893788295622976,False,1010.5763549804688,862.7603149414062,71.95467376708984,790.8056640625,-147.8160400390625
1823,/home/victor-xia/repos/Burst-Coast-MPC/artifacts/MonteCarloData/monte-carlo-data-epoch-528_20260614T030346,mpc-730-9-lambda-0.151,0.15118349411276713,0.23617823858187317,False,763.6582641601562,863.1406860351562,9.163402557373047,853.977294921875,99.482421875
1824,/home/victor-xia/repos/Burst-Coast-MPC/artifacts/MonteCarloData/monte-carlo-data-epoch-281_20260614T022911,mpc-397-4-lambda-0.861,0.8608934499374494,0.06417974821527342,False,843.056640625,864.5422973632812,6.356778621673584,858.185546875,21.48565673828125
1825,/home/victor-xia/repos/Burst-Coast-MPC/artifacts/MonteCarloData/monte-carlo-data-epoch-336_20260614T212603,mpc-229-2-lambda-0.438,0.43795991711105037,0.7462908972270763,False,900.494384765625,864.882568359375,64.25,800.632568359375,-35.61181640625
1826,/home/victor-xia/repos/Burst-Coast-MPC/artifacts/MonteCarloData/monte-carlo-data-epoch-393_20260614T213431,mpc-1034-11-lambda-0.807,0.8066974487132502,0.7997984958997274,False,831.748046875,865.1138916015625,115.80725860595703,749.306640625,33.3658447265625
1827,/home/victor-xia/repos/Burst-Coast-MPC/artifacts/MonteCarloData/monte-carlo-data-epoch-99_20260614T020526,mpc-846-10-lambda-0.36,0.36026511446692566,0.8366327814637456,False,800.6328125,865.4429931640625,62.160484313964844,803.2825317382812,64.8101806640625
1828,/home/victor-xia/repos/Burst-Coast-MPC/artifacts/MonteCarloData/monte-carlo-data-epoch-425_20260614T024906,mpc-0-0-lambda-0.294,0.29399658843678983,0.7160982500860447,False,842.4960327148438,867.9138793945312,45.06074905395508,822.8531494140625,25.4178466796875
1829,/home/victor-xia/repos/Burst-Coast-MPC/artifacts/MonteCarloData/monte-carlo-data-epoch-336_20260614T212603,mpc-162-1-lambda-0.467,0.4665754980897574,0.33542241172455906,False,937.1058959960938,868.8265380859375,23.013031005859375,845.8134765625,-68.27935791015625
1830,/home/victor-xia/repos/Burst-Coast-MPC/artifacts/MonteCarloData/monte-carlo-data-epoch-458_20260614T025355,mpc-177-1-lambda-0.803,0.8027982891295622,0.08322386335987905,False,1043.5386962890625,869.0886840820312,8.000570297241211,861.088134765625,-174.45001220703125
1831,/home/victor-xia/repos/Burst-Coast-MPC/artifacts/MonteCarloData/monte-carlo-data-epoch-239_20260614T022324,mpc-910-9-lambda-0.82,0.8201323023505596,0.5300484942005629,False,665.4717407226562,869.69140625,62.05897903442383,807.6324462890625,204.21966552734375
1832,/home/victor-xia/repos/Burst-Coast-MPC/artifacts/MonteCarloData/monte-carlo-data-epoch-448_20260614T025158,mpc-2000-21-lambda-0.543,0.5425731104479016,0.30333355011609514,False,907.7034912109375,869.7149047851562,23.56730079650879,846.1475830078125,-37.98858642578125
1833,/home/victor-xia/repos/Burst-Coast-MPC/artifacts/MonteCarloData/monte-carlo-data-epoch-307_20260614T212219,mpc-0-0-lambda-0.778,0.7783298964362925,0.8104230663378874,False,1037.03955078125,870.19873046875,112.85397338867188,757.3447265625,-166.8408203125
1834,/home/victor-xia/repos/Burst-Coast-MPC/artifacts/MonteCarloData/monte-carlo-data-epoch-29_20260613T233734,mpc-1302-14-lambda-0.981,0.9811807874319345,0.9344061379594,False,808.52685546875,870.927001953125,164.19247436523438,706.7344970703125,62.400146484375
1835,/home/victor-xia/repos/Burst-Coast-MPC/artifacts/MonteCarloData/monte-carlo-data-epoch-91_20260614T205320,mpc-354-4-lambda-0.718,0.7182997677618956,0.3077652110333997,False,860.6453857421875,871.9114379882812,27.04651641845703,844.8649291992188,11.26605224609375
1836,/home/victor-xia/repos/Burst-Coast-MPC/artifacts/MonteCarloData/monte-carlo-data-epoch-265_20260614T211652,mpc-480-7-lambda-0.446,0.4455027952807464,0.658943004504193,False,784.6393432617188,871.9260864257812,53.0955696105957,818.8305053710938,87.2867431640625
1837,/home/victor-xia/repos/Burst-Coast-MPC/artifacts/MonteCarloData/monte-carlo-data-epoch-401_20260614T024506,mpc-0-0-lambda-0.791,0.7906572350943423,0.9682044150552038,False,961.2849731445312,873.2490234375,147.35035705566406,725.898681640625,-88.03594970703125
1838,/home/victor-xia/repos/Burst-Coast-MPC/artifacts/MonteCarloData/monte-carlo-data-epoch-160_20260614T210323,mpc-38-1-lambda-0.996,0.996162598924767,0.03551439376226794,False,977.9982299804688,874.06005859375,3.7050843238830566,870.35498046875,-103.93817138671875
1839,/home/victor-xia/repos/Burst-Coast-MPC/artifacts/MonteCarloData/monte-carlo-data-epoch-152_20260614T021306,mpc-1046-8-lambda-0.726,0.7263283830824333,0.37150456458610487,False,810.7979125976562,874.5987548828125,35.593509674072266,839.0052490234375,63.80084228515625
1840,/home/victor-xia/repos/Burst-Coast-MPC/artifacts/MonteCarloData/monte-carlo-data-epoch-528_20260614T030346,mpc-886-11-lambda-0.842,0.8418863776780505,0.41182113707328455,False,720.6506958007812,874.8941040039062,47.90110397338867,826.9929809570312,154.243408203125
1841,/home/victor-xia/repos/Burst-Coast-MPC/artifacts/MonteCarloData/monte-carlo-data-epoch-266_20260614T022715,mpc-1567-15-lambda-0.134,0.13365956809656773,0.35574651123711565,False,882.977783203125,875.5636596679688,13.297575950622559,862.26611328125,-7.41412353515625
1842,/home/victor-xia/repos/Burst-Coast-MPC/artifacts/MonteCarloData/monte-carlo-data-epoch-53_20260613T234112,mpc-123-2-lambda-0.03,0.02966722472821523,0.1511909826647565,False,776.246337890625,875.9751586914062,4.350811958312988,871.6243286132812,99.72882080078125
1843,/home/victor-xia/repos/Burst-Coast-MPC/artifacts/MonteCarloData/monte-carlo-data-epoch-160_20260614T210323,mpc-0-0-lambda-0.744,0.7436802362774736,0.18934600012613367,False,1004.421142578125,876.01171875,16.603046417236328,859.40869140625,-128.409423828125
1844,/home/victor-xia/repos/Burst-Coast-MPC/artifacts/MonteCarloData/monte-carlo-data-epoch-79_20260614T205138,mpc-762-6-lambda-0.283,0.2827407119556274,0.6339068147983601,False,758.4313354492188,878.4747924804688,36.701637268066406,841.7731323242188,120.04345703125
1845,/home/victor-xia/repos/Burst-Coast-MPC/artifacts/MonteCarloData/monte-carlo-data-epoch-253_20260614T022517,mpc-2271-22-lambda-0.777,0.7773877606767795,0.297343087070519,False,778.8367919921875,878.6024780273438,28.572093963623047,850.0303955078125,99.76568603515625
1846,/home/victor-xia/repos/Burst-Coast-MPC/artifacts/MonteCarloData/monte-carlo-data-epoch-529_20260614T030357,mpc-576-7-lambda-0.969,0.9693996489193305,0.05399803454347898,False,966.5770263671875,878.8424072265625,6.618785858154297,872.2236328125,-87.734619140625
1847,/home/victor-xia/repos/Burst-Coast-MPC/artifacts/MonteCarloData/monte-carlo-data-epoch-253_20260614T022517,mpc-2331-23-lambda-0.936,0.9359630967583008,0.4634041118056329,False,733.2901000976562,880.474365234375,60.7174186706543,819.7569580078125,147.18426513671875
1848,/home/victor-xia/repos/Burst-Coast-MPC/artifacts/MonteCarloData/monte-carlo-data-epoch-45_20260614T204640,mpc-286-3-lambda-0.575,0.5749920738704861,0.779587095670356,False,1028.1961669921875,881.9405517578125,84.45301055908203,797.487548828125,-146.255615234375
1849,/home/victor-xia/repos/Burst-Coast-MPC/artifacts/MonteCarloData/monte-carlo-data-epoch-449_20260614T025217,mpc-207-3-lambda-0.451,0.4510388052705097,0.33056147723978824,False,976.5760498046875,882.2542724609375,22.44969940185547,859.8045654296875,-94.32177734375
1850,/home/victor-xia/repos/Burst-Coast-MPC/artifacts/MonteCarloData/monte-carlo-data-epoch-159_20260614T021350,mpc-1291-10-lambda-0.23,0.22987558064243976,0.7504919138770696,False,1007.366943359375,883.6604614257812,39.65559005737305,844.0048828125,-123.70648193359375
1851,/home/victor-xia/repos/Burst-Coast-MPC/artifacts/MonteCarloData/monte-carlo-data-epoch-29_20260613T233734,mpc-1215-13-lambda-0.104,0.10429446129137464,0.43130357434911654,False,831.6776123046875,884.6195678710938,14.676070213317871,869.9434814453125,52.94195556640625
1852,/home/victor-xia/repos/Burst-Coast-MPC/artifacts/MonteCarloData/monte-carlo-data-epoch-168_20260614T021526,mpc-151-2-lambda-0.371,0.37103007177496683,0.611010291491273,False,944.5941772460938,884.8334350585938,41.380977630615234,843.4524536132812,-59.7607421875
1853,/home/victor-xia/repos/Burst-Coast-MPC/artifacts/MonteCarloData/monte-carlo-data-epoch-17_20260614T015442,mpc-585-5-lambda-0.172,0.1718910826922374,0.8309187346173591,False,755.5120849609375,886.4163818359375,37.373931884765625,849.04248046875,130.904296875
1854,/home/victor-xia/repos/Burst-Coast-MPC/artifacts/MonteCarloData/monte-carlo-data-epoch-528_20260614T030346,mpc-777-10-lambda-0.085,0.08527703940590843,0.5425200270467474,False,749.1713256835938,886.58935546875,18.067964553833008,868.5213623046875,137.41802978515625
1855,/home/victor-xia/repos/Burst-Coast-MPC/artifacts/MonteCarloData/monte-carlo-data-epoch-52_20260613T234101,mpc-552-4-lambda-0.25,0.2501813935108257,0.8644704125759135,False,840.7572021484375,886.6068725585938,51.55155563354492,835.0552978515625,45.84967041015625
1856,/home/victor-xia/repos/Burst-Coast-MPC/artifacts/MonteCarloData/monte-carlo-data-epoch-360_20260614T023922,mpc-214-2-lambda-0.349,0.3492818924039325,0.5169222802040945,False,1021.54345703125,887.2957763671875,32.788360595703125,854.5074462890625,-134.2476806640625
1857,/home/victor-xia/repos/Burst-Coast-MPC/artifacts/MonteCarloData/monte-carlo-data-epoch-154_20260614T210240,mpc-150-1-lambda-0.23,0.2298251325754166,0.3171966383471289,False,830.3781127929688,889.32763671875,13.538013458251953,875.7896118164062,58.94952392578125
1858,/home/victor-xia/repos/Burst-Coast-MPC/artifacts/MonteCarloData/monte-carlo-data-epoch-453_20260614T025300,mpc-0-0-lambda-0.541,0.5409532450612791,0.16861695872330032,False,978.1417236328125,889.4339599609375,12.119290351867676,877.314697265625,-88.707763671875
1859,/home/victor-xia/repos/Burst-Coast-MPC/artifacts/MonteCarloData/monte-carlo-data-epoch-467_20260614T025519,mpc-265-4-lambda-0.735,0.7351990817129016,0.6417204744386402,False,915.15771484375,889.740234375,73.9804458618164,815.759765625,-25.41748046875
1860,/home/victor-xia/repos/Burst-Coast-MPC/artifacts/MonteCarloData/monte-carlo-data-epoch-138_20260614T210009,mpc-627-7-lambda-0.19,0.18973267463007676,0.9442777038975895,False,801.9664916992188,889.8712158203125,50.964134216308594,838.9071044921875,87.90472412109375
1861,/home/victor-xia/repos/Burst-Coast-MPC/artifacts/MonteCarloData/monte-carlo-data-epoch-453_20260614T025300,mpc-34-1-lambda-0.458,0.45801408537938837,0.5176362284274683,False,958.8680419921875,890.2680053710938,39.89009475708008,850.3779296875,-68.60003662109375
1862,/home/victor-xia/repos/Burst-Coast-MPC/artifacts/MonteCarloData/monte-carlo-data-epoch-201_20260614T210809,mpc-446-4-lambda-0.711,0.7112914804637323,0.7887990804390844,False,756.9404296875,890.5479736328125,102.84378814697266,787.7041625976562,133.6075439453125
1863,/home/victor-xia/repos/Burst-Coast-MPC/artifacts/MonteCarloData/monte-carlo-data-epoch-318_20260614T212339,mpc-264-2-lambda-0.661,0.6608913021320592,0.8659718180838409,False,965.8490600585938,892.1672973632812,115.61067962646484,776.556640625,-73.6817626953125
1864,/home/victor-xia/repos/Burst-Coast-MPC/artifacts/MonteCarloData/monte-carlo-data-epoch-21_20260613T233630,mpc-600-6-lambda-0.992,0.9923831275474543,0.15065398073304997,False,677.6683959960938,893.0889892578125,16.176191329956055,876.9127807617188,215.42059326171875
1865,/home/victor-xia/repos/Burst-Coast-MPC/artifacts/MonteCarloData/monte-carlo-data-epoch-264_20260614T022644,mpc-1544-21-lambda-0.469,0.4694980865551491,0.9442129014510566,False,1061.2294921875,893.1072998046875,92.38491821289062,800.722412109375,-168.1221923828125
1866,/home/victor-xia/repos/Burst-Coast-MPC/artifacts/MonteCarloData/monte-carlo-data-epoch-154_20260614T210240,mpc-214-2-lambda-0.869,0.8690250827065068,0.7561165479491885,False,808.96435546875,893.5113525390625,112.5097885131836,781.0015869140625,84.5469970703125
1867,/home/victor-xia/repos/Burst-Coast-MPC/artifacts/MonteCarloData/monte-carlo-data-epoch-266_20260614T022715,mpc-1639-16-lambda-0.454,0.45374742125360734,0.3956603817946631,False,861.961181640625,895.3663940429688,27.626123428344727,867.7402954101562,33.40521240234375
1868,/home/victor-xia/repos/Burst-Coast-MPC/artifacts/MonteCarloData/monte-carlo-data-epoch-101_20260614T020547,mpc-1031-9-lambda-0.89,0.8899577170532114,0.7076483234114911,False,968.1650390625,897.4700317382812,104.78470611572266,792.685302734375,-70.69500732421875
1869,/home/victor-xia/repos/Burst-Coast-MPC/artifacts/MonteCarloData/monte-carlo-data-epoch-91_20260614T205320,mpc-283-3-lambda-0.344,0.34414195434004846,0.353252718481751,False,890.9177856445312,897.620849609375,19.08200454711914,878.538818359375,6.70306396484375
1870,/home/victor-xia/repos/Burst-Coast-MPC/artifacts/MonteCarloData/monte-carlo-data-epoch-370_20260614T213101,mpc-1937-24-lambda-0.55,0.5501077659403115,0.7818110185047014,False,872.3795776367188,898.0908813476562,80.75618743896484,817.334716796875,25.7113037109375
1871,/home/victor-xia/repos/Burst-Coast-MPC/artifacts/MonteCarloData/monte-carlo-data-epoch-143_20260614T021119,mpc-194-2-lambda-0.942,0.9420076947315892,0.4146241928417822,False,1168.1790771484375,898.8660278320312,49.627498626708984,849.238525390625,-269.31304931640625
1872,/home/victor-xia/repos/Burst-Coast-MPC/artifacts/MonteCarloData/monte-carlo-data-epoch-159_20260614T021350,mpc-1442-11-lambda-0.142,0.14193734628875257,0.839820859905064,False,944.2465209960938,899.742431640625,36.79562759399414,862.94677734375,-44.50408935546875
1873,/home/victor-xia/repos/Burst-Coast-MPC/artifacts/MonteCarloData/monte-carlo-data-epoch-32_20260613T233806,mpc-1125-11-lambda-0.993,0.9928724491311332,0.7144870991324797,False,761.505615234375,901.8351440429688,109.50667572021484,792.3284912109375,140.32952880859375
1874,/home/victor-xia/repos/Burst-Coast-MPC/artifacts/MonteCarloData/monte-carlo-data-epoch-325_20260614T023534,mpc-298-3-lambda-0.153,0.15275792145862488,0.08360430629631886,False,1102.5755615234375,902.1688842773438,3.1091480255126953,899.0597534179688,-200.40667724609375
1875,/home/victor-xia/repos/Burst-Coast-MPC/artifacts/MonteCarloData/monte-carlo-data-epoch-183_20260614T021655,mpc-572-6-lambda-0.053,0.05300606653516267,0.566305686723066,False,1096.3343505859375,902.34912109375,16.932226181030273,885.4168701171875,-193.9852294921875
1876,/home/victor-xia/repos/Burst-Coast-MPC/artifacts/MonteCarloData/monte-carlo-data-epoch-281_20260614T022911,mpc-410-5-lambda-0.512,0.5122330733400163,0.8336301139847982,False,832.9468994140625,903.2636108398438,82.17523956298828,821.08837890625,70.31671142578125
1877,/home/victor-xia/repos/Burst-Coast-MPC/artifacts/MonteCarloData/monte-carlo-data-epoch-316_20260614T212322,mpc-0-0-lambda-0.949,0.9485697579265503,0.5969453744564898,False,876.6448974609375,904.593505859375,88.62450408935547,815.968994140625,27.9486083984375
1878,/home/victor-xia/repos/Burst-Coast-MPC/artifacts/MonteCarloData/monte-carlo-data-epoch-49_20260614T204733,mpc-630-6-lambda-0.133,0.13284970485119857,0.6233660284434627,False,981.513671875,904.8931274414062,23.094432830810547,881.7987060546875,-76.62054443359375
1879,/home/victor-xia/repos/Burst-Coast-MPC/artifacts/MonteCarloData/monte-carlo-data-epoch-8_20260614T015329,mpc-267-2-lambda-0.324,0.32350444819585916,0.9203148176672429,False,1120.6490478515625,905.23486328125,66.61078643798828,838.6240844726562,-215.4141845703125
1880,/home/victor-xia/repos/Burst-Coast-MPC/artifacts/MonteCarloData/monte-carlo-data-epoch-31_20260613T233752,mpc-1478-13-lambda-0.113,0.11332051204393308,0.22109914705492523,False,796.1432495117188,905.2962646484375,6.688742637634277,898.6075439453125,109.15301513671875
1881,/home/victor-xia/repos/Burst-Coast-MPC/artifacts/MonteCarloData/monte-carlo-data-epoch-265_20260614T211652,mpc-422-6-lambda-0.858,0.8579799974180062,0.28726449542796245,False,832.4351196289062,905.6023559570312,29.974571228027344,875.6278076171875,73.167236328125
1882,/home/victor-xia/repos/Burst-Coast-MPC/artifacts/MonteCarloData/monte-carlo-data-epoch-239_20260614T022324,mpc-784-8-lambda-0.431,0.43131263579251333,0.624384563858709,False,740.30908203125,908.3469848632812,46.88323211669922,861.4637451171875,168.03790283203125
1883,/home/victor-xia/repos/Burst-Coast-MPC/artifacts/MonteCarloData/monte-carlo-data-epoch-256_20260614T211547,mpc-0-0-lambda-0.4,0.3995446307887787,0.8732391329631829,False,854.9613037109375,908.8173828125,79.29685974121094,829.5205078125,53.8560791015625
1884,/home/victor-xia/repos/Burst-Coast-MPC/artifacts/MonteCarloData/monte-carlo-data-epoch-155_20260614T210248,mpc-1057-10-lambda-0.831,0.8305350614109164,0.745307839964912,False,967.0665283203125,909.086181640625,104.21044158935547,804.875732421875,-57.9803466796875
1885,/home/victor-xia/repos/Burst-Coast-MPC/artifacts/MonteCarloData/monte-carlo-data-epoch-137_20260614T205958,mpc-0-0-lambda-0.93,0.9298835389821178,0.9514128709312967,False,1255.679443359375,910.1704711914062,181.6447296142578,728.5257568359375,-345.50897216796875
1886,/home/victor-xia/repos/Burst-Coast-MPC/artifacts/MonteCarloData/monte-carlo-data-epoch-143_20260614T021119,mpc-153-1-lambda-0.915,0.9153612533348783,0.2029286580992884,False,1199.8785400390625,910.521240234375,19.936426162719727,890.5848388671875,-289.3572998046875
1887,/home/victor-xia/repos/Burst-Coast-MPC/artifacts/MonteCarloData/monte-carlo-data-epoch-288_20260614T023010,mpc-677-10-lambda-0.063,0.06318983862904108,0.09381377624244758,False,1197.7406005859375,910.940673828125,5.1414794921875,905.7991943359375,-286.7999267578125
1888,/home/victor-xia/repos/Burst-Coast-MPC/artifacts/MonteCarloData/monte-carlo-data-epoch-53_20260613T234112,mpc-62-1-lambda-0.575,0.5749875837123838,0.3020920864646363,False,813.0819091796875,911.0724487304688,23.15728759765625,887.9151611328125,97.99053955078125
1889,/home/victor-xia/repos/Burst-Coast-MPC/artifacts/MonteCarloData/monte-carlo-data-epoch-183_20260614T021655,mpc-464-5-lambda-0.313,0.31337204879865443,0.5374237770749591,False,1146.3646240234375,911.55419921875,31.43899154663086,880.115234375,-234.8104248046875
1890,/home/victor-xia/repos/Burst-Coast-MPC/artifacts/MonteCarloData/monte-carlo-data-epoch-21_20260613T233630,mpc-326-3-lambda-0.095,0.09461406180065778,0.24288251055630491,False,833.508544921875,911.7132568359375,7.178503036499023,904.5347290039062,78.2047119140625
1891,/home/victor-xia/repos/Burst-Coast-MPC/artifacts/MonteCarloData/monte-carlo-data-epoch-125_20260614T205814,mpc-1236-14-lambda-0.408,0.40790421053964443,0.7700019124920239,False,932.7021484375,912.13916015625,63.7375602722168,848.401611328125,-20.56298828125
1892,/home/victor-xia/repos/Burst-Coast-MPC/artifacts/MonteCarloData/monte-carlo-data-epoch-437_20260614T025016,mpc-528-5-lambda-0.819,0.8185385818076718,0.05640086655511086,False,1024.4974365234375,915.6981811523438,5.968297481536865,909.7298583984375,-108.79925537109375
1893,/home/victor-xia/repos/Burst-Coast-MPC/artifacts/MonteCarloData/monte-carlo-data-epoch-222_20260614T022125,mpc-867-8-lambda-0.759,0.7590359425333353,0.7312953223648844,False,1030.3896484375,916.0294189453125,91.40216827392578,824.6272583007812,-114.3602294921875
1894,/home/victor-xia/repos/Burst-Coast-MPC/artifacts/MonteCarloData/monte-carlo-data-epoch-245_20260614T211411,mpc-0-0-lambda-0.309,0.308604884938987,0.2398269924015959,False,1030.15478515625,916.1522827148438,11.42885971069336,904.7234497070312,-114.00250244140625
1895,/home/victor-xia/repos/Burst-Coast-MPC/artifacts/MonteCarloData/monte-carlo-data-epoch-264_20260614T211644,mpc-65-1-lambda-0.644,0.6438780590639007,0.7471953793078367,False,1004.6339111328125,917.5465698242188,85.43550109863281,832.111083984375,-87.08734130859375
1896,/home/victor-xia/repos/Burst-Coast-MPC/artifacts/MonteCarloData/monte-carlo-data-epoch-489_20260614T025823,mpc-715-5-lambda-0.533,0.532525694685851,0.3017959604482052,False,1233.833984375,917.6428833007812,23.024816513061523,894.6180419921875,-316.19110107421875
1897,/home/victor-xia/repos/Burst-Coast-MPC/artifacts/MonteCarloData/monte-carlo-data-epoch-351_20260614T212809,mpc-46-1-lambda-0.971,0.971244261997233,0.6514265871723555,False,788.5338134765625,918.20849609375,98.05131530761719,820.1571655273438,129.6746826171875
1898,/home/victor-xia/repos/Burst-Coast-MPC/artifacts/MonteCarloData/monte-carlo-data-epoch-193_20260614T021758,mpc-561-4-lambda-0.382,0.38242902530498885,0.7443912143030177,False,932.5745239257812,918.7135009765625,55.621337890625,863.0921630859375,-13.86102294921875
1899,/home/victor-xia/repos/Burst-Coast-MPC/artifacts/MonteCarloData/monte-carlo-data-epoch-5_20260613T233433,mpc-1169-12-lambda-0.797,0.7966177121714558,0.5088763576736164,False,845.1995849609375,919.2747192382812,56.34967803955078,862.925048828125,74.07513427734375
1900,/home/victor-xia/repos/Burst-Coast-MPC/artifacts/MonteCarloData/monte-carlo-data-epoch-159_20260614T021350,mpc-1204-9-lambda-0.182,0.1824280842147255,0.43093095292324046,False,1034.593505859375,921.1954345703125,17.831897735595703,903.363525390625,-113.3980712890625
1901,/home/victor-xia/repos/Burst-Coast-MPC/artifacts/MonteCarloData/monte-carlo-data-epoch-318_20260614T212339,mpc-189-1-lambda-0.943,0.9426328273038143,0.37258153988939924,False,1035.45458984375,921.385498046875,43.58045959472656,877.8050537109375,-114.069091796875
1902,/home/victor-xia/repos/Burst-Coast-MPC/artifacts/MonteCarloData/monte-carlo-data-epoch-31_20260613T233752,mpc-1522-14-lambda-0.857,0.8569971909771188,0.8489193418075814,False,785.6184692382812,921.6939697265625,126.17755126953125,795.5164184570312,136.07550048828125
1903,/home/victor-xia/repos/Burst-Coast-MPC/artifacts/MonteCarloData/monte-carlo-data-epoch-234_20260614T211234,mpc-0-0-lambda-0.583,0.5828205614932723,0.01974637112216053,False,1066.7296142578125,921.6949462890625,1.9321705102920532,919.7627563476562,-145.03466796875
1904,/home/victor-xia/repos/Burst-Coast-MPC/artifacts/MonteCarloData/monte-carlo-data-epoch-131_20260614T205906,mpc-413-5-lambda-0.456,0.45618758065719117,0.7865187771288611,False,1046.0240478515625,923.13623046875,70.89009094238281,852.2461547851562,-122.8878173828125
1905,/home/victor-xia/repos/Burst-Coast-MPC/artifacts/MonteCarloData/monte-carlo-data-epoch-79_20260614T205138,mpc-572-5-lambda-0.13,0.12991813849604314,0.9452028781869616,False,821.510986328125,923.2876586914062,39.7294807434082,883.5581665039062,101.77667236328125
1906,/home/victor-xia/repos/Burst-Coast-MPC/artifacts/MonteCarloData/monte-carlo-data-epoch-360_20260614T023922,mpc-161-1-lambda-0.313,0.3128386472212381,0.26579580632894007,False,1043.1083984375,923.9798583984375,13.595114707946777,910.384765625,-119.1285400390625
1907,/home/victor-xia/repos/Burst-Coast-MPC/artifacts/MonteCarloData/monte-carlo-data-epoch-264_20260614T022644,mpc-1492-20-lambda-0.191,0.1913646695930681,0.25725664234872303,False,1078.628662109375,924.6593627929688,10.987336158752441,913.6719970703125,-153.96929931640625
1908,/home/victor-xia/repos/Burst-Coast-MPC/artifacts/MonteCarloData/monte-carlo-data-epoch-351_20260614T023825,mpc-1976-23-lambda-0.964,0.9635137573214715,0.20029623320264908,False,909.3847045898438,925.9896240234375,20.972021102905273,905.017578125,16.60491943359375
1909,/home/victor-xia/repos/Burst-Coast-MPC/artifacts/MonteCarloData/monte-carlo-data-epoch-385_20260614T024253,mpc-85-1-lambda-0.916,0.9158419565841082,0.4942476221479478,False,936.8504028320312,926.5223388671875,62.32656478881836,864.19580078125,-10.32806396484375
1910,/home/victor-xia/repos/Burst-Coast-MPC/artifacts/MonteCarloData/monte-carlo-data-epoch-449_20260614T025217,mpc-84-1-lambda-0.746,0.7457491841349753,0.2605303533154751,False,1059.234619140625,926.6823120117188,23.398372650146484,903.283935546875,-132.55230712890625
1911,/home/victor-xia/repos/Burst-Coast-MPC/artifacts/MonteCarloData/monte-carlo-data-epoch-129_20260614T020924,mpc-731-6-lambda-0.667,0.6673640244941959,0.5536433480602805,False,883.9161376953125,927.7763061523438,56.29203414916992,871.4842529296875,43.86016845703125
1912,/home/victor-xia/repos/Burst-Coast-MPC/artifacts/MonteCarloData/monte-carlo-data-epoch-281_20260614T022911,mpc-356-3-lambda-0.463,0.46285034720771595,0.20400718432243,False,863.8783569335938,927.788330078125,13.10025405883789,914.6880493164062,63.90997314453125
1913,/home/victor-xia/repos/Burst-Coast-MPC/artifacts/MonteCarloData/monte-carlo-data-epoch-110_20260614T020707,mpc-650-5-lambda-0.714,0.7142895430191881,0.9227755195581445,False,885.9210815429688,928.6627197265625,123.2767333984375,805.385986328125,42.74163818359375
1914,/home/victor-xia/repos/Burst-Coast-MPC/artifacts/MonteCarloData/monte-carlo-data-epoch-359_20260614T212926,mpc-575-4-lambda-0.774,0.7739060085458146,0.2949095630999737,False,1105.080322265625,929.033447265625,27.459579467773438,901.5738525390625,-176.046875
1915,/home/victor-xia/repos/Burst-Coast-MPC/artifacts/MonteCarloData/monte-carlo-data-epoch-393_20260614T213431,mpc-1005-10-lambda-0.234,0.2335302426845587,0.14200861701188602,False,841.2943725585938,930.3565063476562,6.035367488861084,924.3211669921875,89.0621337890625
1916,/home/victor-xia/repos/Burst-Coast-MPC/artifacts/MonteCarloData/monte-carlo-data-epoch-327_20260614T023548,mpc-199-2-lambda-0.695,0.6950865334939417,0.5785925470550992,False,928.6484985351562,930.8760986328125,61.47324752807617,869.40283203125,2.22760009765625
1917,/home/victor-xia/repos/Burst-Coast-MPC/artifacts/MonteCarloData/monte-carlo-data-epoch-234_20260614T211234,mpc-4-1-lambda-0.904,0.9035083460131603,0.6328056406584297,False,1063.632568359375,932.135009765625,87.6604232788086,844.474609375,-131.49755859375
1918,/home/victor-xia/repos/Burst-Coast-MPC/artifacts/MonteCarloData/monte-carlo-data-epoch-131_20260614T205906,mpc-405-4-lambda-0.117,0.11673763449400848,0.04130027505971714,False,1049.3516845703125,933.9013671875,2.0926387310028076,931.8087158203125,-115.4503173828125
1919,/home/victor-xia/repos/Burst-Coast-MPC/artifacts/MonteCarloData/monte-carlo-data-epoch-467_20260614T025519,mpc-245-3-lambda-0.172,0.17195048808857202,0.09788385060659463,False,923.61669921875,934.712646484375,5.308136940002441,929.4044799804688,11.095947265625
1920,/home/victor-xia/repos/Burst-Coast-MPC/artifacts/MonteCarloData/monte-carlo-data-epoch-271_20260614T022745,mpc-868-8-lambda-0.47,0.47001602884057425,0.2895553748249796,False,1007.6171875,935.533935546875,19.594051361083984,915.9398803710938,-72.083251953125
1921,/home/victor-xia/repos/Burst-Coast-MPC/artifacts/MonteCarloData/monte-carlo-data-epoch-131_20260614T205906,mpc-363-3-lambda-0.912,0.9120191248859062,0.20807859873107995,False,1081.623046875,937.3718872070312,20.291181564331055,917.0806884765625,-144.25115966796875
1922,/home/victor-xia/repos/Burst-Coast-MPC/artifacts/MonteCarloData/monte-carlo-data-epoch-525_20260614T030332,mpc-0-0-lambda-0.952,0.9518633379567639,0.49355496911670893,False,861.7010498046875,938.2073364257812,67.02619171142578,871.18115234375,76.50628662109375
1923,/home/victor-xia/repos/Burst-Coast-MPC/artifacts/MonteCarloData/monte-carlo-data-epoch-27_20260613T233717,mpc-1029-12-lambda-0.153,0.15257416581874925,0.8908509082309963,False,808.13037109375,938.7772827148438,40.324771881103516,898.4525146484375,130.64691162109375
1924,/home/victor-xia/repos/Burst-Coast-MPC/artifacts/MonteCarloData/monte-carlo-data-epoch-489_20260614T025823,mpc-776-6-lambda-0.346,0.3460541647262324,0.9388173816294618,False,1197.1553955078125,941.7757568359375,75.80567169189453,865.9700927734375,-255.379638671875
1925,/home/victor-xia/repos/Burst-Coast-MPC/artifacts/MonteCarloData/monte-carlo-data-epoch-90_20260614T020433,mpc-0-0-lambda-0.581,0.5808553714379223,0.9093295668268837,False,1037.3082275390625,941.9935302734375,101.50724029541016,840.4862670898438,-95.314697265625
1926,/home/victor-xia/repos/Burst-Coast-MPC/artifacts/MonteCarloData/monte-carlo-data-epoch-301_20260614T212132,mpc-1448-15-lambda-0.919,0.9185488151593308,0.8068362839749975,False,856.6773071289062,942.93359375,129.04681396484375,813.8867797851562,86.25628662109375
1927,/home/victor-xia/repos/Burst-Coast-MPC/artifacts/MonteCarloData/monte-carlo-data-epoch-49_20260614T204733,mpc-755-7-lambda-0.686,0.6858503174844586,0.8216231809796335,False,944.9924926757812,943.0708618164062,113.89239501953125,829.178466796875,-1.921630859375
1928,/home/victor-xia/repos/Burst-Coast-MPC/artifacts/MonteCarloData/monte-carlo-data-epoch-288_20260614T023010,mpc-696-11-lambda-0.634,0.6341206894312349,0.9883745359477688,False,1189.516357421875,943.1651611328125,130.17738342285156,812.98779296875,-246.3511962890625
1929,/home/victor-xia/repos/Burst-Coast-MPC/artifacts/MonteCarloData/monte-carlo-data-epoch-266_20260614T022715,mpc-1420-14-lambda-0.306,0.3058956251120076,0.7328028755582966,False,957.59130859375,943.2415161132812,46.757423400878906,896.4840698242188,-14.34979248046875
1930,/home/victor-xia/repos/Burst-Coast-MPC/artifacts/MonteCarloData/monte-carlo-data-epoch-168_20260614T021526,mpc-76-1-lambda-0.512,0.5119014096526949,0.3736011371818432,False,986.930419921875,943.2608642578125,26.608409881591797,916.6524658203125,-43.6695556640625
1931,/home/victor-xia/repos/Burst-Coast-MPC/artifacts/MonteCarloData/monte-carlo-data-epoch-271_20260614T022745,mpc-802-7-lambda-0.473,0.47296707376586083,0.32588082285064246,False,1044.02734375,944.1112670898438,22.884958267211914,921.226318359375,-99.91607666015625
1932,/home/victor-xia/repos/Burst-Coast-MPC/artifacts/MonteCarloData/monte-carlo-data-epoch-264_20260614T211644,mpc-0-0-lambda-0.715,0.7149016647308004,0.3211973925011515,False,1050.3328857421875,944.36865234375,28.689584732055664,915.6790771484375,-105.9642333984375
1933,/home/victor-xia/repos/Burst-Coast-MPC/artifacts/MonteCarloData/monte-carlo-data-epoch-324_20260614T212424,mpc-988-11-lambda-0.615,0.6150194962315182,0.8135471884393349,False,853.1985473632812,945.48828125,93.38179779052734,852.1065063476562,92.28973388671875
1934,/home/victor-xia/repos/Burst-Coast-MPC/artifacts/MonteCarloData/monte-carlo-data-epoch-481_20260614T025716,mpc-580-5-lambda-0.907,0.907208058538968,0.9919646467415031,False,1311.414794921875,945.7653198242188,187.06300354003906,758.7023315429688,-365.64947509765625
1935,/home/victor-xia/repos/Burst-Coast-MPC/artifacts/MonteCarloData/monte-carlo-data-epoch-529_20260614T030357,mpc-423-6-lambda-0.228,0.22826723023215095,0.7632856672199861,False,1032.0511474609375,946.0101318359375,41.10502243041992,904.9050903320312,-86.041015625
1936,/home/victor-xia/repos/Burst-Coast-MPC/artifacts/MonteCarloData/monte-carlo-data-epoch-8_20260614T015329,mpc-176-1-lambda-0.713,0.7127822391219382,0.4523473789784168,False,1193.1307373046875,946.5606079101562,45.362979888916016,901.1976318359375,-246.57012939453125
1937,/home/victor-xia/repos/Burst-Coast-MPC/artifacts/MonteCarloData/monte-carlo-data-epoch-172_20260614T021552,mpc-1209-16-lambda-0.391,0.3912815373832042,0.8053400947876119,False,736.3007202148438,947.4061889648438,63.37203598022461,884.0341796875,211.10546875
1938,/home/victor-xia/repos/Burst-Coast-MPC/artifacts/MonteCarloData/monte-carlo-data-epoch-53_20260613T234112,mpc-0-0-lambda-0.546,0.5458245185093468,0.3102393377735355,False,849.4518432617188,948.7106323242188,22.859106063842773,925.8515014648438,99.2587890625
1939,/home/victor-xia/repos/Burst-Coast-MPC/artifacts/MonteCarloData/monte-carlo-data-epoch-347_20260614T023755,mpc-461-4-lambda-0.645,0.6451296588877335,0.845011023476109,False,1160.1641845703125,950.4075927734375,101.11534118652344,849.292236328125,-209.756591796875
1940,/home/victor-xia/repos/Burst-Coast-MPC/artifacts/MonteCarloData/monte-carlo-data-epoch-46_20260614T015831,mpc-376-3-lambda-0.569,0.5688399994766803,0.7309316660878692,False,1107.5406494140625,951.515869140625,72.40126037597656,879.1146240234375,-156.0247802734375
1941,/home/victor-xia/repos/Burst-Coast-MPC/artifacts/MonteCarloData/monte-carlo-data-epoch-66_20260614T204948,mpc-689-6-lambda-0.953,0.9531010240969483,0.6257882174174605,False,1150.9415283203125,951.9212646484375,95.11898803710938,856.80224609375,-199.020263671875
1942,/home/victor-xia/repos/Burst-Coast-MPC/artifacts/MonteCarloData/monte-carlo-data-epoch-265_20260614T211652,mpc-384-5-lambda-0.624,0.623809927017418,0.18876700784006342,False,855.4324951171875,952.6524658203125,14.471197128295898,938.1812744140625,97.219970703125
1943,/home/victor-xia/repos/Burst-Coast-MPC/artifacts/MonteCarloData/monte-carlo-data-epoch-138_20260614T210009,mpc-473-6-lambda-0.252,0.25174363154851054,0.7678274185153166,False,873.5656127929688,952.680419921875,44.892913818359375,907.7874755859375,79.11480712890625
1944,/home/victor-xia/repos/Burst-Coast-MPC/artifacts/MonteCarloData/monte-carlo-data-epoch-138_20260614T210009,mpc-431-4-lambda-0.786,0.7856188623874636,0.05713186699949708,False,890.5023803710938,953.1347045898438,4.628658294677734,948.5060424804688,62.63232421875
1945,/home/victor-xia/repos/Burst-Coast-MPC/artifacts/MonteCarloData/monte-carlo-data-epoch-193_20260614T210711,mpc-606-7-lambda-0.729,0.7292893258104346,0.6835330353820287,False,1065.4423828125,953.3218383789062,82.86424255371094,870.4575805664062,-112.12054443359375
1946,/home/victor-xia/repos/Burst-Coast-MPC/artifacts/MonteCarloData/monte-carlo-data-epoch-296_20260614T212048,mpc-804-10-lambda-0.593,0.5933022480146847,0.7836494330171262,False,1001.2560424804688,955.3281860351562,86.51287841796875,868.8153076171875,-45.9278564453125
1947,/home/victor-xia/repos/Burst-Coast-MPC/artifacts/MonteCarloData/monte-carlo-data-epoch-52_20260613T234101,mpc-415-3-lambda-0.476,0.47555145584902103,0.679228868736674,False,933.2373657226562,956.0758666992188,57.83808135986328,898.23779296875,22.8385009765625
1948,/home/victor-xia/repos/Burst-Coast-MPC/artifacts/MonteCarloData/monte-carlo-data-epoch-154_20260614T210240,mpc-0-0-lambda-0.122,0.12218628391643807,0.748506498278413,False,876.4830322265625,956.121337890625,29.096660614013672,927.024658203125,79.6383056640625
1949,/home/victor-xia/repos/Burst-Coast-MPC/artifacts/MonteCarloData/monte-carlo-data-epoch-351_20260614T212809,mpc-0-0-lambda-0.793,0.792762862976457,0.22651886328531204,False,820.856201171875,956.22802734375,20.323606491088867,935.9044189453125,135.371826171875
1950,/home/victor-xia/repos/Burst-Coast-MPC/artifacts/MonteCarloData/monte-carlo-data-epoch-148_20260614T021217,mpc-465-3-lambda-0.707,0.7068092397198151,0.7230548395606325,False,932.9508056640625,956.78076171875,83.53070068359375,873.2500610351562,23.8299560546875
1951,/home/victor-xia/repos/Burst-Coast-MPC/artifacts/MonteCarloData/monte-carlo-data-epoch-449_20260614T025217,mpc-136-2-lambda-0.565,0.5649807106031316,0.35331446807427147,False,1021.9630737304688,957.0023193359375,28.473283767700195,928.529052734375,-64.96075439453125
1952,/home/victor-xia/repos/Burst-Coast-MPC/artifacts/MonteCarloData/monte-carlo-data-epoch-41_20260614T015747,mpc-1162-11-lambda-0.437,0.43740043986030847,0.9081997761146621,False,860.580810546875,957.6311645507812,82.34488677978516,875.2862548828125,97.05035400390625
1953,/home/victor-xia/repos/Burst-Coast-MPC/artifacts/MonteCarloData/monte-carlo-data-epoch-5_20260613T233433,mpc-943-9-lambda-0.065,0.0649968438593303,0.5238050463492798,False,907.395751953125,958.8487548828125,14.2646484375,944.5841064453125,51.4530029296875
1954,/home/victor-xia/repos/Burst-Coast-MPC/artifacts/MonteCarloData/monte-carlo-data-epoch-138_20260614T210009,mpc-442-5-lambda-0.183,0.18319939177947867,0.1564560187592528,False,883.1422119140625,960.2652587890625,6.06365442276001,954.2015991210938,77.123046875
1955,/home/victor-xia/repos/Burst-Coast-MPC/artifacts/MonteCarloData/monte-carlo-data-epoch-324_20260614T212424,mpc-820-9-lambda-0.469,0.4694289740886506,0.21123514868952017,False,900.088623046875,961.766357421875,13.440805435180664,948.3255615234375,61.677734375
1956,/home/victor-xia/repos/Burst-Coast-MPC/artifacts/MonteCarloData/monte-carlo-data-epoch-437_20260614T025016,mpc-539-6-lambda-0.707,0.7067941249660734,0.7832606083489834,False,1014.9769897460938,962.6971435546875,95.31502532958984,867.3821411132812,-52.27984619140625
1957,/home/victor-xia/repos/Burst-Coast-MPC/artifacts/MonteCarloData/monte-carlo-data-epoch-91_20260614T205320,mpc-187-2-lambda-0.777,0.7770713749017505,0.4782593750586143,False,974.9483032226562,962.9043579101562,52.54277801513672,910.361572265625,-12.0439453125
1958,/home/victor-xia/repos/Burst-Coast-MPC/artifacts/MonteCarloData/monte-carlo-data-epoch-222_20260614T022125,mpc-790-7-lambda-0.594,0.5944741126452252,0.38166963082943717,False,1079.7406005859375,963.1541137695312,30.98187828063965,932.1722412109375,-116.58648681640625
1959,/home/victor-xia/repos/Burst-Coast-MPC/artifacts/MonteCarloData/monte-carlo-data-epoch-32_20260613T233806,mpc-989-10-lambda-0.343,0.342990204893546,0.6756974045682871,False,831.866943359375,963.4210205078125,44.1210823059082,919.2999267578125,131.5540771484375
1960,/home/victor-xia/repos/Burst-Coast-MPC/artifacts/MonteCarloData/monte-carlo-data-epoch-288_20260614T023010,mpc-532-8-lambda-0.287,0.2873054121377676,0.23158919379437107,False,1282.040283203125,963.4385375976562,12.78585433959961,950.6527099609375,-318.60174560546875
1961,/home/victor-xia/repos/Burst-Coast-MPC/artifacts/MonteCarloData/monte-carlo-data-epoch-21_20260613T233630,mpc-262-2-lambda-0.213,0.213284722930256,0.3159368262148181,False,854.7288818359375,965.1635131835938,14.2431058883667,950.92041015625,110.43463134765625
1962,/home/victor-xia/repos/Burst-Coast-MPC/artifacts/MonteCarloData/monte-carlo-data-epoch-79_20260614T205138,mpc-375-4-lambda-0.078,0.07818609416503555,0.9795718152986066,False,874.7765502929688,965.4862060546875,33.687522888183594,931.7987060546875,90.70965576171875
1963,/home/victor-xia/repos/Burst-Coast-MPC/artifacts/MonteCarloData/monte-carlo-data-epoch-245_20260614T211411,mpc-48-1-lambda-0.478,0.4775531910940474,0.8507683325010763,False,1012.0617065429688,965.5777587890625,84.70718383789062,880.87060546875,-46.48394775390625
1964,/home/victor-xia/repos/Burst-Coast-MPC/artifacts/MonteCarloData/monte-carlo-data-epoch-281_20260614T022911,mpc-300-2-lambda-0.752,0.7524274669888876,0.2808644932009033,False,904.5942993164062,966.83740234375,25.56123924255371,941.2761840820312,62.24310302734375
1965,/home/victor-xia/repos/Burst-Coast-MPC/artifacts/MonteCarloData/monte-carlo-data-epoch-45_20260614T204640,mpc-132-2-lambda-0.428,0.4278182949946788,0.7657896491626364,False,1132.63134765625,968.6185302734375,65.23356628417969,903.3849487304688,-164.0128173828125
1966,/home/victor-xia/repos/Burst-Coast-MPC/artifacts/MonteCarloData/monte-carlo-data-epoch-79_20260614T205138,mpc-322-3-lambda-0.886,0.8864658649089148,0.26124480511684883,False,916.1246948242188,969.9688110351562,25.969791412353516,943.9990234375,53.8441162109375
1967,/home/victor-xia/repos/Burst-Coast-MPC/artifacts/MonteCarloData/monte-carlo-data-epoch-31_20260613T233752,mpc-1348-12-lambda-0.806,0.8059263256100428,0.6455228220064708,False,923.7791137695312,970.5737915039062,79.6546859741211,890.9191284179688,46.794677734375
1968,/home/victor-xia/repos/Burst-Coast-MPC/artifacts/MonteCarloData/monte-carlo-data-epoch-324_20260614T212424,mpc-862-10-lambda-0.037,0.03727223870628388,0.6291083524360325,False,878.7479858398438,971.3300170898438,16.27862548828125,955.0513916015625,92.58203125
1969,/home/victor-xia/repos/Burst-Coast-MPC/artifacts/MonteCarloData/monte-carlo-data-epoch-296_20260614T212048,mpc-515-8-lambda-0.021,0.02064060772360652,0.9444317067446122,False,1074.758544921875,971.3923950195312,22.993701934814453,948.398681640625,-103.36614990234375
1970,/home/victor-xia/repos/Burst-Coast-MPC/artifacts/MonteCarloData/monte-carlo-data-epoch-296_20260614T212048,mpc-705-9-lambda-0.245,0.2446656434264725,0.49314198444518825,False,1038.7408447265625,971.9097900390625,23.63016700744629,948.2796020507812,-66.8310546875
1971,/home/victor-xia/repos/Burst-Coast-MPC/artifacts/MonteCarloData/monte-carlo-data-epoch-467_20260614T025519,mpc-157-2-lambda-0.226,0.22614946544592346,0.43893674457724174,False,956.6280517578125,973.2110595703125,20.803728103637695,952.4073486328125,16.5830078125
1972,/home/victor-xia/repos/Burst-Coast-MPC/artifacts/MonteCarloData/monte-carlo-data-epoch-193_20260614T021758,mpc-363-3-lambda-0.265,0.265413160064664,0.9830962078043466,False,1034.9029541015625,975.8878173828125,64.03158569335938,911.856201171875,-59.01513671875
1973,/home/victor-xia/repos/Burst-Coast-MPC/artifacts/MonteCarloData/monte-carlo-data-epoch-5_20260613T233433,mpc-1048-10-lambda-0.279,0.27893275721547717,0.05943666051126731,False,885.0014038085938,976.5059814453125,3.322141647338867,973.183837890625,91.50457763671875
1974,/home/victor-xia/repos/Burst-Coast-MPC/artifacts/MonteCarloData/monte-carlo-data-epoch-138_20260614T210009,mpc-381-3-lambda-0.095,0.09480912158639385,0.25096730960400543,False,902.1082153320312,976.6044921875,7.3792314529418945,969.2252807617188,74.49627685546875
1975,/home/victor-xia/repos/Burst-Coast-MPC/artifacts/MonteCarloData/monte-carlo-data-epoch-129_20260614T020924,mpc-597-5-lambda-0.235,0.23481362416531856,0.6682362183714086,False,938.4884033203125,977.7141723632812,34.32572937011719,943.388427734375,39.22576904296875
1976,/home/victor-xia/repos/Burst-Coast-MPC/artifacts/MonteCarloData/monte-carlo-data-epoch-235_20260614T022253,mpc-310-2-lambda-0.739,0.7394192156770828,0.9647656783395158,False,979.2540283203125,977.7603759765625,137.6458282470703,840.1145629882812,-1.49365234375
1977,/home/victor-xia/repos/Burst-Coast-MPC/artifacts/MonteCarloData/monte-carlo-data-epoch-253_20260614T022517,mpc-2160-21-lambda-0.638,0.6377066474761632,0.5540376101880722,False,864.0580444335938,978.5972290039062,53.30777359008789,925.2894287109375,114.5391845703125
1978,/home/victor-xia/repos/Burst-Coast-MPC/artifacts/MonteCarloData/monte-carlo-data-epoch-332_20260614T212530,mpc-399-3-lambda-0.021,0.021049546718186915,0.27655450604840065,False,938.81640625,979.808837890625,7.3144450187683105,972.494384765625,40.992431640625
1979,/home/victor-xia/repos/Burst-Coast-MPC/artifacts/MonteCarloData/monte-carlo-data-epoch-448_20260614T025158,mpc-1914-20-lambda-0.698,0.6981079210578344,0.42710183120790607,False,974.4680786132812,980.650634765625,41.80508804321289,938.8455200195312,6.18255615234375
1980,/home/victor-xia/repos/Burst-Coast-MPC/artifacts/MonteCarloData/monte-carlo-data-epoch-22_20260613T233639,mpc-278-3-lambda-0.023,0.023041643390467006,0.9542729234756168,False,912.5438842773438,981.3080444335938,22.67841911315918,958.629638671875,68.76416015625
1981,/home/victor-xia/repos/Burst-Coast-MPC/artifacts/MonteCarloData/monte-carlo-data-epoch-5_20260613T233433,mpc-1060-11-lambda-0.17,0.1704659114819734,0.5408100155746023,False,879.7254638671875,981.542236328125,21.814228057861328,959.72802734375,101.8167724609375
1982,/home/victor-xia/repos/Burst-Coast-MPC/artifacts/MonteCarloData/monte-carlo-data-epoch-138_20260614T210009,mpc-275-2-lambda-0.213,0.21292330115529662,0.5294840656285412,False,940.3717651367188,981.6843872070312,24.12233543395996,957.5620727539062,41.3126220703125
1983,/home/victor-xia/repos/Burst-Coast-MPC/artifacts/MonteCarloData/monte-carlo-data-epoch-152_20260614T021306,mpc-876-7-lambda-0.36,0.36042224472576,0.8461166597636511,False,912.8299560546875,982.9583740234375,63.80511474609375,919.1532592773438,70.12841796875
1984,/home/victor-xia/repos/Burst-Coast-MPC/artifacts/MonteCarloData/monte-carlo-data-epoch-145_20260614T021136,mpc-125-2-lambda-0.679,0.6793670239508013,0.9326431390401014,False,1150.042724609375,983.3981323242188,122.2027816772461,861.1953735351562,-166.64459228515625
1985,/home/victor-xia/repos/Burst-Coast-MPC/artifacts/MonteCarloData/monte-carlo-data-epoch-351_20260614T023825,mpc-1805-21-lambda-0.481,0.48090764297969507,0.42705257426554927,False,1021.5030517578125,983.9805297851562,32.08250427246094,951.8980102539062,-37.52252197265625
1986,/home/victor-xia/repos/Burst-Coast-MPC/artifacts/MonteCarloData/monte-carlo-data-epoch-325_20260614T023534,mpc-159-2-lambda-0.537,0.5372227167944477,0.6899346853284274,False,1206.3841552734375,984.0872802734375,64.8501968383789,919.237060546875,-222.296875
1987,/home/victor-xia/repos/Burst-Coast-MPC/artifacts/MonteCarloData/monte-carlo-data-epoch-99_20260614T020526,mpc-720-9-lambda-0.915,0.9145979253796508,0.6260470656123532,False,937.7405395507812,984.7416381835938,85.53840637207031,899.2032470703125,47.0010986328125
1988,/home/victor-xia/repos/Burst-Coast-MPC/artifacts/MonteCarloData/monte-carlo-data-epoch-183_20260614T021655,mpc-340-4-lambda-0.263,0.26295832786057266,0.6159753755516206,False,1203.4991455078125,985.033203125,35.84431457519531,949.1889038085938,-218.4659423828125
1989,/home/victor-xia/repos/Burst-Coast-MPC/artifacts/MonteCarloData/monte-carlo-data-epoch-481_20260614T025716,mpc-330-3-lambda-0.361,0.36074961752310425,0.3457721333991931,False,1412.8712158203125,985.559326171875,20.818464279174805,964.7408447265625,-427.3118896484375
1990,/home/victor-xia/repos/Burst-Coast-MPC/artifacts/MonteCarloData/monte-carlo-data-epoch-332_20260614T212530,mpc-475-5-lambda-0.879,0.8794929549649542,0.9678871994893614,False,917.4063720703125,985.7608032226562,169.2852020263672,816.4755859375,68.35443115234375
1991,/home/victor-xia/repos/Burst-Coast-MPC/artifacts/MonteCarloData/monte-carlo-data-epoch-168_20260614T021526,mpc-0-0-lambda-0.866,0.8659017473046823,0.37708789644154206,False,1054.5703125,986.016357421875,42.346527099609375,943.6697998046875,-68.553955078125
1992,/home/victor-xia/repos/Burst-Coast-MPC/artifacts/MonteCarloData/monte-carlo-data-epoch-351_20260614T023825,mpc-2016-24-lambda-0.798,0.7981383861606566,0.927663387413504,False,875.9843139648438,986.3154907226562,143.017822265625,843.2976684570312,110.3311767578125
1993,/home/victor-xia/repos/Burst-Coast-MPC/artifacts/MonteCarloData/monte-carlo-data-epoch-69_20260614T205023,mpc-147-1-lambda-0.878,0.8777791923179763,0.7285309726767858,False,1038.9952392578125,988.2659912109375,107.63674926757812,880.6292724609375,-50.729248046875
1994,/home/victor-xia/repos/Burst-Coast-MPC/artifacts/MonteCarloData/monte-carlo-data-epoch-467_20260614T025519,mpc-153-1-lambda-0.348,0.3478532868518224,0.019034368986887266,False,959.9498291015625,990.5746459960938,2.0696067810058594,988.5050659179688,30.62481689453125
1995,/home/victor-xia/repos/Burst-Coast-MPC/artifacts/MonteCarloData/monte-carlo-data-epoch-481_20260614T025716,mpc-400-4-lambda-0.161,0.16105655130283786,0.8962034269911807,False,1379.7818603515625,990.6040649414062,43.49517822265625,947.10888671875,-389.17779541015625
1996,/home/victor-xia/repos/Burst-Coast-MPC/artifacts/MonteCarloData/monte-carlo-data-epoch-172_20260614T021552,mpc-1188-15-lambda-0.484,0.4840470614972345,0.1061257771275972,False,746.470947265625,990.66845703125,6.41455602645874,984.25390625,244.197509765625
1997,/home/victor-xia/repos/Burst-Coast-MPC/artifacts/MonteCarloData/monte-carlo-data-epoch-370_20260614T213101,mpc-1792-22-lambda-0.377,0.37749785333288394,0.314866304315262,False,949.0409545898438,990.7825927734375,17.907224655151367,972.8753662109375,41.74163818359375
1998,/home/victor-xia/repos/Burst-Coast-MPC/artifacts/MonteCarloData/monte-carlo-data-epoch-529_20260614T030357,mpc-304-5-lambda-0.182,0.1815466759370759,0.5938735055877491,False,1074.5780029296875,991.256591796875,26.793542861938477,964.4630737304688,-83.3214111328125
1999,/home/victor-xia/repos/Burst-Coast-MPC/artifacts/MonteCarloData/monte-carlo-data-epoch-288_20260614T023010,mpc-579-9-lambda-0.482,0.4817388554481397,0.4888777468522135,False,1261.720703125,992.0343017578125,40.050838470458984,951.9834594726562,-269.6864013671875
2000,/home/victor-xia/repos/Burst-Coast-MPC/artifacts/MonteCarloData/monte-carlo-data-epoch-140_20260614T021100,mpc-466-6-lambda-0.724,0.7241555847538667,0.1451319506227113,False,876.15576171875,992.7034301757812,12.011096000671387,980.6923217773438,116.54766845703125
2001,/home/victor-xia/repos/Burst-Coast-MPC/artifacts/MonteCarloData/monte-carlo-data-epoch-21_20260613T233630,mpc-375-4-lambda-0.351,0.35131460593395386,0.9884019614145702,False,822.222900390625,993.247314453125,81.56246948242188,911.684814453125,171.0244140625
2002,/home/victor-xia/repos/Burst-Coast-MPC/artifacts/MonteCarloData/monte-carlo-data-epoch-351_20260614T023825,mpc-1891-22-lambda-0.577,0.5774060079773576,0.42288963965873905,False,970.3648681640625,995.8386840820312,38.776161193847656,957.0625,25.47381591796875
2003,/home/victor-xia/repos/Burst-Coast-MPC/artifacts/MonteCarloData/monte-carlo-data-epoch-152_20260614T021306,mpc-754-6-lambda-0.099,0.09934630506618702,0.6074505038930018,False,943.9819946289062,997.750732421875,19.759122848510742,977.9916381835938,53.76873779296875
2004,/home/victor-xia/repos/Burst-Coast-MPC/artifacts/MonteCarloData/monte-carlo-data-epoch-332_20260614T212530,mpc-455-4-lambda-0.472,0.47218164499861615,0.09833030889841755,False,927.33447265625,998.4801635742188,6.2615203857421875,992.2186279296875,71.14569091796875
2005,/home/victor-xia/repos/Burst-Coast-MPC/artifacts/MonteCarloData/monte-carlo-data-epoch-373_20260614T213125,mpc-2505-23-lambda-0.801,0.801403210620627,0.7259709612590411,False,584.8942260742188,998.9598388671875,101.90185546875,897.0579833984375,414.06561279296875
2006,/home/victor-xia/repos/Burst-Coast-MPC/artifacts/MonteCarloData/monte-carlo-data-epoch-370_20260614T213101,mpc-1855-23-lambda-0.467,0.4674391093114835,0.40799324129083675,False,920.6253662109375,1001.5233154296875,30.25739860534668,971.2659301757812,80.89794921875
2007,/home/victor-xia/repos/Burst-Coast-MPC/artifacts/MonteCarloData/monte-carlo-data-epoch-22_20260613T233639,mpc-470-4-lambda-0.719,0.7188258387709096,0.7241783564983775,False,877.0576171875,1001.5460815429688,84.93421173095703,916.6118774414062,124.48846435546875
2008,/home/victor-xia/repos/Burst-Coast-MPC/artifacts/MonteCarloData/monte-carlo-data-epoch-45_20260614T204640,mpc-114-1-lambda-0.97,0.9701667072392317,0.08852993599755604,False,1147.453125,1002.3197021484375,9.318109512329102,993.0015869140625,-145.1334228515625
2009,/home/victor-xia/repos/Burst-Coast-MPC/artifacts/MonteCarloData/monte-carlo-data-epoch-159_20260614T021350,mpc-1060-8-lambda-0.703,0.7027489203814691,0.7164067223459818,False,1178.1968994140625,1002.7637939453125,89.93537139892578,912.8284301757812,-175.43310546875
2010,/home/victor-xia/repos/Burst-Coast-MPC/artifacts/MonteCarloData/monte-carlo-data-epoch-49_20260614T204733,mpc-471-5-lambda-0.759,0.7586735650130125,0.7896444021970465,False,1162.0269775390625,1003.2216796875,112.88140106201172,890.3402709960938,-158.8052978515625
2011,/home/victor-xia/repos/Burst-Coast-MPC/artifacts/MonteCarloData/monte-carlo-data-epoch-449_20260614T025217,mpc-0-0-lambda-0.692,0.6924516163015675,0.41994512957030417,False,1122.9390869140625,1004.6490478515625,39.90528869628906,964.7437744140625,-118.2900390625
2012,/home/victor-xia/repos/Burst-Coast-MPC/artifacts/MonteCarloData/monte-carlo-data-epoch-159_20260614T021350,mpc-912-7-lambda-0.285,0.2851402619320733,0.7365247272794,False,1248.9600830078125,1005.791015625,44.38886260986328,961.4021606445312,-243.1690673828125
2013,/home/victor-xia/repos/Burst-Coast-MPC/artifacts/MonteCarloData/monte-carlo-data-epoch-5_20260613T233433,mpc-891-8-lambda-0.898,0.8984987133319444,0.2606992985801761,False,947.880615234375,1005.8179931640625,25.43685531616211,980.3811645507812,57.9373779296875
2014,/home/victor-xia/repos/Burst-Coast-MPC/artifacts/MonteCarloData/monte-carlo-data-epoch-129_20260614T020924,mpc-503-4-lambda-0.031,0.030937475338159028,0.46635978919521454,False,955.742431640625,1006.24560546875,11.030282974243164,995.21533203125,50.503173828125
2015,/home/victor-xia/repos/Burst-Coast-MPC/artifacts/MonteCarloData/monte-carlo-data-epoch-239_20260614T022324,mpc-687-7-lambda-0.072,0.07161961799824698,0.48162225796973734,False,761.6813354492188,1006.2574462890625,13.600447654724121,992.656982421875,244.57611083984375
2016,/home/victor-xia/repos/Burst-Coast-MPC/artifacts/MonteCarloData/monte-carlo-data-epoch-370_20260614T213101,mpc-1781-21-lambda-0.388,0.387971448070373,0.05512597227258588,False,954.095703125,1008.258544921875,3.1820244789123535,1005.0765380859375,54.162841796875
2017,/home/victor-xia/repos/Burst-Coast-MPC/artifacts/MonteCarloData/monte-carlo-data-epoch-172_20260614T021552,mpc-1072-14-lambda-0.179,0.17876288237801505,0.5791003458526209,False,784.6174926757812,1009.8375244140625,24.081260681152344,985.7562866210938,225.22003173828125
2018,/home/victor-xia/repos/Burst-Coast-MPC/artifacts/MonteCarloData/monte-carlo-data-epoch-222_20260614T022125,mpc-577-5-lambda-0.039,0.03853462012338952,0.8559039381168756,False,1127.8046875,1010.2427978515625,21.805604934692383,988.4371948242188,-117.5618896484375
2019,/home/victor-xia/repos/Burst-Coast-MPC/artifacts/MonteCarloData/monte-carlo-data-epoch-29_20260613T233734,mpc-1074-12-lambda-0.861,0.8607588462158343,0.699465156631372,False,983.1492309570312,1011.4515991210938,94.4524154663086,916.9992065429688,28.3023681640625
2020,/home/victor-xia/repos/Burst-Coast-MPC/artifacts/MonteCarloData/monte-carlo-data-epoch-193_20260614T210711,mpc-482-6-lambda-0.341,0.3408521588465371,0.6192965589642604,False,1129.3135986328125,1013.190185546875,40.0562629699707,973.1339111328125,-116.1234130859375
2021,/home/victor-xia/repos/Burst-Coast-MPC/artifacts/MonteCarloData/monte-carlo-data-epoch-129_20260614T020924,mpc-365-3-lambda-0.068,0.0680110115847201,0.6878021059067435,False,987.96875,1013.4644165039062,20.475948333740234,992.9884643554688,25.49566650390625
2022,/home/victor-xia/repos/Burst-Coast-MPC/artifacts/MonteCarloData/monte-carlo-data-epoch-481_20260614T025716,mpc-301-2-lambda-0.272,0.27203099106518497,0.1456129049370162,False,1423.99755859375,1014.8460693359375,7.0201263427734375,1007.825927734375,-409.1514892578125
2023,/home/victor-xia/repos/Burst-Coast-MPC/artifacts/MonteCarloData/monte-carlo-data-epoch-271_20260614T022745,mpc-709-6-lambda-0.44,0.4397468629971457,0.4636301608542103,False,1096.4735107421875,1014.8636474609375,32.898475646972656,981.9651489257812,-81.60986328125
2024,/home/victor-xia/repos/Burst-Coast-MPC/artifacts/MonteCarloData/monte-carlo-data-epoch-155_20260614T210248,mpc-963-9-lambda-0.639,0.6385760728042579,0.46993169119783473,False,1038.179931640625,1015.2684326171875,44.50413513183594,970.7642822265625,-22.9114990234375
2025,/home/victor-xia/repos/Burst-Coast-MPC/artifacts/MonteCarloData/monte-carlo-data-epoch-239_20260614T022324,mpc-550-6-lambda-0.67,0.6704219536345215,0.6834844077702591,False,886.7721557617188,1016.301513671875,78.55225372314453,937.749267578125,129.52935791015625
2026,/home/victor-xia/repos/Burst-Coast-MPC/artifacts/MonteCarloData/monte-carlo-data-epoch-445_20260614T025133,mpc-1102-11-lambda-0.493,0.49337009207723653,0.9892694065740563,False,892.3212280273438,1016.5043334960938,103.66481018066406,912.8395385742188,124.18310546875
2027,/home/victor-xia/repos/Burst-Coast-MPC/artifacts/MonteCarloData/monte-carlo-data-epoch-385_20260614T213311,mpc-1460-13-lambda-0.948,0.9478522784581815,0.8396723554316288,False,1172.034912109375,1016.6143188476562,142.1456756591797,874.4686279296875,-155.42059326171875
2028,/home/victor-xia/repos/Burst-Coast-MPC/artifacts/MonteCarloData/monte-carlo-data-epoch-193_20260614T210711,mpc-452-5-lambda-0.503,0.5032290097029737,0.14999310723989148,False,1145.202392578125,1016.7332153320312,10.011054039001465,1006.72216796875,-128.46917724609375
2029,/home/victor-xia/repos/Burst-Coast-MPC/artifacts/MonteCarloData/monte-carlo-data-epoch-472_20260614T025607,mpc-658-5-lambda-0.27,0.26982890663892,0.061823897385697456,False,926.150390625,1017.0507202148438,4.529749393463135,1012.52099609375,90.90032958984375
2030,/home/victor-xia/repos/Burst-Coast-MPC/artifacts/MonteCarloData/monte-carlo-data-epoch-193_20260614T021758,mpc-236-2-lambda-0.141,0.14133160734102457,0.6325871253127315,False,1073.344970703125,1018.5375366210938,24.29738426208496,994.2401733398438,-54.80743408203125
2031,/home/victor-xia/repos/Burst-Coast-MPC/artifacts/MonteCarloData/monte-carlo-data-epoch-110_20260614T020707,mpc-485-4-lambda-0.396,0.3959566438354395,0.8184624903023056,False,990.4202880859375,1019.764404296875,65.32632446289062,954.4381103515625,29.3441162109375
2032,/home/victor-xia/repos/Burst-Coast-MPC/artifacts/MonteCarloData/monte-carlo-data-epoch-131_20260614T205906,mpc-167-1-lambda-0.022,0.021968146573166633,0.16756429212706084,False,1158.1192626953125,1019.9496459960938,4.839071273803711,1015.110595703125,-138.16961669921875
2033,/home/victor-xia/repos/Burst-Coast-MPC/artifacts/MonteCarloData/monte-carlo-data-epoch-472_20260614T025607,mpc-670-6-lambda-0.556,0.556375945008854,0.7111251793936658,False,918.9002685546875,1020.2380981445312,70.15477752685547,950.0833129882812,101.33782958984375
2034,/home/victor-xia/repos/Burst-Coast-MPC/artifacts/MonteCarloData/monte-carlo-data-epoch-77_20260614T020235,mpc-212-2-lambda-0.498,0.49790605020157586,0.8736355184607785,False,1169.212646484375,1021.6303100585938,84.70775604248047,936.9225463867188,-147.58233642578125
2035,/home/victor-xia/repos/Burst-Coast-MPC/artifacts/MonteCarloData/monte-carlo-data-epoch-324_20260614T212424,mpc-680-8-lambda-0.186,0.1858623570232148,0.6945699473323309,False,952.0332641601562,1021.8863525390625,32.6929931640625,989.193359375,69.85308837890625
2036,/home/victor-xia/repos/Burst-Coast-MPC/artifacts/MonteCarloData/monte-carlo-data-epoch-429_20260614T024928,mpc-161-1-lambda-0.748,0.7482579848732166,0.5553877715256208,False,1015.671875,1022.0955200195312,62.3209114074707,959.7745971679688,6.42364501953125
2037,/home/victor-xia/repos/Burst-Coast-MPC/artifacts/MonteCarloData/monte-carlo-data-epoch-140_20260614T021100,mpc-495-7-lambda-0.132,0.13202623724710416,0.01597705636464132,False,857.0787353515625,1022.358154296875,1.7951688766479492,1020.56298828125,165.2794189453125
2038,/home/victor-xia/repos/Burst-Coast-MPC/artifacts/MonteCarloData/monte-carlo-data-epoch-445_20260614T025133,mpc-906-10-lambda-0.051,0.05139674144112516,0.9732250599338576,False,937.7632446289062,1022.5010986328125,28.842376708984375,993.65869140625,84.73785400390625
2039,/home/victor-xia/repos/Burst-Coast-MPC/artifacts/MonteCarloData/monte-carlo-data-epoch-91_20260614T205320,mpc-104-1-lambda-0.206,0.20640108485445888,0.4140615266445907,False,1003.320556640625,1023.676513671875,17.92345428466797,1005.7530517578125,20.35595703125
2040,/home/victor-xia/repos/Burst-Coast-MPC/artifacts/MonteCarloData/monte-carlo-data-epoch-385_20260614T024253,mpc-0-0-lambda-0.725,0.7252602726313997,0.42453692234536006,False,1006.7421264648438,1023.9965209960938,43.731266021728516,980.2652587890625,17.25439453125
2041,/home/victor-xia/repos/Burst-Coast-MPC/artifacts/MonteCarloData/monte-carlo-data-epoch-125_20260614T205814,mpc-1177-13-lambda-0.757,0.7567496504413596,0.29228874803684485,False,974.8576049804688,1024.086181640625,26.474599838256836,997.611572265625,49.22857666015625
2042,/home/victor-xia/repos/Burst-Coast-MPC/artifacts/MonteCarloData/monte-carlo-data-epoch-292_20260614T023057,mpc-149-2-lambda-0.824,0.8240426644351985,0.7831135063531218,False,930.1716918945312,1026.107177734375,109.89299011230469,916.2141723632812,95.93548583984375
2043,/home/victor-xia/repos/Burst-Coast-MPC/artifacts/MonteCarloData/monte-carlo-data-epoch-32_20260613T233806,mpc-751-7-lambda-0.853,0.8525752114277331,0.03751321890992405,False,957.266357421875,1026.3262939453125,3.3772640228271484,1022.9490356445312,69.0599365234375
2044,/home/victor-xia/repos/Burst-Coast-MPC/artifacts/MonteCarloData/monte-carlo-data-epoch-31_20260613T233752,mpc-1166-11-lambda-0.104,0.10438126287668412,0.9077694092323099,False,975.2684326171875,1027.44384765625,32.54618453979492,994.8976440429688,52.1754150390625
2045,/home/victor-xia/repos/Burst-Coast-MPC/artifacts/MonteCarloData/monte-carlo-data-epoch-193_20260614T021758,mpc-191-1-lambda-0.359,0.3593655871435298,0.22431990991028603,False,1092.6229248046875,1027.8228759765625,12.157232284545898,1015.6656494140625,-64.800048828125
2046,/home/victor-xia/repos/Burst-Coast-MPC/artifacts/MonteCarloData/monte-carlo-data-epoch-138_20260614T210009,mpc-179-1-lambda-0.653,0.6527680788970288,0.48005443018898986,False,1014.0572509765625,1028.678955078125,46.105464935302734,982.573486328125,14.6217041015625
2047,/home/victor-xia/repos/Burst-Coast-MPC/artifacts/MonteCarloData/monte-carlo-data-epoch-296_20260614T212048,mpc-396-6-lambda-0.7,0.7004243864841927,0.06780965564343586,False,1139.3712158203125,1029.4732666015625,5.504957675933838,1023.9683227539062,-109.89794921875
2048,/home/victor-xia/repos/Burst-Coast-MPC/artifacts/MonteCarloData/monte-carlo-data-epoch-8_20260614T015329,mpc-0-0-lambda-0.246,0.24552773416330964,0.8765259563884046,False,1275.60400390625,1029.8775634765625,51.70641326904297,978.171142578125,-245.7264404296875
2049,/home/victor-xia/repos/Burst-Coast-MPC/artifacts/MonteCarloData/monte-carlo-data-epoch-27_20260613T233717,mpc-900-11-lambda-0.611,0.6107844669832222,0.6429012082614965,False,908.054443359375,1030.8271484375,62.46186447143555,968.3652954101562,122.772705078125
2050,/home/victor-xia/repos/Burst-Coast-MPC/artifacts/MonteCarloData/monte-carlo-data-epoch-296_20260614T212048,mpc-410-7-lambda-0.386,0.3857313378062325,0.52338656840474,False,1130.6322021484375,1030.873779296875,35.05349349975586,995.8203125,-99.7584228515625
2051,/home/victor-xia/repos/Burst-Coast-MPC/artifacts/MonteCarloData/monte-carlo-data-epoch-145_20260614T021136,mpc-88-1-lambda-0.758,0.7584446720891876,0.1819001063787771,False,1175.6142578125,1032.037841796875,16.077472686767578,1015.9603881835938,-143.576416015625
2052,/home/victor-xia/repos/Burst-Coast-MPC/artifacts/MonteCarloData/monte-carlo-data-epoch-378_20260614T213220,mpc-467-6-lambda-0.65,0.6499468912652667,0.28219824858395,False,1021.84228515625,1032.9595947265625,23.393810272216797,1009.5657958984375,11.1173095703125
2053,/home/victor-xia/repos/Burst-Coast-MPC/artifacts/MonteCarloData/monte-carlo-data-epoch-337_20260614T023646,mpc-31-1-lambda-0.61,0.609802263237319,0.8781067866182679,False,1140.55712890625,1033.65673828125,103.02861785888672,930.6281127929688,-106.900390625
2054,/home/victor-xia/repos/Burst-Coast-MPC/artifacts/MonteCarloData/monte-carlo-data-epoch-140_20260614T021100,mpc-498-8-lambda-0.645,0.6453219394297441,0.9913422637458672,False,854.1976318359375,1034.21923828125,126.088134765625,908.131103515625,180.0216064453125
2055,/home/victor-xia/repos/Burst-Coast-MPC/artifacts/MonteCarloData/monte-carlo-data-epoch-529_20260614T030357,mpc-258-4-lambda-0.921,0.9208805640583974,0.2271671722445076,False,1111.8798828125,1034.625,23.424219131469727,1011.2008056640625,-77.2548828125
2056,/home/victor-xia/repos/Burst-Coast-MPC/artifacts/MonteCarloData/monte-carlo-data-epoch-49_20260614T204733,mpc-409-4-lambda-0.098,0.09825880309764344,0.30926603881924297,False,1177.2928466796875,1035.1292724609375,9.694734573364258,1025.4345703125,-142.16357421875
2057,/home/victor-xia/repos/Burst-Coast-MPC/artifacts/MonteCarloData/monte-carlo-data-epoch-41_20260614T015747,mpc-980-9-lambda-0.983,0.9829917706741743,0.060813980099158255,False,989.9632568359375,1035.6597900390625,5.984694480895996,1029.675048828125,45.696533203125
2058,/home/victor-xia/repos/Burst-Coast-MPC/artifacts/MonteCarloData/monte-carlo-data-epoch-366_20260614T024007,mpc-808-8-lambda-0.562,0.5621050422789633,0.6751760395361076,False,876.115234375,1036.838623046875,66.04931640625,970.789306640625,160.723388671875
2059,/home/victor-xia/repos/Burst-Coast-MPC/artifacts/MonteCarloData/monte-carlo-data-epoch-264_20260614T022644,mpc-1331-19-lambda-0.563,0.5629681477501434,0.7990629889385388,False,1210.6141357421875,1037.344970703125,82.33860778808594,955.00634765625,-173.2691650390625
2060,/home/victor-xia/repos/Burst-Coast-MPC/artifacts/MonteCarloData/monte-carlo-data-epoch-324_20260614T212424,mpc-644-7-lambda-0.551,0.5511395158823388,0.18080240946601464,False,971.9863891601562,1038.2408447265625,12.56281566619873,1025.677978515625,66.25445556640625
2061,/home/victor-xia/repos/Burst-Coast-MPC/artifacts/MonteCarloData/monte-carlo-data-epoch-370_20260614T213101,mpc-1701-20-lambda-0.405,0.4045073249196841,0.39639488174527937,False,993.9569091796875,1040.1917724609375,25.064144134521484,1015.1276245117188,46.23486328125
2062,/home/victor-xia/repos/Burst-Coast-MPC/artifacts/MonteCarloData/monte-carlo-data-epoch-378_20260614T213220,mpc-524-7-lambda-0.968,0.9684449069833903,0.6822282809142802,False,984.6179809570312,1042.1376953125,103.99671173095703,938.1409912109375,57.51971435546875
2063,/home/victor-xia/repos/Burst-Coast-MPC/artifacts/MonteCarloData/monte-carlo-data-epoch-385_20260614T213311,mpc-1328-12-lambda-0.645,0.645217869037924,0.6555174342658391,False,1285.1240234375,1045.2801513671875,70.60230255126953,974.6778564453125,-239.8438720703125
2064,/home/victor-xia/repos/Burst-Coast-MPC/artifacts/MonteCarloData/monte-carlo-data-epoch-264_20260614T022644,mpc-1257-18-lambda-0.992,0.9924338957332074,0.3668173380913977,False,1281.7490234375,1046.3701171875,44.54756546020508,1001.8225708007812,-235.37890625
2065,/home/victor-xia/repos/Burst-Coast-MPC/artifacts/MonteCarloData/monte-carlo-data-epoch-235_20260614T022253,mpc-142-1-lambda-0.339,0.33865557029994353,0.8348638167005272,False,1075.5233154296875,1046.4957275390625,60.21562576293945,986.2800903320312,-29.027587890625
2066,/home/victor-xia/repos/Burst-Coast-MPC/artifacts/MonteCarloData/monte-carlo-data-epoch-17_20260614T015442,mpc-396-4-lambda-0.616,0.6156091157476099,0.9403301389072214,False,936.109619140625,1047.11865234375,112.44733428955078,934.6713256835938,111.009033203125
2067,/home/victor-xia/repos/Burst-Coast-MPC/artifacts/MonteCarloData/monte-carlo-data-epoch-201_20260614T210809,mpc-260-3-lambda-0.534,0.5335919077685264,0.9241400667412851,False,923.7317504882812,1047.2862548828125,103.84172821044922,943.4445190429688,123.55450439453125
2068,/home/victor-xia/repos/Burst-Coast-MPC/artifacts/MonteCarloData/monte-carlo-data-epoch-155_20260614T210248,mpc-781-8-lambda-0.051,0.050741654729672986,0.90632091379442,False,1080.013671875,1047.3975830078125,26.56707191467285,1020.8305053710938,-32.6160888671875
2069,/home/victor-xia/repos/Burst-Coast-MPC/artifacts/MonteCarloData/monte-carlo-data-epoch-448_20260614T025158,mpc-1789-18-lambda-0.392,0.39153964974282696,0.39152212313818113,False,1031.697265625,1047.899658203125,24.65418243408203,1023.2454833984375,16.202392578125
2070,/home/victor-xia/repos/Burst-Coast-MPC/artifacts/MonteCarloData/monte-carlo-data-epoch-79_20260614T205138,mpc-230-2-lambda-0.144,0.14395124343804055,0.45696096747662984,False,943.3837280273438,1048.41357421875,17.24991798400879,1031.1636962890625,105.02984619140625
2071,/home/victor-xia/repos/Burst-Coast-MPC/artifacts/MonteCarloData/monte-carlo-data-epoch-359_20260614T212926,mpc-398-3-lambda-0.18,0.17988376946807388,0.8785553426285014,False,1177.41162109375,1049.0113525390625,45.398216247558594,1003.6131591796875,-128.4002685546875
2072,/home/victor-xia/repos/Burst-Coast-MPC/artifacts/MonteCarloData/monte-carlo-data-epoch-448_20260614T025158,mpc-1868-19-lambda-0.257,0.25662432882984515,0.22723777577198953,False,992.468505859375,1049.43408203125,11.960949897766113,1037.47314453125,56.965576171875
2073,/home/victor-xia/repos/Burst-Coast-MPC/artifacts/MonteCarloData/monte-carlo-data-epoch-222_20260614T022125,mpc-749-6-lambda-0.255,0.2547543031283368,0.2037966251849949,False,1093.6158447265625,1051.306640625,8.77832317352295,1042.5283203125,-42.3092041015625
2074,/home/victor-xia/repos/Burst-Coast-MPC/artifacts/MonteCarloData/monte-carlo-data-epoch-489_20260614T025823,mpc-355-2-lambda-0.522,0.5223082411754179,0.24206175674318833,False,1451.4267578125,1051.633544921875,17.54071044921875,1034.0927734375,-399.793212890625
2075,/home/victor-xia/repos/Burst-Coast-MPC/artifacts/MonteCarloData/monte-carlo-data-epoch-131_20260614T205906,mpc-0-0-lambda-0.182,0.1816891697648632,0.8307369616505095,False,1223.7244873046875,1051.733154296875,41.216983795166016,1010.5161743164062,-171.9913330078125
2076,/home/victor-xia/repos/Burst-Coast-MPC/artifacts/MonteCarloData/monte-carlo-data-epoch-5_20260613T233433,mpc-819-7-lambda-0.23,0.23030305222345795,0.35664609974937855,False,973.188720703125,1052.30615234375,15.977347373962402,1036.328857421875,79.117431640625
2077,/home/victor-xia/repos/Burst-Coast-MPC/artifacts/MonteCarloData/monte-carlo-data-epoch-273_20260614T211739,mpc-382-5-lambda-0.733,0.7332089800834545,0.9784592859419079,False,926.8504638671875,1052.7197265625,144.9987030029297,907.7210083007812,125.8692626953125
2078,/home/victor-xia/repos/Burst-Coast-MPC/artifacts/MonteCarloData/monte-carlo-data-epoch-301_20260614T212132,mpc-1415-14-lambda-0.845,0.8449221620940082,0.16600687403972625,False,879.2887573242188,1053.523681640625,15.246898651123047,1038.2767333984375,174.23492431640625
2079,/home/victor-xia/repos/Burst-Coast-MPC/artifacts/MonteCarloData/monte-carlo-data-epoch-110_20260614T020707,mpc-393-3-lambda-0.582,0.5823313794203077,0.45990662873947136,False,1052.2889404296875,1053.9886474609375,38.784889221191406,1015.2037353515625,1.69970703125
2080,/home/victor-xia/repos/Burst-Coast-MPC/artifacts/MonteCarloData/monte-carlo-data-epoch-324_20260614T212424,mpc-623-6-lambda-0.466,0.4657195559667421,0.10669047075195319,False,982.0197143554688,1055.0601806640625,6.330772876739502,1048.7293701171875,73.04046630859375
2081,/home/victor-xia/repos/Burst-Coast-MPC/artifacts/MonteCarloData/monte-carlo-data-epoch-32_20260613T233806,mpc-851-9-lambda-0.513,0.5126556030237328,0.6866150183113523,False,928.5057983398438,1056.3935546875,60.42323684692383,995.9703369140625,127.88775634765625
2082,/home/victor-xia/repos/Burst-Coast-MPC/artifacts/MonteCarloData/monte-carlo-data-epoch-41_20260614T015747,mpc-992-10-lambda-0.451,0.45118617444307074,0.8459420059613451,False,980.453857421875,1056.6241455078125,74.8458023071289,981.7783203125,76.1702880859375
2083,/home/victor-xia/repos/Burst-Coast-MPC/artifacts/MonteCarloData/monte-carlo-data-epoch-131_20260614T205906,mpc-201-2-lambda-0.214,0.2140829989436712,0.8076354722978379,False,1150.5087890625,1057.6207275390625,43.235713958740234,1014.385009765625,-92.8880615234375
2084,/home/victor-xia/repos/Burst-Coast-MPC/artifacts/MonteCarloData/monte-carlo-data-epoch-472_20260614T025607,mpc-489-4-lambda-0.014,0.014486207797467066,0.8401621136628414,False,956.1008911132812,1059.4871826171875,19.162004470825195,1040.3251953125,103.38629150390625
2085,/home/victor-xia/repos/Burst-Coast-MPC/artifacts/MonteCarloData/monte-carlo-data-epoch-489_20260614T025823,mpc-523-4-lambda-0.251,0.25111596236541134,0.9555223016225189,False,1333.23095703125,1060.4368896484375,62.72541046142578,997.7114868164062,-272.7940673828125
2086,/home/victor-xia/repos/Burst-Coast-MPC/artifacts/MonteCarloData/monte-carlo-data-epoch-296_20260614T212048,mpc-394-5-lambda-0.037,0.036893797261086554,0.012307424068647363,False,1142.4013671875,1063.7738037109375,1.8814395666122437,1061.892333984375,-78.6275634765625
2087,/home/victor-xia/repos/Burst-Coast-MPC/artifacts/MonteCarloData/monte-carlo-data-epoch-360_20260614T023922,mpc-0-0-lambda-0.707,0.7072403496457054,0.8023825266690086,False,1204.76025390625,1063.8192138671875,100.70388793945312,963.1153564453125,-140.9410400390625
2088,/home/victor-xia/repos/Burst-Coast-MPC/artifacts/MonteCarloData/monte-carlo-data-epoch-378_20260614T213220,mpc-410-5-lambda-0.165,0.16498262964995827,0.28411668582526006,False,1038.929931640625,1064.0047607421875,10.821182250976562,1053.18359375,25.0748291015625
2089,/home/victor-xia/repos/Burst-Coast-MPC/artifacts/MonteCarloData/monte-carlo-data-epoch-42_20260613T233930,mpc-395-3-lambda-0.399,0.3992928292801233,0.17361014115304307,False,953.7351684570312,1064.2298583984375,9.92041015625,1054.3094482421875,110.49468994140625
2090,/home/victor-xia/repos/Burst-Coast-MPC/artifacts/MonteCarloData/monte-carlo-data-epoch-91_20260614T205320,mpc-0-0-lambda-0.415,0.4148300141185416,0.518884897028749,False,1063.2706298828125,1064.5711669921875,37.57851028442383,1026.99267578125,1.300537109375
2091,/home/victor-xia/repos/Burst-Coast-MPC/artifacts/MonteCarloData/monte-carlo-data-epoch-52_20260613T234101,mpc-262-2-lambda-0.683,0.6832920021925863,0.7636616609347777,False,1074.088134765625,1065.4833984375,87.85008239746094,977.63330078125,-8.604736328125
2092,/home/victor-xia/repos/Burst-Coast-MPC/artifacts/MonteCarloData/monte-carlo-data-epoch-125_20260614T205814,mpc-1097-12-lambda-0.359,0.35884720108524737,0.39564159664189036,False,1011.0455322265625,1066.313720703125,22.780776977539062,1043.532958984375,55.2681884765625
2093,/home/victor-xia/repos/Burst-Coast-MPC/artifacts/MonteCarloData/monte-carlo-data-epoch-292_20260614T023057,mpc-0-0-lambda-0.319,0.31916985046125956,0.2745923024213552,False,1008.3136596679688,1067.3873291015625,15.939562797546387,1051.44775390625,59.07366943359375
2094,/home/victor-xia/repos/Burst-Coast-MPC/artifacts/MonteCarloData/monte-carlo-data-epoch-49_20260614T204733,mpc-196-2-lambda-0.389,0.38857037049591997,0.39659778616598607,False,1319.6060791015625,1067.9859619140625,25.449169158935547,1042.5367431640625,-251.6201171875
2095,/home/victor-xia/repos/Burst-Coast-MPC/artifacts/MonteCarloData/monte-carlo-data-epoch-172_20260614T021552,mpc-948-13-lambda-0.569,0.5688491902136222,0.6158797394913628,False,877.0791625976562,1068.568603515625,57.79994201660156,1010.7686767578125,191.48944091796875
2096,/home/victor-xia/repos/Burst-Coast-MPC/artifacts/MonteCarloData/monte-carlo-data-epoch-42_20260613T233930,mpc-483-5-lambda-0.158,0.15795558583473304,0.07350820296090951,False,927.3875122070312,1068.6795654296875,3.0184988975524902,1065.6610107421875,141.29205322265625
2097,/home/victor-xia/repos/Burst-Coast-MPC/artifacts/MonteCarloData/monte-carlo-data-epoch-122_20260614T205732,mpc-1165-16-lambda-0.993,0.9930704671863667,0.8438220119655976,False,1072.6053466796875,1068.826416015625,149.4379425048828,919.3884887695312,-3.7789306640625
2098,/home/victor-xia/repos/Burst-Coast-MPC/artifacts/MonteCarloData/monte-carlo-data-epoch-122_20260614T205732,mpc-1110-15-lambda-0.592,0.5920715308248626,0.27162924124171495,False,1104.9847412109375,1069.4796142578125,20.36583137512207,1049.11376953125,-35.505126953125
2099,/home/victor-xia/repos/Burst-Coast-MPC/artifacts/MonteCarloData/monte-carlo-data-epoch-489_20260614T025823,mpc-404-3-lambda-0.553,0.5533516918064556,0.5918348609379945,False,1423.5286865234375,1070.387939453125,57.00890350341797,1013.3790283203125,-353.1407470703125
2100,/home/victor-xia/repos/Burst-Coast-MPC/artifacts/MonteCarloData/monte-carlo-data-epoch-17_20260614T015442,mpc-220-2-lambda-0.455,0.45503944354742126,0.1784787705398025,False,989.9385986328125,1071.2352294921875,10.613484382629395,1060.6217041015625,81.296630859375
2101,/home/victor-xia/repos/Burst-Coast-MPC/artifacts/MonteCarloData/monte-carlo-data-epoch-77_20260614T020235,mpc-0-0-lambda-0.214,0.2139949610287679,0.3015019859784871,False,1239.8670654296875,1071.499755859375,13.187071800231934,1058.312744140625,-168.3673095703125
2102,/home/victor-xia/repos/Burst-Coast-MPC/artifacts/MonteCarloData/monte-carlo-data-epoch-101_20260614T020547,mpc-875-8-lambda-0.854,0.8539487655954574,0.7739427721393193,False,1143.5462646484375,1073.5477294921875,109.26004791259766,964.2876586914062,-69.99853515625
2103,/home/victor-xia/repos/Burst-Coast-MPC/artifacts/MonteCarloData/monte-carlo-data-epoch-370_20260614T213101,mpc-1663-19-lambda-0.738,0.7378117257654832,0.18904854696407083,False,1019.0219116210938,1074.912841796875,15.77243423461914,1059.140380859375,55.89093017578125
2104,/home/victor-xia/repos/Burst-Coast-MPC/artifacts/MonteCarloData/monte-carlo-data-epoch-79_20260614T205138,mpc-0-0-lambda-0.203,0.20322867965568897,0.18494339910038135,False,1036.941650390625,1075.403564453125,7.4699907302856445,1067.93359375,38.4619140625
2105,/home/victor-xia/repos/Burst-Coast-MPC/artifacts/MonteCarloData/monte-carlo-data-epoch-288_20260614T023010,mpc-410-7-lambda-0.65,0.6504752823300943,0.6086420887074824,False,1386.608642578125,1076.525390625,65.28680419921875,1011.2385864257812,-310.083251953125
2106,/home/victor-xia/repos/Burst-Coast-MPC/artifacts/MonteCarloData/monte-carlo-data-epoch-32_20260613T233806,mpc-759-8-lambda-0.114,0.11388276979483308,0.45738007173650125,False,951.8983154296875,1076.6614990234375,14.84831428527832,1061.813232421875,124.76318359375
2107,/home/victor-xia/repos/Burst-Coast-MPC/artifacts/MonteCarloData/monte-carlo-data-epoch-17_20260614T015442,mpc-256-3-lambda-0.107,0.10698879425646032,0.694427916265877,False,973.1127319335938,1077.409912109375,23.44403648376465,1053.9658203125,104.29718017578125
2108,/home/victor-xia/repos/Burst-Coast-MPC/artifacts/MonteCarloData/monte-carlo-data-epoch-273_20260614T211739,mpc-352-4-lambda-0.908,0.9081487578791269,0.1503104402755132,False,949.5770263671875,1078.242919921875,14.30303955078125,1063.93994140625,128.6658935546875
2109,/home/victor-xia/repos/Burst-Coast-MPC/artifacts/MonteCarloData/monte-carlo-data-epoch-46_20260614T015831,mpc-200-2-lambda-0.64,0.6401033059671414,0.8779881216890785,False,1272.6268310546875,1078.458740234375,102.85952758789062,975.5992431640625,-194.1680908203125
2110,/home/victor-xia/repos/Burst-Coast-MPC/artifacts/MonteCarloData/monte-carlo-data-epoch-292_20260614T023057,mpc-55-1-lambda-0.397,0.39714989135978285,0.46575085140818573,False,982.961669921875,1078.8511962890625,33.09538269042969,1045.755859375,95.8895263671875
2111,/home/victor-xia/repos/Burst-Coast-MPC/artifacts/MonteCarloData/monte-carlo-data-epoch-332_20260614T212530,mpc-285-2-lambda-0.986,0.9864042255831983,0.5684371932546942,False,1069.7642822265625,1080.35107421875,81.6756362915039,998.6754150390625,10.5867919921875
2112,/home/victor-xia/repos/Burst-Coast-MPC/artifacts/MonteCarloData/monte-carlo-data-epoch-337_20260614T023646,mpc-0-0-lambda-0.18,0.18026662750626327,0.1536487862057519,False,1151.72705078125,1082.603515625,7.0382399559021,1075.5653076171875,-69.12353515625
2113,/home/victor-xia/repos/Burst-Coast-MPC/artifacts/MonteCarloData/monte-carlo-data-epoch-159_20260614T021350,mpc-769-6-lambda-0.262,0.26187828741870933,0.7092819922155061,False,1312.8182373046875,1082.68212890625,40.104305267333984,1042.577880859375,-230.1361083984375
2114,/home/victor-xia/repos/Burst-Coast-MPC/artifacts/MonteCarloData/monte-carlo-data-epoch-45_20260614T204640,mpc-0-0-lambda-0.55,0.5495456104159331,0.5652302359387288,False,1228.5792236328125,1082.83837890625,50.74443817138672,1032.093994140625,-145.7408447265625
2115,/home/victor-xia/repos/Burst-Coast-MPC/artifacts/MonteCarloData/monte-carlo-data-epoch-155_20260614T210248,mpc-709-7-lambda-0.388,0.38815686474240224,0.360093832536597,False,1114.5579833984375,1083.0009765625,21.7364501953125,1061.2645263671875,-31.5570068359375
2116,/home/victor-xia/repos/Burst-Coast-MPC/artifacts/MonteCarloData/monte-carlo-data-epoch-281_20260614T022911,mpc-164-1-lambda-0.498,0.4981266245477297,0.6787519243561659,False,999.5586547851562,1083.33203125,59.3709831237793,1023.9610595703125,83.77337646484375
2117,/home/victor-xia/repos/Burst-Coast-MPC/artifacts/MonteCarloData/monte-carlo-data-epoch-235_20260614T022253,mpc-0-0-lambda-0.165,0.16478040443968653,0.7050640086704892,False,1124.7982177734375,1083.356201171875,31.051477432250977,1052.3046875,-41.4420166015625
2118,/home/victor-xia/repos/Burst-Coast-MPC/artifacts/MonteCarloData/monte-carlo-data-epoch-27_20260613T233717,mpc-808-10-lambda-0.613,0.6131147832382793,0.456599088326009,False,971.5349731445312,1087.629638671875,39.789066314697266,1047.840576171875,116.09466552734375
2119,/home/victor-xia/repos/Burst-Coast-MPC/artifacts/MonteCarloData/monte-carlo-data-epoch-42_20260613T233930,mpc-430-4-lambda-0.048,0.0481019905543467,0.26509739331604054,False,938.0045776367188,1090.129638671875,6.770761966705322,1083.35888671875,152.12506103515625
2120,/home/victor-xia/repos/Burst-Coast-MPC/artifacts/MonteCarloData/monte-carlo-data-epoch-393_20260614T213431,mpc-835-9-lambda-0.928,0.927596054197713,0.8473022880183274,False,1068.603271484375,1091.342041015625,141.310302734375,950.03173828125,22.73876953125
2121,/home/victor-xia/repos/Burst-Coast-MPC/artifacts/MonteCarloData/monte-carlo-data-epoch-69_20260614T205023,mpc-0-0-lambda-0.36,0.3604936728825662,0.7316558325610429,False,1123.62744140625,1092.01025390625,52.95860290527344,1039.0516357421875,-31.6171875
2122,/home/victor-xia/repos/Burst-Coast-MPC/artifacts/MonteCarloData/monte-carlo-data-epoch-42_20260613T233930,mpc-498-6-lambda-0.934,0.9335037554740815,0.823535539943399,False,922.6021118164062,1092.2254638671875,130.71044921875,961.5150146484375,169.62335205078125
2123,/home/victor-xia/repos/Burst-Coast-MPC/artifacts/MonteCarloData/monte-carlo-data-epoch-49_20260614T204733,mpc-276-3-lambda-0.498,0.498057183560021,0.6638494762331065,False,1279.1153564453125,1092.680419921875,63.826351165771484,1028.8541259765625,-186.4349365234375
2124,/home/victor-xia/repos/Burst-Coast-MPC/artifacts/MonteCarloData/monte-carlo-data-epoch-266_20260614T022715,mpc-1317-13-lambda-0.742,0.7422586237100365,0.5134286549231853,False,1044.2474365234375,1093.1259765625,54.20121383666992,1038.9248046875,48.8785400390625
2125,/home/victor-xia/repos/Burst-Coast-MPC/artifacts/MonteCarloData/monte-carlo-data-epoch-325_20260614T023534,mpc-85-1-lambda-0.654,0.6543831825427422,0.3689900722530704,False,1258.4156494140625,1094.9688720703125,32.625247955322266,1062.3436279296875,-163.44677734375
2126,/home/victor-xia/repos/Burst-Coast-MPC/artifacts/MonteCarloData/monte-carlo-data-epoch-239_20260614T022324,mpc-431-5-lambda-0.254,0.25400429414929737,0.5928670778489386,False,935.8092651367188,1095.25244140625,30.848648071289062,1064.40380859375,159.44317626953125
2127,/home/victor-xia/repos/Burst-Coast-MPC/artifacts/MonteCarloData/monte-carlo-data-epoch-385_20260614T213311,mpc-1254-11-lambda-0.045,0.044704025019438424,0.3680396962350127,False,1301.6800537109375,1095.9847412109375,10.52407455444336,1085.460693359375,-205.6953125
2128,/home/victor-xia/repos/Burst-Coast-MPC/artifacts/MonteCarloData/monte-carlo-data-epoch-172_20260614T021552,mpc-740-11-lambda-0.181,0.18094228464758993,0.3663646143323713,False,979.5399780273438,1098.1236572265625,14.582172393798828,1083.54150390625,118.58367919921875
2129,/home/victor-xia/repos/Burst-Coast-MPC/artifacts/MonteCarloData/monte-carlo-data-epoch-253_20260614T022517,mpc-2008-20-lambda-0.283,0.28285977936649687,0.7567660765844492,False,935.8514404296875,1098.5201416015625,45.03853988647461,1053.4815673828125,162.668701171875
2130,/home/victor-xia/repos/Burst-Coast-MPC/artifacts/MonteCarloData/monte-carlo-data-epoch-288_20260614T023010,mpc-385-6-lambda-0.249,0.24902276572711965,0.12671251273901146,False,1396.880126953125,1098.979736328125,6.459473133087158,1092.520263671875,-297.900390625
2131,/home/victor-xia/repos/Burst-Coast-MPC/artifacts/MonteCarloData/monte-carlo-data-epoch-458_20260614T025355,mpc-0-0-lambda-0.839,0.8394098971153016,0.8815048925345834,False,1258.586669921875,1101.1561279296875,133.7534637451172,967.4026489257812,-157.4305419921875
2132,/home/victor-xia/repos/Burst-Coast-MPC/artifacts/MonteCarloData/monte-carlo-data-epoch-46_20260614T015831,mpc-155-1-lambda-0.219,0.2188324990820264,0.22241879452099617,False,1287.1063232421875,1101.61767578125,9.167306900024414,1092.4503173828125,-185.4886474609375
2133,/home/victor-xia/repos/Burst-Coast-MPC/artifacts/MonteCarloData/monte-carlo-data-epoch-296_20260614T212048,mpc-325-4-lambda-0.862,0.8620476099883283,0.3445438179500449,False,1200.90673828125,1102.6142578125,36.67030334472656,1065.9439697265625,-98.29248046875
2134,/home/victor-xia/repos/Burst-Coast-MPC/artifacts/MonteCarloData/monte-carlo-data-epoch-288_20260614T023010,mpc-279-5-lambda-0.168,0.16831607397446177,0.5252675763972535,False,1434.0078125,1102.787109375,23.391069412231445,1079.39599609375,-331.220703125
2135,/home/victor-xia/repos/Burst-Coast-MPC/artifacts/MonteCarloData/monte-carlo-data-epoch-77_20260614T020235,mpc-61-1-lambda-0.146,0.14646832743118496,0.7487967533849325,False,1219.0030517578125,1103.5626220703125,31.392484664916992,1072.170166015625,-115.4404296875
2136,/home/victor-xia/repos/Burst-Coast-MPC/artifacts/MonteCarloData/monte-carlo-data-epoch-467_20260614T025519,mpc-0-0-lambda-0.927,0.9272076996315247,0.7614800221930319,False,1145.186279296875,1104.5987548828125,115.34659576416016,989.2521362304688,-40.5875244140625
2137,/home/victor-xia/repos/Burst-Coast-MPC/artifacts/MonteCarloData/monte-carlo-data-epoch-318_20260614T212339,mpc-0-0-lambda-0.66,0.660048891662466,0.941819247421114,False,1255.16259765625,1105.1650390625,136.50035095214844,968.6646728515625,-149.99755859375
2138,/home/victor-xia/repos/Burst-Coast-MPC/artifacts/MonteCarloData/monte-carlo-data-epoch-366_20260614T024007,mpc-648-7-lambda-0.515,0.5151869029893397,0.7939529189140739,False,1000.3492431640625,1107.6536865234375,77.51931762695312,1030.1343994140625,107.304443359375
2139,/home/victor-xia/repos/Burst-Coast-MPC/artifacts/MonteCarloData/monte-carlo-data-epoch-264_20260614T022644,mpc-1199-17-lambda-0.133,0.13318496562894006,0.2897565383444229,False,1298.5125732421875,1108.849853515625,10.609621047973633,1098.240234375,-189.6627197265625
2140,/home/victor-xia/repos/Burst-Coast-MPC/artifacts/MonteCarloData/monte-carlo-data-epoch-159_20260614T021350,mpc-695-5-lambda-0.75,0.7496271265312056,0.36784483175943095,False,1369.1072998046875,1110.6474609375,35.302547454833984,1075.344970703125,-258.4598388671875
2141,/home/victor-xia/repos/Burst-Coast-MPC/artifacts/MonteCarloData/monte-carlo-data-epoch-155_20260614T210248,mpc-528-6-lambda-0.084,0.08428852004287808,0.8982378500818458,False,1163.6585693359375,1111.1683349609375,31.06183624267578,1080.1064453125,-52.490234375
2142,/home/victor-xia/repos/Burst-Coast-MPC/artifacts/MonteCarloData/monte-carlo-data-epoch-445_20260614T025133,mpc-719-9-lambda-0.382,0.3817772924938592,0.9310492596495525,False,1060.8421630859375,1112.5703125,76.8531494140625,1035.7171630859375,51.7281494140625
2143,/home/victor-xia/repos/Burst-Coast-MPC/artifacts/MonteCarloData/monte-carlo-data-epoch-145_20260614T021136,mpc-0-0-lambda-0.77,0.7700524255456289,0.43873830552632276,False,1249.163818359375,1112.836181640625,46.03807067871094,1066.798095703125,-136.32763671875
2144,/home/victor-xia/repos/Burst-Coast-MPC/artifacts/MonteCarloData/monte-carlo-data-epoch-41_20260614T015747,mpc-864-8-lambda-0.339,0.3385103544769964,0.5762299550507507,False,1047.7314453125,1113.7816162109375,36.26589584350586,1077.5157470703125,66.0501708984375
2145,/home/victor-xia/repos/Burst-Coast-MPC/artifacts/MonteCarloData/monte-carlo-data-epoch-385_20260614T213311,mpc-1187-9-lambda-0.923,0.9225088405636293,0.026397696909255988,False,1325.8499755859375,1113.990478515625,2.415780782699585,1111.57470703125,-211.8594970703125
2146,/home/victor-xia/repos/Burst-Coast-MPC/artifacts/MonteCarloData/monte-carlo-data-epoch-239_20260614T022324,mpc-379-4-lambda-0.693,0.6930008983603725,0.25730889994791417,False,970.50830078125,1115.6328125,21.806610107421875,1093.826171875,145.12451171875
2147,/home/victor-xia/repos/Burst-Coast-MPC/artifacts/MonteCarloData/monte-carlo-data-epoch-336_20260614T212603,mpc-0-0-lambda-0.877,0.877037778360432,0.8082832357285427,False,1138.9261474609375,1116.1446533203125,125.53441619873047,990.6102294921875,-22.781494140625
2148,/home/victor-xia/repos/Burst-Coast-MPC/artifacts/MonteCarloData/monte-carlo-data-epoch-301_20260614T212132,mpc-1315-13-lambda-0.807,0.8067128048824931,0.4956862591267008,False,970.5816650390625,1116.244873046875,57.05931091308594,1059.185546875,145.6632080078125
2149,/home/victor-xia/repos/Burst-Coast-MPC/artifacts/MonteCarloData/monte-carlo-data-epoch-26_20260613T233709,mpc-121-1-lambda-0.963,0.9630423655181725,0.877441509686578,False,966.8300170898438,1120.248779296875,147.6466522216797,972.6021118164062,153.41876220703125
2150,/home/victor-xia/repos/Burst-Coast-MPC/artifacts/MonteCarloData/monte-carlo-data-epoch-79_20260614T205138,mpc-37-1-lambda-0.185,0.18540461433592667,0.959752880340421,False,1025.1434326171875,1122.2373046875,51.279788970947266,1070.95751953125,97.0938720703125
2151,/home/victor-xia/repos/Burst-Coast-MPC/artifacts/MonteCarloData/monte-carlo-data-epoch-21_20260613T233630,mpc-74-1-lambda-0.791,0.7908586175527215,0.93765689857963,False,1086.382080078125,1122.4267578125,144.50347900390625,977.9232788085938,36.044677734375
2152,/home/victor-xia/repos/Burst-Coast-MPC/artifacts/MonteCarloData/monte-carlo-data-epoch-143_20260614T021119,mpc-0-0-lambda-0.756,0.7558844529833061,0.7588045143608536,False,1360.69140625,1122.694091796875,100.16998291015625,1022.5241088867188,-237.997314453125
2153,/home/victor-xia/repos/Burst-Coast-MPC/artifacts/MonteCarloData/monte-carlo-data-epoch-373_20260614T213125,mpc-2374-22-lambda-0.505,0.5049007301537636,0.6518759137520537,False,677.8416748046875,1125.006591796875,58.094703674316406,1066.911865234375,447.1649169921875
2154,/home/victor-xia/repos/Burst-Coast-MPC/artifacts/MonteCarloData/monte-carlo-data-epoch-264_20260614T022644,mpc-1102-16-lambda-0.401,0.4011324562089879,0.48160801956534743,False,1349.106689453125,1125.9935302734375,31.766813278198242,1094.2266845703125,-223.1131591796875
2155,/home/victor-xia/repos/Burst-Coast-MPC/artifacts/MonteCarloData/monte-carlo-data-epoch-155_20260614T210248,mpc-266-4-lambda-0.043,0.043220622349179616,0.9358465379562972,False,1222.1864013671875,1126.222412109375,25.742259979248047,1100.4801025390625,-95.9639892578125
2156,/home/victor-xia/repos/Burst-Coast-MPC/artifacts/MonteCarloData/monte-carlo-data-epoch-172_20260614T021552,mpc-814-12-lambda-0.406,0.40557727006402167,0.6645234254912934,False,956.4988403320312,1126.2496337890625,50.2535514831543,1075.99609375,169.75079345703125
2157,/home/victor-xia/repos/Burst-Coast-MPC/artifacts/MonteCarloData/monte-carlo-data-epoch-385_20260614T213311,mpc-1011-8-lambda-0.054,0.054489143715398286,0.876292704822003,False,1366.6619873046875,1127.048583984375,25.91290283203125,1101.1357421875,-239.6134033203125
2158,/home/victor-xia/repos/Burst-Coast-MPC/artifacts/MonteCarloData/monte-carlo-data-epoch-201_20260614T210809,mpc-107-2-lambda-0.377,0.3772514044833523,0.762834907878843,False,1018.5486450195312,1127.7091064453125,59.27240753173828,1068.4366455078125,109.16046142578125
2159,/home/victor-xia/repos/Burst-Coast-MPC/artifacts/MonteCarloData/monte-carlo-data-epoch-385_20260614T213311,mpc-1192-10-lambda-0.203,0.20270023455255137,0.3085314374642005,False,1322.0,1129.0316162109375,12.840975761413574,1116.190673828125,-192.9683837890625
2160,/home/victor-xia/repos/Burst-Coast-MPC/artifacts/MonteCarloData/monte-carlo-data-epoch-265_20260614T211652,mpc-0-0-lambda-0.355,0.35540545354727,0.024724014803250115,False,1071.9107666015625,1129.45849609375,2.009899616241455,1127.4486083984375,57.5477294921875
2161,/home/victor-xia/repos/Burst-Coast-MPC/artifacts/MonteCarloData/monte-carlo-data-epoch-324_20260614T212424,mpc-568-5-lambda-0.854,0.8535210632128418,0.27230838204816477,False,1024.013427734375,1129.8226318359375,26.374431610107422,1103.4482421875,105.8092041015625
2162,/home/victor-xia/repos/Burst-Coast-MPC/artifacts/MonteCarloData/monte-carlo-data-epoch-99_20260614T020526,mpc-601-8-lambda-0.697,0.6969320343774124,0.5936133691871603,False,1038.52587890625,1130.1986083984375,62.97643280029297,1067.22216796875,91.6727294921875
2163,/home/victor-xia/repos/Burst-Coast-MPC/artifacts/MonteCarloData/monte-carlo-data-epoch-26_20260613T233709,mpc-0-0-lambda-0.283,0.28286242402955986,0.6030652597644064,False,1020.3845825195312,1132.03125,33.65816116333008,1098.373046875,111.64666748046875
2164,/home/victor-xia/repos/Burst-Coast-MPC/artifacts/MonteCarloData/monte-carlo-data-epoch-253_20260614T022517,mpc-1921-19-lambda-0.105,0.10510973699195446,0.4343512527799393,False,959.4998168945312,1132.8968505859375,14.980464935302734,1117.9163818359375,173.39703369140625
2165,/home/victor-xia/repos/Burst-Coast-MPC/artifacts/MonteCarloData/monte-carlo-data-epoch-110_20260614T020707,mpc-227-2-lambda-0.316,0.3157433781089354,0.8257130617052358,False,1140.74951171875,1134.0535888671875,55.39291763305664,1078.66064453125,-6.6959228515625
2166,/home/victor-xia/repos/Burst-Coast-MPC/artifacts/MonteCarloData/monte-carlo-data-epoch-265_20260614T211652,mpc-186-3-lambda-0.053,0.053211023181556696,0.1287553527505966,False,1025.593017578125,1134.71533203125,4.1689453125,1130.54638671875,109.122314453125
2167,/home/victor-xia/repos/Burst-Coast-MPC/artifacts/MonteCarloData/monte-carlo-data-epoch-17_20260614T015442,mpc-127-1-lambda-0.463,0.4631725033054406,0.4644405168049277,False,1045.532958984375,1137.577392578125,34.86064910888672,1102.716796875,92.04443359375
2168,/home/victor-xia/repos/Burst-Coast-MPC/artifacts/MonteCarloData/monte-carlo-data-epoch-140_20260614T021100,mpc-297-5-lambda-0.558,0.5580619720879446,0.8422569084963654,False,1017.643310546875,1139.311279296875,88.22631072998047,1051.0849609375,121.66796875
2169,/home/victor-xia/repos/Burst-Coast-MPC/artifacts/MonteCarloData/monte-carlo-data-epoch-155_20260614T210248,mpc-454-5-lambda-0.085,0.08544256570580776,0.3705668795674275,False,1181.7191162109375,1140.155029296875,11.462644577026367,1128.6923828125,-41.5640869140625
2170,/home/victor-xia/repos/Burst-Coast-MPC/artifacts/MonteCarloData/monte-carlo-data-epoch-5_20260613T233433,mpc-709-6-lambda-0.678,0.6777804914294749,0.5455344544043461,False,1060.84375,1140.40234375,54.82806396484375,1085.57421875,79.55859375
2171,/home/victor-xia/repos/Burst-Coast-MPC/artifacts/MonteCarloData/monte-carlo-data-epoch-66_20260614T204948,mpc-551-5-lambda-0.991,0.9914478135403948,0.6840892508708465,False,1324.9432373046875,1140.884033203125,108.34674072265625,1032.537353515625,-184.0592041015625
2172,/home/victor-xia/repos/Burst-Coast-MPC/artifacts/MonteCarloData/monte-carlo-data-epoch-101_20260614T020547,mpc-645-6-lambda-0.048,0.048458556383262325,0.9557823519370683,False,1196.5091552734375,1142.251953125,27.267059326171875,1114.98486328125,-54.2572021484375
2173,/home/victor-xia/repos/Burst-Coast-MPC/artifacts/MonteCarloData/monte-carlo-data-epoch-332_20260614T212530,mpc-158-1-lambda-0.138,0.13781182401288283,0.6324847166582176,False,1108.8033447265625,1142.950439453125,24.662498474121094,1118.2879638671875,34.1470947265625
2174,/home/victor-xia/repos/Burst-Coast-MPC/artifacts/MonteCarloData/monte-carlo-data-epoch-265_20260614T211652,mpc-5-1-lambda-0.03,0.03013683389957794,0.6665832560268143,False,1068.694580078125,1143.1356201171875,16.96299934387207,1126.172607421875,74.4410400390625
2175,/home/victor-xia/repos/Burst-Coast-MPC/artifacts/MonteCarloData/monte-carlo-data-epoch-373_20260614T213125,mpc-2171-20-lambda-0.536,0.536155404189933,0.09002962012553802,False,800.0339965820312,1144.5079345703125,6.229578018188477,1138.2783203125,344.47393798828125
2176,/home/victor-xia/repos/Burst-Coast-MPC/artifacts/MonteCarloData/monte-carlo-data-epoch-183_20260614T021655,mpc-154-3-lambda-0.501,0.5013519265813303,0.9270086824014738,False,1360.055419921875,1145.4498291015625,97.52641296386719,1047.9234619140625,-214.6055908203125
2177,/home/victor-xia/repos/Burst-Coast-MPC/artifacts/MonteCarloData/monte-carlo-data-epoch-265_20260614T211652,mpc-212-4-lambda-0.62,0.619564197421432,0.8575106701334694,False,1019.0143432617188,1146.8326416015625,101.86507415771484,1044.967529296875,127.81829833984375
2178,/home/victor-xia/repos/Burst-Coast-MPC/artifacts/MonteCarloData/monte-carlo-data-epoch-370_20260614T213101,mpc-1564-18-lambda-0.233,0.23286398025725485,0.4903798710999342,False,1057.4527587890625,1150.7979736328125,24.20880889892578,1126.589111328125,93.34521484375
2179,/home/victor-xia/repos/Burst-Coast-MPC/artifacts/MonteCarloData/monte-carlo-data-epoch-281_20260614T022911,mpc-0-0-lambda-0.406,0.40566902009123723,0.815942515970168,False,1104.0537109375,1151.3056640625,65.31890106201172,1085.98681640625,47.251953125
2180,/home/victor-xia/repos/Burst-Coast-MPC/artifacts/MonteCarloData/monte-carlo-data-epoch-41_20260614T015747,mpc-731-7-lambda-0.211,0.21062815020947043,0.6640926674961536,False,1097.7567138671875,1151.77587890625,31.503076553344727,1120.2728271484375,54.0191650390625
2181,/home/victor-xia/repos/Burst-Coast-MPC/artifacts/MonteCarloData/monte-carlo-data-epoch-265_20260614T211652,mpc-139-2-lambda-0.272,0.2718972140760892,0.23169491374212495,False,1042.090087890625,1152.716552734375,10.429471969604492,1142.287109375,110.62646484375
2182,/home/victor-xia/repos/Burst-Coast-MPC/artifacts/MonteCarloData/monte-carlo-data-epoch-31_20260613T233752,mpc-1009-10-lambda-0.657,0.6574886879809557,0.7827544342636628,False,1119.901123046875,1152.896728515625,90.182861328125,1062.7138671875,32.99560546875
2183,/home/victor-xia/repos/Burst-Coast-MPC/artifacts/MonteCarloData/monte-carlo-data-epoch-46_20260614T015831,mpc-0-0-lambda-0.142,0.14186231888405215,0.7732822114223952,False,1337.5321044921875,1152.9921875,31.80056381225586,1121.191650390625,-184.5399169921875
2184,/home/victor-xia/repos/Burst-Coast-MPC/artifacts/MonteCarloData/monte-carlo-data-epoch-445_20260614T025133,mpc-506-7-lambda-0.342,0.3415239180918434,0.22987909128473305,False,1180.5841064453125,1153.822998046875,12.464523315429688,1141.3585205078125,-26.7611083984375
2185,/home/victor-xia/repos/Burst-Coast-MPC/artifacts/MonteCarloData/monte-carlo-data-epoch-351_20260614T023825,mpc-1715-20-lambda-0.985,0.9851550040974113,0.44945644382080197,False,1114.640380859375,1153.98291015625,58.21173095703125,1095.771240234375,39.342529296875
2186,/home/victor-xia/repos/Burst-Coast-MPC/artifacts/MonteCarloData/monte-carlo-data-epoch-183_20260614T021655,mpc-84-2-lambda-0.391,0.39149357463034457,0.34835691827317894,False,1395.966552734375,1154.869384765625,22.56275749206543,1132.306640625,-241.09716796875
2187,/home/victor-xia/repos/Burst-Coast-MPC/artifacts/MonteCarloData/monte-carlo-data-epoch-271_20260614T022745,mpc-586-5-lambda-0.519,0.5187086770858089,0.6119337245960207,False,1182.059814453125,1155.248291015625,53.534767150878906,1101.7135009765625,-26.8115234375
2188,/home/victor-xia/repos/Burst-Coast-MPC/artifacts/MonteCarloData/monte-carlo-data-epoch-288_20260614T023010,mpc-185-4-lambda-0.733,0.7331414797072396,0.46786765018610205,False,1512.1494140625,1155.476318359375,48.8761100769043,1106.6002197265625,-356.673095703125
2189,/home/victor-xia/repos/Burst-Coast-MPC/artifacts/MonteCarloData/monte-carlo-data-epoch-327_20260614T023548,mpc-48-1-lambda-0.904,0.9039483054502885,0.7516888058296775,False,1107.0208740234375,1156.5958251953125,111.0835189819336,1045.5123291015625,49.574951171875
2190,/home/victor-xia/repos/Burst-Coast-MPC/artifacts/MonteCarloData/monte-carlo-data-epoch-52_20260613T234101,mpc-98-1-lambda-0.357,0.3574756481320806,0.8140661861290297,False,1168.9251708984375,1159.505126953125,59.33830642700195,1100.1668701171875,-9.4200439453125
2191,/home/victor-xia/repos/Burst-Coast-MPC/artifacts/MonteCarloData/monte-carlo-data-epoch-155_20260614T210248,mpc-229-3-lambda-0.566,0.5663971440584427,0.18571428812980192,False,1241.731201171875,1160.9952392578125,12.317956924438477,1148.67724609375,-80.7359619140625
2192,/home/victor-xia/repos/Burst-Coast-MPC/artifacts/MonteCarloData/monte-carlo-data-epoch-122_20260614T205732,mpc-956-14-lambda-0.286,0.2859199515324925,0.7648561582969212,False,1183.5084228515625,1164.143310546875,49.183292388916016,1114.9599609375,-19.3651123046875
2193,/home/victor-xia/repos/Burst-Coast-MPC/artifacts/MonteCarloData/monte-carlo-data-epoch-27_20260613T233717,mpc-680-8-lambda-0.877,0.8773494215895873,0.023183111066680605,False,1043.408447265625,1164.455810546875,2.6449756622314453,1161.810791015625,121.04736328125
2194,/home/victor-xia/repos/Burst-Coast-MPC/artifacts/MonteCarloData/monte-carlo-data-epoch-66_20260614T204948,mpc-545-4-lambda-0.169,0.16885334123475068,0.030364541558662,False,1328.74365234375,1164.8037109375,2.372105360031128,1162.431640625,-163.93994140625
2195,/home/victor-xia/repos/Burst-Coast-MPC/artifacts/MonteCarloData/monte-carlo-data-epoch-21_20260613T233630,mpc-0-0-lambda-0.101,0.10081783696644965,0.3692169339584701,False,1105.18896484375,1166.005615234375,11.937488555908203,1154.068115234375,60.816650390625
2196,/home/victor-xia/repos/Burst-Coast-MPC/artifacts/MonteCarloData/monte-carlo-data-epoch-101_20260614T020547,mpc-837-7-lambda-0.127,0.1272822295884203,0.190357292012685,False,1153.6107177734375,1168.742919921875,6.378215789794922,1162.36474609375,15.1322021484375
2197,/home/victor-xia/repos/Burst-Coast-MPC/artifacts/MonteCarloData/monte-carlo-data-epoch-122_20260614T205732,mpc-915-13-lambda-0.911,0.9113198182008205,0.20364479399664065,False,1216.30322265625,1169.75,20.60643768310547,1149.1435546875,-46.55322265625
2198,/home/victor-xia/repos/Burst-Coast-MPC/artifacts/MonteCarloData/monte-carlo-data-epoch-27_20260613T233717,mpc-685-9-lambda-0.397,0.3974078517705086,0.6102953063477773,False,1039.183837890625,1173.689208984375,42.416770935058594,1131.2724609375,134.50537109375
2199,/home/victor-xia/repos/Burst-Coast-MPC/artifacts/MonteCarloData/monte-carlo-data-epoch-266_20260614T022715,mpc-1230-12-lambda-0.828,0.8277863758844131,0.432367131578106,False,1120.7498779296875,1173.8406982421875,47.875885009765625,1125.96484375,53.0908203125
2200,/home/victor-xia/repos/Burst-Coast-MPC/artifacts/MonteCarloData/monte-carlo-data-epoch-99_20260614T020526,mpc-509-7-lambda-0.547,0.5465258745983508,0.4572511567925196,False,1098.0059814453125,1174.442626953125,37.28736877441406,1137.1552734375,76.4366455078125
2201,/home/victor-xia/repos/Burst-Coast-MPC/artifacts/MonteCarloData/monte-carlo-data-epoch-325_20260614T023534,mpc-0-0-lambda-0.899,0.898635171029389,0.42531877917574656,False,1340.058349609375,1174.971435546875,51.658145904541016,1123.313232421875,-165.0869140625
2202,/home/victor-xia/repos/Burst-Coast-MPC/artifacts/MonteCarloData/monte-carlo-data-epoch-445_20260614T025133,mpc-552-8-lambda-0.358,0.3579942169386581,0.8310373561665751,False,1160.811767578125,1176.6673583984375,62.510643005371094,1114.15673828125,15.8555908203125
2203,/home/victor-xia/repos/Burst-Coast-MPC/artifacts/MonteCarloData/monte-carlo-data-epoch-264_20260614T022644,mpc-957-15-lambda-0.131,0.1305263646584411,0.7232394959861629,False,1392.354736328125,1179.5048828125,27.32476806640625,1152.18017578125,-212.849853515625
2204,/home/victor-xia/repos/Burst-Coast-MPC/artifacts/MonteCarloData/monte-carlo-data-epoch-183_20260614T021655,mpc-45-1-lambda-0.355,0.3550094527056251,0.19498045712300194,False,1412.7515869140625,1181.1060791015625,10.584832191467285,1170.521240234375,-231.6455078125
2205,/home/victor-xia/repos/Burst-Coast-MPC/artifacts/MonteCarloData/monte-carlo-data-epoch-99_20260614T020526,mpc-502-6-lambda-0.49,0.4897488910060871,0.036596242549505144,False,1102.6131591796875,1181.90234375,2.8887429237365723,1179.0135498046875,79.2891845703125
2206,/home/victor-xia/repos/Burst-Coast-MPC/artifacts/MonteCarloData/monte-carlo-data-epoch-481_20260614T025716,mpc-0-0-lambda-0.049,0.048802714497614495,0.603834983130343,False,1682.5267333984375,1182.850341796875,17.216585159301758,1165.6337890625,-499.6763916015625
2207,/home/victor-xia/repos/Burst-Coast-MPC/artifacts/MonteCarloData/monte-carlo-data-epoch-110_20260614T020707,mpc-117-1-lambda-0.296,0.2955545147889974,0.546808706769193,False,1188.55078125,1183.261474609375,30.067138671875,1153.1943359375,-5.289306640625
2208,/home/victor-xia/repos/Burst-Coast-MPC/artifacts/MonteCarloData/monte-carlo-data-epoch-140_20260614T021100,mpc-209-2-lambda-0.547,0.546909250645983,0.048135715276434836,False,1055.713134765625,1183.3104248046875,3.872178554534912,1179.438232421875,127.5972900390625
2209,/home/victor-xia/repos/Burst-Coast-MPC/artifacts/MonteCarloData/monte-carlo-data-epoch-201_20260614T210809,mpc-3-1-lambda-0.661,0.6614374199004089,0.5180188220859387,False,1101.0753173828125,1186.177734375,51.607173919677734,1134.570556640625,85.1024169921875
2210,/home/victor-xia/repos/Burst-Coast-MPC/artifacts/MonteCarloData/monte-carlo-data-epoch-481_20260614T025716,mpc-121-1-lambda-0.847,0.8468733255106878,0.8964596878614953,False,1655.433837890625,1188.4384765625,144.43992614746094,1043.99853515625,-466.995361328125
2211,/home/victor-xia/repos/Burst-Coast-MPC/artifacts/MonteCarloData/monte-carlo-data-epoch-264_20260614T022644,mpc-854-14-lambda-0.178,0.17799075941537207,0.5143306137696385,False,1426.494873046875,1189.57373046875,21.549043655395508,1168.024658203125,-236.921142578125
2212,/home/victor-xia/repos/Burst-Coast-MPC/artifacts/MonteCarloData/monte-carlo-data-epoch-140_20260614T021100,mpc-236-4-lambda-0.366,0.3662652212910189,0.3050403916973565,False,1043.695556640625,1191.0938720703125,16.433658599853516,1174.66015625,147.3983154296875
2213,/home/victor-xia/repos/Burst-Coast-MPC/artifacts/MonteCarloData/monte-carlo-data-epoch-140_20260614T021100,mpc-219-3-lambda-0.26,0.2596603459676111,0.08552412588519542,False,1049.552001953125,1191.4276123046875,3.7015652656555176,1187.72607421875,141.8756103515625
2214,/home/victor-xia/repos/Burst-Coast-MPC/artifacts/MonteCarloData/monte-carlo-data-epoch-49_20260614T204733,mpc-93-1-lambda-0.78,0.7803664407454597,0.5140943598716775,False,1412.8150634765625,1191.615234375,58.24593734741211,1133.3692626953125,-221.1998291015625
2215,/home/victor-xia/repos/Burst-Coast-MPC/artifacts/MonteCarloData/monte-carlo-data-epoch-472_20260614T025607,mpc-334-3-lambda-0.519,0.5194377940039393,0.7726828314288838,False,1074.638671875,1192.97802734375,73.992431640625,1118.985595703125,118.33935546875
2216,/home/victor-xia/repos/Burst-Coast-MPC/artifacts/MonteCarloData/monte-carlo-data-epoch-29_20260613T233734,mpc-917-11-lambda-0.96,0.9602320544278021,0.7794621543885658,False,1177.805419921875,1193.5338134765625,121.200927734375,1072.3328857421875,15.7283935546875
2217,/home/victor-xia/repos/Burst-Coast-MPC/artifacts/MonteCarloData/monte-carlo-data-epoch-22_20260613T233639,mpc-141-2-lambda-0.986,0.9857606242891451,0.6797971361478212,False,1075.6278076171875,1194.5096435546875,101.66361236572266,1092.8460693359375,118.8818359375
2218,/home/victor-xia/repos/Burst-Coast-MPC/artifacts/MonteCarloData/monte-carlo-data-epoch-327_20260614T023548,mpc-0-0-lambda-0.059,0.05856632581147715,0.2404213447875141,False,1118.15380859375,1198.817626953125,7.061985492706299,1191.755615234375,80.663818359375
2219,/home/victor-xia/repos/Burst-Coast-MPC/artifacts/MonteCarloData/monte-carlo-data-epoch-393_20260614T213431,mpc-691-8-lambda-0.46,0.4596667707875037,0.715170087671116,False,1170.32421875,1203.7440185546875,63.52458572387695,1140.219482421875,33.4197998046875
2220,/home/victor-xia/repos/Burst-Coast-MPC/artifacts/MonteCarloData/monte-carlo-data-epoch-332_20260614T212530,mpc-0-0-lambda-0.239,0.2392650782492796,0.784743595765007,False,1181.971923828125,1204.8743896484375,45.872440338134766,1159.001953125,22.9024658203125
2221,/home/victor-xia/repos/Burst-Coast-MPC/artifacts/MonteCarloData/monte-carlo-data-epoch-183_20260614T021655,mpc-0-0-lambda-0.079,0.07874018640992123,0.22482087787968422,False,1423.6595458984375,1205.9912109375,6.927949905395508,1199.063232421875,-217.6683349609375
2222,/home/victor-xia/repos/Burst-Coast-MPC/artifacts/MonteCarloData/monte-carlo-data-epoch-445_20260614T025133,mpc-469-6-lambda-0.729,0.7290430767697123,0.18281371951916828,False,1205.030517578125,1207.939208984375,15.370899200439453,1192.568359375,2.90869140625
2223,/home/victor-xia/repos/Burst-Coast-MPC/artifacts/MonteCarloData/monte-carlo-data-epoch-140_20260614T021100,mpc-134-1-lambda-0.352,0.3522165690594399,0.37310842934112826,False,1089.206298828125,1211.5555419921875,21.08976936340332,1190.4658203125,122.3492431640625
2224,/home/victor-xia/repos/Burst-Coast-MPC/artifacts/MonteCarloData/monte-carlo-data-epoch-373_20260614T213125,mpc-2189-21-lambda-0.314,0.31366542134451275,0.9227790680764099,False,790.1422119140625,1214.126953125,70.73365020751953,1143.393310546875,423.9847412109375
2225,/home/victor-xia/repos/Burst-Coast-MPC/artifacts/MonteCarloData/monte-carlo-data-epoch-366_20260614T024007,mpc-551-6-lambda-0.961,0.9608318980957692,0.48140105864913574,False,1100.9735107421875,1220.156982421875,62.880165100097656,1157.27685546875,119.1834716796875
2226,/home/victor-xia/repos/Burst-Coast-MPC/artifacts/MonteCarloData/monte-carlo-data-epoch-448_20260614T025158,mpc-1678-17-lambda-0.761,0.7606568012992557,0.5531744190139825,False,1132.279296875,1220.69384765625,62.83132553100586,1157.862548828125,88.41455078125
2227,/home/victor-xia/repos/Burst-Coast-MPC/artifacts/MonteCarloData/monte-carlo-data-epoch-125_20260614T205814,mpc-921-11-lambda-0.645,0.6449986291530284,0.8738022819040162,False,1185.8294677734375,1220.8369140625,108.80961608886719,1112.02734375,35.0074462890625
2228,/home/victor-xia/repos/Burst-Coast-MPC/artifacts/MonteCarloData/monte-carlo-data-epoch-271_20260614T022745,mpc-269-2-lambda-0.688,0.6883217577972492,0.21157332137021648,False,1347.864013671875,1221.5245361328125,17.431745529174805,1204.0927734375,-126.3394775390625
2229,/home/victor-xia/repos/Burst-Coast-MPC/artifacts/MonteCarloData/monte-carlo-data-epoch-288_20260614T023010,mpc-132-3-lambda-0.479,0.478697627083838,0.26324348216654214,False,1543.0496826171875,1222.7320556640625,19.39657974243164,1203.33544921875,-320.317626953125
2230,/home/victor-xia/repos/Burst-Coast-MPC/artifacts/MonteCarloData/monte-carlo-data-epoch-122_20260614T205732,mpc-865-12-lambda-0.851,0.8509267407834712,0.2473521230751438,False,1256.27685546875,1224.4884033203125,25.077970504760742,1199.410400390625,-31.7884521484375
2231,/home/victor-xia/repos/Burst-Coast-MPC/artifacts/MonteCarloData/monte-carlo-data-epoch-253_20260614T022517,mpc-1854-18-lambda-0.803,0.803178096092278,0.33198049548201036,False,1012.7651977539062,1225.3978271484375,34.011085510253906,1191.38671875,212.63262939453125
2232,/home/victor-xia/repos/Burst-Coast-MPC/artifacts/MonteCarloData/monte-carlo-data-epoch-110_20260614T020707,mpc-0-0-lambda-0.496,0.49567278192074593,0.5825094852417354,False,1263.72900390625,1226.4920654296875,47.08433151245117,1179.40771484375,-37.2369384765625
2233,/home/victor-xia/repos/Burst-Coast-MPC/artifacts/MonteCarloData/monte-carlo-data-epoch-29_20260613T233734,mpc-896-10-lambda-0.966,0.9662933453942048,0.10590187847112244,False,1194.5908203125,1227.3255615234375,10.552136421203613,1216.7734375,32.7347412109375
2234,/home/victor-xia/repos/Burst-Coast-MPC/artifacts/MonteCarloData/monte-carlo-data-epoch-437_20260614T025016,mpc-294-3-lambda-0.466,0.46643786076694327,0.2783537553576403,False,1300.6444091796875,1228.4786376953125,18.6030216217041,1209.8756103515625,-72.165771484375
2235,/home/victor-xia/repos/Burst-Coast-MPC/artifacts/MonteCarloData/monte-carlo-data-epoch-152_20260614T021306,mpc-603-5-lambda-0.723,0.722907735508172,0.7521362115243481,False,1094.218017578125,1230.6927490234375,93.63587188720703,1137.056884765625,136.4747314453125
2236,/home/victor-xia/repos/Burst-Coast-MPC/artifacts/MonteCarloData/monte-carlo-data-epoch-122_20260614T205732,mpc-858-11-lambda-0.824,0.8235009053406324,0.03243691063880566,False,1261.57568359375,1232.94921875,3.330028533935547,1229.619140625,-28.62646484375
2237,/home/victor-xia/repos/Burst-Coast-MPC/artifacts/MonteCarloData/monte-carlo-data-epoch-41_20260614T015747,mpc-660-6-lambda-0.985,0.9850808619238033,0.3534163087477648,False,1164.5804443359375,1233.9124755859375,41.859375,1192.0531005859375,69.33203125
2238,/home/victor-xia/repos/Burst-Coast-MPC/artifacts/MonteCarloData/monte-carlo-data-epoch-264_20260614T022644,mpc-772-13-lambda-0.722,0.7216847350363361,0.4056352272526031,False,1491.285400390625,1235.9205322265625,40.578086853027344,1195.3424072265625,-255.3648681640625
2239,/home/victor-xia/repos/Burst-Coast-MPC/artifacts/MonteCarloData/monte-carlo-data-epoch-429_20260614T024928,mpc-0-0-lambda-0.764,0.7640325308630684,0.8006719401418233,False,1191.20166015625,1236.5677490234375,109.89502716064453,1126.6727294921875,45.3660888671875
2240,/home/victor-xia/repos/Burst-Coast-MPC/artifacts/MonteCarloData/monte-carlo-data-epoch-393_20260614T213431,mpc-642-7-lambda-0.239,0.23901170801631963,0.24208072168890526,False,1187.4443359375,1237.488037109375,10.820313453674316,1226.667724609375,50.043701171875
2241,/home/victor-xia/repos/Burst-Coast-MPC/artifacts/MonteCarloData/monte-carlo-data-epoch-393_20260614T213431,mpc-598-6-lambda-0.108,0.10752442770811843,0.2197496133892407,False,1198.17431640625,1237.6729736328125,6.814279556274414,1230.858642578125,39.4986572265625
2242,/home/victor-xia/repos/Burst-Coast-MPC/artifacts/MonteCarloData/monte-carlo-data-epoch-52_20260613T234101,mpc-0-0-lambda-0.764,0.7643795271951707,0.4881617500694837,False,1251.9490966796875,1238.697998046875,51.936824798583984,1186.76123046875,-13.2510986328125
2243,/home/victor-xia/repos/Burst-Coast-MPC/artifacts/MonteCarloData/monte-carlo-data-epoch-351_20260614T023825,mpc-1618-19-lambda-0.284,0.2839318937530784,0.4842035079322798,False,1158.111083984375,1239.424072265625,27.318336486816406,1212.105712890625,81.31298828125
2244,/home/victor-xia/repos/Burst-Coast-MPC/artifacts/MonteCarloData/monte-carlo-data-epoch-351_20260614T023825,mpc-1589-18-lambda-0.407,0.4069037139285535,0.1452277547383521,False,1172.437255859375,1240.044921875,9.013886451721191,1231.031005859375,67.607666015625
2245,/home/victor-xia/repos/Burst-Coast-MPC/artifacts/MonteCarloData/monte-carlo-data-epoch-201_20260614T210809,mpc-0-0-lambda-0.047,0.046839306436976105,0.016352017283883143,False,1103.8880615234375,1240.5836181640625,1.7533390522003174,1238.830322265625,136.695556640625
2246,/home/victor-xia/repos/Burst-Coast-MPC/artifacts/MonteCarloData/monte-carlo-data-epoch-31_20260613T233752,mpc-876-9-lambda-0.305,0.30549193860090573,0.6598000064951421,False,1183.20751953125,1240.590576171875,39.736366271972656,1200.854248046875,57.383056640625
2247,/home/victor-xia/repos/Burst-Coast-MPC/artifacts/MonteCarloData/monte-carlo-data-epoch-373_20260614T213125,mpc-1948-18-lambda-0.017,0.016729839810921382,0.25271378579023895,False,893.6058959960938,1242.14208984375,6.721384048461914,1235.420654296875,348.53619384765625
2248,/home/victor-xia/repos/Burst-Coast-MPC/artifacts/MonteCarloData/monte-carlo-data-epoch-222_20260614T022125,mpc-351-3-lambda-0.285,0.2845689210780608,0.27578738700187033,False,1335.038818359375,1245.7967529296875,12.918150901794434,1232.878662109375,-89.2420654296875
2249,/home/victor-xia/repos/Burst-Coast-MPC/artifacts/MonteCarloData/monte-carlo-data-epoch-239_20260614T022324,mpc-295-3-lambda-0.996,0.9957479313732328,0.4186128356201702,False,1053.4862060546875,1246.7066650390625,51.931732177734375,1194.77490234375,193.220458984375
2250,/home/victor-xia/repos/Burst-Coast-MPC/artifacts/MonteCarloData/monte-carlo-data-epoch-528_20260614T030346,mpc-531-8-lambda-0.926,0.9261311167085682,0.9880034434495517,False,1044.5572509765625,1247.9375,174.46893310546875,1073.468505859375,203.3802490234375
2251,/home/victor-xia/repos/Burst-Coast-MPC/artifacts/MonteCarloData/monte-carlo-data-epoch-437_20260614T025016,mpc-350-4-lambda-0.966,0.9662075270529381,0.8842407449616074,False,1271.0654296875,1248.4100341796875,153.2574462890625,1095.152587890625,-22.6553955078125
2252,/home/victor-xia/repos/Burst-Coast-MPC/artifacts/MonteCarloData/monte-carlo-data-epoch-32_20260613T233806,mpc-596-6-lambda-0.757,0.7566438965097695,0.7696118183345548,False,1115.3873291015625,1249.4615478515625,98.55136108398438,1150.91015625,134.07421875
2253,/home/victor-xia/repos/Burst-Coast-MPC/artifacts/MonteCarloData/monte-carlo-data-epoch-266_20260614T022715,mpc-1059-11-lambda-0.016,0.015913387625542112,0.8496697939177698,False,1152.178466796875,1250.60546875,20.07581329345703,1230.5296630859375,98.427001953125
2254,/home/victor-xia/repos/Burst-Coast-MPC/artifacts/MonteCarloData/monte-carlo-data-epoch-17_20260614T015442,mpc-0-0-lambda-0.711,0.7114404453320966,0.6310553982039914,False,1160.26708984375,1251.40673828125,71.62055969238281,1179.7861328125,91.1396484375
2255,/home/victor-xia/repos/Burst-Coast-MPC/artifacts/MonteCarloData/monte-carlo-data-epoch-193_20260614T210711,mpc-217-3-lambda-0.555,0.5547806027716393,0.19224555920332057,False,1430.0303955078125,1254.4736328125,14.673303604125977,1239.80029296875,-175.5567626953125
2256,/home/victor-xia/repos/Burst-Coast-MPC/artifacts/MonteCarloData/monte-carlo-data-epoch-222_20260614T022125,mpc-406-4-lambda-0.768,0.7675256568140287,0.8484331112621109,False,1314.5965576171875,1255.1614990234375,116.2945785522461,1138.866943359375,-59.43505859375
2257,/home/victor-xia/repos/Burst-Coast-MPC/artifacts/MonteCarloData/monte-carlo-data-epoch-159_20260614T021350,mpc-602-4-lambda-0.725,0.725261178948728,0.4627571459121945,False,1445.289794921875,1257.1348876953125,48.210121154785156,1208.9248046875,-188.1549072265625
2258,/home/victor-xia/repos/Burst-Coast-MPC/artifacts/MonteCarloData/monte-carlo-data-epoch-5_20260613T233433,mpc-550-5-lambda-0.532,0.5321257429875939,0.7886107402252195,False,1184.1468505859375,1258.3319091796875,76.96329498291016,1181.36865234375,74.18505859375
2259,/home/victor-xia/repos/Burst-Coast-MPC/artifacts/MonteCarloData/monte-carlo-data-epoch-129_20260614T020924,mpc-190-2-lambda-0.983,0.98287549766011,0.8722202081703995,False,1220.857421875,1258.832763671875,144.87550354003906,1113.957275390625,37.975341796875
2260,/home/victor-xia/repos/Burst-Coast-MPC/artifacts/MonteCarloData/monte-carlo-data-epoch-264_20260614T022644,mpc-760-12-lambda-0.575,0.5749491773888694,0.06144973204887491,False,1497.8714599609375,1259.156982421875,4.141815185546875,1255.01513671875,-238.7144775390625
2261,/home/victor-xia/repos/Burst-Coast-MPC/artifacts/MonteCarloData/monte-carlo-data-epoch-148_20260614T021217,mpc-272-2-lambda-0.963,0.9629662983995236,0.9624230823341715,False,1204.23291015625,1259.270751953125,168.575439453125,1090.6953125,55.037841796875
2262,/home/victor-xia/repos/Burst-Coast-MPC/artifacts/MonteCarloData/monte-carlo-data-epoch-125_20260614T205814,mpc-753-10-lambda-0.219,0.21937248018361988,0.8364051583162907,False,1260.012451171875,1260.7059326171875,46.52344512939453,1214.1824951171875,0.6934814453125
2263,/home/victor-xia/repos/Burst-Coast-MPC/artifacts/MonteCarloData/monte-carlo-data-epoch-159_20260614T021350,mpc-560-3-lambda-0.716,0.7160747820652907,0.2075938653125862,False,1472.1864013671875,1261.0745849609375,16.930509567260742,1244.14404296875,-211.11181640625
2264,/home/victor-xia/repos/Burst-Coast-MPC/artifacts/MonteCarloData/monte-carlo-data-epoch-271_20260614T022745,mpc-424-4-lambda-0.255,0.25480116613092707,0.8074416464134315,False,1262.2711181640625,1263.0291748046875,50.615413665771484,1212.413818359375,0.758056640625
2265,/home/victor-xia/repos/Burst-Coast-MPC/artifacts/MonteCarloData/monte-carlo-data-epoch-22_20260613T233639,mpc-19-1-lambda-0.627,0.6270366928660833,0.6065900934092218,False,1170.99462890625,1263.93505859375,59.62196350097656,1204.3131103515625,92.9404296875
2266,/home/victor-xia/repos/Burst-Coast-MPC/artifacts/MonteCarloData/monte-carlo-data-epoch-193_20260614T021758,mpc-0-0-lambda-0.922,0.9219390744073094,0.9503415217897621,False,1351.8515625,1264.190673828125,161.10157775878906,1103.089111328125,-87.660888671875
2267,/home/victor-xia/repos/Burst-Coast-MPC/artifacts/MonteCarloData/monte-carlo-data-epoch-42_20260613T233930,mpc-205-2-lambda-0.676,0.6761809675336075,0.9462466661374725,False,1151.0615234375,1265.855712890625,122.79434204101562,1143.0614013671875,114.794189453125
2268,/home/victor-xia/repos/Burst-Coast-MPC/artifacts/MonteCarloData/monte-carlo-data-epoch-385_20260614T213311,mpc-845-7-lambda-0.577,0.5765895750542118,0.823979299255497,False,1513.8453369140625,1266.0010986328125,91.7139663696289,1174.287109375,-247.84423828125
2269,/home/victor-xia/repos/Burst-Coast-MPC/artifacts/MonteCarloData/monte-carlo-data-epoch-359_20260614T212926,mpc-145-1-lambda-0.245,0.24475329734224763,0.2842234592256363,False,1491.954345703125,1267.8175048828125,12.607621192932129,1255.2098388671875,-224.1368408203125
2270,/home/victor-xia/repos/Burst-Coast-MPC/artifacts/MonteCarloData/monte-carlo-data-epoch-271_20260614T022745,mpc-312-3-lambda-0.335,0.3349740446295589,0.5553852676080485,False,1320.1558837890625,1269.053955078125,36.86689376831055,1232.18701171875,-51.1019287109375
2271,/home/victor-xia/repos/Burst-Coast-MPC/artifacts/MonteCarloData/monte-carlo-data-epoch-301_20260614T212132,mpc-1123-12-lambda-0.513,0.5128154531052773,0.9547574975188436,False,1139.1234130859375,1269.409423828125,104.92344665527344,1164.4859619140625,130.2860107421875
2272,/home/victor-xia/repos/Burst-Coast-MPC/artifacts/MonteCarloData/monte-carlo-data-epoch-99_20260614T020526,mpc-347-5-lambda-0.273,0.272689197193881,0.7707889095898409,False,1176.1923828125,1270.20361328125,46.145503997802734,1224.05810546875,94.01123046875
2273,/home/victor-xia/repos/Burst-Coast-MPC/artifacts/MonteCarloData/monte-carlo-data-epoch-296_20260614T212048,mpc-159-3-lambda-0.667,0.6666944000026351,0.8275012336546008,False,1366.275634765625,1275.880615234375,102.96538543701172,1172.915283203125,-90.39501953125
2274,/home/victor-xia/repos/Burst-Coast-MPC/artifacts/MonteCarloData/monte-carlo-data-epoch-373_20260614T213125,mpc-1999-19-lambda-0.238,0.23847873700089472,0.8558054904095482,False,883.0536499023438,1276.968994140625,52.00289535522461,1224.966064453125,393.91534423828125
2275,/home/victor-xia/repos/Burst-Coast-MPC/artifacts/MonteCarloData/monte-carlo-data-epoch-529_20260614T030357,mpc-75-3-lambda-0.863,0.8633987528525023,0.9112752797657112,False,1342.4681396484375,1279.55859375,143.37962341308594,1136.178955078125,-62.9095458984375
2276,/home/victor-xia/repos/Burst-Coast-MPC/artifacts/MonteCarloData/monte-carlo-data-epoch-125_20260614T205814,mpc-695-9-lambda-0.371,0.37139319245859553,0.2899111127315636,False,1286.1595458984375,1280.2032470703125,16.477025985717773,1263.7261962890625,-5.956298828125
2277,/home/victor-xia/repos/Burst-Coast-MPC/artifacts/MonteCarloData/monte-carlo-data-epoch-472_20260614T025607,mpc-33-1-lambda-0.375,0.37542000824822874,0.5525202936104462,False,1229.0281982421875,1280.5755615234375,36.98550796508789,1243.590087890625,51.54736328125
2278,/home/victor-xia/repos/Burst-Coast-MPC/artifacts/MonteCarloData/monte-carlo-data-epoch-528_20260614T030346,mpc-435-7-lambda-0.945,0.9445245355366708,0.4757050652915745,False,1143.38720703125,1283.379150390625,61.741294860839844,1221.6378173828125,139.991943359375
2279,/home/victor-xia/repos/Burst-Coast-MPC/artifacts/MonteCarloData/monte-carlo-data-epoch-359_20260614T212926,mpc-202-2-lambda-0.963,0.9631920799530251,0.9754768812305482,False,1472.0057373046875,1285.0074462890625,182.86778259277344,1102.1396484375,-186.998291015625
2280,/home/victor-xia/repos/Burst-Coast-MPC/artifacts/MonteCarloData/monte-carlo-data-epoch-99_20260614T020526,mpc-269-2-lambda-0.605,0.6049364720124789,0.0879192030459624,False,1208.0684814453125,1286.1412353515625,6.155921936035156,1279.9853515625,78.07275390625
2281,/home/victor-xia/repos/Burst-Coast-MPC/artifacts/MonteCarloData/monte-carlo-data-epoch-29_20260613T233734,mpc-798-9-lambda-0.269,0.26901988031558244,0.4886619046555761,False,1234.5650634765625,1289.516357421875,25.166227340698242,1264.35009765625,54.9512939453125
2282,/home/victor-xia/repos/Burst-Coast-MPC/artifacts/MonteCarloData/monte-carlo-data-epoch-529_20260614T030357,mpc-4-1-lambda-0.19,0.1897754914240924,0.19288124250977265,False,1382.3634033203125,1290.32568359375,8.47903060913086,1281.8466796875,-92.0377197265625
2283,/home/victor-xia/repos/Burst-Coast-MPC/artifacts/MonteCarloData/monte-carlo-data-epoch-138_20260614T210009,mpc-0-0-lambda-0.841,0.8413994554121071,0.890905064287122,False,1240.4521484375,1291.1173095703125,140.72215270996094,1150.3951416015625,50.6651611328125
2284,/home/victor-xia/repos/Burst-Coast-MPC/artifacts/MonteCarloData/monte-carlo-data-epoch-385_20260614T213311,mpc-781-6-lambda-0.402,0.4016479513886696,0.3163254455031384,False,1546.0433349609375,1296.3564453125,20.24397850036621,1276.1124267578125,-249.6868896484375
2285,/home/victor-xia/repos/Burst-Coast-MPC/artifacts/MonteCarloData/monte-carlo-data-epoch-378_20260614T213220,mpc-252-4-lambda-0.998,0.997974046440356,0.7873305626049515,False,1254.8873291015625,1297.2249755859375,134.308349609375,1162.9166259765625,42.337646484375
2286,/home/victor-xia/repos/Burst-Coast-MPC/artifacts/MonteCarloData/monte-carlo-data-epoch-42_20260613T233930,mpc-177-1-lambda-0.982,0.9816973927384025,0.1390973685292259,False,1173.79541015625,1297.7640380859375,14.297751426696777,1283.46630859375,123.9686279296875
2287,/home/victor-xia/repos/Burst-Coast-MPC/artifacts/MonteCarloData/monte-carlo-data-epoch-472_20260614T025607,mpc-144-2-lambda-0.25,0.24959381602610922,0.9451433378308716,False,1170.073486328125,1298.904052734375,59.7395133972168,1239.16455078125,128.83056640625
2288,/home/victor-xia/repos/Burst-Coast-MPC/artifacts/MonteCarloData/monte-carlo-data-epoch-239_20260614T022324,mpc-82-1-lambda-0.083,0.083247515780507,0.20552482891552226,False,1115.145263671875,1299.3394775390625,7.377867698669434,1291.961669921875,184.1942138671875
2289,/home/victor-xia/repos/Burst-Coast-MPC/artifacts/MonteCarloData/monte-carlo-data-epoch-99_20260614T020526,mpc-303-4-lambda-0.187,0.18681435308545288,0.21747361664783466,False,1190.063232421875,1300.576416015625,8.771936416625977,1291.804443359375,110.51318359375
2290,/home/victor-xia/repos/Burst-Coast-MPC/artifacts/MonteCarloData/monte-carlo-data-epoch-301_20260614T212132,mpc-1040-11-lambda-0.929,0.9294334815442822,0.4140835038504443,False,1221.833740234375,1300.8958740234375,51.708763122558594,1249.1871337890625,79.0621337890625
2291,/home/victor-xia/repos/Burst-Coast-MPC/artifacts/MonteCarloData/monte-carlo-data-epoch-266_20260614T022715,mpc-971-10-lambda-0.658,0.6582289458574672,0.4387855128392321,False,1218.6583251953125,1302.214111328125,41.62248229980469,1260.5916748046875,83.5557861328125
2292,/home/victor-xia/repos/Burst-Coast-MPC/artifacts/MonteCarloData/monte-carlo-data-epoch-347_20260614T023755,mpc-298-3-lambda-0.901,0.9014444947100945,0.8127285366456473,False,1366.16748046875,1303.50732421875,128.13462829589844,1175.3726806640625,-62.66015625
2293,/home/victor-xia/repos/Burst-Coast-MPC/artifacts/MonteCarloData/monte-carlo-data-epoch-99_20260614T020526,mpc-287-3-lambda-0.49,0.48996007955334553,0.08088840035995626,False,1198.297119140625,1303.798583984375,5.187453269958496,1298.611083984375,105.50146484375
2294,/home/victor-xia/repos/Burst-Coast-MPC/artifacts/MonteCarloData/monte-carlo-data-epoch-347_20260614T023755,mpc-178-2-lambda-0.681,0.680688253136077,0.5991487176528164,False,1479.4029541015625,1304.80419921875,70.85503387451172,1233.94921875,-174.5987548828125
2295,/home/victor-xia/repos/Burst-Coast-MPC/artifacts/MonteCarloData/monte-carlo-data-epoch-101_20260614T020547,mpc-488-5-lambda-0.679,0.6793144063721609,0.7818070816252995,False,1352.1378173828125,1306.08740234375,97.11978149414062,1208.9676513671875,-46.0504150390625
2296,/home/victor-xia/repos/Burst-Coast-MPC/artifacts/MonteCarloData/monte-carlo-data-epoch-529_20260614T030357,mpc-0-0-lambda-0.037,0.03684800211695321,0.020024933962300158,False,1386.9129638671875,1306.8204345703125,2.82069730758667,1303.999755859375,-80.092529296875
2297,/home/victor-xia/repos/Burst-Coast-MPC/artifacts/MonteCarloData/monte-carlo-data-epoch-347_20260614T023755,mpc-98-1-lambda-0.61,0.6103236071488094,0.3968760828146071,False,1534.190185546875,1306.8328857421875,34.34001922607422,1272.492919921875,-227.3572998046875
2298,/home/victor-xia/repos/Burst-Coast-MPC/artifacts/MonteCarloData/monte-carlo-data-epoch-122_20260614T205732,mpc-807-10-lambda-0.289,0.28888227519245735,0.2543434239900924,False,1280.5859375,1307.073486328125,12.004485130310059,1295.0689697265625,26.487548828125
2299,/home/victor-xia/repos/Burst-Coast-MPC/artifacts/MonteCarloData/monte-carlo-data-epoch-42_20260613T233930,mpc-0-0-lambda-0.061,0.06141350399514606,0.8821711610330571,False,1214.5552978515625,1308.2218017578125,25.885881423950195,1282.3359375,93.66650390625
2300,/home/victor-xia/repos/Burst-Coast-MPC/artifacts/MonteCarloData/monte-carlo-data-epoch-264_20260614T022644,mpc-687-11-lambda-0.198,0.19781919176128657,0.3653648392329933,False,1522.6107177734375,1308.6258544921875,15.615988731384277,1293.0098876953125,-213.98486328125
2301,/home/victor-xia/repos/Burst-Coast-MPC/artifacts/MonteCarloData/monte-carlo-data-epoch-152_20260614T021306,mpc-494-4-lambda-0.754,0.7537898347953681,0.5442711427884829,False,1188.9608154296875,1309.436767578125,59.23164749145508,1250.205078125,120.4759521484375
2302,/home/victor-xia/repos/Burst-Coast-MPC/artifacts/MonteCarloData/monte-carlo-data-epoch-296_20260614T212048,mpc-88-2-lambda-0.931,0.9314442750901384,0.35207312747925973,False,1430.666748046875,1311.20947265625,40.334964752197266,1270.87451171875,-119.457275390625
2303,/home/victor-xia/repos/Burst-Coast-MPC/artifacts/MonteCarloData/monte-carlo-data-epoch-489_20260614T025823,mpc-200-1-lambda-0.771,0.7710671420689905,0.7718052781407442,False,1614.3953857421875,1312.879638671875,101.5349349975586,1211.3447265625,-301.5157470703125
2304,/home/victor-xia/repos/Burst-Coast-MPC/artifacts/MonteCarloData/monte-carlo-data-epoch-472_20260614T025607,mpc-0-0-lambda-0.759,0.7593045854554402,0.16253168777054977,False,1252.3519287109375,1314.2957763671875,14.664715766906738,1299.631103515625,61.94384765625
2305,/home/victor-xia/repos/Burst-Coast-MPC/artifacts/MonteCarloData/monte-carlo-data-epoch-351_20260614T023825,mpc-1425-15-lambda-0.581,0.581150475964587,0.12909738529987724,False,1275.1807861328125,1314.30517578125,10.92632007598877,1303.37890625,39.1243896484375
2306,/home/victor-xia/repos/Burst-Coast-MPC/artifacts/MonteCarloData/monte-carlo-data-epoch-288_20260614T023010,mpc-53-2-lambda-0.793,0.7927384190179483,0.3935222426674538,False,1610.6492919921875,1317.7098388671875,42.3000373840332,1275.4097900390625,-292.939453125
2307,/home/victor-xia/repos/Burst-Coast-MPC/artifacts/MonteCarloData/monte-carlo-data-epoch-351_20260614T023825,mpc-1378-13-lambda-0.292,0.2918185816610334,0.02435694287308755,False,1291.1937255859375,1318.462890625,2.8840889930725098,1315.578857421875,27.2691650390625
2308,/home/victor-xia/repos/Burst-Coast-MPC/artifacts/MonteCarloData/monte-carlo-data-epoch-27_20260613T233717,mpc-422-5-lambda-0.617,0.6166284715908741,0.17323721664524688,False,1240.5347900390625,1319.546142578125,12.70957088470459,1306.8365478515625,79.0113525390625
2309,/home/victor-xia/repos/Burst-Coast-MPC/artifacts/MonteCarloData/monte-carlo-data-epoch-125_20260614T205814,mpc-621-8-lambda-0.96,0.9599202577915794,0.3676947006280371,False,1356.984375,1322.3775634765625,44.33963394165039,1278.0379638671875,-34.6068115234375
2310,/home/victor-xia/repos/Burst-Coast-MPC/artifacts/MonteCarloData/monte-carlo-data-epoch-193_20260614T210711,mpc-256-4-lambda-0.834,0.8341053054383795,0.9727249675781885,False,1406.6806640625,1323.934814453125,162.39251708984375,1161.542236328125,-82.745849609375
2311,/home/victor-xia/repos/Burst-Coast-MPC/artifacts/MonteCarloData/monte-carlo-data-epoch-264_20260614T022644,mpc-627-10-lambda-0.53,0.5298654445760731,0.3006708426553161,False,1557.63623046875,1324.448974609375,22.008766174316406,1302.440185546875,-233.187255859375
2312,/home/victor-xia/repos/Burst-Coast-MPC/artifacts/MonteCarloData/monte-carlo-data-epoch-351_20260614T023825,mpc-1383-14-lambda-0.118,0.11753368008840495,0.20704219883704555,False,1286.54833984375,1325.00830078125,7.194519996643066,1317.813720703125,38.4599609375
2313,/home/victor-xia/repos/Burst-Coast-MPC/artifacts/MonteCarloData/monte-carlo-data-epoch-66_20260614T204948,mpc-420-3-lambda-0.631,0.6312719200981379,0.61947670816984,False,1431.7196044921875,1326.1348876953125,64.30919647216797,1261.82568359375,-105.584716796875
2314,/home/victor-xia/repos/Burst-Coast-MPC/artifacts/MonteCarloData/monte-carlo-data-epoch-445_20260614T025133,mpc-354-5-lambda-0.839,0.8387815399542313,0.5739619669189663,False,1317.74462890625,1326.720947265625,70.3812484741211,1256.3397216796875,8.976318359375
2315,/home/victor-xia/repos/Burst-Coast-MPC/artifacts/MonteCarloData/monte-carlo-data-epoch-370_20260614T213101,mpc-1351-16-lambda-0.758,0.7575301792410066,0.070880812087815,False,1305.322998046875,1327.0130615234375,5.506736755371094,1321.50634765625,21.6900634765625
2316,/home/victor-xia/repos/Burst-Coast-MPC/artifacts/MonteCarloData/monte-carlo-data-epoch-253_20260614T022517,mpc-1694-17-lambda-0.998,0.9976305846143086,0.7962410143207482,False,1234.2552490234375,1328.6378173828125,138.33106994628906,1190.3067626953125,94.382568359375
2317,/home/victor-xia/repos/Burst-Coast-MPC/artifacts/MonteCarloData/monte-carlo-data-epoch-66_20260614T204948,mpc-223-2-lambda-0.013,0.012874172488406272,0.9819423290136909,False,1466.584228515625,1328.6773681640625,22.30428695678711,1306.373046875,-137.9068603515625
2318,/home/victor-xia/repos/Burst-Coast-MPC/artifacts/MonteCarloData/monte-carlo-data-epoch-489_20260614T025823,mpc-0-0-lambda-0.142,0.1422097324106098,0.9929434173027977,False,1685.3212890625,1330.8787841796875,44.61404800415039,1286.2647705078125,-354.4425048828125
2319,/home/victor-xia/repos/Burst-Coast-MPC/artifacts/MonteCarloData/monte-carlo-data-epoch-32_20260613T233806,mpc-452-5-lambda-0.49,0.49005531457197576,0.7151761625727378,False,1214.270263671875,1333.8179931640625,61.82512283325195,1271.992919921875,119.5477294921875
2320,/home/victor-xia/repos/Burst-Coast-MPC/artifacts/MonteCarloData/monte-carlo-data-epoch-193_20260614T210711,mpc-97-2-lambda-0.221,0.22136644551042278,0.5951452213752204,False,1476.8602294921875,1336.1033935546875,29.46689224243164,1306.636474609375,-140.7568359375
2321,/home/victor-xia/repos/Burst-Coast-MPC/artifacts/MonteCarloData/monte-carlo-data-epoch-193_20260614T210711,mpc-87-1-lambda-0.293,0.29291972600392,0.051889654971806067,False,1480.539306640625,1336.4173583984375,2.3173928260803223,1334.0999755859375,-144.1219482421875
2322,/home/victor-xia/repos/Burst-Coast-MPC/artifacts/MonteCarloData/monte-carlo-data-epoch-27_20260613T233717,mpc-457-6-lambda-0.152,0.1521669367984823,0.11604310471798267,False,1220.363525390625,1337.73486328125,4.355586528778076,1333.3792724609375,117.371337890625
2323,/home/victor-xia/repos/Burst-Coast-MPC/artifacts/MonteCarloData/monte-carlo-data-epoch-222_20260614T022125,mpc-255-2-lambda-0.321,0.3212794060598894,0.47914611486606445,False,1379.6119384765625,1337.986572265625,28.00600814819336,1309.9805908203125,-41.6253662109375
2324,/home/victor-xia/repos/Burst-Coast-MPC/artifacts/MonteCarloData/monte-carlo-data-epoch-148_20260614T021217,mpc-147-1-lambda-0.727,0.7268486971382483,0.6213494510934596,False,1314.541015625,1338.2626953125,68.90354919433594,1269.359130859375,23.7216796875
2325,/home/victor-xia/repos/Burst-Coast-MPC/artifacts/MonteCarloData/monte-carlo-data-epoch-27_20260613T233717,mpc-480-7-lambda-0.524,0.523973602827598,0.9959682281845914,False,1213.48583984375,1338.486572265625,105.95648956298828,1232.530029296875,125.000732421875
2326,/home/victor-xia/repos/Burst-Coast-MPC/artifacts/MonteCarloData/monte-carlo-data-epoch-122_20260614T205732,mpc-730-9-lambda-0.28,0.2802672763598464,0.3847875243666704,False,1311.2762451171875,1339.5433349609375,19.348608016967773,1320.1947021484375,28.26708984375
2327,/home/victor-xia/repos/Burst-Coast-MPC/artifacts/MonteCarloData/monte-carlo-data-epoch-351_20260614T023825,mpc-1543-17-lambda-0.575,0.5751978991381184,0.22843788513169813,False,1201.8818359375,1340.961669921875,18.47216796875,1322.489501953125,139.079833984375
2328,/home/victor-xia/repos/Burst-Coast-MPC/artifacts/MonteCarloData/monte-carlo-data-epoch-366_20260614T024007,mpc-415-5-lambda-0.779,0.7790365171592077,0.6757573070512007,False,1235.7457275390625,1343.828125,84.0673599243164,1259.7607421875,108.0823974609375
2329,/home/victor-xia/repos/Burst-Coast-MPC/artifacts/MonteCarloData/monte-carlo-data-epoch-99_20260614T020526,mpc-148-1-lambda-0.205,0.20510983266580154,0.6035683629353028,False,1252.337890625,1344.5985107421875,27.887317657470703,1316.711181640625,92.2606201171875
2330,/home/victor-xia/repos/Burst-Coast-MPC/artifacts/MonteCarloData/monte-carlo-data-epoch-529_20260614T030357,mpc-43-2-lambda-0.999,0.9989809800445392,0.1614739287055636,False,1368.9315185546875,1344.73974609375,17.569610595703125,1327.170166015625,-24.1917724609375
2331,/home/victor-xia/repos/Burst-Coast-MPC/artifacts/MonteCarloData/monte-carlo-data-epoch-370_20260614T213101,mpc-1256-14-lambda-0.574,0.5740640478058164,0.015122087133979355,False,1393.8787841796875,1344.8922119140625,1.8572468757629395,1343.034912109375,-48.986572265625
2332,/home/victor-xia/repos/Burst-Coast-MPC/artifacts/MonteCarloData/monte-carlo-data-epoch-370_20260614T213101,mpc-1365-17-lambda-0.699,0.699492041976001,0.9924640154745608,False,1296.5811767578125,1345.4639892578125,149.12803649902344,1196.3359375,48.8828125
2333,/home/victor-xia/repos/Burst-Coast-MPC/artifacts/MonteCarloData/monte-carlo-data-epoch-172_20260614T021552,mpc-482-8-lambda-0.928,0.9275566158959851,0.026543254076711695,False,1216.7462158203125,1345.8809814453125,2.699885845184326,1343.18115234375,129.134765625
2334,/home/victor-xia/repos/Burst-Coast-MPC/artifacts/MonteCarloData/monte-carlo-data-epoch-49_20260614T204733,mpc-0-0-lambda-0.518,0.5182373283104446,0.462070480649209,False,1473.0443115234375,1347.63525390625,37.732173919677734,1309.903076171875,-125.4090576171875
2335,/home/victor-xia/repos/Burst-Coast-MPC/artifacts/MonteCarloData/monte-carlo-data-epoch-22_20260613T233639,mpc-0-0-lambda-0.034,0.03437504072339775,0.09682868648817956,False,1176.251220703125,1348.0814208984375,3.3261728286743164,1344.7552490234375,171.8302001953125
2336,/home/victor-xia/repos/Burst-Coast-MPC/artifacts/MonteCarloData/monte-carlo-data-epoch-152_20260614T021306,mpc-431-3-lambda-0.949,0.9488123267810803,0.3152803849188472,False,1244.577880859375,1348.60498046875,34.87430191040039,1313.730712890625,104.027099609375
2337,/home/victor-xia/repos/Burst-Coast-MPC/artifacts/MonteCarloData/monte-carlo-data-epoch-129_20260614T020924,mpc-66-1-lambda-0.662,0.6620924006905776,0.6183504953280455,False,1322.31591796875,1351.5836181640625,63.41254806518555,1288.1710205078125,29.2677001953125
2338,/home/victor-xia/repos/Burst-Coast-MPC/artifacts/MonteCarloData/monte-carlo-data-epoch-172_20260614T021552,mpc-487-9-lambda-0.426,0.42634257145063115,0.5489094026530339,False,1212.4326171875,1352.319091796875,40.296974182128906,1312.0220947265625,139.886474609375
2339,/home/victor-xia/repos/Burst-Coast-MPC/artifacts/MonteCarloData/monte-carlo-data-epoch-351_20260614T023825,mpc-1451-16-lambda-0.477,0.47719301249430357,0.4555024198907505,False,1257.7637939453125,1352.9786376953125,35.03168487548828,1317.9468994140625,95.21484375
2340,/home/victor-xia/repos/Burst-Coast-MPC/artifacts/MonteCarloData/monte-carlo-data-epoch-370_20260614T213101,mpc-1259-15-lambda-0.824,0.8239827332931298,0.4568174520724236,False,1390.8963623046875,1354.7176513671875,53.48544692993164,1301.232177734375,-36.1787109375
2341,/home/victor-xia/repos/Burst-Coast-MPC/artifacts/MonteCarloData/monte-carlo-data-epoch-264_20260614T022644,mpc-601-9-lambda-0.506,0.5056136243268105,0.12920642303295943,False,1572.65625,1357.3607177734375,9.441840171813965,1347.9188232421875,-215.2955322265625
2342,/home/victor-xia/repos/Burst-Coast-MPC/artifacts/MonteCarloData/monte-carlo-data-epoch-66_20260614T204948,mpc-184-1-lambda-0.493,0.4926917426001002,0.19527842078889765,False,1486.3232421875,1358.91259765625,12.446517944335938,1346.466064453125,-127.41064453125
2343,/home/victor-xia/repos/Burst-Coast-MPC/artifacts/MonteCarloData/monte-carlo-data-epoch-296_20260614T212048,mpc-49-1-lambda-0.167,0.1674138866208183,0.19349154561576004,False,1441.694091796875,1363.062744140625,6.989965915679932,1356.07275390625,-78.63134765625
2344,/home/victor-xia/repos/Burst-Coast-MPC/artifacts/MonteCarloData/monte-carlo-data-epoch-373_20260614T213125,mpc-1798-15-lambda-0.893,0.8925652060898854,0.010508550102332257,False,1004.31103515625,1363.3134765625,2.1185131072998047,1361.1949462890625,359.00244140625
2345,/home/victor-xia/repos/Burst-Coast-MPC/artifacts/MonteCarloData/monte-carlo-data-epoch-288_20260614T023010,mpc-3-1-lambda-0.992,0.9917793972860213,0.24746228706323392,False,1657.169189453125,1364.1212158203125,29.15509605407715,1334.966064453125,-293.0479736328125
2346,/home/victor-xia/repos/Burst-Coast-MPC/artifacts/MonteCarloData/monte-carlo-data-epoch-273_20260614T211739,mpc-172-3-lambda-0.951,0.9505697038187297,0.8936330605172444,False,1206.1973876953125,1365.747802734375,159.41604614257812,1206.331787109375,159.5504150390625
2347,/home/victor-xia/repos/Burst-Coast-MPC/artifacts/MonteCarloData/monte-carlo-data-epoch-385_20260614T213311,mpc-617-5-lambda-0.227,0.227128815453988,0.8179457581314904,False,1623.0206298828125,1366.435302734375,48.23134994506836,1318.2039794921875,-256.5853271484375
2348,/home/victor-xia/repos/Burst-Coast-MPC/artifacts/MonteCarloData/monte-carlo-data-epoch-347_20260614T023755,mpc-0-0-lambda-0.177,0.17746186204347456,0.4887106308078369,False,1568.279052734375,1366.97119140625,21.493301391601562,1345.4779052734375,-201.307861328125
2349,/home/victor-xia/repos/Burst-Coast-MPC/artifacts/MonteCarloData/monte-carlo-data-epoch-172_20260614T021552,mpc-597-10-lambda-0.937,0.9365649122641464,0.7120636194909834,False,1148.820068359375,1367.6517333984375,106.05253601074219,1261.5992431640625,218.8316650390625
2350,/home/victor-xia/repos/Burst-Coast-MPC/artifacts/MonteCarloData/monte-carlo-data-epoch-193_20260614T210711,mpc-0-0-lambda-0.423,0.4227282976116261,0.4341200197154647,False,1526.468505859375,1367.9993896484375,28.846454620361328,1339.1529541015625,-158.4691162109375
2351,/home/victor-xia/repos/Burst-Coast-MPC/artifacts/MonteCarloData/monte-carlo-data-epoch-155_20260614T210248,mpc-74-2-lambda-0.924,0.9243806611396677,0.7688655546094685,False,1437.4561767578125,1368.7532958984375,121.79019165039062,1246.963134765625,-68.702880859375
2352,/home/victor-xia/repos/Burst-Coast-MPC/artifacts/MonteCarloData/monte-carlo-data-epoch-222_20260614T022125,mpc-69-1-lambda-0.209,0.20890668464975243,0.9255040342731198,False,1458.4217529296875,1374.25341796875,49.45953369140625,1324.7939453125,-84.1683349609375
2353,/home/victor-xia/repos/Burst-Coast-MPC/artifacts/MonteCarloData/monte-carlo-data-epoch-29_20260613T233734,mpc-681-8-lambda-0.695,0.6952094932227029,0.5807270675214583,False,1333.4183349609375,1376.657958984375,61.78489685058594,1314.873046875,43.2396240234375
2354,/home/victor-xia/repos/Burst-Coast-MPC/artifacts/MonteCarloData/monte-carlo-data-epoch-155_20260614T210248,mpc-33-1-lambda-0.974,0.9741658121527653,0.20163317040369147,False,1470.6878662109375,1378.4888916015625,20.89193344116211,1357.596923828125,-92.198974609375
2355,/home/victor-xia/repos/Burst-Coast-MPC/artifacts/MonteCarloData/monte-carlo-data-epoch-448_20260614T025158,mpc-1571-16-lambda-0.902,0.9024442443200094,0.5313784018674258,False,1240.908447265625,1379.1710205078125,67.8436050415039,1311.327392578125,138.2625732421875
2356,/home/victor-xia/repos/Burst-Coast-MPC/artifacts/MonteCarloData/monte-carlo-data-epoch-264_20260614T022644,mpc-579-8-lambda-0.901,0.9013544466825186,0.11172822845396277,False,1589.4312744140625,1379.757568359375,10.550653457641602,1369.2069091796875,-209.6737060546875
2357,/home/victor-xia/repos/Burst-Coast-MPC/artifacts/MonteCarloData/monte-carlo-data-epoch-172_20260614T021552,mpc-340-7-lambda-0.404,0.404327814590568,0.7072879521053982,False,1302.91455078125,1381.1041259765625,53.92860794067383,1327.175537109375,78.1895751953125
2358,/home/victor-xia/repos/Burst-Coast-MPC/artifacts/MonteCarloData/monte-carlo-data-epoch-239_20260614T022324,mpc-0-0-lambda-0.649,0.6489403155412106,0.4057776467832551,False,1174.3262939453125,1381.7100830078125,37.665565490722656,1344.0445556640625,207.3837890625
2359,/home/victor-xia/repos/Burst-Coast-MPC/artifacts/MonteCarloData/monte-carlo-data-epoch-31_20260613T233752,mpc-713-8-lambda-0.651,0.6513795624698386,0.8119751462058322,False,1334.5570068359375,1382.8948974609375,94.33889770507812,1288.5560302734375,48.337890625
2360,/home/victor-xia/repos/Burst-Coast-MPC/artifacts/MonteCarloData/monte-carlo-data-epoch-385_20260614T213311,mpc-481-4-lambda-0.029,0.029340770033165695,0.6778340075471023,False,1650.421630859375,1384.35302734375,17.45994758605957,1366.89306640625,-266.068603515625
2361,/home/victor-xia/repos/Burst-Coast-MPC/artifacts/MonteCarloData/monte-carlo-data-epoch-437_20260614T025016,mpc-101-1-lambda-0.943,0.9426348791572782,0.1410032584155348,False,1500.1353759765625,1388.19775390625,14.094929695129395,1374.102783203125,-111.9376220703125
2362,/home/victor-xia/repos/Burst-Coast-MPC/artifacts/MonteCarloData/monte-carlo-data-epoch-373_20260614T213125,mpc-1822-17-lambda-0.596,0.5955795783906712,0.6255447204502692,False,994.8930053710938,1391.6334228515625,63.262760162353516,1328.37060546875,396.74041748046875
2363,/home/victor-xia/repos/Burst-Coast-MPC/artifacts/MonteCarloData/monte-carlo-data-epoch-288_20260614T023010,mpc-0-0-lambda-0.592,0.591505118263509,0.012650794053839716,False,1661.88330078125,1392.0465087890625,2.9164414405822754,1389.130126953125,-269.8367919921875
2364,/home/victor-xia/repos/Burst-Coast-MPC/artifacts/MonteCarloData/monte-carlo-data-epoch-359_20260614T212926,mpc-0-0-lambda-0.699,0.6986617689930343,0.7192212025872259,False,1633.114013671875,1392.53466796875,87.98184967041016,1304.5528564453125,-240.579345703125
2365,/home/victor-xia/repos/Burst-Coast-MPC/artifacts/MonteCarloData/monte-carlo-data-epoch-140_20260614T021100,mpc-0-0-lambda-0.881,0.8811572290774906,0.6671519478900649,False,1234.19775390625,1396.285400390625,90.4179916381836,1305.867431640625,162.087646484375
2366,/home/victor-xia/repos/Burst-Coast-MPC/artifacts/MonteCarloData/monte-carlo-data-epoch-239_20260614T022324,mpc-123-2-lambda-0.096,0.09613076664403022,0.8566263947438512,False,1103.469970703125,1396.891845703125,31.56189727783203,1365.3299560546875,293.421875
2367,/home/victor-xia/repos/Burst-Coast-MPC/artifacts/MonteCarloData/monte-carlo-data-epoch-378_20260614T213220,mpc-134-3-lambda-0.89,0.8899303719352877,0.5852161268834816,False,1381.5565185546875,1400.5736083984375,79.02316284179688,1321.5504150390625,19.01708984375
2368,/home/victor-xia/repos/Burst-Coast-MPC/artifacts/MonteCarloData/monte-carlo-data-epoch-27_20260613T233717,mpc-297-4-lambda-0.26,0.2595488357226604,0.6202894735832847,False,1292.6959228515625,1400.8553466796875,32.80706024169922,1368.04833984375,108.159423828125
2369,/home/victor-xia/repos/Burst-Coast-MPC/artifacts/MonteCarloData/monte-carlo-data-epoch-264_20260614T022644,mpc-553-7-lambda-0.953,0.9527009920960504,0.13071099502307928,False,1610.08740234375,1402.0667724609375,12.980607986450195,1389.086181640625,-208.0206298828125
2370,/home/victor-xia/repos/Burst-Coast-MPC/artifacts/MonteCarloData/monte-carlo-data-epoch-437_20260614T025016,mpc-129-2-lambda-0.753,0.752971704076937,0.8194976667004251,False,1477.7032470703125,1402.117431640625,110.23877716064453,1291.878662109375,-75.5858154296875
2371,/home/victor-xia/repos/Burst-Coast-MPC/artifacts/MonteCarloData/monte-carlo-data-epoch-41_20260614T015747,mpc-471-5-lambda-0.578,0.5783162016295116,0.9394790164702743,False,1337.0318603515625,1404.6279296875,107.40975189208984,1297.2181396484375,67.5960693359375
2372,/home/victor-xia/repos/Burst-Coast-MPC/artifacts/MonteCarloData/monte-carlo-data-epoch-296_20260614T212048,mpc-0-0-lambda-0.257,0.2568233301955221,0.24622677493594355,False,1458.8968505859375,1409.4168701171875,10.870865821838379,1398.5460205078125,-49.47998046875
2373,/home/victor-xia/repos/Burst-Coast-MPC/artifacts/MonteCarloData/monte-carlo-data-epoch-172_20260614T021552,mpc-321-6-lambda-0.621,0.6209924426795032,0.09605895734651954,False,1315.542724609375,1409.98388671875,7.92652702331543,1402.057373046875,94.441162109375
2374,/home/victor-xia/repos/Burst-Coast-MPC/artifacts/MonteCarloData/monte-carlo-data-epoch-393_20260614T213431,mpc-326-4-lambda-0.057,0.05720559112824642,0.3769078321824579,False,1412.6214599609375,1411.998779296875,10.877710342407227,1401.12109375,-0.6226806640625
2375,/home/victor-xia/repos/Burst-Coast-MPC/artifacts/MonteCarloData/monte-carlo-data-epoch-393_20260614T213431,mpc-402-5-lambda-0.604,0.6036718447841016,0.9742728682213094,False,1395.5032958984375,1412.5400390625,122.7339096069336,1289.80615234375,17.0367431640625
2376,/home/victor-xia/repos/Burst-Coast-MPC/artifacts/MonteCarloData/monte-carlo-data-epoch-373_20260614T213125,mpc-1800-16-lambda-0.106,0.10628846885262352,0.10728236530605495,False,1000.901123046875,1412.8089599609375,3.800497531890869,1409.0084228515625,411.9078369140625
2377,/home/victor-xia/repos/Burst-Coast-MPC/artifacts/MonteCarloData/monte-carlo-data-epoch-271_20260614T022745,mpc-140-1-lambda-0.656,0.6555679785216566,0.6402451990795118,False,1454.6077880859375,1414.6990966796875,66.6881103515625,1348.010986328125,-39.90869140625
2378,/home/victor-xia/repos/Burst-Coast-MPC/artifacts/MonteCarloData/monte-carlo-data-epoch-125_20260614T205814,mpc-509-7-lambda-0.268,0.26842955938523777,0.5555809751555925,False,1404.6243896484375,1417.26806640625,29.9599666595459,1387.30810546875,12.6436767578125
2379,/home/victor-xia/repos/Burst-Coast-MPC/artifacts/MonteCarloData/monte-carlo-data-epoch-125_20260614T205814,mpc-488-6-lambda-0.524,0.5240585193544487,0.10657415899769937,False,1416.1195068359375,1419.055908203125,7.243222713470459,1411.812744140625,2.9364013671875
2380,/home/victor-xia/repos/Burst-Coast-MPC/artifacts/MonteCarloData/monte-carlo-data-epoch-324_20260614T212424,mpc-165-2-lambda-0.639,0.6394280840906934,0.040711060757114635,False,1395.319091796875,1423.633056640625,3.5542869567871094,1420.0787353515625,28.31396484375
2381,/home/victor-xia/repos/Burst-Coast-MPC/artifacts/MonteCarloData/monte-carlo-data-epoch-351_20260614T023825,mpc-1289-12-lambda-0.434,0.43357129944009465,0.44219272110581864,False,1340.6829833984375,1424.11181640625,31.052024841308594,1393.059814453125,83.4288330078125
2382,/home/victor-xia/repos/Burst-Coast-MPC/artifacts/MonteCarloData/monte-carlo-data-epoch-393_20260614T213431,mpc-266-3-lambda-0.952,0.9516179465893805,0.3003818195814039,False,1465.82666015625,1424.5869140625,33.36613464355469,1391.2208251953125,-41.23974609375
2383,/home/victor-xia/repos/Burst-Coast-MPC/artifacts/MonteCarloData/monte-carlo-data-epoch-129_20260614T020924,mpc-0-0-lambda-0.994,0.9943988026616609,0.32854272332324386,False,1382.7742919921875,1425.5413818359375,37.90495681762695,1387.636474609375,42.76708984375
2384,/home/victor-xia/repos/Burst-Coast-MPC/artifacts/MonteCarloData/monte-carlo-data-epoch-172_20260614T021552,mpc-309-5-lambda-0.341,0.34052477439796075,0.06179283871178627,False,1320.5487060546875,1426.83837890625,3.156996011734009,1423.681396484375,106.2896728515625
2385,/home/victor-xia/repos/Burst-Coast-MPC/artifacts/MonteCarloData/monte-carlo-data-epoch-324_20260614T212424,mpc-142-1-lambda-0.62,0.6198701954474025,0.11533601131007513,False,1408.2283935546875,1427.3619384765625,8.136164665222168,1419.225830078125,19.133544921875
2386,/home/victor-xia/repos/Burst-Coast-MPC/artifacts/MonteCarloData/monte-carlo-data-epoch-378_20260614T213220,mpc-118-2-lambda-0.53,0.5299897266433902,0.07783884958602993,False,1389.688232421875,1427.4605712890625,5.1250152587890625,1422.3355712890625,37.7723388671875
2387,/home/victor-xia/repos/Burst-Coast-MPC/artifacts/MonteCarloData/monte-carlo-data-epoch-41_20260614T015747,mpc-404-4-lambda-0.951,0.9505810929943788,0.3344685918237954,False,1396.69140625,1429.5364990234375,37.4029541015625,1392.133544921875,32.8450927734375
2388,/home/victor-xia/repos/Burst-Coast-MPC/artifacts/MonteCarloData/monte-carlo-data-epoch-122_20260614T205732,mpc-632-8-lambda-0.814,0.813929552655735,0.4885080491059812,False,1401.61376953125,1430.390869140625,56.465110778808594,1373.92578125,28.777099609375
2389,/home/victor-xia/repos/Burst-Coast-MPC/artifacts/MonteCarloData/monte-carlo-data-epoch-324_20260614T212424,mpc-173-3-lambda-0.133,0.13280375930419283,0.9981691050258376,False,1389.66162109375,1433.4517822265625,44.41683578491211,1389.034912109375,43.7901611328125
2390,/home/victor-xia/repos/Burst-Coast-MPC/artifacts/MonteCarloData/monte-carlo-data-epoch-385_20260614T213311,mpc-342-3-lambda-0.285,0.2846293179432371,0.6928493412185317,False,1719.228271484375,1439.1146240234375,43.12995910644531,1395.984619140625,-280.1136474609375
2391,/home/victor-xia/repos/Burst-Coast-MPC/artifacts/MonteCarloData/monte-carlo-data-epoch-29_20260613T233734,mpc-586-7-lambda-0.306,0.306453279360789,0.47114979073407787,False,1375.02490234375,1443.1978759765625,26.186603546142578,1417.01123046875,68.1729736328125
2392,/home/victor-xia/repos/Burst-Coast-MPC/artifacts/MonteCarloData/monte-carlo-data-epoch-351_20260614T023825,mpc-1173-11-lambda-0.058,0.05810993226495843,0.5786380438738874,False,1367.3065185546875,1443.6915283203125,16.9051456451416,1426.786376953125,76.385009765625
2393,/home/victor-xia/repos/Burst-Coast-MPC/artifacts/MonteCarloData/monte-carlo-data-epoch-159_20260614T021350,mpc-389-2-lambda-0.527,0.527253117650192,0.8490852297736364,False,1619.1007080078125,1443.799072265625,91.53178405761719,1352.267333984375,-175.3016357421875
2394,/home/victor-xia/repos/Burst-Coast-MPC/artifacts/MonteCarloData/monte-carlo-data-epoch-172_20260614T021552,mpc-201-3-lambda-0.565,0.5651500092815913,0.30530511884960454,False,1379.932861328125,1443.833251953125,22.213394165039062,1421.619873046875,63.900390625
2395,/home/victor-xia/repos/Burst-Coast-MPC/artifacts/MonteCarloData/monte-carlo-data-epoch-273_20260614T211739,mpc-19-2-lambda-0.542,0.5415733984826777,0.762326322082533,False,1330.201416015625,1444.3798828125,77.34454345703125,1367.035400390625,114.178466796875
2396,/home/victor-xia/repos/Burst-Coast-MPC/artifacts/MonteCarloData/monte-carlo-data-epoch-351_20260614T023825,mpc-1082-10-lambda-0.03,0.030218801631476624,0.452710189819103,False,1385.703125,1444.9896240234375,11.714560508728027,1433.2750244140625,59.2864990234375
2397,/home/victor-xia/repos/Burst-Coast-MPC/artifacts/MonteCarloData/monte-carlo-data-epoch-366_20260614T024007,mpc-275-4-lambda-0.424,0.4242686731081485,0.6962821307539662,False,1326.031005859375,1448.3223876953125,56.45540237426758,1391.866943359375,122.2913818359375
2398,/home/victor-xia/repos/Burst-Coast-MPC/artifacts/MonteCarloData/monte-carlo-data-epoch-172_20260614T021552,mpc-262-4-lambda-0.502,0.5020174879992076,0.2333255231127416,False,1344.6107177734375,1449.27734375,15.77540397644043,1433.501953125,104.6666259765625
2399,/home/victor-xia/repos/Burst-Coast-MPC/artifacts/MonteCarloData/monte-carlo-data-epoch-373_20260614T213125,mpc-1621-14-lambda-0.222,0.22227306099664643,0.8787049673442167,False,1087.03369140625,1450.9329833984375,51.82734680175781,1399.1055908203125,363.8992919921875
2400,/home/victor-xia/repos/Burst-Coast-MPC/artifacts/MonteCarloData/monte-carlo-data-epoch-528_20260614T030346,mpc-303-6-lambda-0.555,0.5554014656740376,0.6554889249324313,False,1252.6556396484375,1456.427978515625,68.22586822509766,1388.2021484375,203.7723388671875
2401,/home/victor-xia/repos/Burst-Coast-MPC/artifacts/MonteCarloData/monte-carlo-data-epoch-301_20260614T212132,mpc-871-9-lambda-0.757,0.7566453115481803,0.2440614928478935,False,1363.093505859375,1457.9808349609375,21.73739242553711,1436.243408203125,94.8873291015625
2402,/home/victor-xia/repos/Burst-Coast-MPC/artifacts/MonteCarloData/monte-carlo-data-epoch-222_20260614T022125,mpc-0-0-lambda-0.948,0.9478312689091932,0.3418658772145415,False,1521.264892578125,1458.10791015625,39.378379821777344,1418.7294921875,-63.156982421875
2403,/home/victor-xia/repos/Burst-Coast-MPC/artifacts/MonteCarloData/monte-carlo-data-epoch-264_20260614T022644,mpc-529-6-lambda-0.364,0.3643459916984492,0.12102722578857027,False,1620.732666015625,1458.55126953125,6.701472759246826,1451.849853515625,-162.181396484375
2404,/home/victor-xia/repos/Burst-Coast-MPC/artifacts/MonteCarloData/monte-carlo-data-epoch-324_20260614T212424,mpc-374-4-lambda-0.967,0.9672731788287716,0.9651208655075993,False,1319.036376953125,1459.17626953125,183.120361328125,1276.055908203125,140.139892578125
2405,/home/victor-xia/repos/Burst-Coast-MPC/artifacts/MonteCarloData/monte-carlo-data-epoch-393_20260614T213431,mpc-257-2-lambda-0.56,0.559623561654038,0.047121193596282786,False,1471.42822265625,1460.0479736328125,3.5249686241149902,1456.52294921875,-11.3802490234375
2406,/home/victor-xia/repos/Burst-Coast-MPC/artifacts/MonteCarloData/monte-carlo-data-epoch-351_20260614T023825,mpc-1061-9-lambda-0.197,0.1970406317430816,0.10284750903122652,False,1394.761962890625,1461.270751953125,5.679936408996582,1455.5908203125,66.5087890625
2407,/home/victor-xia/repos/Burst-Coast-MPC/artifacts/MonteCarloData/monte-carlo-data-epoch-99_20260614T020526,mpc-0-0-lambda-0.639,0.6392257094416602,0.7371648369080923,False,1381.50830078125,1463.07763671875,80.58985137939453,1382.48779296875,81.5693359375
2408,/home/victor-xia/repos/Burst-Coast-MPC/artifacts/MonteCarloData/monte-carlo-data-epoch-437_20260614T025016,mpc-0-0-lambda-0.167,0.16739151598493052,0.5014799251994198,False,1533.0003662109375,1463.6575927734375,20.741104125976562,1442.91650390625,-69.3427734375
2409,/home/victor-xia/repos/Burst-Coast-MPC/artifacts/MonteCarloData/monte-carlo-data-epoch-155_20260614T210248,mpc-0-0-lambda-0.206,0.2062689834421304,0.16445329714304538,False,1480.5235595703125,1464.6976318359375,6.231870174407959,1458.4658203125,-15.825927734375
2410,/home/victor-xia/repos/Burst-Coast-MPC/artifacts/MonteCarloData/monte-carlo-data-epoch-32_20260613T233806,mpc-321-4-lambda-0.703,0.7031006740535923,0.6535951778001386,False,1333.69287109375,1465.7064208984375,74.5262222290039,1391.18017578125,132.0135498046875
2411,/home/victor-xia/repos/Burst-Coast-MPC/artifacts/MonteCarloData/monte-carlo-data-epoch-378_20260614T213220,mpc-69-1-lambda-0.549,0.5488361649102828,0.2453851004445401,False,1416.5211181640625,1466.853759765625,16.88912582397461,1449.964599609375,50.3326416015625
2412,/home/victor-xia/repos/Burst-Coast-MPC/artifacts/MonteCarloData/monte-carlo-data-epoch-301_20260614T212132,mpc-920-10-lambda-0.684,0.6839002156730454,0.5992705696600511,False,1328.5135498046875,1468.9752197265625,66.58683013916016,1402.388427734375,140.461669921875
2413,/home/victor-xia/repos/Burst-Coast-MPC/artifacts/MonteCarloData/monte-carlo-data-epoch-528_20260614T030346,mpc-229-5-lambda-0.98,0.9795264285240923,0.3678135974527128,False,1324.2882080078125,1469.54296875,44.83378601074219,1424.709228515625,145.2547607421875
2414,/home/victor-xia/repos/Burst-Coast-MPC/artifacts/MonteCarloData/monte-carlo-data-epoch-366_20260614T024007,mpc-249-3-lambda-0.18,0.18004767883148512,0.1315837295959864,False,1334.681396484375,1471.95751953125,5.45451545715332,1466.5030517578125,137.276123046875
2415,/home/victor-xia/repos/Burst-Coast-MPC/artifacts/MonteCarloData/monte-carlo-data-epoch-273_20260614T211739,mpc-11-1-lambda-0.038,0.03806624074271108,0.03881361468074787,False,1334.5081787109375,1473.80810546875,2.691617012023926,1471.116455078125,139.2999267578125
2416,/home/victor-xia/repos/Burst-Coast-MPC/artifacts/MonteCarloData/monte-carlo-data-epoch-253_20260614T022517,mpc-1488-14-lambda-0.307,0.30657255051023413,0.027234752501126253,False,1373.6865234375,1474.3125,2.2148666381835938,1472.09765625,100.6259765625
2417,/home/victor-xia/repos/Burst-Coast-MPC/artifacts/MonteCarloData/monte-carlo-data-epoch-253_20260614T022517,mpc-1545-16-lambda-0.581,0.580665388680608,0.7419539878948851,False,1355.278564453125,1474.4993896484375,75.53836822509766,1398.9610595703125,119.2208251953125
2418,/home/victor-xia/repos/Burst-Coast-MPC/artifacts/MonteCarloData/monte-carlo-data-epoch-273_20260614T211739,mpc-0-0-lambda-0.155,0.1552598098785561,0.05384701398675484,False,1339.0887451171875,1474.703369140625,2.873713493347168,1471.8297119140625,135.6146240234375
2419,/home/victor-xia/repos/Burst-Coast-MPC/artifacts/MonteCarloData/monte-carlo-data-epoch-366_20260614T024007,mpc-205-2-lambda-0.566,0.5656623117066388,0.21771865501530963,False,1360.8779296875,1475.9400634765625,16.457256317138672,1459.4827880859375,115.0621337890625
2420,/home/victor-xia/repos/Burst-Coast-MPC/artifacts/MonteCarloData/monte-carlo-data-epoch-125_20260614T205814,mpc-393-5-lambda-0.12,0.11967863281244605,0.4741688615522902,False,1442.9443359375,1476.9388427734375,16.980632781982422,1459.958251953125,33.9945068359375
2421,/home/victor-xia/repos/Burst-Coast-MPC/artifacts/MonteCarloData/monte-carlo-data-epoch-125_20260614T205814,mpc-359-4-lambda-0.86,0.8596006419569232,0.16671392661924048,False,1468.2796630859375,1477.608642578125,15.936476707458496,1461.672119140625,9.3289794921875
2422,/home/victor-xia/repos/Burst-Coast-MPC/artifacts/MonteCarloData/monte-carlo-data-epoch-148_20260614T021217,mpc-0-0-lambda-0.47,0.47049936277829635,0.7292281323526917,False,1415.52587890625,1477.7318115234375,63.125404357910156,1414.6064453125,62.2059326171875
2423,/home/victor-xia/repos/Burst-Coast-MPC/artifacts/MonteCarloData/monte-carlo-data-epoch-373_20260614T213125,mpc-1521-13-lambda-0.639,0.6387115563759644,0.499635134694568,False,1167.341552734375,1483.141357421875,50.76142501831055,1432.3798828125,315.7998046875
2424,/home/victor-xia/repos/Burst-Coast-MPC/artifacts/MonteCarloData/monte-carlo-data-epoch-253_20260614T022517,mpc-1493-15-lambda-0.121,0.12092220513728007,0.2562915590475305,False,1370.13525390625,1486.21484375,9.395702362060547,1476.819091796875,116.07958984375
2425,/home/victor-xia/repos/Burst-Coast-MPC/artifacts/MonteCarloData/monte-carlo-data-epoch-445_20260614T025133,mpc-221-4-lambda-0.727,0.7266644467847381,0.6607074856799903,False,1439.869873046875,1486.5899658203125,76.22565460205078,1410.3642578125,46.7200927734375
2426,/home/victor-xia/repos/Burst-Coast-MPC/artifacts/MonteCarloData/monte-carlo-data-epoch-101_20260614T020547,mpc-298-4-lambda-0.781,0.7812826567094934,0.9444146197536842,False,1577.369384765625,1490.107177734375,140.04591369628906,1350.061279296875,-87.26220703125
2427,/home/victor-xia/repos/Burst-Coast-MPC/artifacts/MonteCarloData/monte-carlo-data-epoch-366_20260614T024007,mpc-15-1-lambda-0.051,0.05096688157269944,0.9451644280428753,False,1405.3568115234375,1490.1754150390625,28.224035263061523,1461.951416015625,84.818603515625
2428,/home/victor-xia/repos/Burst-Coast-MPC/artifacts/MonteCarloData/monte-carlo-data-epoch-31_20260613T233752,mpc-561-7-lambda-0.438,0.43813419894170175,0.7569608122335598,False,1435.75537109375,1491.37109375,63.24399185180664,1428.1270751953125,55.61572265625
2429,/home/victor-xia/repos/Burst-Coast-MPC/artifacts/MonteCarloData/monte-carlo-data-epoch-301_20260614T212132,mpc-804-7-lambda-0.179,0.1790970759206895,0.04613765399062705,False,1381.9378662109375,1496.1824951171875,2.7657971382141113,1493.416748046875,114.24462890625
2430,/home/victor-xia/repos/Burst-Coast-MPC/artifacts/MonteCarloData/monte-carlo-data-epoch-27_20260613T233717,mpc-151-3-lambda-0.422,0.4220996149976723,0.7285044208034862,False,1384.41845703125,1497.7603759765625,57.38203430175781,1440.3782958984375,113.3419189453125
2431,/home/victor-xia/repos/Burst-Coast-MPC/artifacts/MonteCarloData/monte-carlo-data-epoch-152_20260614T021306,mpc-244-2-lambda-0.503,0.503147193540753,0.9298778742557327,False,1400.661376953125,1498.94140625,97.8457260131836,1401.095703125,98.280029296875
2432,/home/victor-xia/repos/Burst-Coast-MPC/artifacts/MonteCarloData/monte-carlo-data-epoch-301_20260614T212132,mpc-813-8-lambda-0.087,0.08744274634161896,0.2906537237796331,False,1377.517822265625,1499.487060546875,9.160452842712402,1490.32666015625,121.96923828125
2433,/home/victor-xia/repos/Burst-Coast-MPC/artifacts/MonteCarloData/monte-carlo-data-epoch-27_20260613T233717,mpc-144-2-lambda-0.943,0.9430977435198098,0.036632214179450256,False,1391.5662841796875,1500.3834228515625,4.461030006408691,1495.92236328125,108.817138671875
2434,/home/victor-xia/repos/Burst-Coast-MPC/artifacts/MonteCarloData/monte-carlo-data-epoch-445_20260614T025133,mpc-159-2-lambda-0.472,0.4720531290726448,0.14296412344800757,False,1464.327392578125,1502.4678955078125,9.527241706848145,1492.940673828125,38.1405029296875
2435,/home/victor-xia/repos/Burst-Coast-MPC/artifacts/MonteCarloData/monte-carlo-data-epoch-5_20260613T233433,mpc-357-4-lambda-0.815,0.8147332214122683,0.9621635719894641,False,1419.7427978515625,1502.986572265625,146.49142456054688,1356.4951171875,83.2437744140625
2436,/home/victor-xia/repos/Burst-Coast-MPC/artifacts/MonteCarloData/monte-carlo-data-epoch-266_20260614T022715,mpc-860-9-lambda-0.863,0.8634736334406555,0.5533260779583847,False,1328.155517578125,1503.9248046875,68.39409637451172,1435.53076171875,175.769287109375
2437,/home/victor-xia/repos/Burst-Coast-MPC/artifacts/MonteCarloData/monte-carlo-data-epoch-32_20260613T233806,mpc-204-3-lambda-0.263,0.263100675097321,0.5830168358973878,False,1381.5340576171875,1506.389404296875,30.107404708862305,1476.281982421875,124.8553466796875
2438,/home/victor-xia/repos/Burst-Coast-MPC/artifacts/MonteCarloData/monte-carlo-data-epoch-5_20260613T233433,mpc-235-3-lambda-0.103,0.10266432637268326,0.6049782310218185,False,1450.72705078125,1506.7548828125,19.65646743774414,1487.098388671875,56.02783203125
2439,/home/victor-xia/repos/Burst-Coast-MPC/artifacts/MonteCarloData/monte-carlo-data-epoch-29_20260613T233734,mpc-456-6-lambda-0.18,0.17984656538101482,0.6481069344864673,False,1422.3084716796875,1511.521240234375,29.774927139282227,1481.746337890625,89.2127685546875
2440,/home/victor-xia/repos/Burst-Coast-MPC/artifacts/MonteCarloData/monte-carlo-data-epoch-122_20260614T205732,mpc-497-7-lambda-0.275,0.27467653915396334,0.6720053761338287,False,1465.5048828125,1514.74072265625,40.085479736328125,1474.6552734375,49.23583984375
2441,/home/victor-xia/repos/Burst-Coast-MPC/artifacts/MonteCarloData/monte-carlo-data-epoch-172_20260614T021552,mpc-124-2-lambda-0.221,0.22125103967194087,0.384919465830796,False,1406.6915283203125,1515.6220703125,16.907190322875977,1498.71484375,108.9305419921875
2442,/home/victor-xia/repos/Burst-Coast-MPC/artifacts/MonteCarloData/monte-carlo-data-epoch-378_20260614T213220,mpc-0-0-lambda-0.645,0.644520338678033,0.3440423553958887,False,1464.1346435546875,1517.1781005859375,29.861942291259766,1487.316162109375,53.04345703125
2443,/home/victor-xia/repos/Burst-Coast-MPC/artifacts/MonteCarloData/monte-carlo-data-epoch-366_20260614T024007,mpc-0-0-lambda-0.47,0.47003066597675475,0.07638476070787846,False,1415.591796875,1518.7591552734375,6.406571388244629,1512.3525390625,103.1673583984375
2444,/home/victor-xia/repos/Burst-Coast-MPC/artifacts/MonteCarloData/monte-carlo-data-epoch-172_20260614T021552,mpc-80-1-lambda-0.14,0.13985160439764596,0.21894129720880814,False,1418.600830078125,1518.9693603515625,7.553867340087891,1511.41552734375,100.3685302734375
2445,/home/victor-xia/repos/Burst-Coast-MPC/artifacts/MonteCarloData/monte-carlo-data-epoch-31_20260613T233752,mpc-514-6-lambda-0.414,0.41376237159503426,0.23382782706948843,False,1457.740234375,1519.251220703125,13.8591890335083,1505.39208984375,61.510986328125
2446,/home/victor-xia/repos/Burst-Coast-MPC/artifacts/MonteCarloData/monte-carlo-data-epoch-393_20260614T213431,mpc-134-1-lambda-0.211,0.21053105539501626,0.6099180700420559,False,1520.0672607421875,1530.7728271484375,30.58820152282715,1500.1845703125,10.70556640625
2447,/home/victor-xia/repos/Burst-Coast-MPC/artifacts/MonteCarloData/monte-carlo-data-epoch-528_20260614T030346,mpc-171-4-lambda-0.795,0.7951474966103439,0.2893057035147984,False,1368.4794921875,1532.447509765625,27.733346939086914,1504.714111328125,163.968017578125
2448,/home/victor-xia/repos/Burst-Coast-MPC/artifacts/MonteCarloData/monte-carlo-data-epoch-528_20260614T030346,mpc-133-3-lambda-0.106,0.10590941196153303,0.1872154852365079,False,1379.9501953125,1533.26123046875,7.238036155700684,1526.023193359375,153.31103515625
2449,/home/victor-xia/repos/Burst-Coast-MPC/artifacts/MonteCarloData/monte-carlo-data-epoch-370_20260614T213101,mpc-1126-13-lambda-0.646,0.6462634650847437,0.6465362168558701,False,1505.621337890625,1535.6195068359375,69.7506103515625,1465.868896484375,29.9981689453125
2450,/home/victor-xia/repos/Burst-Coast-MPC/artifacts/MonteCarloData/monte-carlo-data-epoch-264_20260614T022644,mpc-408-5-lambda-0.422,0.4221490195540226,0.6041895974629385,False,1692.02783203125,1537.1507568359375,44.67390060424805,1492.476806640625,-154.8770751953125
2451,/home/victor-xia/repos/Burst-Coast-MPC/artifacts/MonteCarloData/monte-carlo-data-epoch-373_20260614T213125,mpc-1297-10-lambda-0.917,0.917347034396201,0.13868737032220418,False,1343.45361328125,1538.18701171875,13.744144439697266,1524.44287109375,194.7333984375
2452,/home/victor-xia/repos/Burst-Coast-MPC/artifacts/MonteCarloData/monte-carlo-data-epoch-152_20260614T021306,mpc-181-1-lambda-0.941,0.9414818869633454,0.3124975781996228,False,1454.8905029296875,1539.2518310546875,34.02532196044922,1505.2265625,84.361328125
2453,/home/victor-xia/repos/Burst-Coast-MPC/artifacts/MonteCarloData/monte-carlo-data-epoch-29_20260613T233734,mpc-337-5-lambda-0.223,0.22295144874101192,0.5903416175151598,False,1466.3651123046875,1542.656494140625,27.765674591064453,1514.890869140625,76.2913818359375
2454,/home/victor-xia/repos/Burst-Coast-MPC/artifacts/MonteCarloData/monte-carlo-data-epoch-393_20260614T213431,mpc-0-0-lambda-0.029,0.028588852577854963,0.6664121358359589,False,1547.3948974609375,1543.60693359375,17.405303955078125,1526.20166015625,-3.7879638671875
2455,/home/victor-xia/repos/Burst-Coast-MPC/artifacts/MonteCarloData/monte-carlo-data-epoch-32_20260613T233806,mpc-77-2-lambda-0.131,0.1312515020320773,0.6315558637675427,False,1417.6766357421875,1546.0419921875,22.872570037841797,1523.16943359375,128.3653564453125
2456,/home/victor-xia/repos/Burst-Coast-MPC/artifacts/MonteCarloData/monte-carlo-data-epoch-122_20260614T205732,mpc-430-6-lambda-0.529,0.5293861551219099,0.33116330295181573,False,1507.9376220703125,1546.0885009765625,26.610240936279297,1519.478271484375,38.15087890625
2457,/home/victor-xia/repos/Burst-Coast-MPC/artifacts/MonteCarloData/monte-carlo-data-epoch-445_20260614T025133,mpc-188-3-lambda-0.113,0.11339447811166815,0.16432801231485797,False,1449.1917724609375,1550.863037109375,5.899310111999512,1544.9637451171875,101.6712646484375
2458,/home/victor-xia/repos/Burst-Coast-MPC/artifacts/MonteCarloData/monte-carlo-data-epoch-31_20260613T233752,mpc-344-5-lambda-0.11,0.1100829429954638,0.8482100143469046,False,1506.8623046875,1552.6385498046875,31.039691925048828,1521.598876953125,45.7762451171875
2459,/home/victor-xia/repos/Burst-Coast-MPC/artifacts/MonteCarloData/monte-carlo-data-epoch-159_20260614T021350,mpc-198-1-lambda-0.517,0.5172099016082025,0.9513845860058763,False,1777.7615966796875,1560.9202880859375,98.87460327148438,1462.045654296875,-216.84130859375
2460,/home/victor-xia/repos/Burst-Coast-MPC/artifacts/MonteCarloData/monte-carlo-data-epoch-445_20260614T025133,mpc-112-1-lambda-0.489,0.48853471146547883,0.23270076040563084,False,1488.8255615234375,1561.84130859375,15.414737701416016,1546.426513671875,73.0157470703125
2461,/home/victor-xia/repos/Burst-Coast-MPC/artifacts/MonteCarloData/monte-carlo-data-epoch-27_20260613T233717,mpc-37-1-lambda-0.137,0.13664460442591883,0.5336067893815315,False,1421.779296875,1564.337890625,19.12987518310547,1545.2080078125,142.55859375
2462,/home/victor-xia/repos/Burst-Coast-MPC/artifacts/MonteCarloData/monte-carlo-data-epoch-29_20260613T233734,mpc-286-4-lambda-0.905,0.9054946070310278,0.2550803461604609,False,1506.45556640625,1565.3665771484375,25.19075584411621,1540.17578125,58.9110107421875
2463,/home/victor-xia/repos/Burst-Coast-MPC/artifacts/MonteCarloData/monte-carlo-data-epoch-66_20260614T204948,mpc-0-0-lambda-0.806,0.8060501970838069,0.9129861512308672,False,1727.4588623046875,1566.2259521484375,150.3362579345703,1415.8896484375,-161.23291015625
2464,/home/victor-xia/repos/Burst-Coast-MPC/artifacts/MonteCarloData/monte-carlo-data-epoch-172_20260614T021552,mpc-0-0-lambda-0.663,0.6628526194513001,0.3975827218958006,False,1475.83740234375,1568.17431640625,35.89303970336914,1532.28125,92.3369140625
2465,/home/victor-xia/repos/Burst-Coast-MPC/artifacts/MonteCarloData/monte-carlo-data-epoch-448_20260614T025158,mpc-1388-15-lambda-0.75,0.7499684436578289,0.9105112864479965,False,1452.3897705078125,1569.4803466796875,132.1048583984375,1437.37548828125,117.090576171875
2466,/home/victor-xia/repos/Burst-Coast-MPC/artifacts/MonteCarloData/monte-carlo-data-epoch-125_20260614T205814,mpc-234-2-lambda-0.531,0.5314354183941626,0.15882550887057023,False,1550.484619140625,1569.6302490234375,10.952486038208008,1558.677734375,19.1456298828125
2467,/home/victor-xia/repos/Burst-Coast-MPC/artifacts/MonteCarloData/monte-carlo-data-epoch-125_20260614T205814,mpc-266-3-lambda-0.58,0.5802642133249858,0.4638511960247767,False,1533.1025390625,1570.3096923828125,40.596744537353516,1529.712890625,37.2071533203125
2468,/home/victor-xia/repos/Burst-Coast-MPC/artifacts/MonteCarloData/monte-carlo-data-epoch-27_20260613T233717,mpc-0-0-lambda-0.979,0.9790979990941423,0.1818022167204502,False,1451.4561767578125,1571.2142333984375,18.661510467529297,1552.552734375,119.758056640625
2469,/home/victor-xia/repos/Burst-Coast-MPC/artifacts/MonteCarloData/monte-carlo-data-epoch-373_20260614T213125,mpc-1409-12-lambda-0.912,0.9115589128758043,0.5581328752468873,False,1292.9405517578125,1573.6549072265625,78.65583801269531,1494.9990234375,280.71435546875
2470,/home/victor-xia/repos/Burst-Coast-MPC/artifacts/MonteCarloData/monte-carlo-data-epoch-32_20260613T233806,mpc-17-1-lambda-0.602,0.601731674796268,0.2999872317577903,False,1453.7679443359375,1577.655517578125,22.697162628173828,1554.9583740234375,123.8875732421875
2471,/home/victor-xia/repos/Burst-Coast-MPC/artifacts/MonteCarloData/monte-carlo-data-epoch-370_20260614T213101,mpc-1005-11-lambda-0.385,0.38501459010211314,0.29564412349467684,False,1587.3009033203125,1579.31591796875,16.69803237915039,1562.617919921875,-7.9849853515625
2472,/home/victor-xia/repos/Burst-Coast-MPC/artifacts/MonteCarloData/monte-carlo-data-epoch-448_20260614T025158,mpc-1340-14-lambda-0.708,0.7083603585652963,0.23910747319072168,False,1485.722900390625,1580.345458984375,20.933380126953125,1559.412109375,94.62255859375
2473,/home/victor-xia/repos/Burst-Coast-MPC/artifacts/MonteCarloData/monte-carlo-data-epoch-373_20260614T213125,mpc-1325-11-lambda-0.202,0.20157877844618635,0.416252793405337,False,1321.5950927734375,1581.916748046875,18.082794189453125,1563.833984375,260.3216552734375
2474,/home/victor-xia/repos/Burst-Coast-MPC/artifacts/MonteCarloData/monte-carlo-data-epoch-253_20260614T022517,mpc-1387-13-lambda-0.729,0.7285571725783382,0.5009876399777738,False,1464.0482177734375,1582.1224365234375,56.95492935180664,1525.16748046875,118.07421875
2475,/home/victor-xia/repos/Burst-Coast-MPC/artifacts/MonteCarloData/monte-carlo-data-epoch-301_20260614T212132,mpc-727-6-lambda-0.846,0.8460422918758048,0.3824781963896891,False,1450.2099609375,1585.724609375,43.349971771240234,1542.3746337890625,135.5146484375
2476,/home/victor-xia/repos/Burst-Coast-MPC/artifacts/MonteCarloData/monte-carlo-data-epoch-122_20260614T205732,mpc-417-5-lambda-0.406,0.406346308351439,0.06354400191922673,False,1514.6824951171875,1587.39794921875,4.243811130523682,1583.1541748046875,72.7154541015625
2477,/home/victor-xia/repos/Burst-Coast-MPC/artifacts/MonteCarloData/monte-carlo-data-epoch-41_20260614T015747,mpc-247-3-lambda-0.306,0.3064132792432761,0.7835340175048281,False,1477.5157470703125,1587.7347412109375,50.6417350769043,1537.093017578125,110.218994140625
2478,/home/victor-xia/repos/Burst-Coast-MPC/artifacts/MonteCarloData/monte-carlo-data-epoch-385_20260614T213311,mpc-179-2-lambda-0.732,0.731716251516415,0.8103803222472682,False,1892.338134765625,1591.87158203125,107.77703857421875,1484.094482421875,-300.466552734375
2479,/home/victor-xia/repos/Burst-Coast-MPC/artifacts/MonteCarloData/monte-carlo-data-epoch-445_20260614T025133,mpc-0-0-lambda-0.048,0.04767101868787035,0.5578972869833165,False,1514.971435546875,1595.36865234375,16.593521118164062,1578.775146484375,80.397216796875
2480,/home/victor-xia/repos/Burst-Coast-MPC/artifacts/MonteCarloData/monte-carlo-data-epoch-370_20260614T213101,mpc-1064-12-lambda-0.95,0.950295381231886,0.30839407140000374,False,1560.800537109375,1598.336181640625,35.16773986816406,1563.16845703125,37.53564453125
2481,/home/victor-xia/repos/Burst-Coast-MPC/artifacts/MonteCarloData/monte-carlo-data-epoch-528_20260614T030346,mpc-28-1-lambda-0.926,0.9259899801769036,0.01462508519475825,False,1431.13916015625,1598.52392578125,2.7912063598632812,1595.732666015625,167.384765625
2482,/home/victor-xia/repos/Burst-Coast-MPC/artifacts/MonteCarloData/monte-carlo-data-epoch-528_20260614T030346,mpc-0-0-lambda-0.838,0.8379006940375252,0.13780870393281924,False,1452.990478515625,1606.458984375,13.721529960632324,1592.7374267578125,153.468505859375
2483,/home/victor-xia/repos/Burst-Coast-MPC/artifacts/MonteCarloData/monte-carlo-data-epoch-101_20260614T020547,mpc-86-1-lambda-0.53,0.5296309919934036,0.04924928227544753,False,1724.03271484375,1618.0333251953125,3.724982261657715,1614.308349609375,-105.9993896484375
2484,/home/victor-xia/repos/Burst-Coast-MPC/artifacts/MonteCarloData/monte-carlo-data-epoch-266_20260614T022715,mpc-765-8-lambda-0.971,0.970669317776517,0.4729207662289322,False,1426.006591796875,1620.1605224609375,61.155860900878906,1559.004638671875,194.1539306640625
2485,/home/victor-xia/repos/Burst-Coast-MPC/artifacts/MonteCarloData/monte-carlo-data-epoch-351_20260614T023825,mpc-861-7-lambda-0.052,0.051838100997813504,0.09664668873669834,False,1636.1622314453125,1621.098388671875,4.367252826690674,1616.7310791015625,-15.0638427734375
2486,/home/victor-xia/repos/Burst-Coast-MPC/artifacts/MonteCarloData/monte-carlo-data-epoch-271_20260614T022745,mpc-0-0-lambda-0.736,0.73631364878939,0.6947116891366196,False,1589.5347900390625,1621.2130126953125,84.16325378417969,1537.0498046875,31.67822265625
2487,/home/victor-xia/repos/Burst-Coast-MPC/artifacts/MonteCarloData/monte-carlo-data-epoch-101_20260614T020547,mpc-96-2-lambda-0.576,0.575594969322566,0.33657465052583047,False,1718.1121826171875,1621.31689453125,26.23624038696289,1595.0806884765625,-96.7952880859375
2488,/home/victor-xia/repos/Burst-Coast-MPC/artifacts/MonteCarloData/monte-carlo-data-epoch-32_20260613T233806,mpc-0-0-lambda-0.079,0.07863493597235265,0.0855243262758303,False,1458.78857421875,1622.3785400390625,3.1721267700195312,1619.2064208984375,163.5899658203125
2489,/home/victor-xia/repos/Burst-Coast-MPC/artifacts/MonteCarloData/monte-carlo-data-epoch-370_20260614T213101,mpc-802-8-lambda-0.234,0.23386946782082926,0.22573817591051779,False,1696.737548828125,1622.7822265625,9.50857162475586,1613.273681640625,-73.955322265625
2490,/home/victor-xia/repos/Burst-Coast-MPC/artifacts/MonteCarloData/monte-carlo-data-epoch-122_20260614T205732,mpc-333-4-lambda-0.084,0.0835192212900473,0.41728350339729625,False,1535.165771484375,1625.4791259765625,13.01156997680664,1612.467529296875,90.3133544921875
2491,/home/victor-xia/repos/Burst-Coast-MPC/artifacts/MonteCarloData/monte-carlo-data-epoch-528_20260614T030346,mpc-31-2-lambda-0.309,0.3088826721284886,0.5077167058244016,False,1426.6297607421875,1627.7249755859375,29.342008590698242,1598.3829345703125,201.09521484375
2492,/home/victor-xia/repos/Burst-Coast-MPC/artifacts/MonteCarloData/monte-carlo-data-epoch-122_20260614T205732,mpc-282-3-lambda-0.314,0.3137315223632125,0.2551870431625975,False,1554.9312744140625,1630.0054931640625,12.484694480895996,1617.520751953125,75.07421875
2493,/home/victor-xia/repos/Burst-Coast-MPC/artifacts/MonteCarloData/monte-carlo-data-epoch-373_20260614T213125,mpc-1217-9-lambda-0.455,0.4547022685365299,0.399436063494821,False,1387.3299560546875,1633.72607421875,27.55659294128418,1606.16943359375,246.3961181640625
2494,/home/victor-xia/repos/Burst-Coast-MPC/artifacts/MonteCarloData/monte-carlo-data-epoch-324_20260614T212424,mpc-0-0-lambda-0.829,0.8285652678387204,0.7042084491904388,False,1566.6243896484375,1633.7569580078125,98.65623474121094,1535.1007080078125,67.132568359375
2495,/home/victor-xia/repos/Burst-Coast-MPC/artifacts/MonteCarloData/monte-carlo-data-epoch-31_20260613T233752,mpc-280-4-lambda-0.983,0.9830029014618776,0.31899332327497054,False,1565.018310546875,1635.0224609375,36.4504280090332,1598.572021484375,70.004150390625
2496,/home/victor-xia/repos/Burst-Coast-MPC/artifacts/MonteCarloData/monte-carlo-data-epoch-41_20260614T015747,mpc-124-2-lambda-0.411,0.41137283643500816,0.6124969962642963,False,1547.6953125,1635.0855712890625,43.983036041259766,1591.1025390625,87.3902587890625
2497,/home/victor-xia/repos/Burst-Coast-MPC/artifacts/MonteCarloData/monte-carlo-data-epoch-101_20260614T020547,mpc-164-3-lambda-0.532,0.5316000627635745,0.6649006593389596,False,1676.3583984375,1636.259033203125,61.85958480834961,1574.3994140625,-40.099365234375
2498,/home/victor-xia/repos/Burst-Coast-MPC/artifacts/MonteCarloData/monte-carlo-data-epoch-152_20260614T021306,mpc-0-0-lambda-0.215,0.21535608513660784,0.9028636749322029,False,1532.5361328125,1643.49267578125,48.72309494018555,1594.76953125,110.95654296875
2499,/home/victor-xia/repos/Burst-Coast-MPC/artifacts/MonteCarloData/monte-carlo-data-epoch-159_20260614T021350,mpc-0-0-lambda-0.262,0.2620190403395064,0.982609918689867,False,1879.910888671875,1648.38720703125,63.9221076965332,1584.465087890625,-231.523681640625
2500,/home/victor-xia/repos/Burst-Coast-MPC/artifacts/MonteCarloData/monte-carlo-data-epoch-253_20260614T022517,mpc-1216-12-lambda-0.345,0.3449280182889183,0.8509528966199149,False,1564.3175048828125,1650.694091796875,62.69526290893555,1587.998779296875,86.3765869140625
2501,/home/victor-xia/repos/Burst-Coast-MPC/artifacts/MonteCarloData/monte-carlo-data-epoch-122_20260614T205732,mpc-134-1-lambda-0.47,0.4701864686393355,0.022943639256509017,False,1611.589111328125,1653.1807861328125,1.9447420835494995,1651.236083984375,41.5916748046875
2502,/home/victor-xia/repos/Burst-Coast-MPC/artifacts/MonteCarloData/monte-carlo-data-epoch-122_20260614T205732,mpc-139-2-lambda-0.179,0.17924838198446383,0.7101112127633558,False,1608.4794921875,1653.3521728515625,33.68843460083008,1619.6636962890625,44.8726806640625
2503,/home/victor-xia/repos/Burst-Coast-MPC/artifacts/MonteCarloData/monte-carlo-data-epoch-370_20260614T213101,mpc-957-10-lambda-0.755,0.7545970555465935,0.2404462218896942,False,1619.8228759765625,1663.5364990234375,21.222930908203125,1642.3135986328125,43.713623046875
2504,/home/victor-xia/repos/Burst-Coast-MPC/artifacts/MonteCarloData/monte-carlo-data-epoch-370_20260614T213101,mpc-728-7-lambda-0.452,0.4515590134080573,0.3673143370000146,False,1736.867919921875,1678.5140380859375,25.217830657958984,1653.2962646484375,-58.3538818359375
2505,/home/victor-xia/repos/Burst-Coast-MPC/artifacts/MonteCarloData/monte-carlo-data-epoch-351_20260614T023825,mpc-770-6-lambda-0.643,0.6430369450564545,0.45362607228051177,False,1706.933349609375,1682.5650634765625,44.8604850769043,1637.70458984375,-24.3682861328125
2506,/home/victor-xia/repos/Burst-Coast-MPC/artifacts/MonteCarloData/monte-carlo-data-epoch-373_20260614T213125,mpc-1045-8-lambda-0.342,0.3424592961856558,0.8538072339099799,False,1491.235595703125,1687.0931396484375,64.92446899414062,1622.168701171875,195.8575439453125
2507,/home/victor-xia/repos/Burst-Coast-MPC/artifacts/MonteCarloData/monte-carlo-data-epoch-29_20260613T233734,mpc-211-3-lambda-0.885,0.8853380838159972,0.372456955427117,False,1570.7847900390625,1687.71240234375,40.316558837890625,1647.3958740234375,116.9276123046875
2508,/home/victor-xia/repos/Burst-Coast-MPC/artifacts/MonteCarloData/monte-carlo-data-epoch-266_20260614T022715,mpc-641-7-lambda-0.111,0.11077216684349311,0.6178076548036191,False,1461.6280517578125,1687.7667236328125,22.52096939086914,1665.2457275390625,226.138671875
2509,/home/victor-xia/repos/Burst-Coast-MPC/artifacts/MonteCarloData/monte-carlo-data-epoch-351_20260614T023825,mpc-880-8-lambda-0.877,0.8766102433215643,0.9020362667716963,False,1629.2037353515625,1694.644287109375,146.3171844482422,1548.3271484375,65.4405517578125
2510,/home/victor-xia/repos/Burst-Coast-MPC/artifacts/MonteCarloData/monte-carlo-data-epoch-31_20260613T233752,mpc-267-3-lambda-0.39,0.3901028168398495,0.0629559251119278,False,1571.26318359375,1696.766357421875,3.9379124641418457,1692.8284912109375,125.503173828125
2511,/home/victor-xia/repos/Burst-Coast-MPC/artifacts/MonteCarloData/monte-carlo-data-epoch-370_20260614T213101,mpc-847-9-lambda-0.383,0.38304182182211005,0.5474536703909728,False,1681.7001953125,1699.2607421875,39.116512298583984,1660.144287109375,17.560546875
2512,/home/victor-xia/repos/Burst-Coast-MPC/artifacts/MonteCarloData/monte-carlo-data-epoch-41_20260614T015747,mpc-47-1-lambda-0.384,0.3844613194923796,0.38075574437885684,False,1584.64892578125,1704.2696533203125,23.252702713012695,1681.0169677734375,119.6207275390625
2513,/home/victor-xia/repos/Burst-Coast-MPC/artifacts/MonteCarloData/monte-carlo-data-epoch-31_20260613T233752,mpc-218-2-lambda-0.896,0.8955342687575435,0.24251492433497424,False,1610.171630859375,1705.0791015625,24.439804077148438,1680.6392822265625,94.907470703125
2514,/home/victor-xia/repos/Burst-Coast-MPC/artifacts/MonteCarloData/monte-carlo-data-epoch-385_20260614T213311,mpc-59-1-lambda-0.586,0.5855812559581337,0.5954890722944416,False,1984.9027099609375,1708.333251953125,57.84337615966797,1650.4898681640625,-276.5694580078125
2515,/home/victor-xia/repos/Burst-Coast-MPC/artifacts/MonteCarloData/monte-carlo-data-epoch-448_20260614T025158,mpc-1174-13-lambda-0.732,0.7324593961523655,0.8239534622991458,False,1661.4007568359375,1714.2711181640625,109.93954467773438,1604.33154296875,52.870361328125
2516,/home/victor-xia/repos/Burst-Coast-MPC/artifacts/MonteCarloData/monte-carlo-data-epoch-101_20260614T020547,mpc-0-0-lambda-0.798,0.7981187913323158,0.4282621918462346,False,1795.4744873046875,1715.79931640625,44.739036560058594,1671.060302734375,-79.6751708984375
2517,/home/victor-xia/repos/Burst-Coast-MPC/artifacts/MonteCarloData/monte-carlo-data-epoch-29_20260613T233734,mpc-203-2-lambda-0.784,0.784333633074322,0.04208454230207085,False,1576.221435546875,1719.16259765625,3.4191908836364746,1715.743408203125,142.941162109375
2518,/home/victor-xia/repos/Burst-Coast-MPC/artifacts/MonteCarloData/monte-carlo-data-epoch-370_20260614T213101,mpc-505-5-lambda-0.465,0.46542209466454854,0.6195828419098474,False,1865.847900390625,1719.948486328125,53.86519241333008,1666.083251953125,-145.8994140625
2519,/home/victor-xia/repos/Burst-Coast-MPC/artifacts/MonteCarloData/monte-carlo-data-epoch-41_20260614T015747,mpc-0-0-lambda-0.183,0.18340596193651834,0.23607694300310542,False,1598.255126953125,1721.3975830078125,8.624691009521484,1712.77294921875,123.1424560546875
2520,/home/victor-xia/repos/Burst-Coast-MPC/artifacts/MonteCarloData/monte-carlo-data-epoch-373_20260614T213125,mpc-937-7-lambda-0.237,0.23654311753421373,0.5359721852768288,False,1533.8193359375,1728.45263671875,26.811145782470703,1701.6414794921875,194.63330078125
2521,/home/victor-xia/repos/Burst-Coast-MPC/artifacts/MonteCarloData/monte-carlo-data-epoch-370_20260614T213101,mpc-365-3-lambda-0.163,0.1634860599711681,0.30336571407220647,False,1938.4068603515625,1730.9329833984375,11.764812469482422,1719.168212890625,-207.473876953125
2522,/home/victor-xia/repos/Burst-Coast-MPC/artifacts/MonteCarloData/monte-carlo-data-epoch-5_20260613T233433,mpc-31-1-lambda-0.31,0.31031680292594094,0.07351200387812093,False,1679.9127197265625,1731.022705078125,3.7565550804138184,1727.26611328125,51.1099853515625
2523,/home/victor-xia/repos/Burst-Coast-MPC/artifacts/MonteCarloData/monte-carlo-data-epoch-253_20260614T022517,mpc-1030-11-lambda-0.256,0.25629764059127985,0.9259388422828208,False,1658.743408203125,1731.5975341796875,59.102779388427734,1672.4947509765625,72.8541259765625
2524,/home/victor-xia/repos/Burst-Coast-MPC/artifacts/MonteCarloData/monte-carlo-data-epoch-264_20260614T022644,mpc-210-4-lambda-0.594,0.5939918797207421,0.9862757312633544,False,1884.5753173828125,1732.6348876953125,119.81897735595703,1612.81591796875,-151.9404296875
2525,/home/victor-xia/repos/Burst-Coast-MPC/artifacts/MonteCarloData/monte-carlo-data-epoch-370_20260614T213101,mpc-630-6-lambda-0.286,0.2864817163461034,0.4881161046958107,False,1779.64794921875,1743.6510009765625,26.900896072387695,1716.7501220703125,-35.9969482421875
2526,/home/victor-xia/repos/Burst-Coast-MPC/artifacts/MonteCarloData/monte-carlo-data-epoch-266_20260614T022715,mpc-558-6-lambda-0.824,0.8236769659489909,0.41479817476949327,False,1532.071044921875,1744.311767578125,44.11349105834961,1700.1982421875,212.24072265625
2527,/home/victor-xia/repos/Burst-Coast-MPC/artifacts/MonteCarloData/monte-carlo-data-epoch-448_20260614T025158,mpc-1020-11-lambda-0.649,0.6489252622182065,0.2404035044959793,False,1781.991455078125,1745.626220703125,19.675029754638672,1725.951171875,-36.365234375
2528,/home/victor-xia/repos/Burst-Coast-MPC/artifacts/MonteCarloData/monte-carlo-data-epoch-5_20260613T233433,mpc-46-2-lambda-0.799,0.7986497329268502,0.9397106143861823,False,1673.9505615234375,1753.1497802734375,138.83096313476562,1614.31884765625,79.19921875
2529,/home/victor-xia/repos/Burst-Coast-MPC/artifacts/MonteCarloData/monte-carlo-data-epoch-448_20260614T025158,mpc-1068-12-lambda-0.661,0.66108311016601,0.5288335702599081,False,1750.685546875,1756.3311767578125,56.378746032714844,1699.952392578125,5.6456298828125
2530,/home/victor-xia/repos/Burst-Coast-MPC/artifacts/MonteCarloData/monte-carlo-data-epoch-5_20260613T233433,mpc-0-0-lambda-0.467,0.4666223415344477,0.15628888969562252,False,1694.29150390625,1757.416748046875,9.074015617370605,1748.3427734375,63.125244140625
2531,/home/victor-xia/repos/Burst-Coast-MPC/artifacts/MonteCarloData/monte-carlo-data-epoch-351_20260614T023825,mpc-584-5-lambda-0.35,0.35004672830857586,0.9253296699461879,False,1823.3262939453125,1759.5869140625,72.703857421875,1686.883056640625,-63.7393798828125
2532,/home/victor-xia/repos/Burst-Coast-MPC/artifacts/MonteCarloData/monte-carlo-data-epoch-370_20260614T213101,mpc-426-4-lambda-0.608,0.6081254664053615,0.39332482622817305,False,1919.8084716796875,1764.33203125,34.62716293334961,1729.704833984375,-155.4764404296875
2533,/home/victor-xia/repos/Burst-Coast-MPC/artifacts/MonteCarloData/monte-carlo-data-epoch-253_20260614T022517,mpc-897-10-lambda-0.313,0.31308613714406275,0.6612745034086964,False,1725.8812255859375,1769.41796875,42.09822082519531,1727.3197021484375,43.5367431640625
2534,/home/victor-xia/repos/Burst-Coast-MPC/artifacts/MonteCarloData/monte-carlo-data-epoch-385_20260614T213311,mpc-0-0-lambda-0.092,0.09151551678828708,0.2942182377371248,False,1999.9473876953125,1774.5050048828125,9.544766426086426,1764.960205078125,-225.4423828125
2535,/home/victor-xia/repos/Burst-Coast-MPC/artifacts/MonteCarloData/monte-carlo-data-epoch-264_20260614T022644,mpc-135-3-lambda-0.162,0.1616006894274752,0.37516634665335513,False,1908.0655517578125,1774.67626953125,14.843493461608887,1759.832763671875,-133.3892822265625
2536,/home/victor-xia/repos/Burst-Coast-MPC/artifacts/MonteCarloData/monte-carlo-data-epoch-125_20260614T205814,mpc-39-1-lambda-0.546,0.5460944721663241,0.9713528776642796,False,1729.8369140625,1780.2535400390625,111.6236343383789,1668.6298828125,50.4166259765625
2537,/home/victor-xia/repos/Burst-Coast-MPC/artifacts/MonteCarloData/monte-carlo-data-epoch-253_20260614T022517,mpc-859-9-lambda-0.369,0.3692325163071534,0.19121603499234122,False,1741.540283203125,1784.0235595703125,9.891292572021484,1774.13232421875,42.4832763671875
2538,/home/victor-xia/repos/Burst-Coast-MPC/artifacts/MonteCarloData/monte-carlo-data-epoch-301_20260614T212132,mpc-535-4-lambda-0.828,0.8284276476227888,0.07866263702402446,False,1697.7694091796875,1791.1051025390625,7.426925182342529,1783.67822265625,93.335693359375
2539,/home/victor-xia/repos/Burst-Coast-MPC/artifacts/MonteCarloData/monte-carlo-data-epoch-301_20260614T212132,mpc-277-2-lambda-0.097,0.09743453819337211,0.6096326205214219,False,1825.939208984375,1796.217041015625,20.041454315185547,1776.175537109375,-29.72216796875
2540,/home/victor-xia/repos/Burst-Coast-MPC/artifacts/MonteCarloData/monte-carlo-data-epoch-301_20260614T212132,mpc-551-5-lambda-0.886,0.8858464253477949,0.877044874301174,False,1685.964111328125,1803.1204833984375,146.4871368408203,1656.63330078125,117.1563720703125
2541,/home/victor-xia/repos/Burst-Coast-MPC/artifacts/MonteCarloData/monte-carlo-data-epoch-29_20260613T233734,mpc-125-1-lambda-0.406,0.4060706267436165,0.3887020543209418,False,1614.513916015625,1805.4498291015625,24.094829559326172,1781.35498046875,190.9359130859375
2542,/home/victor-xia/repos/Burst-Coast-MPC/artifacts/MonteCarloData/monte-carlo-data-epoch-31_20260613T233752,mpc-104-1-lambda-0.352,0.35247762310155445,0.567304423119029,False,1668.2816162109375,1808.2786865234375,36.465206146240234,1771.8134765625,139.9970703125
2543,/home/victor-xia/repos/Burst-Coast-MPC/artifacts/MonteCarloData/monte-carlo-data-epoch-266_20260614T022715,mpc-339-4-lambda-0.654,0.6535497188519275,0.17979825066983,False,1610.306884765625,1810.4322509765625,14.147661209106445,1796.2845458984375,200.1253662109375
2544,/home/victor-xia/repos/Burst-Coast-MPC/artifacts/MonteCarloData/monte-carlo-data-epoch-253_20260614T022517,mpc-786-8-lambda-0.316,0.31622878501246005,0.36512700380182317,False,1775.25537109375,1818.912109375,21.19757652282715,1797.7144775390625,43.65673828125
2545,/home/victor-xia/repos/Burst-Coast-MPC/artifacts/MonteCarloData/monte-carlo-data-epoch-264_20260614T022644,mpc-26-2-lambda-0.854,0.8539494947517797,0.5399824351355674,False,2017.0477294921875,1819.5643310546875,68.05101776123047,1751.5133056640625,-197.4833984375
2546,/home/victor-xia/repos/Burst-Coast-MPC/artifacts/MonteCarloData/monte-carlo-data-epoch-253_20260614T022517,mpc-721-7-lambda-0.906,0.9063209124921128,0.32265852408409157,False,1831.2943115234375,1821.5643310546875,35.12387466430664,1786.4404296875,-9.72998046875
2547,/home/victor-xia/repos/Burst-Coast-MPC/artifacts/MonteCarloData/monte-carlo-data-epoch-122_20260614T205732,mpc-0-0-lambda-0.742,0.7420111950158731,0.6676802131838264,False,1742.7664794921875,1825.236572265625,81.80391693115234,1743.4326171875,82.4700927734375
2548,/home/victor-xia/repos/Burst-Coast-MPC/artifacts/MonteCarloData/monte-carlo-data-epoch-370_20260614T213101,mpc-175-2-lambda-0.267,0.2666741645161674,0.946415422809576,False,2039.413330078125,1833.889892578125,63.165775299072266,1770.72412109375,-205.5234375
2549,/home/victor-xia/repos/Burst-Coast-MPC/artifacts/MonteCarloData/monte-carlo-data-epoch-125_20260614T205814,mpc-0-0-lambda-0.543,0.5434367464356151,0.19343312406507815,False,1751.95751953125,1834.3128662109375,13.92151927947998,1820.391357421875,82.3553466796875
2550,/home/victor-xia/repos/Burst-Coast-MPC/artifacts/MonteCarloData/monte-carlo-data-epoch-301_20260614T212132,mpc-400-3-lambda-0.473,0.4732170089072852,0.6699296820171171,False,1794.33349609375,1837.8968505859375,60.66769790649414,1777.2291259765625,43.5633544921875
2551,/home/victor-xia/repos/Burst-Coast-MPC/artifacts/MonteCarloData/monte-carlo-data-epoch-264_20260614T022644,mpc-23-1-lambda-0.975,0.9752479765455586,0.014817330705390114,False,2020.276611328125,1838.3106689453125,2.007923126220703,1836.302734375,-181.9659423828125
2552,/home/victor-xia/repos/Burst-Coast-MPC/artifacts/MonteCarloData/monte-carlo-data-epoch-373_20260614T213125,mpc-719-5-lambda-0.568,0.5683765562210444,0.15783695360105818,False,1810.5528564453125,1852.052734375,10.971646308898926,1841.0810546875,41.4998779296875
2553,/home/victor-xia/repos/Burst-Coast-MPC/artifacts/MonteCarloData/monte-carlo-data-epoch-351_20260614T023825,mpc-413-4-lambda-0.991,0.9909241336239855,0.8529915441685293,False,2065.363037109375,1854.821044921875,151.03627014160156,1703.7847900390625,-210.5419921875
2554,/home/victor-xia/repos/Burst-Coast-MPC/artifacts/MonteCarloData/monte-carlo-data-epoch-266_20260614T022715,mpc-375-5-lambda-0.11,0.11014052661123977,0.9121344157121622,False,1587.822509765625,1856.5111083984375,35.17636489868164,1821.334716796875,268.6885986328125
2555,/home/victor-xia/repos/Burst-Coast-MPC/artifacts/MonteCarloData/monte-carlo-data-epoch-448_20260614T025158,mpc-883-10-lambda-0.464,0.4637687180902253,0.6831067760841094,False,1881.86328125,1869.377197265625,62.403221130371094,1806.9739990234375,-12.486083984375
2556,/home/victor-xia/repos/Burst-Coast-MPC/artifacts/MonteCarloData/monte-carlo-data-epoch-266_20260614T022715,mpc-218-2-lambda-0.475,0.47531088453937154,0.1507516149476877,False,1683.709716796875,1876.716796875,9.458910942077637,1867.2579345703125,193.007080078125
2557,/home/victor-xia/repos/Burst-Coast-MPC/artifacts/MonteCarloData/monte-carlo-data-epoch-266_20260614T022715,mpc-248-3-lambda-0.521,0.5207902514926505,0.4527671728263734,False,1668.6937255859375,1883.523193359375,36.59552001953125,1846.927734375,214.8294677734375
2558,/home/victor-xia/repos/Burst-Coast-MPC/artifacts/MonteCarloData/monte-carlo-data-epoch-373_20260614T213125,mpc-751-6-lambda-0.887,0.8865966196588515,0.92351974279184,False,1793.1395263671875,1884.409423828125,161.6315155029297,1722.7779541015625,91.2698974609375
2559,/home/victor-xia/repos/Burst-Coast-MPC/artifacts/MonteCarloData/monte-carlo-data-epoch-29_20260613T233734,mpc-0-0-lambda-0.269,0.2688164004469213,0.6199319804672091,False,1669.08251953125,1889.5614013671875,34.29792785644531,1855.263427734375,220.4788818359375
2560,/home/victor-xia/repos/Burst-Coast-MPC/artifacts/MonteCarloData/monte-carlo-data-epoch-370_20260614T213101,mpc-42-1-lambda-0.676,0.6762038672241723,0.6592695119315691,False,2161.770263671875,1894.4453125,76.31263732910156,1818.1326904296875,-267.324951171875
2561,/home/victor-xia/repos/Burst-Coast-MPC/artifacts/MonteCarloData/monte-carlo-data-epoch-301_20260614T212132,mpc-148-1-lambda-0.847,0.8471340020828955,0.6439530192029794,False,1964.3408203125,1926.942138671875,86.2898178100586,1840.65234375,-37.398681640625
2562,/home/victor-xia/repos/Burst-Coast-MPC/artifacts/MonteCarloData/monte-carlo-data-epoch-351_20260614T023825,mpc-0-0-lambda-0.805,0.8052037925148876,0.16918916521379976,False,2301.102783203125,1933.0758056640625,17.03333282470703,1916.04248046875,-368.0269775390625
2563,/home/victor-xia/repos/Burst-Coast-MPC/artifacts/MonteCarloData/monte-carlo-data-epoch-373_20260614T213125,mpc-639-4-lambda-0.509,0.5087790009055563,0.3998588455067192,False,1858.8004150390625,1937.5848388671875,30.266889572143555,1907.3179931640625,78.784423828125
2564,/home/victor-xia/repos/Burst-Coast-MPC/artifacts/MonteCarloData/monte-carlo-data-epoch-351_20260614T023825,mpc-34-1-lambda-0.416,0.4164830479696909,0.6965207081499145,False,2273.944580078125,1945.3455810546875,58.9495849609375,1886.39599609375,-328.5989990234375
2565,/home/victor-xia/repos/Burst-Coast-MPC/artifacts/MonteCarloData/monte-carlo-data-epoch-351_20260614T023825,mpc-174-2-lambda-0.029,0.02935815198984157,0.4701539383802326,False,2179.552734375,1955.547119140625,12.593119621276855,1942.9539794921875,-224.005615234375
2566,/home/victor-xia/repos/Burst-Coast-MPC/artifacts/MonteCarloData/monte-carlo-data-epoch-351_20260614T023825,mpc-269-3-lambda-0.435,0.43531008193798204,0.715410279923639,False,2159.751708984375,1964.1998291015625,59.0030403137207,1905.19677734375,-195.5518798828125
2567,/home/victor-xia/repos/Burst-Coast-MPC/artifacts/MonteCarloData/monte-carlo-data-epoch-264_20260614T022644,mpc-0-0-lambda-0.218,0.21834009705057786,0.11305386642851878,False,2029.681640625,1979.1676025390625,5.919739723205566,1973.247802734375,-50.5140380859375
2568,/home/victor-xia/repos/Burst-Coast-MPC/artifacts/MonteCarloData/monte-carlo-data-epoch-370_20260614T213101,mpc-0-0-lambda-0.209,0.20935574911836646,0.20759603519530892,False,2174.5224609375,1985.662109375,8.077909469604492,1977.584228515625,-188.8603515625
2569,/home/victor-xia/repos/Burst-Coast-MPC/artifacts/MonteCarloData/monte-carlo-data-epoch-448_20260614T025158,mpc-626-7-lambda-0.83,0.8298419594125686,0.3145788250967034,False,2187.8681640625,1986.710693359375,32.48077392578125,1954.22998046875,-201.157470703125
2570,/home/victor-xia/repos/Burst-Coast-MPC/artifacts/MonteCarloData/monte-carlo-data-epoch-448_20260614T025158,mpc-689-8-lambda-0.313,0.31342030242452573,0.07733095404462091,False,2136.044677734375,1988.3619384765625,5.374683380126953,1982.9873046875,-147.6827392578125
2571,/home/victor-xia/repos/Burst-Coast-MPC/artifacts/MonteCarloData/monte-carlo-data-epoch-266_20260614T022715,mpc-107-1-lambda-0.693,0.693157252140612,0.5515173135316052,False,1776.56787109375,1998.092529296875,58.033878326416016,1940.05859375,221.524658203125
2572,/home/victor-xia/repos/Burst-Coast-MPC/artifacts/MonteCarloData/monte-carlo-data-epoch-31_20260613T233752,mpc-0-0-lambda-0.821,0.8214701043665942,0.5172702100299829,False,1763.2283935546875,1999.42236328125,59.368499755859375,1940.0538330078125,236.1939697265625
2573,/home/victor-xia/repos/Burst-Coast-MPC/artifacts/MonteCarloData/monte-carlo-data-epoch-301_20260614T212132,mpc-0-0-lambda-0.519,0.5192363383910561,0.7374739447175146,False,2080.388427734375,2009.10498046875,73.00916290283203,1936.0958251953125,-71.283447265625
2574,/home/victor-xia/repos/Burst-Coast-MPC/artifacts/MonteCarloData/monte-carlo-data-epoch-253_20260614T022517,mpc-595-6-lambda-0.963,0.9628167991753296,0.6272816319780805,False,1975.49755859375,2012.9580078125,89.93338012695312,1923.024658203125,37.46044921875
2575,/home/victor-xia/repos/Burst-Coast-MPC/artifacts/MonteCarloData/monte-carlo-data-epoch-448_20260614T025158,mpc-705-9-lambda-0.92,0.9195587451627423,0.8863463809576972,False,2127.47509765625,2018.1092529296875,153.1900177001953,1864.919189453125,-109.3658447265625
2576,/home/victor-xia/repos/Burst-Coast-MPC/artifacts/MonteCarloData/monte-carlo-data-epoch-373_20260614T213125,mpc-366-2-lambda-0.106,0.10594881956466501,0.445445095300485,False,2093.30810546875,2020.292236328125,15.291290283203125,2005.0009765625,-73.015869140625
2577,/home/victor-xia/repos/Burst-Coast-MPC/artifacts/MonteCarloData/monte-carlo-data-epoch-266_20260614T022715,mpc-0-0-lambda-0.831,0.83091136953221,0.5315183260237523,False,1876.7703857421875,2045.2740478515625,62.616233825683594,1982.6578369140625,168.503662109375
2578,/home/victor-xia/repos/Burst-Coast-MPC/artifacts/MonteCarloData/monte-carlo-data-epoch-373_20260614T213125,mpc-180-1-lambda-0.188,0.18751879764105117,0.9273320849499114,False,2171.156494140625,2046.6292724609375,48.83495330810547,1997.7943115234375,-124.5272216796875
2579,/home/victor-xia/repos/Burst-Coast-MPC/artifacts/MonteCarloData/monte-carlo-data-epoch-253_20260614T022517,mpc-437-5-lambda-0.305,0.3046636689577802,0.7860035976515014,False,2057.880615234375,2066.600341796875,51.5999870300293,2015.0003662109375,8.7197265625
2580,/home/victor-xia/repos/Burst-Coast-MPC/artifacts/MonteCarloData/monte-carlo-data-epoch-373_20260614T213125,mpc-456-3-lambda-0.653,0.6525525478666412,0.9097546075583891,False,2069.175537109375,2068.36865234375,130.6726837158203,1937.6959228515625,-0.806884765625
2581,/home/victor-xia/repos/Burst-Coast-MPC/artifacts/MonteCarloData/monte-carlo-data-epoch-373_20260614T213125,mpc-0-0-lambda-0.234,0.23409067900910416,0.8972775298420318,False,2256.87109375,2070.1279296875,53.69038391113281,2016.4375,-186.7431640625
2582,/home/victor-xia/repos/Burst-Coast-MPC/artifacts/MonteCarloData/monte-carlo-data-epoch-253_20260614T022517,mpc-292-4-lambda-0.746,0.746054006671859,0.7225263382969644,False,2201.766845703125,2089.302490234375,89.70439910888672,1999.59814453125,-112.46435546875
2583,/home/victor-xia/repos/Burst-Coast-MPC/artifacts/MonteCarloData/monte-carlo-data-epoch-448_20260614T025158,mpc-519-6-lambda-0.802,0.8023504240678433,0.5318151417890419,False,2287.08544921875,2093.992919921875,61.995445251464844,2031.9974365234375,-193.092529296875
2584,/home/victor-xia/repos/Burst-Coast-MPC/artifacts/MonteCarloData/monte-carlo-data-epoch-253_20260614T022517,mpc-250-3-lambda-0.967,0.9670153897309355,0.20961165725591713,False,2236.23681640625,2097.73583984375,22.773611068725586,2074.962158203125,-138.5009765625
2585,/home/victor-xia/repos/Burst-Coast-MPC/artifacts/MonteCarloData/monte-carlo-data-epoch-448_20260614T025158,mpc-492-5-lambda-0.313,0.3130587958777449,0.13626504589227076,False,2298.9560546875,2101.574462890625,7.465487003326416,2094.10888671875,-197.381591796875
2586,/home/victor-xia/repos/Burst-Coast-MPC/artifacts/MonteCarloData/monte-carlo-data-epoch-448_20260614T025158,mpc-395-4-lambda-0.711,0.7109592874610423,0.48358123953191945,False,2375.38330078125,2120.3935546875,47.84217834472656,2072.55126953125,-254.98974609375
2587,/home/victor-xia/repos/Burst-Coast-MPC/artifacts/MonteCarloData/monte-carlo-data-epoch-253_20260614T022517,mpc-171-2-lambda-0.954,0.9541751886882468,0.3942986600579298,False,2312.502197265625,2144.023193359375,47.72840881347656,2096.294677734375,-168.47900390625
2588,/home/victor-xia/repos/Burst-Coast-MPC/artifacts/MonteCarloData/monte-carlo-data-epoch-448_20260614T025158,mpc-229-2-lambda-0.239,0.23869146047634043,0.7017149958020175,False,2448.10986328125,2157.821044921875,37.93229675292969,2119.888671875,-290.288818359375
2589,/home/victor-xia/repos/Burst-Coast-MPC/artifacts/MonteCarloData/monte-carlo-data-epoch-448_20260614T025158,mpc-370-3-lambda-0.412,0.41210836280450636,0.12368680736996855,False,2387.72705078125,2165.510986328125,8.129720687866211,2157.38134765625,-222.216064453125
2590,/home/victor-xia/repos/Burst-Coast-MPC/artifacts/MonteCarloData/monte-carlo-data-epoch-448_20260614T025158,mpc-0-0-lambda-0.218,0.21816111035327088,0.6241672376028962,False,2544.819580078125,2197.3876953125,31.119035720825195,2166.2685546875,-347.431884765625
2591,/home/victor-xia/repos/Burst-Coast-MPC/artifacts/MonteCarloData/monte-carlo-data-epoch-253_20260614T022517,mpc-0-0-lambda-0.371,0.3711232353847289,0.15493076981187315,False,2410.345703125,2199.669189453125,9.054352760314941,2190.61474609375,-210.676513671875
2592,/home/victor-xia/repos/Burst-Coast-MPC/artifacts/MonteCarloData/monte-carlo-data-epoch-448_20260614T025158,mpc-125-1-lambda-0.308,0.30779727054131995,0.518853891463657,False,2495.3583984375,2207.72119140625,29.69992446899414,2178.021240234375,-287.63720703125
2593,/home/victor-xia/repos/Burst-Coast-MPC/artifacts/MonteCarloData/monte-carlo-data-epoch-253_20260614T022517,mpc-31-1-lambda-0.38,0.3798520972876811,0.6981612199763539,False,2395.969482421875,2211.261962890625,52.230247497558594,2159.03173828125,-184.70751953125
